name,type,np,ax,ay,bx,by,cx,cy,dx,dy,bb,hh,ang,az,len
beam1,beam,0,0.00000000E+000,6.00000000E+000,0.00000000E+000,1.20000000E+001,0.00000000E+000,0.00000000E+000,0.00000000E+000,0.00000000E+000,2.50000000E-001,5.00000000E-001,0.00000000E+000,2.40000000E+001,0.00000000E+000
beam2,beam,0,0.00000000E+000,1.20000000E+001,0.00000000E+000,1.80000000E+001,0.00000000E+000,0.00000000E+000,0.00000000E+000,0.00000000E+000,2.50000000E-001,5.00000000E-001,0.00000000E+000,2.40000000E+001,0.00000000E+000
beam3,beam,0,6.00000000E+000,6.00000000E+000,6.00000000E+000,1.20000000E+001,0.00000000E+000,0.00000000E+000,0.00000000E+000,0.00000000E+000,2.50000000E-001,5.00000000E-001,0.00000000E+000,2.40000000E+001,0.00000000E+000
beam4,beam,0,6.00000000E+000,1.20000000E+001,6.00000000E+000,1.80000000E+001,0.00000000E+000,0.00000000E+000,0.00000000E+000,0.00000000E+000,2.50000000E-001,5.00000000E-001,0.00000000E+000,2.40000000E+001,0.00000000E+000
beam5,beam,0,1.20000000E+001,0.00000000E+000,1.20000000E+001,6.00000000E+000,0.00000000E+000,0.00000000E+000,0.00000000E+000,0.00000000E+000,2.50000000E-001,5.00000000E-001,0.00000000E+000,2.40000000E+001,0.00000000E+000
beam6,beam,0,1.20000000E+001,6.00000000E+000,1.20000000E+001,1.20000000E+001,0.00000000E+000,0.00000000E+000,0.00000000E+000,0.00000000E+000,2.50000000E-001,5.00000000E-001,0.00000000E+000,2.40000000E+001,0.00000000E+000
beam7,beam,0,1.20000000E+001,1.20000000E+001,1.20000000E+001,1.80000000E+001,0.00000000E+000,0.00000000E+000,0.00000000E+000,0.00000000E+000,2.50000000E-001,5.00000000E-001,0.00000000E+000,2.40000000E+001,0.00000000E+000
beam8,beam,0,1.80000000E+001,0.00000000E+000,1.80000000E+001,6.00000000E+000,0.00000000E+000,0.00000000E+000,0.00000000E+000,0.00000000E+000,2.50000000E-001,5.00000000E-001,0.00000000E+000,2.40000000E+001,0.00000000E+000
beam9,beam,0,1.80000000E+001,6.00000000E+000,1.80000000E+001,1.20000000E+001,0.00000000E+000,0.00000000E+000,0.00000000E+000,0.00000000E+000,2.50000000E-001,5.00000000E-001,0.00000000E+000,2.40000000E+001,0.00000000E+000
beam10,beam,0,1.80000000E+001,1.20000000E+001,1.80000000E+001,1.80000000E+001,0.00000000E+000,0.00000000E+000,0.00000000E+000,0.00000000E+000,2.50000000E-001,5.00000000E-001,0.00000000E+000,2.40000000E+001,0.00000000E+000
beam11,beam,0,2.40000000E+001,0.00000000E+000,2.40000000E+001,6.00000000E+000,0.00000000E+000,0.00000000E+000,0.00000000E+000,0.00000000E+000,2.50000000E-001,5.00000000E-001,0.00000000E+000,2.40000000E+001,0.00000000E+000
beam12,beam,0,2.40000000E+001,6.00000000E+000,2.40000000E+001,1.20000000E+001,0.00000000E+000,0.00000000E+000,0.00000000E+000,0.00000000E+000,2.50000000E-001,5.00000000E-001,0.00000000E+000,2.40000000E+001,0.00000000E+000
beam13,beam,0,2.40000000E+001,1.20000000E+001,2.40000000E+001,1.80000000E+001,0.00000000E+000,0.00000000E+000,0.00000000E+000,0.00000000E+000,2.50000000E-001,5.00000000E-001,0.00000000E+000,2.40000000E+001,0.00000000E+000
beam14,beam,0,3.00000000E+001,1.20000000E+001,3.00000000E+001,1.80000000E+001,0.00000000E+000,0.00000000E+000,0.00000000E+000,0.00000000E+000,2.50000000E-001,4.00000000E-001,0.00000000E+000,2.40000000E+001,0.00000000E+000
beam15,beam,0,0.00000000E+000,0.00000000E+000,6.00000000E+000,0.00000000E+000,0.00000000E+000,0.00000000E+000,0.00000000E+000,0.00000000E+000,2.50000000E-001,5.00000000E-001,0.00000000E+000,2.40000000E+001,0.00000000E+000
beam16,beam,0,6.00000000E+000,0.00000000E+000,1.20000000E+001,0.00000000E+000,0.00000000E+000,0.00000000E+000,0.00000000E+000,0.00000000E+000,2.50000000E-001,5.00000000E-001,0.00000000E+000,2.40000000E+001,0.00000000E+000
beam17,beam,0,1.20000000E+001,0.00000000E+000,1.80000000E+001,0.00000000E+000,0.00000000E+000,0.00000000E+000,0.00000000E+000,0.00000000E+000,2.50000000E-001,5.00000000E-001,0.00000000E+000,2.40000000E+001,0.00000000E+000
beam18,beam,0,1.80000000E+001,0.00000000E+000,2.40000000E+001,0.00000000E+000,0.00000000E+000,0.00000000E+000,0.00000000E+000,0.00000000E+000,2.50000000E-001,5.00000000E-001,0.00000000E+000,2.40000000E+001,0.00000000E+000
beam19,beam,0,0.00000000E+000,6.00000000E+000,6.00000000E+000,6.00000000E+000,0.00000000E+000,0.00000000E+000,0.00000000E+000,0.00000000E+000,2.50000000E-001,5.00000000E-001,0.00000000E+000,2.40000000E+001,0.00000000E+000
beam20,beam,0,6.00000000E+000,6.00000000E+000,1.20000000E+001,6.00000000E+000,0.00000000E+000,0.00000000E+000,0.00000000E+000,0.00000000E+000,2.50000000E-001,5.00000000E-001,0.00000000E+000,2.40000000E+001,0.00000000E+000
beam21,beam,0,1.20000000E+001,6.00000000E+000,1.80000000E+001,6.00000000E+000,0.00000000E+000,0.00000000E+000,0.00000000E+000,0.00000000E+000,2.50000000E-001,5.00000000E-001,0.00000000E+000,2.40000000E+001,0.00000000E+000
beam22,beam,0,1.80000000E+001,6.00000000E+000,2.40000000E+001,6.00000000E+000,0.00000000E+000,0.00000000E+000,0.00000000E+000,0.00000000E+000,2.50000000E-001,5.00000000E-001,0.00000000E+000,2.40000000E+001,0.00000000E+000
beam23,beam,0,2.40000000E+001,6.00000000E+000,3.00000000E+001,6.00000000E+000,0.00000000E+000,0.00000000E+000,0.00000000E+000,0.00000000E+000,2.50000000E-001,5.00000000E-001,0.00000000E+000,2.40000000E+001,0.00000000E+000
beam24,beam,0,0.00000000E+000,1.20000000E+001,6.00000000E+000,1.20000000E+001,0.00000000E+000,0.00000000E+000,0.00000000E+000,0.00000000E+000,2.50000000E-001,5.00000000E-001,0.00000000E+000,2.40000000E+001,0.00000000E+000
beam25,beam,0,6.00000000E+000,1.20000000E+001,1.20000000E+001,1.20000000E+001,0.00000000E+000,0.00000000E+000,0.00000000E+000,0.00000000E+000,2.50000000E-001,5.00000000E-001,0.00000000E+000,2.40000000E+001,0.00000000E+000
beam26,beam,0,1.20000000E+001,1.20000000E+001,1.80000000E+001,1.20000000E+001,0.00000000E+000,0.00000000E+000,0.00000000E+000,0.00000000E+000,2.50000000E-001,5.00000000E-001,0.00000000E+000,2.40000000E+001,0.00000000E+000
beam27,beam,0,1.80000000E+001,1.20000000E+001,2.40000000E+001,1.20000000E+001,0.00000000E+000,0.00000000E+000,0.00000000E+000,0.00000000E+000,2.50000000E-001,5.00000000E-001,0.00000000E+000,2.40000000E+001,0.00000000E+000
beam28,beam,0,0.00000000E+000,1.80000000E+001,6.00000000E+000,1.80000000E+001,0.00000000E+000,0.00000000E+000,0.00000000E+000,0.00000000E+000,2.50000000E-001,5.00000000E-001,0.00000000E+000,2.40000000E+001,0.00000000E+000
beam29,beam,0,6.00000000E+000,1.80000000E+001,1.20000000E+001,1.80000000E+001,0.00000000E+000,0.00000000E+000,0.00000000E+000,0.00000000E+000,2.50000000E-001,5.00000000E-001,0.00000000E+000,2.40000000E+001,0.00000000E+000
beam30,beam,0,1.20000000E+001,1.80000000E+001,1.80000000E+001,1.80000000E+001,0.00000000E+000,0.00000000E+000,0.00000000E+000,0.00000000E+000,2.50000000E-001,5.00000000E-001,0.00000000E+000,2.40000000E+001,0.00000000E+000
beam31,beam,0,1.80000000E+001,1.80000000E+001,2.40000000E+001,1.80000000E+001,0.00000000E+000,0.00000000E+000,0.00000000E+000,0.00000000E+000,2.50000000E-001,5.00000000E-001,0.00000000E+000,2.40000000E+001,0.00000000E+000
beam32,beam,0,2.40000000E+001,1.80000000E+001,3.00000000E+001,1.80000000E+001,0.00000000E+000,0.00000000E+000,0.00000000E+000,0.00000000E+000,2.50000000E-001,5.00000000E-001,0.00000000E+000,2.40000000E+001,0.00000000E+000
beam33,beam,0,3.00000000E+000,1.80000000E+001,3.00000000E+000,1.20000000E+001,0.00000000E+000,0.00000000E+000,0.00000000E+000,0.00000000E+000,2.50000000E-001,4.00000000E-001,0.00000000E+000,2.40000000E+001,0.00000000E+000
beam34,beam,0,3.00000000E+000,1.20000000E+001,3.00000000E+000,6.00000000E+000,0.00000000E+000,0.00000000E+000,0.00000000E+000,0.00000000E+000,2.50000000E-001,4.00000000E-001,0.00000000E+000,2.40000000E+001,0.00000000E+000
beam35,beam,0,9.00000000E+000,1.80000000E+001,9.00000000E+000,1.20000000E+001,0.00000000E+000,0.00000000E+000,0.00000000E+000,0.00000000E+000,2.50000000E-001,4.00000000E-001,0.00000000E+000,2.40000000E+001,0.00000000E+000
beam36,beam,0,9.00000000E+000,1.20000000E+001,9.00000000E+000,6.00000000E+000,0.00000000E+000,0.00000000E+000,0.00000000E+000,0.00000000E+000,2.50000000E-001,4.00000000E-001,0.00000000E+000,2.40000000E+001,0.00000000E+000
beam37,beam,0,1.50000000E+001,1.80000000E+001,1.50000000E+001,1.20000000E+001,0.00000000E+000,0.00000000E+000,0.00000000E+000,0.00000000E+000,2.50000000E-001,4.00000000E-001,0.00000000E+000,2.40000000E+001,0.00000000E+000
beam38,beam,0,1.50000000E+001,1.20000000E+001,1.50000000E+001,6.00000000E+000,0.00000000E+000,0.00000000E+000,0.00000000E+000,0.00000000E+000,2.50000000E-001,4.00000000E-001,0.00000000E+000,2.40000000E+001,0.00000000E+000
beam39,beam,0,1.50000000E+001,6.00000000E+000,1.50000000E+001,0.00000000E+000,0.00000000E+000,0.00000000E+000,0.00000000E+000,0.00000000E+000,2.50000000E-001,4.00000000E-001,0.00000000E+000,2.40000000E+001,0.00000000E+000
beam40,beam,0,2.10000000E+001,1.80000000E+001,2.10000000E+001,1.20000000E+001,0.00000000E+000,0.00000000E+000,0.00000000E+000,0.00000000E+000,2.50000000E-001,4.00000000E-001,0.00000000E+000,2.40000000E+001,0.00000000E+000
beam41,beam,0,2.10000000E+001,1.20000000E+001,2.10000000E+001,6.00000000E+000,0.00000000E+000,0.00000000E+000,0.00000000E+000,0.00000000E+000,2.50000000E-001,4.00000000E-001,0.00000000E+000,2.40000000E+001,0.00000000E+000
beam42,beam,0,2.10000000E+001,6.00000000E+000,2.10000000E+001,0.00000000E+000,0.00000000E+000,0.00000000E+000,0.00000000E+000,0.00000000E+000,2.50000000E-001,4.00000000E-001,0.00000000E+000,2.40000000E+001,0.00000000E+000
beam43,beam,0,2.70000000E+001,1.80000000E+001,2.70000000E+001,1.20000000E+001,0.00000000E+000,0.00000000E+000,0.00000000E+000,0.00000000E+000,2.50000000E-001,4.00000000E-001,0.00000000E+000,2.40000000E+001,0.00000000E+000
beam44,beam,0,9.00000000E+000,6.00000000E+000,9.00000000E+000,0.00000000E+000,0.00000000E+000,0.00000000E+000,0.00000000E+000,0.00000000E+000,2.50000000E-001,4.00000000E-001,0.00000000E+000,2.40000000E+001,0.00000000E+000
beam45,beam,0,3.00000000E+000,6.00000000E+000,3.00000000E+000,0.00000000E+000,0.00000000E+000,0.00000000E+000,0.00000000E+000,0.00000000E+000,2.50000000E-001,4.00000000E-001,0.00000000E+000,2.40000000E+001,0.00000000E+000
beam46,beam,0,2.70000000E+001,1.20000000E+001,2.70000000E+001,6.00000000E+000,0.00000000E+000,0.00000000E+000,0.00000000E+000,0.00000000E+000,2.50000000E-001,4.00000000E-001,0.00000000E+000,2.40000000E+001,0.00000000E+000
beam47,beam,0,0.00000000E+000,6.00000000E+000,0.00000000E+000,1.20000000E+001,0.00000000E+000,0.00000000E+000,0.00000000E+000,0.00000000E+000,2.50000000E-001,5.00000000E-001,0.00000000E+000,2.10000000E+001,0.00000000E+000
beam48,beam,0,0.00000000E+000,1.20000000E+001,0.00000000E+000,1.80000000E+001,0.00000000E+000,0.00000000E+000,0.00000000E+000,0.00000000E+000,2.50000000E-001,5.00000000E-001,0.00000000E+000,2.10000000E+001,0.00000000E+000
beam49,beam,0,6.00000000E+000,6.00000000E+000,6.00000000E+000,1.20000000E+001,0.00000000E+000,0.00000000E+000,0.00000000E+000,0.00000000E+000,2.50000000E-001,5.00000000E-001,0.00000000E+000,2.10000000E+001,0.00000000E+000
beam50,beam,0,6.00000000E+000,1.20000000E+001,6.00000000E+000,1.80000000E+001,0.00000000E+000,0.00000000E+000,0.00000000E+000,0.00000000E+000,2.50000000E-001,5.00000000E-001,0.00000000E+000,2.10000000E+001,0.00000000E+000
beam51,beam,0,1.20000000E+001,0.00000000E+000,1.20000000E+001,6.00000000E+000,0.00000000E+000,0.00000000E+000,0.00000000E+000,0.00000000E+000,2.50000000E-001,5.00000000E-001,0.00000000E+000,2.10000000E+001,0.00000000E+000
beam52,beam,0,1.20000000E+001,6.00000000E+000,1.20000000E+001,1.20000000E+001,0.00000000E+000,0.00000000E+000,0.00000000E+000,0.00000000E+000,2.50000000E-001,5.00000000E-001,0.00000000E+000,2.10000000E+001,0.00000000E+000
beam53,beam,0,1.20000000E+001,1.20000000E+001,1.20000000E+001,1.80000000E+001,0.00000000E+000,0.00000000E+000,0.00000000E+000,0.00000000E+000,2.50000000E-001,5.00000000E-001,0.00000000E+000,2.10000000E+001,0.00000000E+000
beam54,beam,0,1.80000000E+001,0.00000000E+000,1.80000000E+001,6.00000000E+000,0.00000000E+000,0.00000000E+000,0.00000000E+000,0.00000000E+000,2.50000000E-001,5.00000000E-001,0.00000000E+000,2.10000000E+001,0.00000000E+000
beam55,beam,0,1.80000000E+001,6.00000000E+000,1.80000000E+001,1.20000000E+001,0.00000000E+000,0.00000000E+000,0.00000000E+000,0.00000000E+000,2.50000000E-001,5.00000000E-001,0.00000000E+000,2.10000000E+001,0.00000000E+000
beam56,beam,0,1.80000000E+001,1.20000000E+001,1.80000000E+001,1.80000000E+001,0.00000000E+000,0.00000000E+000,0.00000000E+000,0.00000000E+000,2.50000000E-001,5.00000000E-001,0.00000000E+000,2.10000000E+001,0.00000000E+000
beam57,beam,0,2.40000000E+001,0.00000000E+000,2.40000000E+001,6.00000000E+000,0.00000000E+000,0.00000000E+000,0.00000000E+000,0.00000000E+000,2.50000000E-001,5.00000000E-001,0.00000000E+000,2.10000000E+001,0.00000000E+000
beam58,beam,0,2.40000000E+001,6.00000000E+000,2.40000000E+001,1.20000000E+001,0.00000000E+000,0.00000000E+000,0.00000000E+000,0.00000000E+000,2.50000000E-001,5.00000000E-001,0.00000000E+000,2.10000000E+001,0.00000000E+000
beam59,beam,0,2.40000000E+001,1.20000000E+001,2.40000000E+001,1.80000000E+001,0.00000000E+000,0.00000000E+000,0.00000000E+000,0.00000000E+000,2.50000000E-001,5.00000000E-001,0.00000000E+000,2.10000000E+001,0.00000000E+000
beam60,beam,0,3.00000000E+001,1.20000000E+001,3.00000000E+001,1.80000000E+001,0.00000000E+000,0.00000000E+000,0.00000000E+000,0.00000000E+000,2.50000000E-001,4.00000000E-001,0.00000000E+000,2.10000000E+001,0.00000000E+000
beam61,beam,0,0.00000000E+000,0.00000000E+000,6.00000000E+000,0.00000000E+000,0.00000000E+000,0.00000000E+000,0.00000000E+000,0.00000000E+000,2.50000000E-001,5.00000000E-001,0.00000000E+000,2.10000000E+001,0.00000000E+000
beam62,beam,0,6.00000000E+000,0.00000000E+000,1.20000000E+001,0.00000000E+000,0.00000000E+000,0.00000000E+000,0.00000000E+000,0.00000000E+000,2.50000000E-001,5.00000000E-001,0.00000000E+000,2.10000000E+001,0.00000000E+000
beam63,beam,0,1.20000000E+001,0.00000000E+000,1.80000000E+001,0.00000000E+000,0.00000000E+000,0.00000000E+000,0.00000000E+000,0.00000000E+000,2.50000000E-001,5.00000000E-001,0.00000000E+000,2.10000000E+001,0.00000000E+000
beam64,beam,0,1.80000000E+001,0.00000000E+000,2.40000000E+001,0.00000000E+000,0.00000000E+000,0.00000000E+000,0.00000000E+000,0.00000000E+000,2.50000000E-001,5.00000000E-001,0.00000000E+000,2.10000000E+001,0.00000000E+000
beam65,beam,0,0.00000000E+000,6.00000000E+000,6.00000000E+000,6.00000000E+000,0.00000000E+000,0.00000000E+000,0.00000000E+000,0.00000000E+000,2.50000000E-001,5.00000000E-001,0.00000000E+000,2.10000000E+001,0.00000000E+000
beam66,beam,0,6.00000000E+000,6.00000000E+000,1.20000000E+001,6.00000000E+000,0.00000000E+000,0.00000000E+000,0.00000000E+000,0.00000000E+000,2.50000000E-001,5.00000000E-001,0.00000000E+000,2.10000000E+001,0.00000000E+000
beam67,beam,0,1.20000000E+001,6.00000000E+000,1.80000000E+001,6.00000000E+000,0.00000000E+000,0.00000000E+000,0.00000000E+000,0.00000000E+000,2.50000000E-001,5.00000000E-001,0.00000000E+000,2.10000000E+001,0.00000000E+000
beam68,beam,0,1.80000000E+001,6.00000000E+000,2.40000000E+001,6.00000000E+000,0.00000000E+000,0.00000000E+000,0.00000000E+000,0.00000000E+000,2.50000000E-001,5.00000000E-001,0.00000000E+000,2.10000000E+001,0.00000000E+000
beam69,beam,0,2.40000000E+001,6.00000000E+000,3.00000000E+001,6.00000000E+000,0.00000000E+000,0.00000000E+000,0.00000000E+000,0.00000000E+000,2.50000000E-001,5.00000000E-001,0.00000000E+000,2.10000000E+001,0.00000000E+000
beam70,beam,0,0.00000000E+000,1.20000000E+001,6.00000000E+000,1.20000000E+001,0.00000000E+000,0.00000000E+000,0.00000000E+000,0.00000000E+000,2.50000000E-001,5.00000000E-001,0.00000000E+000,2.10000000E+001,0.00000000E+000
beam71,beam,0,6.00000000E+000,1.20000000E+001,1.20000000E+001,1.20000000E+001,0.00000000E+000,0.00000000E+000,0.00000000E+000,0.00000000E+000,2.50000000E-001,5.00000000E-001,0.00000000E+000,2.10000000E+001,0.00000000E+000
beam72,beam,0,1.20000000E+001,1.20000000E+001,1.80000000E+001,1.20000000E+001,0.00000000E+000,0.00000000E+000,0.00000000E+000,0.00000000E+000,2.50000000E-001,5.00000000E-001,0.00000000E+000,2.10000000E+001,0.00000000E+000
beam73,beam,0,1.80000000E+001,1.20000000E+001,2.40000000E+001,1.20000000E+001,0.00000000E+000,0.00000000E+000,0.00000000E+000,0.00000000E+000,2.50000000E-001,5.00000000E-001,0.00000000E+000,2.10000000E+001,0.00000000E+000
beam74,beam,0,0.00000000E+000,1.80000000E+001,6.00000000E+000,1.80000000E+001,0.00000000E+000,0.00000000E+000,0.00000000E+000,0.00000000E+000,2.50000000E-001,5.00000000E-001,0.00000000E+000,2.10000000E+001,0.00000000E+000
beam75,beam,0,6.00000000E+000,1.80000000E+001,1.20000000E+001,1.80000000E+001,0.00000000E+000,0.00000000E+000,0.00000000E+000,0.00000000E+000,2.50000000E-001,5.00000000E-001,0.00000000E+000,2.10000000E+001,0.00000000E+000
beam76,beam,0,1.20000000E+001,1.80000000E+001,1.80000000E+001,1.80000000E+001,0.00000000E+000,0.00000000E+000,0.00000000E+000,0.00000000E+000,2.50000000E-001,5.00000000E-001,0.00000000E+000,2.10000000E+001,0.00000000E+000
beam77,beam,0,1.80000000E+001,1.80000000E+001,2.40000000E+001,1.80000000E+001,0.00000000E+000,0.00000000E+000,0.00000000E+000,0.00000000E+000,2.50000000E-001,5.00000000E-001,0.00000000E+000,2.10000000E+001,0.00000000E+000
beam78,beam,0,2.40000000E+001,1.80000000E+001,3.00000000E+001,1.80000000E+001,0.00000000E+000,0.00000000E+000,0.00000000E+000,0.00000000E+000,2.50000000E-001,5.00000000E-001,0.00000000E+000,2.10000000E+001,0.00000000E+000
beam79,beam,0,3.00000000E+000,1.80000000E+001,3.00000000E+000,1.20000000E+001,0.00000000E+000,0.00000000E+000,0.00000000E+000,0.00000000E+000,2.50000000E-001,4.00000000E-001,0.00000000E+000,2.10000000E+001,0.00000000E+000
beam80,beam,0,3.00000000E+000,1.20000000E+001,3.00000000E+000,6.00000000E+000,0.00000000E+000,0.00000000E+000,0.00000000E+000,0.00000000E+000,2.50000000E-001,4.00000000E-001,0.00000000E+000,2.10000000E+001,0.00000000E+000
beam81,beam,0,9.00000000E+000,1.80000000E+001,9.00000000E+000,1.20000000E+001,0.00000000E+000,0.00000000E+000,0.00000000E+000,0.00000000E+000,2.50000000E-001,4.00000000E-001,0.00000000E+000,2.10000000E+001,0.00000000E+000
beam82,beam,0,9.00000000E+000,1.20000000E+001,9.00000000E+000,6.00000000E+000,0.00000000E+000,0.00000000E+000,0.00000000E+000,0.00000000E+000,2.50000000E-001,4.00000000E-001,0.00000000E+000,2.10000000E+001,0.00000000E+000
beam83,beam,0,1.50000000E+001,1.80000000E+001,1.50000000E+001,1.20000000E+001,0.00000000E+000,0.00000000E+000,0.00000000E+000,0.00000000E+000,2.50000000E-001,4.00000000E-001,0.00000000E+000,2.10000000E+001,0.00000000E+000
beam84,beam,0,1.50000000E+001,1.20000000E+001,1.50000000E+001,6.00000000E+000,0.00000000E+000,0.00000000E+000,0.00000000E+000,0.00000000E+000,2.50000000E-001,4.00000000E-001,0.00000000E+000,2.10000000E+001,0.00000000E+000
beam85,beam,0,1.50000000E+001,6.00000000E+000,1.50000000E+001,0.00000000E+000,0.00000000E+000,0.00000000E+000,0.00000000E+000,0.00000000E+000,2.50000000E-001,4.00000000E-001,0.00000000E+000,2.10000000E+001,0.00000000E+000
beam86,beam,0,2.10000000E+001,1.80000000E+001,2.10000000E+001,1.20000000E+001,0.00000000E+000,0.00000000E+000,0.00000000E+000,0.00000000E+000,2.50000000E-001,4.00000000E-001,0.00000000E+000,2.10000000E+001,0.00000000E+000
beam87,beam,0,2.10000000E+001,1.20000000E+001,2.10000000E+001,6.00000000E+000,0.00000000E+000,0.00000000E+000,0.00000000E+000,0.00000000E+000,2.50000000E-001,4.00000000E-001,0.00000000E+000,2.10000000E+001,0.00000000E+000
beam88,beam,0,2.10000000E+001,6.00000000E+000,2.10000000E+001,0.00000000E+000,0.00000000E+000,0.00000000E+000,0.00000000E+000,0.00000000E+000,2.50000000E-001,4.00000000E-001,0.00000000E+000,2.10000000E+001,0.00000000E+000
beam89,beam,0,2.70000000E+001,1.80000000E+001,2.70000000E+001,1.20000000E+001,0.00000000E+000,0.00000000E+000,0.00000000E+000,0.00000000E+000,2.50000000E-001,4.00000000E-001,0.00000000E+000,2.10000000E+001,0.00000000E+000
beam90,beam,0,9.00000000E+000,6.00000000E+000,9.00000000E+000,0.00000000E+000,0.00000000E+000,0.00000000E+000,0.00000000E+000,0.00000000E+000,2.50000000E-001,4.00000000E-001,0.00000000E+000,2.10000000E+001,0.00000000E+000
beam91,beam,0,3.00000000E+000,6.00000000E+000,3.00000000E+000,0.00000000E+000,0.00000000E+000,0.00000000E+000,0.00000000E+000,0.00000000E+000,2.50000000E-001,4.00000000E-001,0.00000000E+000,2.10000000E+001,0.00000000E+000
beam92,beam,0,2.70000000E+001,1.20000000E+001,2.70000000E+001,6.00000000E+000,0.00000000E+000,0.00000000E+000,0.00000000E+000,0.00000000E+000,2.50000000E-001,4.00000000E-001,0.00000000E+000,2.10000000E+001,0.00000000E+000
beam93,beam,0,0.00000000E+000,6.00000000E+000,0.00000000E+000,1.20000000E+001,0.00000000E+000,0.00000000E+000,0.00000000E+000,0.00000000E+000,2.50000000E-001,5.00000000E-001,0.00000000E+000,1.80000000E+001,0.00000000E+000
beam94,beam,0,0.00000000E+000,1.20000000E+001,0.00000000E+000,1.80000000E+001,0.00000000E+000,0.00000000E+000,0.00000000E+000,0.00000000E+000,2.50000000E-001,5.00000000E-001,0.00000000E+000,1.80000000E+001,0.00000000E+000
beam95,beam,0,6.00000000E+000,6.00000000E+000,6.00000000E+000,1.20000000E+001,0.00000000E+000,0.00000000E+000,0.00000000E+000,0.00000000E+000,2.50000000E-001,5.00000000E-001,0.00000000E+000,1.80000000E+001,0.00000000E+000
beam96,beam,0,6.00000000E+000,1.20000000E+001,6.00000000E+000,1.80000000E+001,0.00000000E+000,0.00000000E+000,0.00000000E+000,0.00000000E+000,2.50000000E-001,5.00000000E-001,0.00000000E+000,1.80000000E+001,0.00000000E+000
beam97,beam,0,1.20000000E+001,0.00000000E+000,1.20000000E+001,6.00000000E+000,0.00000000E+000,0.00000000E+000,0.00000000E+000,0.00000000E+000,2.50000000E-001,5.00000000E-001,0.00000000E+000,1.80000000E+001,0.00000000E+000
beam98,beam,0,1.20000000E+001,6.00000000E+000,1.20000000E+001,1.20000000E+001,0.00000000E+000,0.00000000E+000,0.00000000E+000,0.00000000E+000,2.50000000E-001,5.00000000E-001,0.00000000E+000,1.80000000E+001,0.00000000E+000
beam99,beam,0,1.20000000E+001,1.20000000E+001,1.20000000E+001,1.80000000E+001,0.00000000E+000,0.00000000E+000,0.00000000E+000,0.00000000E+000,2.50000000E-001,5.00000000E-001,0.00000000E+000,1.80000000E+001,0.00000000E+000
beam100,beam,0,1.80000000E+001,0.00000000E+000,1.80000000E+001,6.00000000E+000,0.00000000E+000,0.00000000E+000,0.00000000E+000,0.00000000E+000,2.50000000E-001,5.00000000E-001,0.00000000E+000,1.80000000E+001,0.00000000E+000
beam101,beam,0,1.80000000E+001,6.00000000E+000,1.80000000E+001,1.20000000E+001,0.00000000E+000,0.00000000E+000,0.00000000E+000,0.00000000E+000,2.50000000E-001,5.00000000E-001,0.00000000E+000,1.80000000E+001,0.00000000E+000
beam102,beam,0,1.80000000E+001,1.20000000E+001,1.80000000E+001,1.80000000E+001,0.00000000E+000,0.00000000E+000,0.00000000E+000,0.00000000E+000,2.50000000E-001,5.00000000E-001,0.00000000E+000,1.80000000E+001,0.00000000E+000
beam103,beam,0,2.40000000E+001,0.00000000E+000,2.40000000E+001,6.00000000E+000,0.00000000E+000,0.00000000E+000,0.00000000E+000,0.00000000E+000,2.50000000E-001,5.00000000E-001,0.00000000E+000,1.80000000E+001,0.00000000E+000
beam104,beam,0,2.40000000E+001,6.00000000E+000,2.40000000E+001,1.20000000E+001,0.00000000E+000,0.00000000E+000,0.00000000E+000,0.00000000E+000,2.50000000E-001,5.00000000E-001,0.00000000E+000,1.80000000E+001,0.00000000E+000
beam105,beam,0,2.40000000E+001,1.20000000E+001,2.40000000E+001,1.80000000E+001,0.00000000E+000,0.00000000E+000,0.00000000E+000,0.00000000E+000,2.50000000E-001,5.00000000E-001,0.00000000E+000,1.80000000E+001,0.00000000E+000
beam106,beam,0,3.00000000E+001,1.20000000E+001,3.00000000E+001,1.80000000E+001,0.00000000E+000,0.00000000E+000,0.00000000E+000,0.00000000E+000,2.50000000E-001,4.00000000E-001,0.00000000E+000,1.80000000E+001,0.00000000E+000
beam107,beam,0,0.00000000E+000,0.00000000E+000,6.00000000E+000,0.00000000E+000,0.00000000E+000,0.00000000E+000,0.00000000E+000,0.00000000E+000,2.50000000E-001,5.00000000E-001,0.00000000E+000,1.80000000E+001,0.00000000E+000
beam108,beam,0,6.00000000E+000,0.00000000E+000,1.20000000E+001,0.00000000E+000,0.00000000E+000,0.00000000E+000,0.00000000E+000,0.00000000E+000,2.50000000E-001,5.00000000E-001,0.00000000E+000,1.80000000E+001,0.00000000E+000
beam109,beam,0,1.20000000E+001,0.00000000E+000,1.80000000E+001,0.00000000E+000,0.00000000E+000,0.00000000E+000,0.00000000E+000,0.00000000E+000,2.50000000E-001,5.00000000E-001,0.00000000E+000,1.80000000E+001,0.00000000E+000
beam110,beam,0,1.80000000E+001,0.00000000E+000,2.40000000E+001,0.00000000E+000,0.00000000E+000,0.00000000E+000,0.00000000E+000,0.00000000E+000,2.50000000E-001,5.00000000E-001,0.00000000E+000,1.80000000E+001,0.00000000E+000
beam111,beam,0,0.00000000E+000,6.00000000E+000,6.00000000E+000,6.00000000E+000,0.00000000E+000,0.00000000E+000,0.00000000E+000,0.00000000E+000,2.50000000E-001,5.00000000E-001,0.00000000E+000,1.80000000E+001,0.00000000E+000
beam112,beam,0,6.00000000E+000,6.00000000E+000,1.20000000E+001,6.00000000E+000,0.00000000E+000,0.00000000E+000,0.00000000E+000,0.00000000E+000,2.50000000E-001,5.00000000E-001,0.00000000E+000,1.80000000E+001,0.00000000E+000
beam113,beam,0,1.20000000E+001,6.00000000E+000,1.80000000E+001,6.00000000E+000,0.00000000E+000,0.00000000E+000,0.00000000E+000,0.00000000E+000,2.50000000E-001,5.00000000E-001,0.00000000E+000,1.80000000E+001,0.00000000E+000
beam114,beam,0,1.80000000E+001,6.00000000E+000,2.40000000E+001,6.00000000E+000,0.00000000E+000,0.00000000E+000,0.00000000E+000,0.00000000E+000,2.50000000E-001,5.00000000E-001,0.00000000E+000,1.80000000E+001,0.00000000E+000
beam115,beam,0,2.40000000E+001,6.00000000E+000,3.00000000E+001,6.00000000E+000,0.00000000E+000,0.00000000E+000,0.00000000E+000,0.00000000E+000,2.50000000E-001,5.00000000E-001,0.00000000E+000,1.80000000E+001,0.00000000E+000
beam116,beam,0,0.00000000E+000,1.20000000E+001,6.00000000E+000,1.20000000E+001,0.00000000E+000,0.00000000E+000,0.00000000E+000,0.00000000E+000,2.50000000E-001,5.00000000E-001,0.00000000E+000,1.80000000E+001,0.00000000E+000
beam117,beam,0,6.00000000E+000,1.20000000E+001,1.20000000E+001,1.20000000E+001,0.00000000E+000,0.00000000E+000,0.00000000E+000,0.00000000E+000,2.50000000E-001,5.00000000E-001,0.00000000E+000,1.80000000E+001,0.00000000E+000
beam118,beam,0,1.20000000E+001,1.20000000E+001,1.80000000E+001,1.20000000E+001,0.00000000E+000,0.00000000E+000,0.00000000E+000,0.00000000E+000,2.50000000E-001,5.00000000E-001,0.00000000E+000,1.80000000E+001,0.00000000E+000
beam119,beam,0,1.80000000E+001,1.20000000E+001,2.40000000E+001,1.20000000E+001,0.00000000E+000,0.00000000E+000,0.00000000E+000,0.00000000E+000,2.50000000E-001,5.00000000E-001,0.00000000E+000,1.80000000E+001,0.00000000E+000
beam120,beam,0,0.00000000E+000,1.80000000E+001,6.00000000E+000,1.80000000E+001,0.00000000E+000,0.00000000E+000,0.00000000E+000,0.00000000E+000,2.50000000E-001,5.00000000E-001,0.00000000E+000,1.80000000E+001,0.00000000E+000
beam121,beam,0,6.00000000E+000,1.80000000E+001,1.20000000E+001,1.80000000E+001,0.00000000E+000,0.00000000E+000,0.00000000E+000,0.00000000E+000,2.50000000E-001,5.00000000E-001,0.00000000E+000,1.80000000E+001,0.00000000E+000
beam122,beam,0,1.20000000E+001,1.80000000E+001,1.80000000E+001,1.80000000E+001,0.00000000E+000,0.00000000E+000,0.00000000E+000,0.00000000E+000,2.50000000E-001,5.00000000E-001,0.00000000E+000,1.80000000E+001,0.00000000E+000
beam123,beam,0,1.80000000E+001,1.80000000E+001,2.40000000E+001,1.80000000E+001,0.00000000E+000,0.00000000E+000,0.00000000E+000,0.00000000E+000,2.50000000E-001,5.00000000E-001,0.00000000E+000,1.80000000E+001,0.00000000E+000
beam124,beam,0,2.40000000E+001,1.80000000E+001,3.00000000E+001,1.80000000E+001,0.00000000E+000,0.00000000E+000,0.00000000E+000,0.00000000E+000,2.50000000E-001,5.00000000E-001,0.00000000E+000,1.80000000E+001,0.00000000E+000
beam125,beam,0,3.00000000E+000,1.80000000E+001,3.00000000E+000,1.20000000E+001,0.00000000E+000,0.00000000E+000,0.00000000E+000,0.00000000E+000,2.50000000E-001,4.00000000E-001,0.00000000E+000,1.80000000E+001,0.00000000E+000
beam126,beam,0,3.00000000E+000,1.20000000E+001,3.00000000E+000,6.00000000E+000,0.00000000E+000,0.00000000E+000,0.00000000E+000,0.00000000E+000,2.50000000E-001,4.00000000E-001,0.00000000E+000,1.80000000E+001,0.00000000E+000
beam127,beam,0,9.00000000E+000,1.80000000E+001,9.00000000E+000,1.20000000E+001,0.00000000E+000,0.00000000E+000,0.00000000E+000,0.00000000E+000,2.50000000E-001,4.00000000E-001,0.00000000E+000,1.80000000E+001,0.00000000E+000
beam128,beam,0,9.00000000E+000,1.20000000E+001,9.00000000E+000,6.00000000E+000,0.00000000E+000,0.00000000E+000,0.00000000E+000,0.00000000E+000,2.50000000E-001,4.00000000E-001,0.00000000E+000,1.80000000E+001,0.00000000E+000
beam129,beam,0,1.50000000E+001,1.80000000E+001,1.50000000E+001,1.20000000E+001,0.00000000E+000,0.00000000E+000,0.00000000E+000,0.00000000E+000,2.50000000E-001,4.00000000E-001,0.00000000E+000,1.80000000E+001,0.00000000E+000
beam130,beam,0,1.50000000E+001,1.20000000E+001,1.50000000E+001,6.00000000E+000,0.00000000E+000,0.00000000E+000,0.00000000E+000,0.00000000E+000,2.50000000E-001,4.00000000E-001,0.00000000E+000,1.80000000E+001,0.00000000E+000
beam131,beam,0,1.50000000E+001,6.00000000E+000,1.50000000E+001,0.00000000E+000,0.00000000E+000,0.00000000E+000,0.00000000E+000,0.00000000E+000,2.50000000E-001,4.00000000E-001,0.00000000E+000,1.80000000E+001,0.00000000E+000
beam132,beam,0,2.10000000E+001,1.80000000E+001,2.10000000E+001,1.20000000E+001,0.00000000E+000,0.00000000E+000,0.00000000E+000,0.00000000E+000,2.50000000E-001,4.00000000E-001,0.00000000E+000,1.80000000E+001,0.00000000E+000
beam133,beam,0,2.10000000E+001,1.20000000E+001,2.10000000E+001,6.00000000E+000,0.00000000E+000,0.00000000E+000,0.00000000E+000,0.00000000E+000,2.50000000E-001,4.00000000E-001,0.00000000E+000,1.80000000E+001,0.00000000E+000
beam134,beam,0,2.10000000E+001,6.00000000E+000,2.10000000E+001,0.00000000E+000,0.00000000E+000,0.00000000E+000,0.00000000E+000,0.00000000E+000,2.50000000E-001,4.00000000E-001,0.00000000E+000,1.80000000E+001,0.00000000E+000
beam135,beam,0,2.70000000E+001,1.80000000E+001,2.70000000E+001,1.20000000E+001,0.00000000E+000,0.00000000E+000,0.00000000E+000,0.00000000E+000,2.50000000E-001,4.00000000E-001,0.00000000E+000,1.80000000E+001,0.00000000E+000
beam136,beam,0,9.00000000E+000,6.00000000E+000,9.00000000E+000,0.00000000E+000,0.00000000E+000,0.00000000E+000,0.00000000E+000,0.00000000E+000,2.50000000E-001,4.00000000E-001,0.00000000E+000,1.80000000E+001,0.00000000E+000
beam137,beam,0,3.00000000E+000,6.00000000E+000,3.00000000E+000,0.00000000E+000,0.00000000E+000,0.00000000E+000,0.00000000E+000,0.00000000E+000,2.50000000E-001,4.00000000E-001,0.00000000E+000,1.80000000E+001,0.00000000E+000
beam138,beam,0,2.70000000E+001,1.20000000E+001,2.70000000E+001,6.00000000E+000,0.00000000E+000,0.00000000E+000,0.00000000E+000,0.00000000E+000,2.50000000E-001,4.00000000E-001,0.00000000E+000,1.80000000E+001,0.00000000E+000
beam139,beam,0,0.00000000E+000,6.00000000E+000,0.00000000E+000,1.20000000E+001,0.00000000E+000,0.00000000E+000,0.00000000E+000,0.00000000E+000,2.50000000E-001,5.00000000E-001,0.00000000E+000,1.50000000E+001,0.00000000E+000
beam140,beam,0,0.00000000E+000,1.20000000E+001,0.00000000E+000,1.80000000E+001,0.00000000E+000,0.00000000E+000,0.00000000E+000,0.00000000E+000,2.50000000E-001,5.00000000E-001,0.00000000E+000,1.50000000E+001,0.00000000E+000
beam141,beam,0,6.00000000E+000,6.00000000E+000,6.00000000E+000,1.20000000E+001,0.00000000E+000,0.00000000E+000,0.00000000E+000,0.00000000E+000,2.50000000E-001,5.00000000E-001,0.00000000E+000,1.50000000E+001,0.00000000E+000
beam142,beam,0,6.00000000E+000,1.20000000E+001,6.00000000E+000,1.80000000E+001,0.00000000E+000,0.00000000E+000,0.00000000E+000,0.00000000E+000,2.50000000E-001,5.00000000E-001,0.00000000E+000,1.50000000E+001,0.00000000E+000
beam143,beam,0,1.20000000E+001,0.00000000E+000,1.20000000E+001,6.00000000E+000,0.00000000E+000,0.00000000E+000,0.00000000E+000,0.00000000E+000,2.50000000E-001,5.00000000E-001,0.00000000E+000,1.50000000E+001,0.00000000E+000
beam144,beam,0,1.20000000E+001,6.00000000E+000,1.20000000E+001,1.20000000E+001,0.00000000E+000,0.00000000E+000,0.00000000E+000,0.00000000E+000,2.50000000E-001,5.00000000E-001,0.00000000E+000,1.50000000E+001,0.00000000E+000
beam145,beam,0,1.20000000E+001,1.20000000E+001,1.20000000E+001,1.80000000E+001,0.00000000E+000,0.00000000E+000,0.00000000E+000,0.00000000E+000,2.50000000E-001,5.00000000E-001,0.00000000E+000,1.50000000E+001,0.00000000E+000
beam146,beam,0,1.80000000E+001,0.00000000E+000,1.80000000E+001,6.00000000E+000,0.00000000E+000,0.00000000E+000,0.00000000E+000,0.00000000E+000,2.50000000E-001,5.00000000E-001,0.00000000E+000,1.50000000E+001,0.00000000E+000
beam147,beam,0,1.80000000E+001,6.00000000E+000,1.80000000E+001,1.20000000E+001,0.00000000E+000,0.00000000E+000,0.00000000E+000,0.00000000E+000,2.50000000E-001,5.00000000E-001,0.00000000E+000,1.50000000E+001,0.00000000E+000
beam148,beam,0,1.80000000E+001,1.20000000E+001,1.80000000E+001,1.80000000E+001,0.00000000E+000,0.00000000E+000,0.00000000E+000,0.00000000E+000,2.50000000E-001,5.00000000E-001,0.00000000E+000,1.50000000E+001,0.00000000E+000
beam149,beam,0,2.40000000E+001,0.00000000E+000,2.40000000E+001,6.00000000E+000,0.00000000E+000,0.00000000E+000,0.00000000E+000,0.00000000E+000,2.50000000E-001,5.00000000E-001,0.00000000E+000,1.50000000E+001,0.00000000E+000
beam150,beam,0,2.40000000E+001,6.00000000E+000,2.40000000E+001,1.20000000E+001,0.00000000E+000,0.00000000E+000,0.00000000E+000,0.00000000E+000,2.50000000E-001,5.00000000E-001,0.00000000E+000,1.50000000E+001,0.00000000E+000
beam151,beam,0,2.40000000E+001,1.20000000E+001,2.40000000E+001,1.80000000E+001,0.00000000E+000,0.00000000E+000,0.00000000E+000,0.00000000E+000,2.50000000E-001,5.00000000E-001,0.00000000E+000,1.50000000E+001,0.00000000E+000
beam152,beam,0,3.00000000E+001,1.20000000E+001,3.00000000E+001,1.80000000E+001,0.00000000E+000,0.00000000E+000,0.00000000E+000,0.00000000E+000,2.50000000E-001,4.00000000E-001,0.00000000E+000,1.50000000E+001,0.00000000E+000
beam153,beam,0,0.00000000E+000,0.00000000E+000,6.00000000E+000,0.00000000E+000,0.00000000E+000,0.00000000E+000,0.00000000E+000,0.00000000E+000,2.50000000E-001,5.00000000E-001,0.00000000E+000,1.50000000E+001,0.00000000E+000
beam154,beam,0,6.00000000E+000,0.00000000E+000,1.20000000E+001,0.00000000E+000,0.00000000E+000,0.00000000E+000,0.00000000E+000,0.00000000E+000,2.50000000E-001,5.00000000E-001,0.00000000E+000,1.50000000E+001,0.00000000E+000
beam155,beam,0,1.20000000E+001,0.00000000E+000,1.80000000E+001,0.00000000E+000,0.00000000E+000,0.00000000E+000,0.00000000E+000,0.00000000E+000,2.50000000E-001,5.00000000E-001,0.00000000E+000,1.50000000E+001,0.00000000E+000
beam156,beam,0,1.80000000E+001,0.00000000E+000,2.40000000E+001,0.00000000E+000,0.00000000E+000,0.00000000E+000,0.00000000E+000,0.00000000E+000,2.50000000E-001,5.00000000E-001,0.00000000E+000,1.50000000E+001,0.00000000E+000
beam157,beam,0,0.00000000E+000,6.00000000E+000,6.00000000E+000,6.00000000E+000,0.00000000E+000,0.00000000E+000,0.00000000E+000,0.00000000E+000,2.50000000E-001,5.00000000E-001,0.00000000E+000,1.50000000E+001,0.00000000E+000
beam158,beam,0,6.00000000E+000,6.00000000E+000,1.20000000E+001,6.00000000E+000,0.00000000E+000,0.00000000E+000,0.00000000E+000,0.00000000E+000,2.50000000E-001,5.00000000E-001,0.00000000E+000,1.50000000E+001,0.00000000E+000
beam159,beam,0,1.20000000E+001,6.00000000E+000,1.80000000E+001,6.00000000E+000,0.00000000E+000,0.00000000E+000,0.00000000E+000,0.00000000E+000,2.50000000E-001,5.00000000E-001,0.00000000E+000,1.50000000E+001,0.00000000E+000
beam160,beam,0,1.80000000E+001,6.00000000E+000,2.40000000E+001,6.00000000E+000,0.00000000E+000,0.00000000E+000,0.00000000E+000,0.00000000E+000,2.50000000E-001,5.00000000E-001,0.00000000E+000,1.50000000E+001,0.00000000E+000
beam161,beam,0,2.40000000E+001,6.00000000E+000,3.00000000E+001,6.00000000E+000,0.00000000E+000,0.00000000E+000,0.00000000E+000,0.00000000E+000,2.50000000E-001,5.00000000E-001,0.00000000E+000,1.50000000E+001,0.00000000E+000
beam162,beam,0,0.00000000E+000,1.20000000E+001,6.00000000E+000,1.20000000E+001,0.00000000E+000,0.00000000E+000,0.00000000E+000,0.00000000E+000,2.50000000E-001,5.00000000E-001,0.00000000E+000,1.50000000E+001,0.00000000E+000
beam163,beam,0,6.00000000E+000,1.20000000E+001,1.20000000E+001,1.20000000E+001,0.00000000E+000,0.00000000E+000,0.00000000E+000,0.00000000E+000,2.50000000E-001,5.00000000E-001,0.00000000E+000,1.50000000E+001,0.00000000E+000
beam164,beam,0,1.20000000E+001,1.20000000E+001,1.80000000E+001,1.20000000E+001,0.00000000E+000,0.00000000E+000,0.00000000E+000,0.00000000E+000,2.50000000E-001,5.00000000E-001,0.00000000E+000,1.50000000E+001,0.00000000E+000
beam165,beam,0,1.80000000E+001,1.20000000E+001,2.40000000E+001,1.20000000E+001,0.00000000E+000,0.00000000E+000,0.00000000E+000,0.00000000E+000,2.50000000E-001,5.00000000E-001,0.00000000E+000,1.50000000E+001,0.00000000E+000
beam166,beam,0,0.00000000E+000,1.80000000E+001,6.00000000E+000,1.80000000E+001,0.00000000E+000,0.00000000E+000,0.00000000E+000,0.00000000E+000,2.50000000E-001,5.00000000E-001,0.00000000E+000,1.50000000E+001,0.00000000E+000
beam167,beam,0,6.00000000E+000,1.80000000E+001,1.20000000E+001,1.80000000E+001,0.00000000E+000,0.00000000E+000,0.00000000E+000,0.00000000E+000,2.50000000E-001,5.00000000E-001,0.00000000E+000,1.50000000E+001,0.00000000E+000
beam168,beam,0,1.20000000E+001,1.80000000E+001,1.80000000E+001,1.80000000E+001,0.00000000E+000,0.00000000E+000,0.00000000E+000,0.00000000E+000,2.50000000E-001,5.00000000E-001,0.00000000E+000,1.50000000E+001,0.00000000E+000
beam169,beam,0,1.80000000E+001,1.80000000E+001,2.40000000E+001,1.80000000E+001,0.00000000E+000,0.00000000E+000,0.00000000E+000,0.00000000E+000,2.50000000E-001,5.00000000E-001,0.00000000E+000,1.50000000E+001,0.00000000E+000
beam170,beam,0,2.40000000E+001,1.80000000E+001,3.00000000E+001,1.80000000E+001,0.00000000E+000,0.00000000E+000,0.00000000E+000,0.00000000E+000,2.50000000E-001,5.00000000E-001,0.00000000E+000,1.50000000E+001,0.00000000E+000
beam171,beam,0,3.00000000E+000,1.80000000E+001,3.00000000E+000,1.20000000E+001,0.00000000E+000,0.00000000E+000,0.00000000E+000,0.00000000E+000,2.50000000E-001,4.00000000E-001,0.00000000E+000,1.50000000E+001,0.00000000E+000
beam172,beam,0,3.00000000E+000,1.20000000E+001,3.00000000E+000,6.00000000E+000,0.00000000E+000,0.00000000E+000,0.00000000E+000,0.00000000E+000,2.50000000E-001,4.00000000E-001,0.00000000E+000,1.50000000E+001,0.00000000E+000
beam173,beam,0,9.00000000E+000,1.80000000E+001,9.00000000E+000,1.20000000E+001,0.00000000E+000,0.00000000E+000,0.00000000E+000,0.00000000E+000,2.50000000E-001,4.00000000E-001,0.00000000E+000,1.50000000E+001,0.00000000E+000
beam174,beam,0,9.00000000E+000,1.20000000E+001,9.00000000E+000,6.00000000E+000,0.00000000E+000,0.00000000E+000,0.00000000E+000,0.00000000E+000,2.50000000E-001,4.00000000E-001,0.00000000E+000,1.50000000E+001,0.00000000E+000
beam175,beam,0,1.50000000E+001,1.80000000E+001,1.50000000E+001,1.20000000E+001,0.00000000E+000,0.00000000E+000,0.00000000E+000,0.00000000E+000,2.50000000E-001,4.00000000E-001,0.00000000E+000,1.50000000E+001,0.00000000E+000
beam176,beam,0,1.50000000E+001,1.20000000E+001,1.50000000E+001,6.00000000E+000,0.00000000E+000,0.00000000E+000,0.00000000E+000,0.00000000E+000,2.50000000E-001,4.00000000E-001,0.00000000E+000,1.50000000E+001,0.00000000E+000
beam177,beam,0,1.50000000E+001,6.00000000E+000,1.50000000E+001,0.00000000E+000,0.00000000E+000,0.00000000E+000,0.00000000E+000,0.00000000E+000,2.50000000E-001,4.00000000E-001,0.00000000E+000,1.50000000E+001,0.00000000E+000
beam178,beam,0,2.10000000E+001,1.80000000E+001,2.10000000E+001,1.20000000E+001,0.00000000E+000,0.00000000E+000,0.00000000E+000,0.00000000E+000,2.50000000E-001,4.00000000E-001,0.00000000E+000,1.50000000E+001,0.00000000E+000
beam179,beam,0,2.10000000E+001,1.20000000E+001,2.10000000E+001,6.00000000E+000,0.00000000E+000,0.00000000E+000,0.00000000E+000,0.00000000E+000,2.50000000E-001,4.00000000E-001,0.00000000E+000,1.50000000E+001,0.00000000E+000
beam180,beam,0,2.10000000E+001,6.00000000E+000,2.10000000E+001,0.00000000E+000,0.00000000E+000,0.00000000E+000,0.00000000E+000,0.00000000E+000,2.50000000E-001,4.00000000E-001,0.00000000E+000,1.50000000E+001,0.00000000E+000
beam181,beam,0,2.70000000E+001,1.80000000E+001,2.70000000E+001,1.20000000E+001,0.00000000E+000,0.00000000E+000,0.00000000E+000,0.00000000E+000,2.50000000E-001,4.00000000E-001,0.00000000E+000,1.50000000E+001,0.00000000E+000
beam182,beam,0,9.00000000E+000,6.00000000E+000,9.00000000E+000,0.00000000E+000,0.00000000E+000,0.00000000E+000,0.00000000E+000,0.00000000E+000,2.50000000E-001,4.00000000E-001,0.00000000E+000,1.50000000E+001,0.00000000E+000
beam183,beam,0,3.00000000E+000,6.00000000E+000,3.00000000E+000,0.00000000E+000,0.00000000E+000,0.00000000E+000,0.00000000E+000,0.00000000E+000,2.50000000E-001,4.00000000E-001,0.00000000E+000,1.50000000E+001,0.00000000E+000
beam184,beam,0,2.70000000E+001,1.20000000E+001,2.70000000E+001,6.00000000E+000,0.00000000E+000,0.00000000E+000,0.00000000E+000,0.00000000E+000,2.50000000E-001,4.00000000E-001,0.00000000E+000,1.50000000E+001,0.00000000E+000
beam185,beam,0,0.00000000E+000,6.00000000E+000,0.00000000E+000,1.20000000E+001,0.00000000E+000,0.00000000E+000,0.00000000E+000,0.00000000E+000,2.50000000E-001,5.00000000E-001,0.00000000E+000,1.20000000E+001,0.00000000E+000
beam186,beam,0,0.00000000E+000,1.20000000E+001,0.00000000E+000,1.80000000E+001,0.00000000E+000,0.00000000E+000,0.00000000E+000,0.00000000E+000,2.50000000E-001,5.00000000E-001,0.00000000E+000,1.20000000E+001,0.00000000E+000
beam187,beam,0,6.00000000E+000,6.00000000E+000,6.00000000E+000,1.20000000E+001,0.00000000E+000,0.00000000E+000,0.00000000E+000,0.00000000E+000,2.50000000E-001,5.00000000E-001,0.00000000E+000,1.20000000E+001,0.00000000E+000
beam188,beam,0,6.00000000E+000,1.20000000E+001,6.00000000E+000,1.80000000E+001,0.00000000E+000,0.00000000E+000,0.00000000E+000,0.00000000E+000,2.50000000E-001,5.00000000E-001,0.00000000E+000,1.20000000E+001,0.00000000E+000
beam189,beam,0,1.20000000E+001,0.00000000E+000,1.20000000E+001,6.00000000E+000,0.00000000E+000,0.00000000E+000,0.00000000E+000,0.00000000E+000,2.50000000E-001,5.00000000E-001,0.00000000E+000,1.20000000E+001,0.00000000E+000
beam190,beam,0,1.20000000E+001,6.00000000E+000,1.20000000E+001,1.20000000E+001,0.00000000E+000,0.00000000E+000,0.00000000E+000,0.00000000E+000,2.50000000E-001,5.00000000E-001,0.00000000E+000,1.20000000E+001,0.00000000E+000
beam191,beam,0,1.20000000E+001,1.20000000E+001,1.20000000E+001,1.80000000E+001,0.00000000E+000,0.00000000E+000,0.00000000E+000,0.00000000E+000,2.50000000E-001,5.00000000E-001,0.00000000E+000,1.20000000E+001,0.00000000E+000
beam192,beam,0,1.80000000E+001,0.00000000E+000,1.80000000E+001,6.00000000E+000,0.00000000E+000,0.00000000E+000,0.00000000E+000,0.00000000E+000,2.50000000E-001,5.00000000E-001,0.00000000E+000,1.20000000E+001,0.00000000E+000
beam193,beam,0,1.80000000E+001,6.00000000E+000,1.80000000E+001,1.20000000E+001,0.00000000E+000,0.00000000E+000,0.00000000E+000,0.00000000E+000,2.50000000E-001,5.00000000E-001,0.00000000E+000,1.20000000E+001,0.00000000E+000
beam194,beam,0,1.80000000E+001,1.20000000E+001,1.80000000E+001,1.80000000E+001,0.00000000E+000,0.00000000E+000,0.00000000E+000,0.00000000E+000,2.50000000E-001,5.00000000E-001,0.00000000E+000,1.20000000E+001,0.00000000E+000
beam195,beam,0,2.40000000E+001,0.00000000E+000,2.40000000E+001,6.00000000E+000,0.00000000E+000,0.00000000E+000,0.00000000E+000,0.00000000E+000,2.50000000E-001,5.00000000E-001,0.00000000E+000,1.20000000E+001,0.00000000E+000
beam196,beam,0,2.40000000E+001,6.00000000E+000,2.40000000E+001,1.20000000E+001,0.00000000E+000,0.00000000E+000,0.00000000E+000,0.00000000E+000,2.50000000E-001,5.00000000E-001,0.00000000E+000,1.20000000E+001,0.00000000E+000
beam197,beam,0,2.40000000E+001,1.20000000E+001,2.40000000E+001,1.80000000E+001,0.00000000E+000,0.00000000E+000,0.00000000E+000,0.00000000E+000,2.50000000E-001,5.00000000E-001,0.00000000E+000,1.20000000E+001,0.00000000E+000
beam198,beam,0,3.00000000E+001,1.20000000E+001,3.00000000E+001,1.80000000E+001,0.00000000E+000,0.00000000E+000,0.00000000E+000,0.00000000E+000,2.50000000E-001,4.00000000E-001,0.00000000E+000,1.20000000E+001,0.00000000E+000
beam199,beam,0,0.00000000E+000,0.00000000E+000,6.00000000E+000,0.00000000E+000,0.00000000E+000,0.00000000E+000,0.00000000E+000,0.00000000E+000,2.50000000E-001,5.00000000E-001,0.00000000E+000,1.20000000E+001,0.00000000E+000
beam200,beam,0,6.00000000E+000,0.00000000E+000,1.20000000E+001,0.00000000E+000,0.00000000E+000,0.00000000E+000,0.00000000E+000,0.00000000E+000,2.50000000E-001,5.00000000E-001,0.00000000E+000,1.20000000E+001,0.00000000E+000
beam201,beam,0,1.20000000E+001,0.00000000E+000,1.80000000E+001,0.00000000E+000,0.00000000E+000,0.00000000E+000,0.00000000E+000,0.00000000E+000,2.50000000E-001,5.00000000E-001,0.00000000E+000,1.20000000E+001,0.00000000E+000
beam202,beam,0,1.80000000E+001,0.00000000E+000,2.40000000E+001,0.00000000E+000,0.00000000E+000,0.00000000E+000,0.00000000E+000,0.00000000E+000,2.50000000E-001,5.00000000E-001,0.00000000E+000,1.20000000E+001,0.00000000E+000
beam203,beam,0,0.00000000E+000,6.00000000E+000,6.00000000E+000,6.00000000E+000,0.00000000E+000,0.00000000E+000,0.00000000E+000,0.00000000E+000,2.50000000E-001,5.00000000E-001,0.00000000E+000,1.20000000E+001,0.00000000E+000
beam204,beam,0,6.00000000E+000,6.00000000E+000,1.20000000E+001,6.00000000E+000,0.00000000E+000,0.00000000E+000,0.00000000E+000,0.00000000E+000,2.50000000E-001,5.00000000E-001,0.00000000E+000,1.20000000E+001,0.00000000E+000
beam205,beam,0,1.20000000E+001,6.00000000E+000,1.80000000E+001,6.00000000E+000,0.00000000E+000,0.00000000E+000,0.00000000E+000,0.00000000E+000,2.50000000E-001,5.00000000E-001,0.00000000E+000,1.20000000E+001,0.00000000E+000
beam206,beam,0,1.80000000E+001,6.00000000E+000,2.40000000E+001,6.00000000E+000,0.00000000E+000,0.00000000E+000,0.00000000E+000,0.00000000E+000,2.50000000E-001,5.00000000E-001,0.00000000E+000,1.20000000E+001,0.00000000E+000
beam207,beam,0,2.40000000E+001,6.00000000E+000,3.00000000E+001,6.00000000E+000,0.00000000E+000,0.00000000E+000,0.00000000E+000,0.00000000E+000,2.50000000E-001,5.00000000E-001,0.00000000E+000,1.20000000E+001,0.00000000E+000
beam208,beam,0,0.00000000E+000,1.20000000E+001,6.00000000E+000,1.20000000E+001,0.00000000E+000,0.00000000E+000,0.00000000E+000,0.00000000E+000,2.50000000E-001,5.00000000E-001,0.00000000E+000,1.20000000E+001,0.00000000E+000
beam209,beam,0,6.00000000E+000,1.20000000E+001,1.20000000E+001,1.20000000E+001,0.00000000E+000,0.00000000E+000,0.00000000E+000,0.00000000E+000,2.50000000E-001,5.00000000E-001,0.00000000E+000,1.20000000E+001,0.00000000E+000
beam210,beam,0,1.20000000E+001,1.20000000E+001,1.80000000E+001,1.20000000E+001,0.00000000E+000,0.00000000E+000,0.00000000E+000,0.00000000E+000,2.50000000E-001,5.00000000E-001,0.00000000E+000,1.20000000E+001,0.00000000E+000
beam211,beam,0,1.80000000E+001,1.20000000E+001,2.40000000E+001,1.20000000E+001,0.00000000E+000,0.00000000E+000,0.00000000E+000,0.00000000E+000,2.50000000E-001,5.00000000E-001,0.00000000E+000,1.20000000E+001,0.00000000E+000
beam212,beam,0,6.00000000E+000,1.80000000E+001,1.20000000E+001,1.80000000E+001,0.00000000E+000,0.00000000E+000,0.00000000E+000,0.00000000E+000,2.50000000E-001,5.00000000E-001,0.00000000E+000,1.20000000E+001,0.00000000E+000
beam213,beam,0,1.20000000E+001,1.80000000E+001,1.80000000E+001,1.80000000E+001,0.00000000E+000,0.00000000E+000,0.00000000E+000,0.00000000E+000,2.50000000E-001,5.00000000E-001,0.00000000E+000,1.20000000E+001,0.00000000E+000
beam214,beam,0,1.80000000E+001,1.80000000E+001,2.40000000E+001,1.80000000E+001,0.00000000E+000,0.00000000E+000,0.00000000E+000,0.00000000E+000,2.50000000E-001,5.00000000E-001,0.00000000E+000,1.20000000E+001,0.00000000E+000
beam215,beam,0,2.40000000E+001,1.80000000E+001,3.00000000E+001,1.80000000E+001,0.00000000E+000,0.00000000E+000,0.00000000E+000,0.00000000E+000,2.50000000E-001,5.00000000E-001,0.00000000E+000,1.20000000E+001,0.00000000E+000
beam216,beam,0,3.00000000E+000,1.80000000E+001,3.00000000E+000,1.20000000E+001,0.00000000E+000,0.00000000E+000,0.00000000E+000,0.00000000E+000,2.50000000E-001,4.00000000E-001,0.00000000E+000,1.20000000E+001,0.00000000E+000
beam217,beam,0,3.00000000E+000,1.20000000E+001,3.00000000E+000,6.00000000E+000,0.00000000E+000,0.00000000E+000,0.00000000E+000,0.00000000E+000,2.50000000E-001,4.00000000E-001,0.00000000E+000,1.20000000E+001,0.00000000E+000
beam218,beam,0,9.00000000E+000,1.80000000E+001,9.00000000E+000,1.20000000E+001,0.00000000E+000,0.00000000E+000,0.00000000E+000,0.00000000E+000,2.50000000E-001,4.00000000E-001,0.00000000E+000,1.20000000E+001,0.00000000E+000
beam219,beam,0,9.00000000E+000,1.20000000E+001,9.00000000E+000,6.00000000E+000,0.00000000E+000,0.00000000E+000,0.00000000E+000,0.00000000E+000,2.50000000E-001,4.00000000E-001,0.00000000E+000,1.20000000E+001,0.00000000E+000
beam220,beam,0,1.50000000E+001,1.80000000E+001,1.50000000E+001,1.20000000E+001,0.00000000E+000,0.00000000E+000,0.00000000E+000,0.00000000E+000,2.50000000E-001,4.00000000E-001,0.00000000E+000,1.20000000E+001,0.00000000E+000
beam221,beam,0,1.50000000E+001,1.20000000E+001,1.50000000E+001,6.00000000E+000,0.00000000E+000,0.00000000E+000,0.00000000E+000,0.00000000E+000,2.50000000E-001,4.00000000E-001,0.00000000E+000,1.20000000E+001,0.00000000E+000
beam222,beam,0,1.50000000E+001,6.00000000E+000,1.50000000E+001,0.00000000E+000,0.00000000E+000,0.00000000E+000,0.00000000E+000,0.00000000E+000,2.50000000E-001,4.00000000E-001,0.00000000E+000,1.20000000E+001,0.00000000E+000
beam223,beam,0,2.10000000E+001,1.80000000E+001,2.10000000E+001,1.20000000E+001,0.00000000E+000,0.00000000E+000,0.00000000E+000,0.00000000E+000,2.50000000E-001,4.00000000E-001,0.00000000E+000,1.20000000E+001,0.00000000E+000
beam224,beam,0,2.10000000E+001,1.20000000E+001,2.10000000E+001,6.00000000E+000,0.00000000E+000,0.00000000E+000,0.00000000E+000,0.00000000E+000,2.50000000E-001,4.00000000E-001,0.00000000E+000,1.20000000E+001,0.00000000E+000
beam225,beam,0,2.10000000E+001,6.00000000E+000,2.10000000E+001,0.00000000E+000,0.00000000E+000,0.00000000E+000,0.00000000E+000,0.00000000E+000,2.50000000E-001,4.00000000E-001,0.00000000E+000,1.20000000E+001,0.00000000E+000
beam226,beam,0,9.00000000E+000,6.00000000E+000,9.00000000E+000,0.00000000E+000,0.00000000E+000,0.00000000E+000,0.00000000E+000,0.00000000E+000,2.50000000E-001,4.00000000E-001,0.00000000E+000,1.20000000E+001,0.00000000E+000
beam227,beam,0,3.00000000E+000,6.00000000E+000,3.00000000E+000,0.00000000E+000,0.00000000E+000,0.00000000E+000,0.00000000E+000,0.00000000E+000,2.50000000E-001,4.00000000E-001,0.00000000E+000,1.20000000E+001,0.00000000E+000
beam228,beam,0,2.70000000E+001,1.20000000E+001,2.70000000E+001,6.00000000E+000,0.00000000E+000,0.00000000E+000,0.00000000E+000,0.00000000E+000,2.50000000E-001,4.00000000E-001,0.00000000E+000,1.20000000E+001,0.00000000E+000
beam229,beam,0,0.00000000E+000,6.00000000E+000,0.00000000E+000,1.20000000E+001,0.00000000E+000,0.00000000E+000,0.00000000E+000,0.00000000E+000,2.50000000E-001,5.00000000E-001,0.00000000E+000,9.00000000E+000,0.00000000E+000
beam230,beam,0,0.00000000E+000,1.20000000E+001,0.00000000E+000,1.80000000E+001,0.00000000E+000,0.00000000E+000,0.00000000E+000,0.00000000E+000,2.50000000E-001,5.00000000E-001,0.00000000E+000,9.00000000E+000,0.00000000E+000
beam231,beam,0,6.00000000E+000,6.00000000E+000,6.00000000E+000,1.20000000E+001,0.00000000E+000,0.00000000E+000,0.00000000E+000,0.00000000E+000,2.50000000E-001,5.00000000E-001,0.00000000E+000,9.00000000E+000,0.00000000E+000
beam232,beam,0,6.00000000E+000,1.20000000E+001,6.00000000E+000,1.80000000E+001,0.00000000E+000,0.00000000E+000,0.00000000E+000,0.00000000E+000,2.50000000E-001,5.00000000E-001,0.00000000E+000,9.00000000E+000,0.00000000E+000
beam233,beam,0,1.20000000E+001,0.00000000E+000,1.20000000E+001,6.00000000E+000,0.00000000E+000,0.00000000E+000,0.00000000E+000,0.00000000E+000,2.50000000E-001,5.00000000E-001,0.00000000E+000,9.00000000E+000,0.00000000E+000
beam234,beam,0,1.20000000E+001,6.00000000E+000,1.20000000E+001,1.20000000E+001,0.00000000E+000,0.00000000E+000,0.00000000E+000,0.00000000E+000,2.50000000E-001,5.00000000E-001,0.00000000E+000,9.00000000E+000,0.00000000E+000
beam235,beam,0,1.20000000E+001,1.20000000E+001,1.20000000E+001,1.80000000E+001,0.00000000E+000,0.00000000E+000,0.00000000E+000,0.00000000E+000,2.50000000E-001,5.00000000E-001,0.00000000E+000,9.00000000E+000,0.00000000E+000
beam236,beam,0,1.80000000E+001,0.00000000E+000,1.80000000E+001,6.00000000E+000,0.00000000E+000,0.00000000E+000,0.00000000E+000,0.00000000E+000,2.50000000E-001,5.00000000E-001,0.00000000E+000,9.00000000E+000,0.00000000E+000
beam237,beam,0,1.80000000E+001,6.00000000E+000,1.80000000E+001,1.20000000E+001,0.00000000E+000,0.00000000E+000,0.00000000E+000,0.00000000E+000,2.50000000E-001,5.00000000E-001,0.00000000E+000,9.00000000E+000,0.00000000E+000
beam238,beam,0,1.80000000E+001,1.20000000E+001,1.80000000E+001,1.80000000E+001,0.00000000E+000,0.00000000E+000,0.00000000E+000,0.00000000E+000,2.50000000E-001,5.00000000E-001,0.00000000E+000,9.00000000E+000,0.00000000E+000
beam239,beam,0,2.40000000E+001,0.00000000E+000,2.40000000E+001,6.00000000E+000,0.00000000E+000,0.00000000E+000,0.00000000E+000,0.00000000E+000,2.50000000E-001,5.00000000E-001,0.00000000E+000,9.00000000E+000,0.00000000E+000
beam240,beam,0,2.40000000E+001,6.00000000E+000,2.40000000E+001,1.20000000E+001,0.00000000E+000,0.00000000E+000,0.00000000E+000,0.00000000E+000,2.50000000E-001,5.00000000E-001,0.00000000E+000,9.00000000E+000,0.00000000E+000
beam241,beam,0,2.40000000E+001,1.20000000E+001,2.40000000E+001,1.80000000E+001,0.00000000E+000,0.00000000E+000,0.00000000E+000,0.00000000E+000,2.50000000E-001,5.00000000E-001,0.00000000E+000,9.00000000E+000,0.00000000E+000
beam242,beam,0,3.00000000E+001,1.20000000E+001,3.00000000E+001,1.80000000E+001,0.00000000E+000,0.00000000E+000,0.00000000E+000,0.00000000E+000,2.50000000E-001,4.00000000E-001,0.00000000E+000,9.00000000E+000,0.00000000E+000
beam243,beam,0,0.00000000E+000,0.00000000E+000,6.00000000E+000,0.00000000E+000,0.00000000E+000,0.00000000E+000,0.00000000E+000,0.00000000E+000,2.50000000E-001,5.00000000E-001,0.00000000E+000,9.00000000E+000,0.00000000E+000
beam244,beam,0,6.00000000E+000,0.00000000E+000,1.20000000E+001,0.00000000E+000,0.00000000E+000,0.00000000E+000,0.00000000E+000,0.00000000E+000,2.50000000E-001,5.00000000E-001,0.00000000E+000,9.00000000E+000,0.00000000E+000
beam245,beam,0,1.20000000E+001,0.00000000E+000,1.80000000E+001,0.00000000E+000,0.00000000E+000,0.00000000E+000,0.00000000E+000,0.00000000E+000,2.50000000E-001,5.00000000E-001,0.00000000E+000,9.00000000E+000,0.00000000E+000
beam246,beam,0,1.80000000E+001,0.00000000E+000,2.40000000E+001,0.00000000E+000,0.00000000E+000,0.00000000E+000,0.00000000E+000,0.00000000E+000,2.50000000E-001,5.00000000E-001,0.00000000E+000,9.00000000E+000,0.00000000E+000
beam247,beam,0,0.00000000E+000,6.00000000E+000,6.00000000E+000,6.00000000E+000,0.00000000E+000,0.00000000E+000,0.00000000E+000,0.00000000E+000,2.50000000E-001,5.00000000E-001,0.00000000E+000,9.00000000E+000,0.00000000E+000
beam248,beam,0,6.00000000E+000,6.00000000E+000,1.20000000E+001,6.00000000E+000,0.00000000E+000,0.00000000E+000,0.00000000E+000,0.00000000E+000,2.50000000E-001,5.00000000E-001,0.00000000E+000,9.00000000E+000,0.00000000E+000
beam249,beam,0,1.20000000E+001,6.00000000E+000,1.80000000E+001,6.00000000E+000,0.00000000E+000,0.00000000E+000,0.00000000E+000,0.00000000E+000,2.50000000E-001,5.00000000E-001,0.00000000E+000,9.00000000E+000,0.00000000E+000
beam250,beam,0,1.80000000E+001,6.00000000E+000,2.40000000E+001,6.00000000E+000,0.00000000E+000,0.00000000E+000,0.00000000E+000,0.00000000E+000,2.50000000E-001,5.00000000E-001,0.00000000E+000,9.00000000E+000,0.00000000E+000
beam251,beam,0,2.40000000E+001,6.00000000E+000,3.00000000E+001,6.00000000E+000,0.00000000E+000,0.00000000E+000,0.00000000E+000,0.00000000E+000,2.50000000E-001,5.00000000E-001,0.00000000E+000,9.00000000E+000,0.00000000E+000
beam252,beam,0,0.00000000E+000,1.20000000E+001,6.00000000E+000,1.20000000E+001,0.00000000E+000,0.00000000E+000,0.00000000E+000,0.00000000E+000,2.50000000E-001,5.00000000E-001,0.00000000E+000,9.00000000E+000,0.00000000E+000
beam253,beam,0,6.00000000E+000,1.20000000E+001,1.20000000E+001,1.20000000E+001,0.00000000E+000,0.00000000E+000,0.00000000E+000,0.00000000E+000,2.50000000E-001,5.00000000E-001,0.00000000E+000,9.00000000E+000,0.00000000E+000
beam254,beam,0,1.20000000E+001,1.20000000E+001,1.80000000E+001,1.20000000E+001,0.00000000E+000,0.00000000E+000,0.00000000E+000,0.00000000E+000,2.50000000E-001,5.00000000E-001,0.00000000E+000,9.00000000E+000,0.00000000E+000
beam255,beam,0,1.80000000E+001,1.20000000E+001,2.40000000E+001,1.20000000E+001,0.00000000E+000,0.00000000E+000,0.00000000E+000,0.00000000E+000,2.50000000E-001,5.00000000E-001,0.00000000E+000,9.00000000E+000,0.00000000E+000
beam256,beam,0,0.00000000E+000,1.80000000E+001,6.00000000E+000,1.80000000E+001,0.00000000E+000,0.00000000E+000,0.00000000E+000,0.00000000E+000,2.50000000E-001,5.00000000E-001,0.00000000E+000,9.00000000E+000,0.00000000E+000
beam257,beam,0,6.00000000E+000,1.80000000E+001,1.20000000E+001,1.80000000E+001,0.00000000E+000,0.00000000E+000,0.00000000E+000,0.00000000E+000,2.50000000E-001,5.00000000E-001,0.00000000E+000,9.00000000E+000,0.00000000E+000
beam258,beam,0,1.20000000E+001,1.80000000E+001,1.80000000E+001,1.80000000E+001,0.00000000E+000,0.00000000E+000,0.00000000E+000,0.00000000E+000,2.50000000E-001,5.00000000E-001,0.00000000E+000,9.00000000E+000,0.00000000E+000
beam259,beam,0,1.80000000E+001,1.80000000E+001,2.40000000E+001,1.80000000E+001,0.00000000E+000,0.00000000E+000,0.00000000E+000,0.00000000E+000,2.50000000E-001,5.00000000E-001,0.00000000E+000,9.00000000E+000,0.00000000E+000
beam260,beam,0,2.40000000E+001,1.80000000E+001,3.00000000E+001,1.80000000E+001,0.00000000E+000,0.00000000E+000,0.00000000E+000,0.00000000E+000,2.50000000E-001,5.00000000E-001,0.00000000E+000,9.00000000E+000,0.00000000E+000
beam261,beam,0,3.00000000E+000,1.80000000E+001,3.00000000E+000,1.20000000E+001,0.00000000E+000,0.00000000E+000,0.00000000E+000,0.00000000E+000,2.50000000E-001,4.00000000E-001,0.00000000E+000,9.00000000E+000,0.00000000E+000
beam262,beam,0,3.00000000E+000,1.20000000E+001,3.00000000E+000,6.00000000E+000,0.00000000E+000,0.00000000E+000,0.00000000E+000,0.00000000E+000,2.50000000E-001,4.00000000E-001,0.00000000E+000,9.00000000E+000,0.00000000E+000
beam263,beam,0,9.00000000E+000,1.80000000E+001,9.00000000E+000,1.20000000E+001,0.00000000E+000,0.00000000E+000,0.00000000E+000,0.00000000E+000,2.50000000E-001,4.00000000E-001,0.00000000E+000,9.00000000E+000,0.00000000E+000
beam264,beam,0,9.00000000E+000,1.20000000E+001,9.00000000E+000,6.00000000E+000,0.00000000E+000,0.00000000E+000,0.00000000E+000,0.00000000E+000,2.50000000E-001,4.00000000E-001,0.00000000E+000,9.00000000E+000,0.00000000E+000
beam265,beam,0,1.50000000E+001,1.80000000E+001,1.50000000E+001,1.20000000E+001,0.00000000E+000,0.00000000E+000,0.00000000E+000,0.00000000E+000,2.50000000E-001,4.00000000E-001,0.00000000E+000,9.00000000E+000,0.00000000E+000
beam266,beam,0,1.50000000E+001,1.20000000E+001,1.50000000E+001,6.00000000E+000,0.00000000E+000,0.00000000E+000,0.00000000E+000,0.00000000E+000,2.50000000E-001,4.00000000E-001,0.00000000E+000,9.00000000E+000,0.00000000E+000
beam267,beam,0,1.50000000E+001,6.00000000E+000,1.50000000E+001,0.00000000E+000,0.00000000E+000,0.00000000E+000,0.00000000E+000,0.00000000E+000,2.50000000E-001,4.00000000E-001,0.00000000E+000,9.00000000E+000,0.00000000E+000
beam268,beam,0,2.10000000E+001,1.80000000E+001,2.10000000E+001,1.20000000E+001,0.00000000E+000,0.00000000E+000,0.00000000E+000,0.00000000E+000,2.50000000E-001,4.00000000E-001,0.00000000E+000,9.00000000E+000,0.00000000E+000
beam269,beam,0,2.10000000E+001,1.20000000E+001,2.10000000E+001,6.00000000E+000,0.00000000E+000,0.00000000E+000,0.00000000E+000,0.00000000E+000,2.50000000E-001,4.00000000E-001,0.00000000E+000,9.00000000E+000,0.00000000E+000
beam270,beam,0,2.10000000E+001,6.00000000E+000,2.10000000E+001,0.00000000E+000,0.00000000E+000,0.00000000E+000,0.00000000E+000,0.00000000E+000,2.50000000E-001,4.00000000E-001,0.00000000E+000,9.00000000E+000,0.00000000E+000
beam271,beam,0,2.70000000E+001,1.80000000E+001,2.70000000E+001,1.20000000E+001,0.00000000E+000,0.00000000E+000,0.00000000E+000,0.00000000E+000,2.50000000E-001,4.00000000E-001,0.00000000E+000,9.00000000E+000,0.00000000E+000
beam272,beam,0,9.00000000E+000,6.00000000E+000,9.00000000E+000,0.00000000E+000,0.00000000E+000,0.00000000E+000,0.00000000E+000,0.00000000E+000,2.50000000E-001,4.00000000E-001,0.00000000E+000,9.00000000E+000,0.00000000E+000
beam273,beam,0,3.00000000E+000,6.00000000E+000,3.00000000E+000,0.00000000E+000,0.00000000E+000,0.00000000E+000,0.00000000E+000,0.00000000E+000,2.50000000E-001,4.00000000E-001,0.00000000E+000,9.00000000E+000,0.00000000E+000
beam274,beam,0,2.70000000E+001,1.20000000E+001,2.70000000E+001,6.00000000E+000,0.00000000E+000,0.00000000E+000,0.00000000E+000,0.00000000E+000,2.50000000E-001,4.00000000E-001,0.00000000E+000,9.00000000E+000,0.00000000E+000
beam275,beam,0,0.00000000E+000,6.00000000E+000,0.00000000E+000,1.20000000E+001,0.00000000E+000,0.00000000E+000,0.00000000E+000,0.00000000E+000,2.50000000E-001,5.00000000E-001,0.00000000E+000,6.00000000E+000,0.00000000E+000
beam276,beam,0,0.00000000E+000,1.20000000E+001,0.00000000E+000,1.80000000E+001,0.00000000E+000,0.00000000E+000,0.00000000E+000,0.00000000E+000,2.50000000E-001,5.00000000E-001,0.00000000E+000,6.00000000E+000,0.00000000E+000
beam277,beam,0,6.00000000E+000,6.00000000E+000,6.00000000E+000,1.20000000E+001,0.00000000E+000,0.00000000E+000,0.00000000E+000,0.00000000E+000,2.50000000E-001,5.00000000E-001,0.00000000E+000,6.00000000E+000,0.00000000E+000
beam278,beam,0,6.00000000E+000,1.20000000E+001,6.00000000E+000,1.80000000E+001,0.00000000E+000,0.00000000E+000,0.00000000E+000,0.00000000E+000,2.50000000E-001,5.00000000E-001,0.00000000E+000,6.00000000E+000,0.00000000E+000
beam279,beam,0,1.20000000E+001,0.00000000E+000,1.20000000E+001,6.00000000E+000,0.00000000E+000,0.00000000E+000,0.00000000E+000,0.00000000E+000,2.50000000E-001,5.00000000E-001,0.00000000E+000,6.00000000E+000,0.00000000E+000
beam280,beam,0,1.20000000E+001,6.00000000E+000,1.20000000E+001,1.20000000E+001,0.00000000E+000,0.00000000E+000,0.00000000E+000,0.00000000E+000,2.50000000E-001,5.00000000E-001,0.00000000E+000,6.00000000E+000,0.00000000E+000
beam281,beam,0,1.20000000E+001,1.20000000E+001,1.20000000E+001,1.80000000E+001,0.00000000E+000,0.00000000E+000,0.00000000E+000,0.00000000E+000,2.50000000E-001,5.00000000E-001,0.00000000E+000,6.00000000E+000,0.00000000E+000
beam282,beam,0,1.80000000E+001,0.00000000E+000,1.80000000E+001,6.00000000E+000,0.00000000E+000,0.00000000E+000,0.00000000E+000,0.00000000E+000,2.50000000E-001,5.00000000E-001,0.00000000E+000,6.00000000E+000,0.00000000E+000
beam283,beam,0,1.80000000E+001,6.00000000E+000,1.80000000E+001,1.20000000E+001,0.00000000E+000,0.00000000E+000,0.00000000E+000,0.00000000E+000,2.50000000E-001,5.00000000E-001,0.00000000E+000,6.00000000E+000,0.00000000E+000
beam284,beam,0,1.80000000E+001,1.20000000E+001,1.80000000E+001,1.80000000E+001,0.00000000E+000,0.00000000E+000,0.00000000E+000,0.00000000E+000,2.50000000E-001,5.00000000E-001,0.00000000E+000,6.00000000E+000,0.00000000E+000
beam285,beam,0,2.40000000E+001,0.00000000E+000,2.40000000E+001,6.00000000E+000,0.00000000E+000,0.00000000E+000,0.00000000E+000,0.00000000E+000,2.50000000E-001,5.00000000E-001,0.00000000E+000,6.00000000E+000,0.00000000E+000
beam286,beam,0,2.40000000E+001,6.00000000E+000,2.40000000E+001,1.20000000E+001,0.00000000E+000,0.00000000E+000,0.00000000E+000,0.00000000E+000,2.50000000E-001,5.00000000E-001,0.00000000E+000,6.00000000E+000,0.00000000E+000
beam287,beam,0,2.40000000E+001,1.20000000E+001,2.40000000E+001,1.80000000E+001,0.00000000E+000,0.00000000E+000,0.00000000E+000,0.00000000E+000,2.50000000E-001,5.00000000E-001,0.00000000E+000,6.00000000E+000,0.00000000E+000
beam288,beam,0,3.00000000E+001,1.20000000E+001,3.00000000E+001,1.80000000E+001,0.00000000E+000,0.00000000E+000,0.00000000E+000,0.00000000E+000,2.50000000E-001,4.00000000E-001,0.00000000E+000,6.00000000E+000,0.00000000E+000
beam289,beam,0,0.00000000E+000,0.00000000E+000,6.00000000E+000,0.00000000E+000,0.00000000E+000,0.00000000E+000,0.00000000E+000,0.00000000E+000,2.50000000E-001,5.00000000E-001,0.00000000E+000,6.00000000E+000,0.00000000E+000
beam290,beam,0,6.00000000E+000,0.00000000E+000,1.20000000E+001,0.00000000E+000,0.00000000E+000,0.00000000E+000,0.00000000E+000,0.00000000E+000,2.50000000E-001,5.00000000E-001,0.00000000E+000,6.00000000E+000,0.00000000E+000
beam291,beam,0,1.20000000E+001,0.00000000E+000,1.80000000E+001,0.00000000E+000,0.00000000E+000,0.00000000E+000,0.00000000E+000,0.00000000E+000,2.50000000E-001,5.00000000E-001,0.00000000E+000,6.00000000E+000,0.00000000E+000
beam292,beam,0,1.80000000E+001,0.00000000E+000,2.40000000E+001,0.00000000E+000,0.00000000E+000,0.00000000E+000,0.00000000E+000,0.00000000E+000,2.50000000E-001,5.00000000E-001,0.00000000E+000,6.00000000E+000,0.00000000E+000
beam293,beam,0,0.00000000E+000,6.00000000E+000,6.00000000E+000,6.00000000E+000,0.00000000E+000,0.00000000E+000,0.00000000E+000,0.00000000E+000,2.50000000E-001,5.00000000E-001,0.00000000E+000,6.00000000E+000,0.00000000E+000
beam294,beam,0,6.00000000E+000,6.00000000E+000,1.20000000E+001,6.00000000E+000,0.00000000E+000,0.00000000E+000,0.00000000E+000,0.00000000E+000,2.50000000E-001,5.00000000E-001,0.00000000E+000,6.00000000E+000,0.00000000E+000
beam295,beam,0,1.20000000E+001,6.00000000E+000,1.80000000E+001,6.00000000E+000,0.00000000E+000,0.00000000E+000,0.00000000E+000,0.00000000E+000,2.50000000E-001,5.00000000E-001,0.00000000E+000,6.00000000E+000,0.00000000E+000
beam296,beam,0,1.80000000E+001,6.00000000E+000,2.40000000E+001,6.00000000E+000,0.00000000E+000,0.00000000E+000,0.00000000E+000,0.00000000E+000,2.50000000E-001,5.00000000E-001,0.00000000E+000,6.00000000E+000,0.00000000E+000
beam297,beam,0,2.40000000E+001,6.00000000E+000,3.00000000E+001,6.00000000E+000,0.00000000E+000,0.00000000E+000,0.00000000E+000,0.00000000E+000,2.50000000E-001,5.00000000E-001,0.00000000E+000,6.00000000E+000,0.00000000E+000
beam298,beam,0,0.00000000E+000,1.20000000E+001,6.00000000E+000,1.20000000E+001,0.00000000E+000,0.00000000E+000,0.00000000E+000,0.00000000E+000,2.50000000E-001,5.00000000E-001,0.00000000E+000,6.00000000E+000,0.00000000E+000
beam299,beam,0,6.00000000E+000,1.20000000E+001,1.20000000E+001,1.20000000E+001,0.00000000E+000,0.00000000E+000,0.00000000E+000,0.00000000E+000,2.50000000E-001,5.00000000E-001,0.00000000E+000,6.00000000E+000,0.00000000E+000
beam300,beam,0,1.20000000E+001,1.20000000E+001,1.80000000E+001,1.20000000E+001,0.00000000E+000,0.00000000E+000,0.00000000E+000,0.00000000E+000,2.50000000E-001,5.00000000E-001,0.00000000E+000,6.00000000E+000,0.00000000E+000
beam301,beam,0,1.80000000E+001,1.20000000E+001,2.40000000E+001,1.20000000E+001,0.00000000E+000,0.00000000E+000,0.00000000E+000,0.00000000E+000,2.50000000E-001,5.00000000E-001,0.00000000E+000,6.00000000E+000,0.00000000E+000
beam302,beam,0,0.00000000E+000,1.80000000E+001,6.00000000E+000,1.80000000E+001,0.00000000E+000,0.00000000E+000,0.00000000E+000,0.00000000E+000,2.50000000E-001,5.00000000E-001,0.00000000E+000,6.00000000E+000,0.00000000E+000
beam303,beam,0,6.00000000E+000,1.80000000E+001,1.20000000E+001,1.80000000E+001,0.00000000E+000,0.00000000E+000,0.00000000E+000,0.00000000E+000,2.50000000E-001,5.00000000E-001,0.00000000E+000,6.00000000E+000,0.00000000E+000
beam304,beam,0,1.20000000E+001,1.80000000E+001,1.80000000E+001,1.80000000E+001,0.00000000E+000,0.00000000E+000,0.00000000E+000,0.00000000E+000,2.50000000E-001,5.00000000E-001,0.00000000E+000,6.00000000E+000,0.00000000E+000
beam305,beam,0,1.80000000E+001,1.80000000E+001,2.40000000E+001,1.80000000E+001,0.00000000E+000,0.00000000E+000,0.00000000E+000,0.00000000E+000,2.50000000E-001,5.00000000E-001,0.00000000E+000,6.00000000E+000,0.00000000E+000
beam306,beam,0,2.40000000E+001,1.80000000E+001,3.00000000E+001,1.80000000E+001,0.00000000E+000,0.00000000E+000,0.00000000E+000,0.00000000E+000,2.50000000E-001,5.00000000E-001,0.00000000E+000,6.00000000E+000,0.00000000E+000
beam307,beam,0,3.00000000E+000,1.80000000E+001,3.00000000E+000,1.20000000E+001,0.00000000E+000,0.00000000E+000,0.00000000E+000,0.00000000E+000,2.50000000E-001,4.00000000E-001,0.00000000E+000,6.00000000E+000,0.00000000E+000
beam308,beam,0,3.00000000E+000,1.20000000E+001,3.00000000E+000,6.00000000E+000,0.00000000E+000,0.00000000E+000,0.00000000E+000,0.00000000E+000,2.50000000E-001,4.00000000E-001,0.00000000E+000,6.00000000E+000,0.00000000E+000
beam309,beam,0,9.00000000E+000,1.80000000E+001,9.00000000E+000,1.20000000E+001,0.00000000E+000,0.00000000E+000,0.00000000E+000,0.00000000E+000,2.50000000E-001,4.00000000E-001,0.00000000E+000,6.00000000E+000,0.00000000E+000
beam310,beam,0,9.00000000E+000,1.20000000E+001,9.00000000E+000,6.00000000E+000,0.00000000E+000,0.00000000E+000,0.00000000E+000,0.00000000E+000,2.50000000E-001,4.00000000E-001,0.00000000E+000,6.00000000E+000,0.00000000E+000
beam311,beam,0,1.50000000E+001,1.80000000E+001,1.50000000E+001,1.20000000E+001,0.00000000E+000,0.00000000E+000,0.00000000E+000,0.00000000E+000,2.50000000E-001,4.00000000E-001,0.00000000E+000,6.00000000E+000,0.00000000E+000
beam312,beam,0,1.50000000E+001,1.20000000E+001,1.50000000E+001,6.00000000E+000,0.00000000E+000,0.00000000E+000,0.00000000E+000,0.00000000E+000,2.50000000E-001,4.00000000E-001,0.00000000E+000,6.00000000E+000,0.00000000E+000
beam313,beam,0,1.50000000E+001,6.00000000E+000,1.50000000E+001,0.00000000E+000,0.00000000E+000,0.00000000E+000,0.00000000E+000,0.00000000E+000,2.50000000E-001,4.00000000E-001,0.00000000E+000,6.00000000E+000,0.00000000E+000
beam314,beam,0,2.10000000E+001,1.80000000E+001,2.10000000E+001,1.20000000E+001,0.00000000E+000,0.00000000E+000,0.00000000E+000,0.00000000E+000,2.50000000E-001,4.00000000E-001,0.00000000E+000,6.00000000E+000,0.00000000E+000
beam315,beam,0,2.10000000E+001,1.20000000E+001,2.10000000E+001,6.00000000E+000,0.00000000E+000,0.00000000E+000,0.00000000E+000,0.00000000E+000,2.50000000E-001,4.00000000E-001,0.00000000E+000,6.00000000E+000,0.00000000E+000
beam316,beam,0,2.10000000E+001,6.00000000E+000,2.10000000E+001,0.00000000E+000,0.00000000E+000,0.00000000E+000,0.00000000E+000,0.00000000E+000,2.50000000E-001,4.00000000E-001,0.00000000E+000,6.00000000E+000,0.00000000E+000
beam317,beam,0,2.70000000E+001,1.80000000E+001,2.70000000E+001,1.20000000E+001,0.00000000E+000,0.00000000E+000,0.00000000E+000,0.00000000E+000,2.50000000E-001,4.00000000E-001,0.00000000E+000,6.00000000E+000,0.00000000E+000
beam318,beam,0,9.00000000E+000,6.00000000E+000,9.00000000E+000,0.00000000E+000,0.00000000E+000,0.00000000E+000,0.00000000E+000,0.00000000E+000,2.50000000E-001,4.00000000E-001,0.00000000E+000,6.00000000E+000,0.00000000E+000
beam319,beam,0,3.00000000E+000,6.00000000E+000,3.00000000E+000,0.00000000E+000,0.00000000E+000,0.00000000E+000,0.00000000E+000,0.00000000E+000,2.50000000E-001,4.00000000E-001,0.00000000E+000,6.00000000E+000,0.00000000E+000
beam320,beam,0,2.70000000E+001,1.20000000E+001,2.70000000E+001,6.00000000E+000,0.00000000E+000,0.00000000E+000,0.00000000E+000,0.00000000E+000,2.50000000E-001,4.00000000E-001,0.00000000E+000,6.00000000E+000,0.00000000E+000
beam321,beam,0,0.00000000E+000,6.00000000E+000,0.00000000E+000,1.20000000E+001,0.00000000E+000,0.00000000E+000,0.00000000E+000,0.00000000E+000,2.50000000E-001,5.00000000E-001,0.00000000E+000,3.00000000E+000,0.00000000E+000
beam322,beam,0,0.00000000E+000,1.20000000E+001,0.00000000E+000,1.80000000E+001,0.00000000E+000,0.00000000E+000,0.00000000E+000,0.00000000E+000,2.50000000E-001,5.00000000E-001,0.00000000E+000,3.00000000E+000,0.00000000E+000
beam323,beam,0,6.00000000E+000,6.00000000E+000,6.00000000E+000,1.20000000E+001,0.00000000E+000,0.00000000E+000,0.00000000E+000,0.00000000E+000,2.50000000E-001,5.00000000E-001,0.00000000E+000,3.00000000E+000,0.00000000E+000
beam324,beam,0,6.00000000E+000,1.20000000E+001,6.00000000E+000,1.80000000E+001,0.00000000E+000,0.00000000E+000,0.00000000E+000,0.00000000E+000,2.50000000E-001,5.00000000E-001,0.00000000E+000,3.00000000E+000,0.00000000E+000
beam325,beam,0,1.20000000E+001,0.00000000E+000,1.20000000E+001,6.00000000E+000,0.00000000E+000,0.00000000E+000,0.00000000E+000,0.00000000E+000,2.50000000E-001,5.00000000E-001,0.00000000E+000,3.00000000E+000,0.00000000E+000
beam326,beam,0,1.20000000E+001,6.00000000E+000,1.20000000E+001,1.20000000E+001,0.00000000E+000,0.00000000E+000,0.00000000E+000,0.00000000E+000,2.50000000E-001,5.00000000E-001,0.00000000E+000,3.00000000E+000,0.00000000E+000
beam327,beam,0,1.20000000E+001,1.20000000E+001,1.20000000E+001,1.80000000E+001,0.00000000E+000,0.00000000E+000,0.00000000E+000,0.00000000E+000,2.50000000E-001,5.00000000E-001,0.00000000E+000,3.00000000E+000,0.00000000E+000
beam328,beam,0,1.80000000E+001,0.00000000E+000,1.80000000E+001,6.00000000E+000,0.00000000E+000,0.00000000E+000,0.00000000E+000,0.00000000E+000,2.50000000E-001,5.00000000E-001,0.00000000E+000,3.00000000E+000,0.00000000E+000
beam329,beam,0,1.80000000E+001,6.00000000E+000,1.80000000E+001,1.20000000E+001,0.00000000E+000,0.00000000E+000,0.00000000E+000,0.00000000E+000,2.50000000E-001,5.00000000E-001,0.00000000E+000,3.00000000E+000,0.00000000E+000
beam330,beam,0,1.80000000E+001,1.20000000E+001,1.80000000E+001,1.80000000E+001,0.00000000E+000,0.00000000E+000,0.00000000E+000,0.00000000E+000,2.50000000E-001,5.00000000E-001,0.00000000E+000,3.00000000E+000,0.00000000E+000
beam331,beam,0,2.40000000E+001,0.00000000E+000,2.40000000E+001,6.00000000E+000,0.00000000E+000,0.00000000E+000,0.00000000E+000,0.00000000E+000,2.50000000E-001,5.00000000E-001,0.00000000E+000,3.00000000E+000,0.00000000E+000
beam332,beam,0,2.40000000E+001,6.00000000E+000,2.40000000E+001,1.20000000E+001,0.00000000E+000,0.00000000E+000,0.00000000E+000,0.00000000E+000,2.50000000E-001,5.00000000E-001,0.00000000E+000,3.00000000E+000,0.00000000E+000
beam333,beam,0,2.40000000E+001,1.20000000E+001,2.40000000E+001,1.80000000E+001,0.00000000E+000,0.00000000E+000,0.00000000E+000,0.00000000E+000,2.50000000E-001,5.00000000E-001,0.00000000E+000,3.00000000E+000,0.00000000E+000
beam334,beam,0,0.00000000E+000,0.00000000E+000,6.00000000E+000,0.00000000E+000,0.00000000E+000,0.00000000E+000,0.00000000E+000,0.00000000E+000,2.50000000E-001,5.00000000E-001,0.00000000E+000,3.00000000E+000,0.00000000E+000
beam335,beam,0,6.00000000E+000,0.00000000E+000,1.20000000E+001,0.00000000E+000,0.00000000E+000,0.00000000E+000,0.00000000E+000,0.00000000E+000,2.50000000E-001,5.00000000E-001,0.00000000E+000,3.00000000E+000,0.00000000E+000
beam336,beam,0,1.20000000E+001,0.00000000E+000,1.80000000E+001,0.00000000E+000,0.00000000E+000,0.00000000E+000,0.00000000E+000,0.00000000E+000,2.50000000E-001,5.00000000E-001,0.00000000E+000,3.00000000E+000,0.00000000E+000
beam337,beam,0,1.80000000E+001,0.00000000E+000,2.40000000E+001,0.00000000E+000,0.00000000E+000,0.00000000E+000,0.00000000E+000,0.00000000E+000,2.50000000E-001,5.00000000E-001,0.00000000E+000,3.00000000E+000,0.00000000E+000
beam338,beam,0,0.00000000E+000,6.00000000E+000,6.00000000E+000,6.00000000E+000,0.00000000E+000,0.00000000E+000,0.00000000E+000,0.00000000E+000,2.50000000E-001,5.00000000E-001,0.00000000E+000,3.00000000E+000,0.00000000E+000
beam339,beam,0,6.00000000E+000,6.00000000E+000,1.20000000E+001,6.00000000E+000,0.00000000E+000,0.00000000E+000,0.00000000E+000,0.00000000E+000,2.50000000E-001,5.00000000E-001,0.00000000E+000,3.00000000E+000,0.00000000E+000
beam340,beam,0,1.20000000E+001,6.00000000E+000,1.80000000E+001,6.00000000E+000,0.00000000E+000,0.00000000E+000,0.00000000E+000,0.00000000E+000,2.50000000E-001,5.00000000E-001,0.00000000E+000,3.00000000E+000,0.00000000E+000
beam341,beam,0,1.80000000E+001,6.00000000E+000,2.40000000E+001,6.00000000E+000,0.00000000E+000,0.00000000E+000,0.00000000E+000,0.00000000E+000,2.50000000E-001,5.00000000E-001,0.00000000E+000,3.00000000E+000,0.00000000E+000
beam342,beam,0,2.40000000E+001,6.00000000E+000,3.00000000E+001,6.00000000E+000,0.00000000E+000,0.00000000E+000,0.00000000E+000,0.00000000E+000,2.50000000E-001,5.00000000E-001,0.00000000E+000,3.00000000E+000,0.00000000E+000
beam343,beam,0,0.00000000E+000,1.20000000E+001,6.00000000E+000,1.20000000E+001,0.00000000E+000,0.00000000E+000,0.00000000E+000,0.00000000E+000,2.50000000E-001,5.00000000E-001,0.00000000E+000,3.00000000E+000,0.00000000E+000
beam344,beam,0,6.00000000E+000,1.20000000E+001,1.20000000E+001,1.20000000E+001,0.00000000E+000,0.00000000E+000,0.00000000E+000,0.00000000E+000,2.50000000E-001,5.00000000E-001,0.00000000E+000,3.00000000E+000,0.00000000E+000
beam345,beam,0,1.20000000E+001,1.20000000E+001,1.80000000E+001,1.20000000E+001,0.00000000E+000,0.00000000E+000,0.00000000E+000,0.00000000E+000,2.50000000E-001,5.00000000E-001,0.00000000E+000,3.00000000E+000,0.00000000E+000
beam346,beam,0,1.80000000E+001,1.20000000E+001,2.40000000E+001,1.20000000E+001,0.00000000E+000,0.00000000E+000,0.00000000E+000,0.00000000E+000,2.50000000E-001,5.00000000E-001,0.00000000E+000,3.00000000E+000,0.00000000E+000
beam347,beam,0,0.00000000E+000,1.80000000E+001,6.00000000E+000,1.80000000E+001,0.00000000E+000,0.00000000E+000,0.00000000E+000,0.00000000E+000,2.50000000E-001,5.00000000E-001,0.00000000E+000,3.00000000E+000,0.00000000E+000
beam348,beam,0,6.00000000E+000,1.80000000E+001,1.20000000E+001,1.80000000E+001,0.00000000E+000,0.00000000E+000,0.00000000E+000,0.00000000E+000,2.50000000E-001,5.00000000E-001,0.00000000E+000,3.00000000E+000,0.00000000E+000
beam349,beam,0,1.20000000E+001,1.80000000E+001,1.80000000E+001,1.80000000E+001,0.00000000E+000,0.00000000E+000,0.00000000E+000,0.00000000E+000,2.50000000E-001,5.00000000E-001,0.00000000E+000,3.00000000E+000,0.00000000E+000
beam350,beam,0,1.80000000E+001,1.80000000E+001,2.40000000E+001,1.80000000E+001,0.00000000E+000,0.00000000E+000,0.00000000E+000,0.00000000E+000,2.50000000E-001,5.00000000E-001,0.00000000E+000,3.00000000E+000,0.00000000E+000
beam351,beam,0,2.40000000E+001,1.80000000E+001,3.00000000E+001,1.80000000E+001,0.00000000E+000,0.00000000E+000,0.00000000E+000,0.00000000E+000,2.50000000E-001,5.00000000E-001,0.00000000E+000,3.00000000E+000,0.00000000E+000
beam352,beam,0,3.00000000E+000,1.80000000E+001,3.00000000E+000,1.20000000E+001,0.00000000E+000,0.00000000E+000,0.00000000E+000,0.00000000E+000,2.50000000E-001,4.00000000E-001,0.00000000E+000,3.00000000E+000,0.00000000E+000
beam353,beam,0,3.00000000E+000,1.20000000E+001,3.00000000E+000,6.00000000E+000,0.00000000E+000,0.00000000E+000,0.00000000E+000,0.00000000E+000,2.50000000E-001,4.00000000E-001,0.00000000E+000,3.00000000E+000,0.00000000E+000
beam354,beam,0,9.00000000E+000,1.80000000E+001,9.00000000E+000,1.20000000E+001,0.00000000E+000,0.00000000E+000,0.00000000E+000,0.00000000E+000,2.50000000E-001,4.00000000E-001,0.00000000E+000,3.00000000E+000,0.00000000E+000
beam355,beam,0,9.00000000E+000,1.20000000E+001,9.00000000E+000,6.00000000E+000,0.00000000E+000,0.00000000E+000,0.00000000E+000,0.00000000E+000,2.50000000E-001,4.00000000E-001,0.00000000E+000,3.00000000E+000,0.00000000E+000
beam356,beam,0,1.50000000E+001,1.80000000E+001,1.50000000E+001,1.20000000E+001,0.00000000E+000,0.00000000E+000,0.00000000E+000,0.00000000E+000,2.50000000E-001,4.00000000E-001,0.00000000E+000,3.00000000E+000,0.00000000E+000
beam357,beam,0,1.50000000E+001,1.20000000E+001,1.50000000E+001,6.00000000E+000,0.00000000E+000,0.00000000E+000,0.00000000E+000,0.00000000E+000,2.50000000E-001,4.00000000E-001,0.00000000E+000,3.00000000E+000,0.00000000E+000
beam358,beam,0,1.50000000E+001,6.00000000E+000,1.50000000E+001,0.00000000E+000,0.00000000E+000,0.00000000E+000,0.00000000E+000,0.00000000E+000,2.50000000E-001,4.00000000E-001,0.00000000E+000,3.00000000E+000,0.00000000E+000
beam359,beam,0,2.10000000E+001,1.80000000E+001,2.10000000E+001,1.20000000E+001,0.00000000E+000,0.00000000E+000,0.00000000E+000,0.00000000E+000,2.50000000E-001,4.00000000E-001,0.00000000E+000,3.00000000E+000,0.00000000E+000
beam360,beam,0,2.10000000E+001,1.20000000E+001,2.10000000E+001,6.00000000E+000,0.00000000E+000,0.00000000E+000,0.00000000E+000,0.00000000E+000,2.50000000E-001,4.00000000E-001,0.00000000E+000,3.00000000E+000,0.00000000E+000
beam361,beam,0,2.10000000E+001,6.00000000E+000,2.10000000E+001,0.00000000E+000,0.00000000E+000,0.00000000E+000,0.00000000E+000,0.00000000E+000,2.50000000E-001,4.00000000E-001,0.00000000E+000,3.00000000E+000,0.00000000E+000
beam362,beam,0,9.00000000E+000,6.00000000E+000,9.00000000E+000,0.00000000E+000,0.00000000E+000,0.00000000E+000,0.00000000E+000,0.00000000E+000,2.50000000E-001,4.00000000E-001,0.00000000E+000,3.00000000E+000,0.00000000E+000
beam363,beam,0,3.00000000E+000,6.00000000E+000,3.00000000E+000,0.00000000E+000,0.00000000E+000,0.00000000E+000,0.00000000E+000,0.00000000E+000,2.50000000E-001,4.00000000E-001,0.00000000E+000,3.00000000E+000,0.00000000E+000
beam364,beam,0,2.70000000E+001,1.20000000E+001,2.70000000E+001,6.00000000E+000,0.00000000E+000,0.00000000E+000,0.00000000E+000,0.00000000E+000,2.50000000E-001,4.00000000E-001,0.00000000E+000,3.00000000E+000,0.00000000E+000
beam365,beam,0,2.40000000E+001,1.50000000E+001,3.00000000E+001,1.50000000E+001,0.00000000E+000,0.00000000E+000,0.00000000E+000,0.00000000E+000,2.50000000E-001,5.00000000E-001,0.00000000E+000,3.00000000E+000,0.00000000E+000
beam366,beam,0,3.00000000E+001,1.80000000E+001,3.00000000E+001,1.20000000E+001,0.00000000E+000,0.00000000E+000,0.00000000E+000,0.00000000E+000,2.50000000E-001,4.00000000E-001,0.00000000E+000,3.00000000E+000,0.00000000E+000
beam367,beam,0,2.40000000E+001,1.20000000E+001,3.00000000E+001,1.20000000E+001,0.00000000E+000,0.00000000E+000,0.00000000E+000,0.00000000E+000,2.50000000E-001,4.00000000E-001,0.00000000E+000,2.40000000E+001,0.00000000E+000
beam368,beam,0,2.40000000E+001,1.20000000E+001,3.00000000E+001,1.20000000E+001,0.00000000E+000,0.00000000E+000,0.00000000E+000,0.00000000E+000,2.50000000E-001,4.00000000E-001,0.00000000E+000,2.10000000E+001,0.00000000E+000
beam369,beam,0,2.40000000E+001,1.20000000E+001,3.00000000E+001,1.20000000E+001,0.00000000E+000,0.00000000E+000,0.00000000E+000,0.00000000E+000,2.50000000E-001,4.00000000E-001,0.00000000E+000,1.80000000E+001,0.00000000E+000
beam370,beam,0,2.40000000E+001,1.20000000E+001,3.00000000E+001,1.20000000E+001,0.00000000E+000,0.00000000E+000,0.00000000E+000,0.00000000E+000,2.50000000E-001,4.00000000E-001,0.00000000E+000,1.50000000E+001,0.00000000E+000
beam371,beam,0,2.40000000E+001,1.20000000E+001,3.00000000E+001,1.20000000E+001,0.00000000E+000,0.00000000E+000,0.00000000E+000,0.00000000E+000,2.50000000E-001,4.00000000E-001,0.00000000E+000,1.20000000E+001,0.00000000E+000
beam372,beam,0,2.40000000E+001,1.20000000E+001,3.00000000E+001,1.20000000E+001,0.00000000E+000,0.00000000E+000,0.00000000E+000,0.00000000E+000,2.50000000E-001,4.00000000E-001,0.00000000E+000,9.00000000E+000,0.00000000E+000
beam373,beam,0,2.40000000E+001,1.20000000E+001,3.00000000E+001,1.20000000E+001,0.00000000E+000,0.00000000E+000,0.00000000E+000,0.00000000E+000,2.50000000E-001,4.00000000E-001,0.00000000E+000,6.00000000E+000,0.00000000E+000
beam374,beam,0,2.40000000E+001,1.20000000E+001,3.00000000E+001,1.20000000E+001,0.00000000E+000,0.00000000E+000,0.00000000E+000,0.00000000E+000,2.50000000E-001,4.00000000E-001,0.00000000E+000,3.00000000E+000,0.00000000E+000
beam375,beam,0,3.00000000E+001,1.20000000E+001,3.00000000E+001,6.00000000E+000,0.00000000E+000,0.00000000E+000,0.00000000E+000,0.00000000E+000,2.50000000E-001,4.00000000E-001,0.00000000E+000,2.40000000E+001,0.00000000E+000
beam376,beam,0,3.00000000E+001,1.20000000E+001,3.00000000E+001,6.00000000E+000,0.00000000E+000,0.00000000E+000,0.00000000E+000,0.00000000E+000,2.50000000E-001,4.00000000E-001,0.00000000E+000,2.10000000E+001,0.00000000E+000
beam377,beam,0,3.00000000E+001,1.20000000E+001,3.00000000E+001,6.00000000E+000,0.00000000E+000,0.00000000E+000,0.00000000E+000,0.00000000E+000,2.50000000E-001,4.00000000E-001,0.00000000E+000,1.80000000E+001,0.00000000E+000
beam378,beam,0,3.00000000E+001,1.20000000E+001,3.00000000E+001,6.00000000E+000,0.00000000E+000,0.00000000E+000,0.00000000E+000,0.00000000E+000,2.50000000E-001,4.00000000E-001,0.00000000E+000,1.50000000E+001,0.00000000E+000
beam379,beam,0,3.00000000E+001,1.20000000E+001,3.00000000E+001,6.00000000E+000,0.00000000E+000,0.00000000E+000,0.00000000E+000,0.00000000E+000,2.50000000E-001,4.00000000E-001,0.00000000E+000,1.20000000E+001,0.00000000E+000
beam380,beam,0,3.00000000E+001,1.20000000E+001,3.00000000E+001,6.00000000E+000,0.00000000E+000,0.00000000E+000,0.00000000E+000,0.00000000E+000,2.50000000E-001,4.00000000E-001,0.00000000E+000,9.00000000E+000,0.00000000E+000
beam381,beam,0,3.00000000E+001,1.20000000E+001,3.00000000E+001,6.00000000E+000,0.00000000E+000,0.00000000E+000,0.00000000E+000,0.00000000E+000,2.50000000E-001,4.00000000E-001,0.00000000E+000,6.00000000E+000,0.00000000E+000
beam382,beam,0,3.00000000E+001,1.20000000E+001,3.00000000E+001,6.00000000E+000,0.00000000E+000,0.00000000E+000,0.00000000E+000,0.00000000E+000,2.50000000E-001,4.00000000E-001,0.00000000E+000,3.00000000E+000,0.00000000E+000
beam383,beam,0,3.00000000E+001,6.00000000E+000,3.00000000E+001,1.00000000E+000,0.00000000E+000,0.00000000E+000,0.00000000E+000,0.00000000E+000,2.50000000E-001,4.00000000E-001,0.00000000E+000,2.40000000E+001,0.00000000E+000
beam384,beam,0,3.00000000E+001,6.00000000E+000,3.00000000E+001,1.00000000E+000,0.00000000E+000,0.00000000E+000,0.00000000E+000,0.00000000E+000,2.50000000E-001,4.00000000E-001,0.00000000E+000,2.10000000E+001,0.00000000E+000
beam385,beam,0,3.00000000E+001,6.00000000E+000,3.00000000E+001,1.00000000E+000,0.00000000E+000,0.00000000E+000,0.00000000E+000,0.00000000E+000,2.50000000E-001,4.00000000E-001,0.00000000E+000,1.80000000E+001,0.00000000E+000
beam386,beam,0,3.00000000E+001,6.00000000E+000,3.00000000E+001,1.00000000E+000,0.00000000E+000,0.00000000E+000,0.00000000E+000,0.00000000E+000,2.50000000E-001,4.00000000E-001,0.00000000E+000,1.50000000E+001,0.00000000E+000
beam387,beam,0,3.00000000E+001,6.00000000E+000,3.00000000E+001,1.00000000E+000,0.00000000E+000,0.00000000E+000,0.00000000E+000,0.00000000E+000,2.50000000E-001,4.00000000E-001,0.00000000E+000,1.20000000E+001,0.00000000E+000
beam388,beam,0,3.00000000E+001,6.00000000E+000,3.00000000E+001,1.00000000E+000,0.00000000E+000,0.00000000E+000,0.00000000E+000,0.00000000E+000,2.50000000E-001,4.00000000E-001,0.00000000E+000,9.00000000E+000,0.00000000E+000
beam389,beam,0,3.00000000E+001,6.00000000E+000,3.00000000E+001,1.00000000E+000,0.00000000E+000,0.00000000E+000,0.00000000E+000,0.00000000E+000,2.50000000E-001,4.00000000E-001,0.00000000E+000,6.00000000E+000,0.00000000E+000
beam390,beam,0,3.00000000E+001,6.00000000E+000,3.00000000E+001,1.00000000E+000,0.00000000E+000,0.00000000E+000,0.00000000E+000,0.00000000E+000,2.50000000E-001,4.00000000E-001,0.00000000E+000,3.00000000E+000,0.00000000E+000
beam391,beam,0,6.00000000E+000,6.00000000E+000,6.00000000E+000,0.00000000E+000,0.00000000E+000,0.00000000E+000,0.00000000E+000,0.00000000E+000,2.50000000E-001,4.00000000E-001,0.00000000E+000,2.40000000E+001,0.00000000E+000
beam392,beam,0,6.00000000E+000,6.00000000E+000,6.00000000E+000,0.00000000E+000,0.00000000E+000,0.00000000E+000,0.00000000E+000,0.00000000E+000,2.50000000E-001,4.00000000E-001,0.00000000E+000,2.10000000E+001,0.00000000E+000
beam393,beam,0,6.00000000E+000,6.00000000E+000,6.00000000E+000,0.00000000E+000,0.00000000E+000,0.00000000E+000,0.00000000E+000,0.00000000E+000,2.50000000E-001,4.00000000E-001,0.00000000E+000,1.80000000E+001,0.00000000E+000
beam394,beam,0,6.00000000E+000,6.00000000E+000,6.00000000E+000,0.00000000E+000,0.00000000E+000,0.00000000E+000,0.00000000E+000,0.00000000E+000,2.50000000E-001,4.00000000E-001,0.00000000E+000,1.50000000E+001,0.00000000E+000
beam395,beam,0,6.00000000E+000,6.00000000E+000,6.00000000E+000,0.00000000E+000,0.00000000E+000,0.00000000E+000,0.00000000E+000,0.00000000E+000,2.50000000E-001,4.00000000E-001,0.00000000E+000,1.20000000E+001,0.00000000E+000
beam396,beam,0,6.00000000E+000,6.00000000E+000,6.00000000E+000,0.00000000E+000,0.00000000E+000,0.00000000E+000,0.00000000E+000,0.00000000E+000,2.50000000E-001,4.00000000E-001,0.00000000E+000,9.00000000E+000,0.00000000E+000
beam397,beam,0,6.00000000E+000,6.00000000E+000,6.00000000E+000,0.00000000E+000,0.00000000E+000,0.00000000E+000,0.00000000E+000,0.00000000E+000,2.50000000E-001,4.00000000E-001,0.00000000E+000,6.00000000E+000,0.00000000E+000
beam398,beam,0,6.00000000E+000,6.00000000E+000,6.00000000E+000,0.00000000E+000,0.00000000E+000,0.00000000E+000,0.00000000E+000,0.00000000E+000,2.50000000E-001,4.00000000E-001,0.00000000E+000,3.00000000E+000,0.00000000E+000
beam399,beam,0,0.00000000E+000,6.00000000E+000,0.00000000E+000,0.00000000E+000,0.00000000E+000,0.00000000E+000,0.00000000E+000,0.00000000E+000,2.50000000E-001,4.00000000E-001,0.00000000E+000,2.40000000E+001,0.00000000E+000
beam400,beam,0,0.00000000E+000,6.00000000E+000,0.00000000E+000,0.00000000E+000,0.00000000E+000,0.00000000E+000,0.00000000E+000,0.00000000E+000,2.50000000E-001,4.00000000E-001,0.00000000E+000,2.10000000E+001,0.00000000E+000
beam401,beam,0,0.00000000E+000,6.00000000E+000,0.00000000E+000,0.00000000E+000,0.00000000E+000,0.00000000E+000,0.00000000E+000,0.00000000E+000,2.50000000E-001,4.00000000E-001,0.00000000E+000,1.80000000E+001,0.00000000E+000
beam402,beam,0,0.00000000E+000,6.00000000E+000,0.00000000E+000,0.00000000E+000,0.00000000E+000,0.00000000E+000,0.00000000E+000,0.00000000E+000,2.50000000E-001,4.00000000E-001,0.00000000E+000,1.50000000E+001,0.00000000E+000
beam403,beam,0,0.00000000E+000,6.00000000E+000,0.00000000E+000,0.00000000E+000,0.00000000E+000,0.00000000E+000,0.00000000E+000,0.00000000E+000,2.50000000E-001,4.00000000E-001,0.00000000E+000,1.20000000E+001,0.00000000E+000
beam404,beam,0,0.00000000E+000,6.00000000E+000,0.00000000E+000,0.00000000E+000,0.00000000E+000,0.00000000E+000,0.00000000E+000,0.00000000E+000,2.50000000E-001,4.00000000E-001,0.00000000E+000,9.00000000E+000,0.00000000E+000
beam405,beam,0,0.00000000E+000,6.00000000E+000,0.00000000E+000,0.00000000E+000,0.00000000E+000,0.00000000E+000,0.00000000E+000,0.00000000E+000,2.50000000E-001,4.00000000E-001,0.00000000E+000,6.00000000E+000,0.00000000E+000
beam406,beam,0,0.00000000E+000,6.00000000E+000,0.00000000E+000,0.00000000E+000,0.00000000E+000,0.00000000E+000,0.00000000E+000,0.00000000E+000,2.50000000E-001,4.00000000E-001,0.00000000E+000,3.00000000E+000,0.00000000E+000
beam407,beam,0,0.00000000E+000,1.80000000E+001,6.00000000E+000,1.80000000E+001,0.00000000E+000,0.00000000E+000,0.00000000E+000,0.00000000E+000,2.50000000E-001,5.00000000E-001,0.00000000E+000,1.20000000E+001,0.00000000E+000
beam408,beam,0,2.70000000E+001,6.00000000E+000,2.70000000E+001,5.00000000E-001,0.00000000E+000,0.00000000E+000,0.00000000E+000,0.00000000E+000,2.50000000E-001,4.00000000E-001,0.00000000E+000,2.40000000E+001,0.00000000E+000
beam409,beam,0,2.70000000E+001,6.00000000E+000,2.70000000E+001,5.00000000E-001,0.00000000E+000,0.00000000E+000,0.00000000E+000,0.00000000E+000,2.50000000E-001,4.00000000E-001,0.00000000E+000,2.10000000E+001,0.00000000E+000
beam410,beam,0,2.70000000E+001,6.00000000E+000,2.70000000E+001,5.00000000E-001,0.00000000E+000,0.00000000E+000,0.00000000E+000,0.00000000E+000,2.50000000E-001,4.00000000E-001,0.00000000E+000,1.80000000E+001,0.00000000E+000
beam411,beam,0,2.70000000E+001,6.00000000E+000,2.70000000E+001,5.00000000E-001,0.00000000E+000,0.00000000E+000,0.00000000E+000,0.00000000E+000,2.50000000E-001,4.00000000E-001,0.00000000E+000,1.50000000E+001,0.00000000E+000
beam412,beam,0,2.70000000E+001,6.00000000E+000,2.70000000E+001,5.00000000E-001,0.00000000E+000,0.00000000E+000,0.00000000E+000,0.00000000E+000,2.50000000E-001,4.00000000E-001,0.00000000E+000,1.20000000E+001,0.00000000E+000
beam413,beam,0,2.70000000E+001,6.00000000E+000,2.70000000E+001,5.00000000E-001,0.00000000E+000,0.00000000E+000,0.00000000E+000,0.00000000E+000,2.50000000E-001,4.00000000E-001,0.00000000E+000,9.00000000E+000,0.00000000E+000
beam414,beam,0,2.70000000E+001,6.00000000E+000,2.70000000E+001,5.00000000E-001,0.00000000E+000,0.00000000E+000,0.00000000E+000,0.00000000E+000,2.50000000E-001,4.00000000E-001,0.00000000E+000,6.00000000E+000,0.00000000E+000
beam415,beam,0,2.70000000E+001,6.00000000E+000,2.70000000E+001,5.00000000E-001,0.00000000E+000,0.00000000E+000,0.00000000E+000,0.00000000E+000,2.50000000E-001,4.00000000E-001,0.00000000E+000,3.00000000E+000,0.00000000E+000
beam416,beam,0,2.40000000E+001,0.00000000E+000,3.00000000E+001,1.00000000E+000,0.00000000E+000,0.00000000E+000,0.00000000E+000,0.00000000E+000,2.50000000E-001,4.00000000E-001,0.00000000E+000,2.40000000E+001,0.00000000E+000
beam417,beam,0,2.40000000E+001,0.00000000E+000,3.00000000E+001,1.00000000E+000,0.00000000E+000,0.00000000E+000,0.00000000E+000,0.00000000E+000,2.50000000E-001,4.00000000E-001,0.00000000E+000,2.10000000E+001,0.00000000E+000
beam418,beam,0,2.40000000E+001,0.00000000E+000,3.00000000E+001,1.00000000E+000,0.00000000E+000,0.00000000E+000,0.00000000E+000,0.00000000E+000,2.50000000E-001,4.00000000E-001,0.00000000E+000,1.80000000E+001,0.00000000E+000
beam419,beam,0,2.40000000E+001,0.00000000E+000,3.00000000E+001,1.00000000E+000,0.00000000E+000,0.00000000E+000,0.00000000E+000,0.00000000E+000,2.50000000E-001,4.00000000E-001,0.00000000E+000,1.50000000E+001,0.00000000E+000
beam420,beam,0,2.40000000E+001,0.00000000E+000,3.00000000E+001,1.00000000E+000,0.00000000E+000,0.00000000E+000,0.00000000E+000,0.00000000E+000,2.50000000E-001,4.00000000E-001,0.00000000E+000,1.20000000E+001,0.00000000E+000
beam421,beam,0,2.40000000E+001,0.00000000E+000,3.00000000E+001,1.00000000E+000,0.00000000E+000,0.00000000E+000,0.00000000E+000,0.00000000E+000,2.50000000E-001,4.00000000E-001,0.00000000E+000,9.00000000E+000,0.00000000E+000
beam422,beam,0,2.40000000E+001,0.00000000E+000,3.00000000E+001,1.00000000E+000,0.00000000E+000,0.00000000E+000,0.00000000E+000,0.00000000E+000,2.50000000E-001,4.00000000E-001,0.00000000E+000,6.00000000E+000,0.00000000E+000
beam423,beam,0,2.40000000E+001,0.00000000E+000,3.00000000E+001,1.00000000E+000,0.00000000E+000,0.00000000E+000,0.00000000E+000,0.00000000E+000,2.50000000E-001,4.00000000E-001,0.00000000E+000,3.00000000E+000,0.00000000E+000
col1,column,0,0.00000000E+000,1.20000000E+001,0.00000000E+000,0.00000000E+000,0.00000000E+000,0.00000000E+000,0.00000000E+000,0.00000000E+000,4.00000000E-001,4.00000000E-001,0.00000000E+000,2.40000000E+001,3.00000000E+000
col2,column,0,0.00000000E+000,1.80000000E+001,0.00000000E+000,0.00000000E+000,0.00000000E+000,0.00000000E+000,0.00000000E+000,0.00000000E+000,4.00000000E-001,4.00000000E-001,0.00000000E+000,2.40000000E+001,3.00000000E+000
col3,column,0,6.00000000E+000,1.20000000E+001,0.00000000E+000,0.00000000E+000,0.00000000E+000,0.00000000E+000,0.00000000E+000,0.00000000E+000,4.00000000E-001,4.00000000E-001,0.00000000E+000,2.40000000E+001,3.00000000E+000
col4,column,0,6.00000000E+000,1.80000000E+001,0.00000000E+000,0.00000000E+000,0.00000000E+000,0.00000000E+000,0.00000000E+000,0.00000000E+000,4.00000000E-001,4.00000000E-001,0.00000000E+000,2.40000000E+001,3.00000000E+000
col5,column,0,1.20000000E+001,1.20000000E+001,0.00000000E+000,0.00000000E+000,0.00000000E+000,0.00000000E+000,0.00000000E+000,0.00000000E+000,4.00000000E-001,4.00000000E-001,0.00000000E+000,2.40000000E+001,3.00000000E+000
col6,column,0,1.20000000E+001,1.80000000E+001,0.00000000E+000,0.00000000E+000,0.00000000E+000,0.00000000E+000,0.00000000E+000,0.00000000E+000,4.00000000E-001,4.00000000E-001,0.00000000E+000,2.40000000E+001,3.00000000E+000
col7,column,0,1.80000000E+001,1.20000000E+001,0.00000000E+000,0.00000000E+000,0.00000000E+000,0.00000000E+000,0.00000000E+000,0.00000000E+000,4.00000000E-001,4.00000000E-001,0.00000000E+000,2.40000000E+001,3.00000000E+000
col8,column,0,1.80000000E+001,1.80000000E+001,0.00000000E+000,0.00000000E+000,0.00000000E+000,0.00000000E+000,0.00000000E+000,0.00000000E+000,4.00000000E-001,4.00000000E-001,0.00000000E+000,2.40000000E+001,3.00000000E+000
col9,column,0,2.40000000E+001,1.80000000E+001,0.00000000E+000,0.00000000E+000,0.00000000E+000,0.00000000E+000,0.00000000E+000,0.00000000E+000,4.00000000E-001,4.00000000E-001,0.00000000E+000,2.40000000E+001,3.00000000E+000
col10,column,0,3.00000000E+001,1.80000000E+001,0.00000000E+000,0.00000000E+000,0.00000000E+000,0.00000000E+000,0.00000000E+000,0.00000000E+000,4.00000000E-001,4.00000000E-001,0.00000000E+000,2.40000000E+001,3.00000000E+000
col11,column,0,1.80000000E+001,0.00000000E+000,0.00000000E+000,0.00000000E+000,0.00000000E+000,0.00000000E+000,0.00000000E+000,0.00000000E+000,4.00000000E-001,4.00000000E-001,0.00000000E+000,2.40000000E+001,3.00000000E+000
col12,column,0,1.80000000E+001,6.00000000E+000,0.00000000E+000,0.00000000E+000,0.00000000E+000,0.00000000E+000,0.00000000E+000,0.00000000E+000,4.00000000E-001,4.00000000E-001,0.00000000E+000,2.40000000E+001,3.00000000E+000
col13,column,0,2.40000000E+001,6.00000000E+000,0.00000000E+000,0.00000000E+000,0.00000000E+000,0.00000000E+000,0.00000000E+000,0.00000000E+000,4.00000000E-001,4.00000000E-001,0.00000000E+000,2.40000000E+001,3.00000000E+000
col14,column,0,1.20000000E+001,0.00000000E+000,0.00000000E+000,0.00000000E+000,0.00000000E+000,0.00000000E+000,0.00000000E+000,0.00000000E+000,4.00000000E-001,4.00000000E-001,0.00000000E+000,2.40000000E+001,3.00000000E+000
col15,column,0,1.20000000E+001,6.00000000E+000,0.00000000E+000,0.00000000E+000,0.00000000E+000,0.00000000E+000,0.00000000E+000,0.00000000E+000,4.00000000E-001,4.00000000E-001,0.00000000E+000,2.40000000E+001,3.00000000E+000
col16,column,0,0.00000000E+000,1.20000000E+001,0.00000000E+000,0.00000000E+000,0.00000000E+000,0.00000000E+000,0.00000000E+000,0.00000000E+000,4.00000000E-001,4.00000000E-001,0.00000000E+000,2.10000000E+001,3.00000000E+000
col17,column,0,0.00000000E+000,1.80000000E+001,0.00000000E+000,0.00000000E+000,0.00000000E+000,0.00000000E+000,0.00000000E+000,0.00000000E+000,4.00000000E-001,4.00000000E-001,0.00000000E+000,2.10000000E+001,3.00000000E+000
col18,column,0,6.00000000E+000,1.20000000E+001,0.00000000E+000,0.00000000E+000,0.00000000E+000,0.00000000E+000,0.00000000E+000,0.00000000E+000,4.00000000E-001,4.00000000E-001,0.00000000E+000,2.10000000E+001,3.00000000E+000
col19,column,0,6.00000000E+000,1.80000000E+001,0.00000000E+000,0.00000000E+000,0.00000000E+000,0.00000000E+000,0.00000000E+000,0.00000000E+000,4.00000000E-001,4.00000000E-001,0.00000000E+000,2.10000000E+001,3.00000000E+000
col20,column,0,1.20000000E+001,1.20000000E+001,0.00000000E+000,0.00000000E+000,0.00000000E+000,0.00000000E+000,0.00000000E+000,0.00000000E+000,4.00000000E-001,4.00000000E-001,0.00000000E+000,2.10000000E+001,3.00000000E+000
col21,column,0,1.20000000E+001,1.80000000E+001,0.00000000E+000,0.00000000E+000,0.00000000E+000,0.00000000E+000,0.00000000E+000,0.00000000E+000,4.00000000E-001,4.00000000E-001,0.00000000E+000,2.10000000E+001,3.00000000E+000
col22,column,0,1.80000000E+001,1.20000000E+001,0.00000000E+000,0.00000000E+000,0.00000000E+000,0.00000000E+000,0.00000000E+000,0.00000000E+000,4.00000000E-001,4.00000000E-001,0.00000000E+000,2.10000000E+001,3.00000000E+000
col23,column,0,1.80000000E+001,1.80000000E+001,0.00000000E+000,0.00000000E+000,0.00000000E+000,0.00000000E+000,0.00000000E+000,0.00000000E+000,4.00000000E-001,4.00000000E-001,0.00000000E+000,2.10000000E+001,3.00000000E+000
col24,column,0,2.40000000E+001,1.80000000E+001,0.00000000E+000,0.00000000E+000,0.00000000E+000,0.00000000E+000,0.00000000E+000,0.00000000E+000,4.00000000E-001,4.00000000E-001,0.00000000E+000,2.10000000E+001,3.00000000E+000
col25,column,0,3.00000000E+001,1.80000000E+001,0.00000000E+000,0.00000000E+000,0.00000000E+000,0.00000000E+000,0.00000000E+000,0.00000000E+000,4.00000000E-001,4.00000000E-001,0.00000000E+000,2.10000000E+001,3.00000000E+000
col26,column,0,1.80000000E+001,0.00000000E+000,0.00000000E+000,0.00000000E+000,0.00000000E+000,0.00000000E+000,0.00000000E+000,0.00000000E+000,4.00000000E-001,4.00000000E-001,0.00000000E+000,2.10000000E+001,3.00000000E+000
col27,column,0,1.80000000E+001,6.00000000E+000,0.00000000E+000,0.00000000E+000,0.00000000E+000,0.00000000E+000,0.00000000E+000,0.00000000E+000,4.00000000E-001,4.00000000E-001,0.00000000E+000,2.10000000E+001,3.00000000E+000
col28,column,0,2.40000000E+001,6.00000000E+000,0.00000000E+000,0.00000000E+000,0.00000000E+000,0.00000000E+000,0.00000000E+000,0.00000000E+000,4.00000000E-001,4.00000000E-001,0.00000000E+000,2.10000000E+001,3.00000000E+000
col29,column,0,1.20000000E+001,0.00000000E+000,0.00000000E+000,0.00000000E+000,0.00000000E+000,0.00000000E+000,0.00000000E+000,0.00000000E+000,4.00000000E-001,4.00000000E-001,0.00000000E+000,2.10000000E+001,3.00000000E+000
col30,column,0,1.20000000E+001,6.00000000E+000,0.00000000E+000,0.00000000E+000,0.00000000E+000,0.00000000E+000,0.00000000E+000,0.00000000E+000,4.00000000E-001,4.00000000E-001,0.00000000E+000,2.10000000E+001,3.00000000E+000
col31,column,0,0.00000000E+000,1.20000000E+001,0.00000000E+000,0.00000000E+000,0.00000000E+000,0.00000000E+000,0.00000000E+000,0.00000000E+000,4.00000000E-001,4.00000000E-001,0.00000000E+000,1.80000000E+001,3.00000000E+000
col32,column,0,0.00000000E+000,1.80000000E+001,0.00000000E+000,0.00000000E+000,0.00000000E+000,0.00000000E+000,0.00000000E+000,0.00000000E+000,4.00000000E-001,4.00000000E-001,0.00000000E+000,1.80000000E+001,3.00000000E+000
col33,column,0,6.00000000E+000,1.20000000E+001,0.00000000E+000,0.00000000E+000,0.00000000E+000,0.00000000E+000,0.00000000E+000,0.00000000E+000,4.00000000E-001,4.00000000E-001,0.00000000E+000,1.80000000E+001,3.00000000E+000
col34,column,0,6.00000000E+000,1.80000000E+001,0.00000000E+000,0.00000000E+000,0.00000000E+000,0.00000000E+000,0.00000000E+000,0.00000000E+000,4.00000000E-001,4.00000000E-001,0.00000000E+000,1.80000000E+001,3.00000000E+000
col35,column,0,1.20000000E+001,1.20000000E+001,0.00000000E+000,0.00000000E+000,0.00000000E+000,0.00000000E+000,0.00000000E+000,0.00000000E+000,4.00000000E-001,4.00000000E-001,0.00000000E+000,1.80000000E+001,3.00000000E+000
col36,column,0,1.20000000E+001,1.80000000E+001,0.00000000E+000,0.00000000E+000,0.00000000E+000,0.00000000E+000,0.00000000E+000,0.00000000E+000,4.00000000E-001,4.00000000E-001,0.00000000E+000,1.80000000E+001,3.00000000E+000
col37,column,0,1.80000000E+001,1.20000000E+001,0.00000000E+000,0.00000000E+000,0.00000000E+000,0.00000000E+000,0.00000000E+000,0.00000000E+000,4.00000000E-001,4.00000000E-001,0.00000000E+000,1.80000000E+001,3.00000000E+000
col38,column,0,1.80000000E+001,1.80000000E+001,0.00000000E+000,0.00000000E+000,0.00000000E+000,0.00000000E+000,0.00000000E+000,0.00000000E+000,4.00000000E-001,4.00000000E-001,0.00000000E+000,1.80000000E+001,3.00000000E+000
col39,column,0,2.40000000E+001,1.80000000E+001,0.00000000E+000,0.00000000E+000,0.00000000E+000,0.00000000E+000,0.00000000E+000,0.00000000E+000,4.00000000E-001,4.00000000E-001,0.00000000E+000,1.80000000E+001,3.00000000E+000
col40,column,0,3.00000000E+001,1.80000000E+001,0.00000000E+000,0.00000000E+000,0.00000000E+000,0.00000000E+000,0.00000000E+000,0.00000000E+000,4.00000000E-001,4.00000000E-001,0.00000000E+000,1.80000000E+001,3.00000000E+000
col41,column,0,1.80000000E+001,0.00000000E+000,0.00000000E+000,0.00000000E+000,0.00000000E+000,0.00000000E+000,0.00000000E+000,0.00000000E+000,4.00000000E-001,4.00000000E-001,0.00000000E+000,1.80000000E+001,3.00000000E+000
col42,column,0,1.80000000E+001,6.00000000E+000,0.00000000E+000,0.00000000E+000,0.00000000E+000,0.00000000E+000,0.00000000E+000,0.00000000E+000,4.00000000E-001,4.00000000E-001,0.00000000E+000,1.80000000E+001,3.00000000E+000
col43,column,0,2.40000000E+001,6.00000000E+000,0.00000000E+000,0.00000000E+000,0.00000000E+000,0.00000000E+000,0.00000000E+000,0.00000000E+000,4.00000000E-001,4.00000000E-001,0.00000000E+000,1.80000000E+001,3.00000000E+000
col44,column,0,1.20000000E+001,0.00000000E+000,0.00000000E+000,0.00000000E+000,0.00000000E+000,0.00000000E+000,0.00000000E+000,0.00000000E+000,4.00000000E-001,4.00000000E-001,0.00000000E+000,1.80000000E+001,3.00000000E+000
col45,column,0,1.20000000E+001,6.00000000E+000,0.00000000E+000,0.00000000E+000,0.00000000E+000,0.00000000E+000,0.00000000E+000,0.00000000E+000,4.00000000E-001,4.00000000E-001,0.00000000E+000,1.80000000E+001,3.00000000E+000
col46,column,0,0.00000000E+000,1.20000000E+001,0.00000000E+000,0.00000000E+000,0.00000000E+000,0.00000000E+000,0.00000000E+000,0.00000000E+000,4.00000000E-001,4.00000000E-001,0.00000000E+000,1.50000000E+001,3.00000000E+000
col47,column,0,0.00000000E+000,1.80000000E+001,0.00000000E+000,0.00000000E+000,0.00000000E+000,0.00000000E+000,0.00000000E+000,0.00000000E+000,4.00000000E-001,4.00000000E-001,0.00000000E+000,1.50000000E+001,3.00000000E+000
col48,column,0,6.00000000E+000,1.20000000E+001,0.00000000E+000,0.00000000E+000,0.00000000E+000,0.00000000E+000,0.00000000E+000,0.00000000E+000,4.00000000E-001,4.00000000E-001,0.00000000E+000,1.50000000E+001,3.00000000E+000
col49,column,0,6.00000000E+000,1.80000000E+001,0.00000000E+000,0.00000000E+000,0.00000000E+000,0.00000000E+000,0.00000000E+000,0.00000000E+000,4.00000000E-001,4.00000000E-001,0.00000000E+000,1.50000000E+001,3.00000000E+000
col50,column,0,1.20000000E+001,1.20000000E+001,0.00000000E+000,0.00000000E+000,0.00000000E+000,0.00000000E+000,0.00000000E+000,0.00000000E+000,4.00000000E-001,4.00000000E-001,0.00000000E+000,1.50000000E+001,3.00000000E+000
col51,column,0,1.20000000E+001,1.80000000E+001,0.00000000E+000,0.00000000E+000,0.00000000E+000,0.00000000E+000,0.00000000E+000,0.00000000E+000,4.00000000E-001,4.00000000E-001,0.00000000E+000,1.50000000E+001,3.00000000E+000
col52,column,0,1.80000000E+001,1.20000000E+001,0.00000000E+000,0.00000000E+000,0.00000000E+000,0.00000000E+000,0.00000000E+000,0.00000000E+000,4.00000000E-001,4.00000000E-001,0.00000000E+000,1.50000000E+001,3.00000000E+000
col53,column,0,1.80000000E+001,1.80000000E+001,0.00000000E+000,0.00000000E+000,0.00000000E+000,0.00000000E+000,0.00000000E+000,0.00000000E+000,4.00000000E-001,4.00000000E-001,0.00000000E+000,1.50000000E+001,3.00000000E+000
col54,column,0,2.40000000E+001,1.80000000E+001,0.00000000E+000,0.00000000E+000,0.00000000E+000,0.00000000E+000,0.00000000E+000,0.00000000E+000,4.00000000E-001,4.00000000E-001,0.00000000E+000,1.50000000E+001,3.00000000E+000
col55,column,0,3.00000000E+001,1.80000000E+001,0.00000000E+000,0.00000000E+000,0.00000000E+000,0.00000000E+000,0.00000000E+000,0.00000000E+000,4.00000000E-001,4.00000000E-001,0.00000000E+000,1.50000000E+001,3.00000000E+000
col56,column,0,1.80000000E+001,0.00000000E+000,0.00000000E+000,0.00000000E+000,0.00000000E+000,0.00000000E+000,0.00000000E+000,0.00000000E+000,4.00000000E-001,4.00000000E-001,0.00000000E+000,1.50000000E+001,3.00000000E+000
col57,column,0,1.80000000E+001,6.00000000E+000,0.00000000E+000,0.00000000E+000,0.00000000E+000,0.00000000E+000,0.00000000E+000,0.00000000E+000,4.00000000E-001,4.00000000E-001,0.00000000E+000,1.50000000E+001,3.00000000E+000
col58,column,0,2.40000000E+001,6.00000000E+000,0.00000000E+000,0.00000000E+000,0.00000000E+000,0.00000000E+000,0.00000000E+000,0.00000000E+000,4.00000000E-001,4.00000000E-001,0.00000000E+000,1.50000000E+001,3.00000000E+000
col59,column,0,1.20000000E+001,0.00000000E+000,0.00000000E+000,0.00000000E+000,0.00000000E+000,0.00000000E+000,0.00000000E+000,0.00000000E+000,4.00000000E-001,4.00000000E-001,0.00000000E+000,1.50000000E+001,3.00000000E+000
col60,column,0,1.20000000E+001,6.00000000E+000,0.00000000E+000,0.00000000E+000,0.00000000E+000,0.00000000E+000,0.00000000E+000,0.00000000E+000,4.00000000E-001,4.00000000E-001,0.00000000E+000,1.50000000E+001,3.00000000E+000
col61,column,0,0.00000000E+000,1.20000000E+001,0.00000000E+000,0.00000000E+000,0.00000000E+000,0.00000000E+000,0.00000000E+000,0.00000000E+000,4.00000000E-001,4.00000000E-001,0.00000000E+000,1.20000000E+001,3.00000000E+000
col62,column,0,0.00000000E+000,1.80000000E+001,0.00000000E+000,0.00000000E+000,0.00000000E+000,0.00000000E+000,0.00000000E+000,0.00000000E+000,4.00000000E-001,4.00000000E-001,0.00000000E+000,1.20000000E+001,3.00000000E+000
col63,column,0,6.00000000E+000,1.20000000E+001,0.00000000E+000,0.00000000E+000,0.00000000E+000,0.00000000E+000,0.00000000E+000,0.00000000E+000,4.00000000E-001,4.00000000E-001,0.00000000E+000,1.20000000E+001,3.00000000E+000
col64,column,0,6.00000000E+000,1.80000000E+001,0.00000000E+000,0.00000000E+000,0.00000000E+000,0.00000000E+000,0.00000000E+000,0.00000000E+000,4.00000000E-001,4.00000000E-001,0.00000000E+000,1.20000000E+001,3.00000000E+000
col65,column,0,1.20000000E+001,1.20000000E+001,0.00000000E+000,0.00000000E+000,0.00000000E+000,0.00000000E+000,0.00000000E+000,0.00000000E+000,4.00000000E-001,4.00000000E-001,0.00000000E+000,1.20000000E+001,3.00000000E+000
col66,column,0,1.20000000E+001,1.80000000E+001,0.00000000E+000,0.00000000E+000,0.00000000E+000,0.00000000E+000,0.00000000E+000,0.00000000E+000,4.00000000E-001,4.00000000E-001,0.00000000E+000,1.20000000E+001,3.00000000E+000
col67,column,0,1.80000000E+001,1.20000000E+001,0.00000000E+000,0.00000000E+000,0.00000000E+000,0.00000000E+000,0.00000000E+000,0.00000000E+000,4.00000000E-001,4.00000000E-001,0.00000000E+000,1.20000000E+001,3.00000000E+000
col68,column,0,1.80000000E+001,1.80000000E+001,0.00000000E+000,0.00000000E+000,0.00000000E+000,0.00000000E+000,0.00000000E+000,0.00000000E+000,4.00000000E-001,4.00000000E-001,0.00000000E+000,1.20000000E+001,3.00000000E+000
col69,column,0,2.40000000E+001,1.80000000E+001,0.00000000E+000,0.00000000E+000,0.00000000E+000,0.00000000E+000,0.00000000E+000,0.00000000E+000,4.00000000E-001,4.00000000E-001,0.00000000E+000,1.20000000E+001,3.00000000E+000
col70,column,0,3.00000000E+001,1.80000000E+001,0.00000000E+000,0.00000000E+000,0.00000000E+000,0.00000000E+000,0.00000000E+000,0.00000000E+000,4.00000000E-001,4.00000000E-001,0.00000000E+000,1.20000000E+001,3.00000000E+000
col71,column,0,1.80000000E+001,0.00000000E+000,0.00000000E+000,0.00000000E+000,0.00000000E+000,0.00000000E+000,0.00000000E+000,0.00000000E+000,4.00000000E-001,4.00000000E-001,0.00000000E+000,1.20000000E+001,3.00000000E+000
col72,column,0,1.80000000E+001,6.00000000E+000,0.00000000E+000,0.00000000E+000,0.00000000E+000,0.00000000E+000,0.00000000E+000,0.00000000E+000,4.00000000E-001,4.00000000E-001,0.00000000E+000,1.20000000E+001,3.00000000E+000
col73,column,0,2.40000000E+001,6.00000000E+000,0.00000000E+000,0.00000000E+000,0.00000000E+000,0.00000000E+000,0.00000000E+000,0.00000000E+000,4.00000000E-001,4.00000000E-001,0.00000000E+000,1.20000000E+001,3.00000000E+000
col74,column,0,1.20000000E+001,0.00000000E+000,0.00000000E+000,0.00000000E+000,0.00000000E+000,0.00000000E+000,0.00000000E+000,0.00000000E+000,4.00000000E-001,4.00000000E-001,0.00000000E+000,1.20000000E+001,3.00000000E+000
col75,column,0,1.20000000E+001,6.00000000E+000,0.00000000E+000,0.00000000E+000,0.00000000E+000,0.00000000E+000,0.00000000E+000,0.00000000E+000,4.00000000E-001,4.00000000E-001,0.00000000E+000,1.20000000E+001,3.00000000E+000
col76,column,0,0.00000000E+000,1.20000000E+001,0.00000000E+000,0.00000000E+000,0.00000000E+000,0.00000000E+000,0.00000000E+000,0.00000000E+000,4.00000000E-001,4.00000000E-001,0.00000000E+000,9.00000000E+000,3.00000000E+000
col77,column,0,0.00000000E+000,1.80000000E+001,0.00000000E+000,0.00000000E+000,0.00000000E+000,0.00000000E+000,0.00000000E+000,0.00000000E+000,4.00000000E-001,4.00000000E-001,0.00000000E+000,9.00000000E+000,3.00000000E+000
col78,column,0,6.00000000E+000,1.20000000E+001,0.00000000E+000,0.00000000E+000,0.00000000E+000,0.00000000E+000,0.00000000E+000,0.00000000E+000,4.00000000E-001,4.00000000E-001,0.00000000E+000,9.00000000E+000,3.00000000E+000
col79,column,0,6.00000000E+000,1.80000000E+001,0.00000000E+000,0.00000000E+000,0.00000000E+000,0.00000000E+000,0.00000000E+000,0.00000000E+000,4.00000000E-001,4.00000000E-001,0.00000000E+000,9.00000000E+000,3.00000000E+000
col80,column,0,1.20000000E+001,1.20000000E+001,0.00000000E+000,0.00000000E+000,0.00000000E+000,0.00000000E+000,0.00000000E+000,0.00000000E+000,4.00000000E-001,4.00000000E-001,0.00000000E+000,9.00000000E+000,3.00000000E+000
col81,column,0,1.20000000E+001,1.80000000E+001,0.00000000E+000,0.00000000E+000,0.00000000E+000,0.00000000E+000,0.00000000E+000,0.00000000E+000,4.00000000E-001,4.00000000E-001,0.00000000E+000,9.00000000E+000,3.00000000E+000
col82,column,0,1.80000000E+001,1.20000000E+001,0.00000000E+000,0.00000000E+000,0.00000000E+000,0.00000000E+000,0.00000000E+000,0.00000000E+000,4.00000000E-001,4.00000000E-001,0.00000000E+000,9.00000000E+000,3.00000000E+000
col83,column,0,1.80000000E+001,1.80000000E+001,0.00000000E+000,0.00000000E+000,0.00000000E+000,0.00000000E+000,0.00000000E+000,0.00000000E+000,4.00000000E-001,4.00000000E-001,0.00000000E+000,9.00000000E+000,3.00000000E+000
col84,column,0,2.40000000E+001,1.80000000E+001,0.00000000E+000,0.00000000E+000,0.00000000E+000,0.00000000E+000,0.00000000E+000,0.00000000E+000,4.00000000E-001,4.00000000E-001,0.00000000E+000,9.00000000E+000,3.00000000E+000
col85,column,0,3.00000000E+001,1.80000000E+001,0.00000000E+000,0.00000000E+000,0.00000000E+000,0.00000000E+000,0.00000000E+000,0.00000000E+000,4.00000000E-001,4.00000000E-001,0.00000000E+000,9.00000000E+000,3.00000000E+000
col86,column,0,1.80000000E+001,0.00000000E+000,0.00000000E+000,0.00000000E+000,0.00000000E+000,0.00000000E+000,0.00000000E+000,0.00000000E+000,4.00000000E-001,4.00000000E-001,0.00000000E+000,9.00000000E+000,3.00000000E+000
col87,column,0,1.80000000E+001,6.00000000E+000,0.00000000E+000,0.00000000E+000,0.00000000E+000,0.00000000E+000,0.00000000E+000,0.00000000E+000,4.00000000E-001,4.00000000E-001,0.00000000E+000,9.00000000E+000,3.00000000E+000
col88,column,0,2.40000000E+001,6.00000000E+000,0.00000000E+000,0.00000000E+000,0.00000000E+000,0.00000000E+000,0.00000000E+000,0.00000000E+000,4.00000000E-001,4.00000000E-001,0.00000000E+000,9.00000000E+000,3.00000000E+000
col89,column,0,1.20000000E+001,0.00000000E+000,0.00000000E+000,0.00000000E+000,0.00000000E+000,0.00000000E+000,0.00000000E+000,0.00000000E+000,4.00000000E-001,4.00000000E-001,0.00000000E+000,9.00000000E+000,3.00000000E+000
col90,column,0,1.20000000E+001,6.00000000E+000,0.00000000E+000,0.00000000E+000,0.00000000E+000,0.00000000E+000,0.00000000E+000,0.00000000E+000,4.00000000E-001,4.00000000E-001,0.00000000E+000,9.00000000E+000,3.00000000E+000
col91,column,0,0.00000000E+000,1.20000000E+001,0.00000000E+000,0.00000000E+000,0.00000000E+000,0.00000000E+000,0.00000000E+000,0.00000000E+000,4.00000000E-001,4.00000000E-001,0.00000000E+000,6.00000000E+000,3.00000000E+000
col92,column,0,0.00000000E+000,1.80000000E+001,0.00000000E+000,0.00000000E+000,0.00000000E+000,0.00000000E+000,0.00000000E+000,0.00000000E+000,4.00000000E-001,4.00000000E-001,0.00000000E+000,6.00000000E+000,3.00000000E+000
col93,column,0,6.00000000E+000,1.20000000E+001,0.00000000E+000,0.00000000E+000,0.00000000E+000,0.00000000E+000,0.00000000E+000,0.00000000E+000,4.00000000E-001,4.00000000E-001,0.00000000E+000,6.00000000E+000,3.00000000E+000
col94,column,0,6.00000000E+000,1.80000000E+001,0.00000000E+000,0.00000000E+000,0.00000000E+000,0.00000000E+000,0.00000000E+000,0.00000000E+000,4.00000000E-001,4.00000000E-001,0.00000000E+000,6.00000000E+000,3.00000000E+000
col95,column,0,1.20000000E+001,1.20000000E+001,0.00000000E+000,0.00000000E+000,0.00000000E+000,0.00000000E+000,0.00000000E+000,0.00000000E+000,4.00000000E-001,4.00000000E-001,0.00000000E+000,6.00000000E+000,3.00000000E+000
col96,column,0,1.20000000E+001,1.80000000E+001,0.00000000E+000,0.00000000E+000,0.00000000E+000,0.00000000E+000,0.00000000E+000,0.00000000E+000,4.00000000E-001,4.00000000E-001,0.00000000E+000,6.00000000E+000,3.00000000E+000
col97,column,0,1.80000000E+001,1.20000000E+001,0.00000000E+000,0.00000000E+000,0.00000000E+000,0.00000000E+000,0.00000000E+000,0.00000000E+000,4.00000000E-001,4.00000000E-001,0.00000000E+000,6.00000000E+000,3.00000000E+000
col98,column,0,1.80000000E+001,1.80000000E+001,0.00000000E+000,0.00000000E+000,0.00000000E+000,0.00000000E+000,0.00000000E+000,0.00000000E+000,4.00000000E-001,4.00000000E-001,0.00000000E+000,6.00000000E+000,3.00000000E+000
col99,column,0,2.40000000E+001,1.80000000E+001,0.00000000E+000,0.00000000E+000,0.00000000E+000,0.00000000E+000,0.00000000E+000,0.00000000E+000,4.00000000E-001,4.00000000E-001,0.00000000E+000,6.00000000E+000,3.00000000E+000
col100,column,0,3.00000000E+001,1.80000000E+001,0.00000000E+000,0.00000000E+000,0.00000000E+000,0.00000000E+000,0.00000000E+000,0.00000000E+000,4.00000000E-001,4.00000000E-001,0.00000000E+000,6.00000000E+000,3.00000000E+000
col101,column,0,1.80000000E+001,0.00000000E+000,0.00000000E+000,0.00000000E+000,0.00000000E+000,0.00000000E+000,0.00000000E+000,0.00000000E+000,4.00000000E-001,4.00000000E-001,0.00000000E+000,6.00000000E+000,3.00000000E+000
col102,column,0,1.80000000E+001,6.00000000E+000,0.00000000E+000,0.00000000E+000,0.00000000E+000,0.00000000E+000,0.00000000E+000,0.00000000E+000,4.00000000E-001,4.00000000E-001,0.00000000E+000,6.00000000E+000,3.00000000E+000
col103,column,0,2.40000000E+001,6.00000000E+000,0.00000000E+000,0.00000000E+000,0.00000000E+000,0.00000000E+000,0.00000000E+000,0.00000000E+000,4.00000000E-001,4.00000000E-001,0.00000000E+000,6.00000000E+000,3.00000000E+000
col104,column,0,1.20000000E+001,0.00000000E+000,0.00000000E+000,0.00000000E+000,0.00000000E+000,0.00000000E+000,0.00000000E+000,0.00000000E+000,4.00000000E-001,4.00000000E-001,0.00000000E+000,6.00000000E+000,3.00000000E+000
col105,column,0,1.20000000E+001,6.00000000E+000,0.00000000E+000,0.00000000E+000,0.00000000E+000,0.00000000E+000,0.00000000E+000,0.00000000E+000,4.00000000E-001,4.00000000E-001,0.00000000E+000,6.00000000E+000,3.00000000E+000
col106,column,0,0.00000000E+000,1.20000000E+001,0.00000000E+000,0.00000000E+000,0.00000000E+000,0.00000000E+000,0.00000000E+000,0.00000000E+000,4.00000000E-001,4.00000000E-001,0.00000000E+000,3.00000000E+000,3.00000000E+000
col107,column,0,0.00000000E+000,1.80000000E+001,0.00000000E+000,0.00000000E+000,0.00000000E+000,0.00000000E+000,0.00000000E+000,0.00000000E+000,4.00000000E-001,4.00000000E-001,0.00000000E+000,3.00000000E+000,3.00000000E+000
col108,column,0,6.00000000E+000,1.20000000E+001,0.00000000E+000,0.00000000E+000,0.00000000E+000,0.00000000E+000,0.00000000E+000,0.00000000E+000,4.00000000E-001,4.00000000E-001,0.00000000E+000,3.00000000E+000,3.00000000E+000
col109,column,0,6.00000000E+000,1.80000000E+001,0.00000000E+000,0.00000000E+000,0.00000000E+000,0.00000000E+000,0.00000000E+000,0.00000000E+000,4.00000000E-001,4.00000000E-001,0.00000000E+000,3.00000000E+000,3.00000000E+000
col110,column,0,1.20000000E+001,1.20000000E+001,0.00000000E+000,0.00000000E+000,0.00000000E+000,0.00000000E+000,0.00000000E+000,0.00000000E+000,4.00000000E-001,4.00000000E-001,0.00000000E+000,3.00000000E+000,3.00000000E+000
col111,column,0,1.20000000E+001,1.80000000E+001,0.00000000E+000,0.00000000E+000,0.00000000E+000,0.00000000E+000,0.00000000E+000,0.00000000E+000,4.00000000E-001,4.00000000E-001,0.00000000E+000,3.00000000E+000,3.00000000E+000
col112,column,0,1.80000000E+001,1.20000000E+001,0.00000000E+000,0.00000000E+000,0.00000000E+000,0.00000000E+000,0.00000000E+000,0.00000000E+000,4.00000000E-001,4.00000000E-001,0.00000000E+000,3.00000000E+000,3.00000000E+000
col113,column,0,1.80000000E+001,1.80000000E+001,0.00000000E+000,0.00000000E+000,0.00000000E+000,0.00000000E+000,0.00000000E+000,0.00000000E+000,4.00000000E-001,4.00000000E-001,0.00000000E+000,3.00000000E+000,3.00000000E+000
col114,column,0,2.40000000E+001,1.80000000E+001,0.00000000E+000,0.00000000E+000,0.00000000E+000,0.00000000E+000,0.00000000E+000,0.00000000E+000,4.00000000E-001,4.00000000E-001,0.00000000E+000,3.00000000E+000,3.00000000E+000
col115,column,0,3.00000000E+001,1.80000000E+001,0.00000000E+000,0.00000000E+000,0.00000000E+000,0.00000000E+000,0.00000000E+000,0.00000000E+000,4.00000000E-001,4.00000000E-001,0.00000000E+000,3.00000000E+000,3.00000000E+000
col116,column,0,1.80000000E+001,0.00000000E+000,0.00000000E+000,0.00000000E+000,0.00000000E+000,0.00000000E+000,0.00000000E+000,0.00000000E+000,4.00000000E-001,4.00000000E-001,0.00000000E+000,3.00000000E+000,3.00000000E+000
col117,column,0,1.80000000E+001,6.00000000E+000,0.00000000E+000,0.00000000E+000,0.00000000E+000,0.00000000E+000,0.00000000E+000,0.00000000E+000,4.00000000E-001,4.00000000E-001,0.00000000E+000,3.00000000E+000,3.00000000E+000
col118,column,0,2.40000000E+001,6.00000000E+000,0.00000000E+000,0.00000000E+000,0.00000000E+000,0.00000000E+000,0.00000000E+000,0.00000000E+000,4.00000000E-001,4.00000000E-001,0.00000000E+000,3.00000000E+000,3.00000000E+000
col119,column,0,1.20000000E+001,0.00000000E+000,0.00000000E+000,0.00000000E+000,0.00000000E+000,0.00000000E+000,0.00000000E+000,0.00000000E+000,4.00000000E-001,4.00000000E-001,0.00000000E+000,3.00000000E+000,3.00000000E+000
col120,column,0,1.20000000E+001,6.00000000E+000,0.00000000E+000,0.00000000E+000,0.00000000E+000,0.00000000E+000,0.00000000E+000,0.00000000E+000,4.00000000E-001,4.00000000E-001,0.00000000E+000,3.00000000E+000,3.00000000E+000
col121,column,0,3.00000000E+001,1.20000000E+001,0.00000000E+000,0.00000000E+000,0.00000000E+000,0.00000000E+000,0.00000000E+000,0.00000000E+000,4.00000000E-001,4.00000000E-001,0.00000000E+000,2.40000000E+001,3.00000000E+000
col122,column,0,3.00000000E+001,1.20000000E+001,0.00000000E+000,0.00000000E+000,0.00000000E+000,0.00000000E+000,0.00000000E+000,0.00000000E+000,4.00000000E-001,4.00000000E-001,0.00000000E+000,2.10000000E+001,3.00000000E+000
col123,column,0,3.00000000E+001,1.20000000E+001,0.00000000E+000,0.00000000E+000,0.00000000E+000,0.00000000E+000,0.00000000E+000,0.00000000E+000,4.00000000E-001,4.00000000E-001,0.00000000E+000,1.80000000E+001,3.00000000E+000
col124,column,0,3.00000000E+001,1.20000000E+001,0.00000000E+000,0.00000000E+000,0.00000000E+000,0.00000000E+000,0.00000000E+000,0.00000000E+000,4.00000000E-001,4.00000000E-001,0.00000000E+000,1.50000000E+001,3.00000000E+000
col125,column,0,3.00000000E+001,1.20000000E+001,0.00000000E+000,0.00000000E+000,0.00000000E+000,0.00000000E+000,0.00000000E+000,0.00000000E+000,4.00000000E-001,4.00000000E-001,0.00000000E+000,1.20000000E+001,3.00000000E+000
col126,column,0,3.00000000E+001,1.20000000E+001,0.00000000E+000,0.00000000E+000,0.00000000E+000,0.00000000E+000,0.00000000E+000,0.00000000E+000,4.00000000E-001,4.00000000E-001,0.00000000E+000,9.00000000E+000,3.00000000E+000
col127,column,0,3.00000000E+001,1.20000000E+001,0.00000000E+000,0.00000000E+000,0.00000000E+000,0.00000000E+000,0.00000000E+000,0.00000000E+000,4.00000000E-001,4.00000000E-001,0.00000000E+000,6.00000000E+000,3.00000000E+000
col128,column,0,3.00000000E+001,1.20000000E+001,0.00000000E+000,0.00000000E+000,0.00000000E+000,0.00000000E+000,0.00000000E+000,0.00000000E+000,4.00000000E-001,4.00000000E-001,0.00000000E+000,3.00000000E+000,3.00000000E+000
col129,column,0,3.00000000E+001,6.00000000E+000,0.00000000E+000,0.00000000E+000,0.00000000E+000,0.00000000E+000,0.00000000E+000,0.00000000E+000,4.00000000E-001,4.00000000E-001,0.00000000E+000,2.40000000E+001,3.00000000E+000
col130,column,0,3.00000000E+001,6.00000000E+000,0.00000000E+000,0.00000000E+000,0.00000000E+000,0.00000000E+000,0.00000000E+000,0.00000000E+000,4.00000000E-001,4.00000000E-001,0.00000000E+000,2.10000000E+001,3.00000000E+000
col131,column,0,3.00000000E+001,6.00000000E+000,0.00000000E+000,0.00000000E+000,0.00000000E+000,0.00000000E+000,0.00000000E+000,0.00000000E+000,4.00000000E-001,4.00000000E-001,0.00000000E+000,1.80000000E+001,3.00000000E+000
col132,column,0,3.00000000E+001,6.00000000E+000,0.00000000E+000,0.00000000E+000,0.00000000E+000,0.00000000E+000,0.00000000E+000,0.00000000E+000,4.00000000E-001,4.00000000E-001,0.00000000E+000,1.50000000E+001,3.00000000E+000
col133,column,0,3.00000000E+001,6.00000000E+000,0.00000000E+000,0.00000000E+000,0.00000000E+000,0.00000000E+000,0.00000000E+000,0.00000000E+000,4.00000000E-001,4.00000000E-001,0.00000000E+000,1.20000000E+001,3.00000000E+000
col134,column,0,3.00000000E+001,6.00000000E+000,0.00000000E+000,0.00000000E+000,0.00000000E+000,0.00000000E+000,0.00000000E+000,0.00000000E+000,4.00000000E-001,4.00000000E-001,0.00000000E+000,9.00000000E+000,3.00000000E+000
col135,column,0,3.00000000E+001,6.00000000E+000,0.00000000E+000,0.00000000E+000,0.00000000E+000,0.00000000E+000,0.00000000E+000,0.00000000E+000,4.00000000E-001,4.00000000E-001,0.00000000E+000,6.00000000E+000,3.00000000E+000
col136,column,0,3.00000000E+001,6.00000000E+000,0.00000000E+000,0.00000000E+000,0.00000000E+000,0.00000000E+000,0.00000000E+000,0.00000000E+000,4.00000000E-001,4.00000000E-001,0.00000000E+000,3.00000000E+000,3.00000000E+000
col137,column,0,3.00000000E+001,1.00000000E+000,0.00000000E+000,0.00000000E+000,0.00000000E+000,0.00000000E+000,0.00000000E+000,0.00000000E+000,4.00000000E-001,4.00000000E-001,0.00000000E+000,2.40000000E+001,3.00000000E+000
col138,column,0,3.00000000E+001,1.00000000E+000,0.00000000E+000,0.00000000E+000,0.00000000E+000,0.00000000E+000,0.00000000E+000,0.00000000E+000,4.00000000E-001,4.00000000E-001,0.00000000E+000,2.10000000E+001,3.00000000E+000
col139,column,0,3.00000000E+001,1.00000000E+000,0.00000000E+000,0.00000000E+000,0.00000000E+000,0.00000000E+000,0.00000000E+000,0.00000000E+000,4.00000000E-001,4.00000000E-001,0.00000000E+000,1.80000000E+001,3.00000000E+000
col140,column,0,3.00000000E+001,1.00000000E+000,0.00000000E+000,0.00000000E+000,0.00000000E+000,0.00000000E+000,0.00000000E+000,0.00000000E+000,4.00000000E-001,4.00000000E-001,0.00000000E+000,1.50000000E+001,3.00000000E+000
col141,column,0,3.00000000E+001,1.00000000E+000,0.00000000E+000,0.00000000E+000,0.00000000E+000,0.00000000E+000,0.00000000E+000,0.00000000E+000,4.00000000E-001,4.00000000E-001,0.00000000E+000,1.20000000E+001,3.00000000E+000
col142,column,0,3.00000000E+001,1.00000000E+000,0.00000000E+000,0.00000000E+000,0.00000000E+000,0.00000000E+000,0.00000000E+000,0.00000000E+000,4.00000000E-001,4.00000000E-001,0.00000000E+000,9.00000000E+000,3.00000000E+000
col143,column,0,3.00000000E+001,1.00000000E+000,0.00000000E+000,0.00000000E+000,0.00000000E+000,0.00000000E+000,0.00000000E+000,0.00000000E+000,4.00000000E-001,4.00000000E-001,0.00000000E+000,6.00000000E+000,3.00000000E+000
col144,column,0,3.00000000E+001,1.00000000E+000,0.00000000E+000,0.00000000E+000,0.00000000E+000,0.00000000E+000,0.00000000E+000,0.00000000E+000,4.00000000E-001,4.00000000E-001,0.00000000E+000,3.00000000E+000,3.00000000E+000
col145,column,0,0.00000000E+000,6.00000000E+000,0.00000000E+000,0.00000000E+000,0.00000000E+000,0.00000000E+000,0.00000000E+000,0.00000000E+000,4.00000000E-001,4.00000000E-001,0.00000000E+000,2.40000000E+001,3.00000000E+000
col146,column,0,0.00000000E+000,6.00000000E+000,0.00000000E+000,0.00000000E+000,0.00000000E+000,0.00000000E+000,0.00000000E+000,0.00000000E+000,4.00000000E-001,4.00000000E-001,0.00000000E+000,2.10000000E+001,3.00000000E+000
col147,column,0,0.00000000E+000,6.00000000E+000,0.00000000E+000,0.00000000E+000,0.00000000E+000,0.00000000E+000,0.00000000E+000,0.00000000E+000,4.00000000E-001,4.00000000E-001,0.00000000E+000,1.80000000E+001,3.00000000E+000
col148,column,0,0.00000000E+000,6.00000000E+000,0.00000000E+000,0.00000000E+000,0.00000000E+000,0.00000000E+000,0.00000000E+000,0.00000000E+000,4.00000000E-001,4.00000000E-001,0.00000000E+000,1.50000000E+001,3.00000000E+000
col149,column,0,0.00000000E+000,6.00000000E+000,0.00000000E+000,0.00000000E+000,0.00000000E+000,0.00000000E+000,0.00000000E+000,0.00000000E+000,4.00000000E-001,4.00000000E-001,0.00000000E+000,1.20000000E+001,3.00000000E+000
col150,column,0,0.00000000E+000,6.00000000E+000,0.00000000E+000,0.00000000E+000,0.00000000E+000,0.00000000E+000,0.00000000E+000,0.00000000E+000,4.00000000E-001,4.00000000E-001,0.00000000E+000,9.00000000E+000,3.00000000E+000
col151,column,0,0.00000000E+000,6.00000000E+000,0.00000000E+000,0.00000000E+000,0.00000000E+000,0.00000000E+000,0.00000000E+000,0.00000000E+000,4.00000000E-001,4.00000000E-001,0.00000000E+000,6.00000000E+000,3.00000000E+000
col152,column,0,0.00000000E+000,6.00000000E+000,0.00000000E+000,0.00000000E+000,0.00000000E+000,0.00000000E+000,0.00000000E+000,0.00000000E+000,4.00000000E-001,4.00000000E-001,0.00000000E+000,3.00000000E+000,3.00000000E+000
col153,column,0,6.00000000E+000,6.00000000E+000,0.00000000E+000,0.00000000E+000,0.00000000E+000,0.00000000E+000,0.00000000E+000,0.00000000E+000,4.00000000E-001,4.00000000E-001,0.00000000E+000,2.40000000E+001,3.00000000E+000
col154,column,0,6.00000000E+000,6.00000000E+000,0.00000000E+000,0.00000000E+000,0.00000000E+000,0.00000000E+000,0.00000000E+000,0.00000000E+000,4.00000000E-001,4.00000000E-001,0.00000000E+000,2.10000000E+001,3.00000000E+000
col155,column,0,6.00000000E+000,6.00000000E+000,0.00000000E+000,0.00000000E+000,0.00000000E+000,0.00000000E+000,0.00000000E+000,0.00000000E+000,4.00000000E-001,4.00000000E-001,0.00000000E+000,1.80000000E+001,3.00000000E+000
col156,column,0,6.00000000E+000,6.00000000E+000,0.00000000E+000,0.00000000E+000,0.00000000E+000,0.00000000E+000,0.00000000E+000,0.00000000E+000,4.00000000E-001,4.00000000E-001,0.00000000E+000,1.50000000E+001,3.00000000E+000
col157,column,0,6.00000000E+000,6.00000000E+000,0.00000000E+000,0.00000000E+000,0.00000000E+000,0.00000000E+000,0.00000000E+000,0.00000000E+000,4.00000000E-001,4.00000000E-001,0.00000000E+000,1.20000000E+001,3.00000000E+000
col158,column,0,6.00000000E+000,6.00000000E+000,0.00000000E+000,0.00000000E+000,0.00000000E+000,0.00000000E+000,0.00000000E+000,0.00000000E+000,4.00000000E-001,4.00000000E-001,0.00000000E+000,9.00000000E+000,3.00000000E+000
col159,column,0,6.00000000E+000,6.00000000E+000,0.00000000E+000,0.00000000E+000,0.00000000E+000,0.00000000E+000,0.00000000E+000,0.00000000E+000,4.00000000E-001,4.00000000E-001,0.00000000E+000,6.00000000E+000,3.00000000E+000
col160,column,0,6.00000000E+000,6.00000000E+000,0.00000000E+000,0.00000000E+000,0.00000000E+000,0.00000000E+000,0.00000000E+000,0.00000000E+000,4.00000000E-001,4.00000000E-001,0.00000000E+000,3.00000000E+000,3.00000000E+000
col161,column,0,6.00000000E+000,0.00000000E+000,0.00000000E+000,0.00000000E+000,0.00000000E+000,0.00000000E+000,0.00000000E+000,0.00000000E+000,4.00000000E-001,4.00000000E-001,0.00000000E+000,2.40000000E+001,3.00000000E+000
col162,column,0,6.00000000E+000,0.00000000E+000,0.00000000E+000,0.00000000E+000,0.00000000E+000,0.00000000E+000,0.00000000E+000,0.00000000E+000,4.00000000E-001,4.00000000E-001,0.00000000E+000,2.10000000E+001,3.00000000E+000
col163,column,0,6.00000000E+000,0.00000000E+000,0.00000000E+000,0.00000000E+000,0.00000000E+000,0.00000000E+000,0.00000000E+000,0.00000000E+000,4.00000000E-001,4.00000000E-001,0.00000000E+000,1.80000000E+001,3.00000000E+000
col164,column,0,6.00000000E+000,0.00000000E+000,0.00000000E+000,0.00000000E+000,0.00000000E+000,0.00000000E+000,0.00000000E+000,0.00000000E+000,4.00000000E-001,4.00000000E-001,0.00000000E+000,1.50000000E+001,3.00000000E+000
col165,column,0,6.00000000E+000,0.00000000E+000,0.00000000E+000,0.00000000E+000,0.00000000E+000,0.00000000E+000,0.00000000E+000,0.00000000E+000,4.00000000E-001,4.00000000E-001,0.00000000E+000,1.20000000E+001,3.00000000E+000
col166,column,0,6.00000000E+000,0.00000000E+000,0.00000000E+000,0.00000000E+000,0.00000000E+000,0.00000000E+000,0.00000000E+000,0.00000000E+000,4.00000000E-001,4.00000000E-001,0.00000000E+000,9.00000000E+000,3.00000000E+000
col167,column,0,6.00000000E+000,0.00000000E+000,0.00000000E+000,0.00000000E+000,0.00000000E+000,0.00000000E+000,0.00000000E+000,0.00000000E+000,4.00000000E-001,4.00000000E-001,0.00000000E+000,6.00000000E+000,3.00000000E+000
col168,column,0,6.00000000E+000,0.00000000E+000,0.00000000E+000,0.00000000E+000,0.00000000E+000,0.00000000E+000,0.00000000E+000,0.00000000E+000,4.00000000E-001,4.00000000E-001,0.00000000E+000,3.00000000E+000,3.00000000E+000
col169,column,0,0.00000000E+000,0.00000000E+000,0.00000000E+000,0.00000000E+000,0.00000000E+000,0.00000000E+000,0.00000000E+000,0.00000000E+000,4.00000000E-001,4.00000000E-001,0.00000000E+000,2.40000000E+001,3.00000000E+000
col170,column,0,0.00000000E+000,0.00000000E+000,0.00000000E+000,0.00000000E+000,0.00000000E+000,0.00000000E+000,0.00000000E+000,0.00000000E+000,4.00000000E-001,4.00000000E-001,0.00000000E+000,2.10000000E+001,3.00000000E+000
col171,column,0,0.00000000E+000,0.00000000E+000,0.00000000E+000,0.00000000E+000,0.00000000E+000,0.00000000E+000,0.00000000E+000,0.00000000E+000,4.00000000E-001,4.00000000E-001,0.00000000E+000,1.80000000E+001,3.00000000E+000
col172,column,0,0.00000000E+000,0.00000000E+000,0.00000000E+000,0.00000000E+000,0.00000000E+000,0.00000000E+000,0.00000000E+000,0.00000000E+000,4.00000000E-001,4.00000000E-001,0.00000000E+000,1.50000000E+001,3.00000000E+000
col173,column,0,0.00000000E+000,0.00000000E+000,0.00000000E+000,0.00000000E+000,0.00000000E+000,0.00000000E+000,0.00000000E+000,0.00000000E+000,4.00000000E-001,4.00000000E-001,0.00000000E+000,1.20000000E+001,3.00000000E+000
col174,column,0,0.00000000E+000,0.00000000E+000,0.00000000E+000,0.00000000E+000,0.00000000E+000,0.00000000E+000,0.00000000E+000,0.00000000E+000,4.00000000E-001,4.00000000E-001,0.00000000E+000,9.00000000E+000,3.00000000E+000
col175,column,0,0.00000000E+000,0.00000000E+000,0.00000000E+000,0.00000000E+000,0.00000000E+000,0.00000000E+000,0.00000000E+000,0.00000000E+000,4.00000000E-001,4.00000000E-001,0.00000000E+000,6.00000000E+000,3.00000000E+000
col176,column,0,0.00000000E+000,0.00000000E+000,0.00000000E+000,0.00000000E+000,0.00000000E+000,0.00000000E+000,0.00000000E+000,0.00000000E+000,4.00000000E-001,4.00000000E-001,0.00000000E+000,3.00000000E+000,3.00000000E+000
col177,column,0,2.40000000E+001,0.00000000E+000,0.00000000E+000,0.00000000E+000,0.00000000E+000,0.00000000E+000,0.00000000E+000,0.00000000E+000,4.00000000E-001,4.00000000E-001,0.00000000E+000,3.00000000E+000,3.00000000E+000
col178,column,0,2.40000000E+001,0.00000000E+000,0.00000000E+000,0.00000000E+000,0.00000000E+000,0.00000000E+000,0.00000000E+000,0.00000000E+000,4.00000000E-001,4.00000000E-001,0.00000000E+000,6.00000000E+000,3.00000000E+000
col179,column,0,2.40000000E+001,0.00000000E+000,0.00000000E+000,0.00000000E+000,0.00000000E+000,0.00000000E+000,0.00000000E+000,0.00000000E+000,4.00000000E-001,4.00000000E-001,0.00000000E+000,9.00000000E+000,3.00000000E+000
col180,column,0,2.40000000E+001,0.00000000E+000,0.00000000E+000,0.00000000E+000,0.00000000E+000,0.00000000E+000,0.00000000E+000,0.00000000E+000,4.00000000E-001,4.00000000E-001,0.00000000E+000,2.40000000E+001,3.00000000E+000
col181,column,0,2.40000000E+001,0.00000000E+000,0.00000000E+000,0.00000000E+000,0.00000000E+000,0.00000000E+000,0.00000000E+000,0.00000000E+000,4.00000000E-001,4.00000000E-001,0.00000000E+000,2.10000000E+001,3.00000000E+000
col182,column,0,2.40000000E+001,0.00000000E+000,0.00000000E+000,0.00000000E+000,0.00000000E+000,0.00000000E+000,0.00000000E+000,0.00000000E+000,4.00000000E-001,4.00000000E-001,0.00000000E+000,1.80000000E+001,3.00000000E+000
col183,column,0,2.40000000E+001,0.00000000E+000,0.00000000E+000,0.00000000E+000,0.00000000E+000,0.00000000E+000,0.00000000E+000,0.00000000E+000,4.00000000E-001,4.00000000E-001,0.00000000E+000,1.50000000E+001,3.00000000E+000
col184,column,0,2.40000000E+001,0.00000000E+000,0.00000000E+000,0.00000000E+000,0.00000000E+000,0.00000000E+000,0.00000000E+000,0.00000000E+000,4.00000000E-001,4.00000000E-001,0.00000000E+000,1.20000000E+001,3.00000000E+000
col185,column,0,2.40000000E+001,1.20000000E+001,0.00000000E+000,0.00000000E+000,0.00000000E+000,0.00000000E+000,0.00000000E+000,0.00000000E+000,4.00000000E-001,4.00000000E-001,0.00000000E+000,2.40000000E+001,3.00000000E+000
col186,column,0,2.40000000E+001,1.20000000E+001,0.00000000E+000,0.00000000E+000,0.00000000E+000,0.00000000E+000,0.00000000E+000,0.00000000E+000,4.00000000E-001,4.00000000E-001,0.00000000E+000,2.10000000E+001,3.00000000E+000
col187,column,0,2.40000000E+001,1.20000000E+001,0.00000000E+000,0.00000000E+000,0.00000000E+000,0.00000000E+000,0.00000000E+000,0.00000000E+000,4.00000000E-001,4.00000000E-001,0.00000000E+000,1.80000000E+001,3.00000000E+000
col188,column,0,2.40000000E+001,1.20000000E+001,0.00000000E+000,0.00000000E+000,0.00000000E+000,0.00000000E+000,0.00000000E+000,0.00000000E+000,4.00000000E-001,4.00000000E-001,0.00000000E+000,1.50000000E+001,3.00000000E+000
col189,column,0,2.40000000E+001,1.20000000E+001,0.00000000E+000,0.00000000E+000,0.00000000E+000,0.00000000E+000,0.00000000E+000,0.00000000E+000,4.00000000E-001,4.00000000E-001,0.00000000E+000,1.20000000E+001,3.00000000E+000
col190,column,0,2.40000000E+001,1.20000000E+001,0.00000000E+000,0.00000000E+000,0.00000000E+000,0.00000000E+000,0.00000000E+000,0.00000000E+000,4.00000000E-001,4.00000000E-001,0.00000000E+000,9.00000000E+000,3.00000000E+000
col191,column,0,2.40000000E+001,1.20000000E+001,0.00000000E+000,0.00000000E+000,0.00000000E+000,0.00000000E+000,0.00000000E+000,0.00000000E+000,4.00000000E-001,4.00000000E-001,0.00000000E+000,6.00000000E+000,3.00000000E+000
col192,column,0,2.40000000E+001,1.20000000E+001,0.00000000E+000,0.00000000E+000,0.00000000E+000,0.00000000E+000,0.00000000E+000,0.00000000E+000,4.00000000E-001,4.00000000E-001,0.00000000E+000,3.00000000E+000,3.00000000E+000
slab1,slab,4,0.00000000E+000,6.00000000E+000,3.00000000E+000,6.00000000E+000,3.00000000E+000,1.20000000E+001,0.00000000E+000,1.20000000E+001,1.20000000E-001,0.00000000E+000,0.00000000E+000,2.40000000E+001,0.00000000E+000
slab2,slab,4,3.00000000E+000,6.00000000E+000,6.00000000E+000,6.00000000E+000,6.00000000E+000,1.20000000E+001,3.00000000E+000,1.20000000E+001,1.20000000E-001,0.00000000E+000,0.00000000E+000,2.40000000E+001,0.00000000E+000
slab3,slab,4,0.00000000E+000,1.20000000E+001,3.00000000E+000,1.20000000E+001,3.00000000E+000,1.80000000E+001,0.00000000E+000,1.80000000E+001,1.20000000E-001,0.00000000E+000,0.00000000E+000,2.40000000E+001,0.00000000E+000
slab4,slab,4,3.00000000E+000,1.20000000E+001,6.00000000E+000,1.20000000E+001,6.00000000E+000,1.80000000E+001,3.00000000E+000,1.80000000E+001,1.20000000E-001,0.00000000E+000,0.00000000E+000,2.40000000E+001,0.00000000E+000
slab5,slab,4,6.00000000E+000,1.20000000E+001,9.00000000E+000,1.20000000E+001,9.00000000E+000,1.80000000E+001,6.00000000E+000,1.80000000E+001,1.20000000E-001,0.00000000E+000,0.00000000E+000,2.40000000E+001,0.00000000E+000
slab6,slab,4,9.00000000E+000,1.20000000E+001,1.20000000E+001,1.20000000E+001,1.20000000E+001,1.80000000E+001,9.00000000E+000,1.80000000E+001,1.20000000E-001,0.00000000E+000,0.00000000E+000,2.40000000E+001,0.00000000E+000
slab7,slab,4,1.20000000E+001,1.20000000E+001,1.50000000E+001,1.20000000E+001,1.50000000E+001,1.80000000E+001,1.20000000E+001,1.80000000E+001,1.20000000E-001,0.00000000E+000,0.00000000E+000,2.40000000E+001,0.00000000E+000
slab8,slab,4,1.50000000E+001,1.20000000E+001,1.80000000E+001,1.20000000E+001,1.80000000E+001,1.80000000E+001,1.50000000E+001,1.80000000E+001,1.20000000E-001,0.00000000E+000,0.00000000E+000,2.40000000E+001,0.00000000E+000
slab9,slab,4,1.80000000E+001,1.20000000E+001,2.10000000E+001,1.20000000E+001,2.10000000E+001,1.80000000E+001,1.80000000E+001,1.80000000E+001,1.20000000E-001,0.00000000E+000,0.00000000E+000,2.40000000E+001,0.00000000E+000
slab10,slab,4,2.10000000E+001,1.20000000E+001,2.40000000E+001,1.20000000E+001,2.40000000E+001,1.80000000E+001,2.10000000E+001,1.80000000E+001,1.20000000E-001,0.00000000E+000,0.00000000E+000,2.40000000E+001,0.00000000E+000
slab11,slab,4,2.40000000E+001,1.20000000E+001,2.70000000E+001,1.20000000E+001,2.70000000E+001,1.80000000E+001,2.40000000E+001,1.80000000E+001,1.20000000E-001,0.00000000E+000,0.00000000E+000,2.40000000E+001,0.00000000E+000
slab12,slab,4,2.70000000E+001,1.20000000E+001,3.00000000E+001,1.20000000E+001,3.00000000E+001,1.80000000E+001,2.70000000E+001,1.80000000E+001,1.20000000E-001,0.00000000E+000,0.00000000E+000,2.40000000E+001,0.00000000E+000
slab13,slab,4,6.00000000E+000,6.00000000E+000,9.00000000E+000,6.00000000E+000,9.00000000E+000,1.20000000E+001,6.00000000E+000,1.20000000E+001,1.20000000E-001,0.00000000E+000,0.00000000E+000,2.40000000E+001,0.00000000E+000
slab14,slab,4,9.00000000E+000,6.00000000E+000,1.20000000E+001,6.00000000E+000,1.20000000E+001,1.20000000E+001,9.00000000E+000,1.20000000E+001,1.20000000E-001,0.00000000E+000,0.00000000E+000,2.40000000E+001,0.00000000E+000
slab15,slab,4,1.20000000E+001,6.00000000E+000,1.50000000E+001,6.00000000E+000,1.50000000E+001,1.20000000E+001,1.20000000E+001,1.20000000E+001,1.20000000E-001,0.00000000E+000,0.00000000E+000,2.40000000E+001,0.00000000E+000
slab16,slab,4,1.50000000E+001,6.00000000E+000,1.80000000E+001,6.00000000E+000,1.80000000E+001,1.20000000E+001,1.50000000E+001,1.20000000E+001,1.20000000E-001,0.00000000E+000,0.00000000E+000,2.40000000E+001,0.00000000E+000
slab17,slab,4,1.80000000E+001,6.00000000E+000,2.10000000E+001,6.00000000E+000,2.10000000E+001,1.20000000E+001,1.80000000E+001,1.20000000E+001,1.20000000E-001,0.00000000E+000,0.00000000E+000,2.40000000E+001,0.00000000E+000
slab18,slab,4,2.10000000E+001,6.00000000E+000,2.40000000E+001,6.00000000E+000,2.40000000E+001,1.20000000E+001,2.10000000E+001,1.20000000E+001,1.20000000E-001,0.00000000E+000,0.00000000E+000,2.40000000E+001,0.00000000E+000
slab19,slab,4,6.00000000E+000,0.00000000E+000,9.00000000E+000,0.00000000E+000,9.00000000E+000,6.00000000E+000,6.00000000E+000,6.00000000E+000,1.20000000E-001,0.00000000E+000,0.00000000E+000,2.40000000E+001,0.00000000E+000
slab20,slab,4,9.00000000E+000,0.00000000E+000,1.20000000E+001,0.00000000E+000,1.20000000E+001,6.00000000E+000,9.00000000E+000,6.00000000E+000,1.20000000E-001,0.00000000E+000,0.00000000E+000,2.40000000E+001,0.00000000E+000
slab21,slab,4,1.20000000E+001,0.00000000E+000,1.50000000E+001,0.00000000E+000,1.50000000E+001,6.00000000E+000,1.20000000E+001,6.00000000E+000,1.20000000E-001,0.00000000E+000,0.00000000E+000,2.40000000E+001,0.00000000E+000
slab22,slab,4,1.50000000E+001,0.00000000E+000,1.80000000E+001,0.00000000E+000,1.80000000E+001,6.00000000E+000,1.50000000E+001,6.00000000E+000,1.20000000E-001,0.00000000E+000,0.00000000E+000,2.40000000E+001,0.00000000E+000
slab23,slab,4,1.80000000E+001,0.00000000E+000,2.10000000E+001,0.00000000E+000,2.10000000E+001,6.00000000E+000,1.80000000E+001,6.00000000E+000,1.20000000E-001,0.00000000E+000,0.00000000E+000,2.40000000E+001,0.00000000E+000
slab24,slab,4,2.10000000E+001,0.00000000E+000,2.40000000E+001,0.00000000E+000,2.40000000E+001,6.00000000E+000,2.10000000E+001,6.00000000E+000,1.20000000E-001,0.00000000E+000,0.00000000E+000,2.40000000E+001,0.00000000E+000
slab25,slab,4,3.00000000E+000,0.00000000E+000,6.00000000E+000,0.00000000E+000,6.00000000E+000,6.00000000E+000,3.00000000E+000,6.00000000E+000,1.20000000E-001,0.00000000E+000,0.00000000E+000,2.40000000E+001,0.00000000E+000
slab26,slab,4,2.40000000E+001,6.00000000E+000,2.70000000E+001,6.00000000E+000,2.70000000E+001,1.20000000E+001,2.40000000E+001,1.20000000E+001,1.20000000E-001,0.00000000E+000,0.00000000E+000,2.40000000E+001,0.00000000E+000
slab27,slab,4,0.00000000E+000,6.00000000E+000,3.00000000E+000,6.00000000E+000,3.00000000E+000,1.20000000E+001,0.00000000E+000,1.20000000E+001,1.20000000E-001,0.00000000E+000,0.00000000E+000,2.10000000E+001,0.00000000E+000
slab28,slab,4,3.00000000E+000,6.00000000E+000,6.00000000E+000,6.00000000E+000,6.00000000E+000,1.20000000E+001,3.00000000E+000,1.20000000E+001,1.20000000E-001,0.00000000E+000,0.00000000E+000,2.10000000E+001,0.00000000E+000
slab29,slab,4,0.00000000E+000,1.20000000E+001,3.00000000E+000,1.20000000E+001,3.00000000E+000,1.80000000E+001,0.00000000E+000,1.80000000E+001,1.20000000E-001,0.00000000E+000,0.00000000E+000,2.10000000E+001,0.00000000E+000
slab30,slab,4,3.00000000E+000,1.20000000E+001,6.00000000E+000,1.20000000E+001,6.00000000E+000,1.80000000E+001,3.00000000E+000,1.80000000E+001,1.20000000E-001,0.00000000E+000,0.00000000E+000,2.10000000E+001,0.00000000E+000
slab31,slab,4,6.00000000E+000,1.20000000E+001,9.00000000E+000,1.20000000E+001,9.00000000E+000,1.80000000E+001,6.00000000E+000,1.80000000E+001,1.20000000E-001,0.00000000E+000,0.00000000E+000,2.10000000E+001,0.00000000E+000
slab32,slab,4,9.00000000E+000,1.20000000E+001,1.20000000E+001,1.20000000E+001,1.20000000E+001,1.80000000E+001,9.00000000E+000,1.80000000E+001,1.20000000E-001,0.00000000E+000,0.00000000E+000,2.10000000E+001,0.00000000E+000
slab33,slab,4,1.20000000E+001,1.20000000E+001,1.50000000E+001,1.20000000E+001,1.50000000E+001,1.80000000E+001,1.20000000E+001,1.80000000E+001,1.20000000E-001,0.00000000E+000,0.00000000E+000,2.10000000E+001,0.00000000E+000
slab34,slab,4,1.50000000E+001,1.20000000E+001,1.80000000E+001,1.20000000E+001,1.80000000E+001,1.80000000E+001,1.50000000E+001,1.80000000E+001,1.20000000E-001,0.00000000E+000,0.00000000E+000,2.10000000E+001,0.00000000E+000
slab35,slab,4,1.80000000E+001,1.20000000E+001,2.10000000E+001,1.20000000E+001,2.10000000E+001,1.80000000E+001,1.80000000E+001,1.80000000E+001,1.20000000E-001,0.00000000E+000,0.00000000E+000,2.10000000E+001,0.00000000E+000
slab36,slab,4,2.10000000E+001,1.20000000E+001,2.40000000E+001,1.20000000E+001,2.40000000E+001,1.80000000E+001,2.10000000E+001,1.80000000E+001,1.20000000E-001,0.00000000E+000,0.00000000E+000,2.10000000E+001,0.00000000E+000
slab37,slab,4,2.40000000E+001,1.20000000E+001,2.70000000E+001,1.20000000E+001,2.70000000E+001,1.80000000E+001,2.40000000E+001,1.80000000E+001,1.20000000E-001,0.00000000E+000,0.00000000E+000,2.10000000E+001,0.00000000E+000
slab38,slab,4,2.70000000E+001,1.20000000E+001,3.00000000E+001,1.20000000E+001,3.00000000E+001,1.80000000E+001,2.70000000E+001,1.80000000E+001,1.20000000E-001,0.00000000E+000,0.00000000E+000,2.10000000E+001,0.00000000E+000
slab39,slab,4,6.00000000E+000,6.00000000E+000,9.00000000E+000,6.00000000E+000,9.00000000E+000,1.20000000E+001,6.00000000E+000,1.20000000E+001,1.20000000E-001,0.00000000E+000,0.00000000E+000,2.10000000E+001,0.00000000E+000
slab40,slab,4,9.00000000E+000,6.00000000E+000,1.20000000E+001,6.00000000E+000,1.20000000E+001,1.20000000E+001,9.00000000E+000,1.20000000E+001,1.20000000E-001,0.00000000E+000,0.00000000E+000,2.10000000E+001,0.00000000E+000
slab41,slab,4,1.20000000E+001,6.00000000E+000,1.50000000E+001,6.00000000E+000,1.50000000E+001,1.20000000E+001,1.20000000E+001,1.20000000E+001,1.20000000E-001,0.00000000E+000,0.00000000E+000,2.10000000E+001,0.00000000E+000
slab42,slab,4,1.50000000E+001,6.00000000E+000,1.80000000E+001,6.00000000E+000,1.80000000E+001,1.20000000E+001,1.50000000E+001,1.20000000E+001,1.20000000E-001,0.00000000E+000,0.00000000E+000,2.10000000E+001,0.00000000E+000
slab43,slab,4,1.80000000E+001,6.00000000E+000,2.10000000E+001,6.00000000E+000,2.10000000E+001,1.20000000E+001,1.80000000E+001,1.20000000E+001,1.20000000E-001,0.00000000E+000,0.00000000E+000,2.10000000E+001,0.00000000E+000
slab44,slab,4,2.10000000E+001,6.00000000E+000,2.40000000E+001,6.00000000E+000,2.40000000E+001,1.20000000E+001,2.10000000E+001,1.20000000E+001,1.20000000E-001,0.00000000E+000,0.00000000E+000,2.10000000E+001,0.00000000E+000
slab45,slab,4,6.00000000E+000,0.00000000E+000,9.00000000E+000,0.00000000E+000,9.00000000E+000,6.00000000E+000,6.00000000E+000,6.00000000E+000,1.20000000E-001,0.00000000E+000,0.00000000E+000,2.10000000E+001,0.00000000E+000
slab46,slab,4,9.00000000E+000,0.00000000E+000,1.20000000E+001,0.00000000E+000,1.20000000E+001,6.00000000E+000,9.00000000E+000,6.00000000E+000,1.20000000E-001,0.00000000E+000,0.00000000E+000,2.10000000E+001,0.00000000E+000
slab47,slab,4,1.20000000E+001,0.00000000E+000,1.50000000E+001,0.00000000E+000,1.50000000E+001,6.00000000E+000,1.20000000E+001,6.00000000E+000,1.20000000E-001,0.00000000E+000,0.00000000E+000,2.10000000E+001,0.00000000E+000
slab48,slab,4,1.50000000E+001,0.00000000E+000,1.80000000E+001,0.00000000E+000,1.80000000E+001,6.00000000E+000,1.50000000E+001,6.00000000E+000,1.20000000E-001,0.00000000E+000,0.00000000E+000,2.10000000E+001,0.00000000E+000
slab49,slab,4,1.80000000E+001,0.00000000E+000,2.10000000E+001,0.00000000E+000,2.10000000E+001,6.00000000E+000,1.80000000E+001,6.00000000E+000,1.20000000E-001,0.00000000E+000,0.00000000E+000,2.10000000E+001,0.00000000E+000
slab50,slab,4,2.10000000E+001,0.00000000E+000,2.40000000E+001,0.00000000E+000,2.40000000E+001,6.00000000E+000,2.10000000E+001,6.00000000E+000,1.20000000E-001,0.00000000E+000,0.00000000E+000,2.10000000E+001,0.00000000E+000
slab51,slab,4,3.00000000E+000,0.00000000E+000,6.00000000E+000,0.00000000E+000,6.00000000E+000,6.00000000E+000,3.00000000E+000,6.00000000E+000,1.20000000E-001,0.00000000E+000,0.00000000E+000,2.10000000E+001,0.00000000E+000
slab52,slab,4,2.40000000E+001,6.00000000E+000,2.70000000E+001,6.00000000E+000,2.70000000E+001,1.20000000E+001,2.40000000E+001,1.20000000E+001,1.20000000E-001,0.00000000E+000,0.00000000E+000,2.10000000E+001,0.00000000E+000
slab53,slab,4,0.00000000E+000,6.00000000E+000,3.00000000E+000,6.00000000E+000,3.00000000E+000,1.20000000E+001,0.00000000E+000,1.20000000E+001,1.20000000E-001,0.00000000E+000,0.00000000E+000,1.80000000E+001,0.00000000E+000
slab54,slab,4,3.00000000E+000,6.00000000E+000,6.00000000E+000,6.00000000E+000,6.00000000E+000,1.20000000E+001,3.00000000E+000,1.20000000E+001,1.20000000E-001,0.00000000E+000,0.00000000E+000,1.80000000E+001,0.00000000E+000
slab55,slab,4,0.00000000E+000,1.20000000E+001,3.00000000E+000,1.20000000E+001,3.00000000E+000,1.80000000E+001,0.00000000E+000,1.80000000E+001,1.20000000E-001,0.00000000E+000,0.00000000E+000,1.80000000E+001,0.00000000E+000
slab56,slab,4,3.00000000E+000,1.20000000E+001,6.00000000E+000,1.20000000E+001,6.00000000E+000,1.80000000E+001,3.00000000E+000,1.80000000E+001,1.20000000E-001,0.00000000E+000,0.00000000E+000,1.80000000E+001,0.00000000E+000
slab57,slab,4,6.00000000E+000,1.20000000E+001,9.00000000E+000,1.20000000E+001,9.00000000E+000,1.80000000E+001,6.00000000E+000,1.80000000E+001,1.20000000E-001,0.00000000E+000,0.00000000E+000,1.80000000E+001,0.00000000E+000
slab58,slab,4,9.00000000E+000,1.20000000E+001,1.20000000E+001,1.20000000E+001,1.20000000E+001,1.80000000E+001,9.00000000E+000,1.80000000E+001,1.20000000E-001,0.00000000E+000,0.00000000E+000,1.80000000E+001,0.00000000E+000
slab59,slab,4,1.20000000E+001,1.20000000E+001,1.50000000E+001,1.20000000E+001,1.50000000E+001,1.80000000E+001,1.20000000E+001,1.80000000E+001,1.20000000E-001,0.00000000E+000,0.00000000E+000,1.80000000E+001,0.00000000E+000
slab60,slab,4,1.50000000E+001,1.20000000E+001,1.80000000E+001,1.20000000E+001,1.80000000E+001,1.80000000E+001,1.50000000E+001,1.80000000E+001,1.20000000E-001,0.00000000E+000,0.00000000E+000,1.80000000E+001,0.00000000E+000
slab61,slab,4,1.80000000E+001,1.20000000E+001,2.10000000E+001,1.20000000E+001,2.10000000E+001,1.80000000E+001,1.80000000E+001,1.80000000E+001,1.20000000E-001,0.00000000E+000,0.00000000E+000,1.80000000E+001,0.00000000E+000
slab62,slab,4,2.10000000E+001,1.20000000E+001,2.40000000E+001,1.20000000E+001,2.40000000E+001,1.80000000E+001,2.10000000E+001,1.80000000E+001,1.20000000E-001,0.00000000E+000,0.00000000E+000,1.80000000E+001,0.00000000E+000
slab63,slab,4,2.40000000E+001,1.20000000E+001,2.70000000E+001,1.20000000E+001,2.70000000E+001,1.80000000E+001,2.40000000E+001,1.80000000E+001,1.20000000E-001,0.00000000E+000,0.00000000E+000,1.80000000E+001,0.00000000E+000
slab64,slab,4,2.70000000E+001,1.20000000E+001,3.00000000E+001,1.20000000E+001,3.00000000E+001,1.80000000E+001,2.70000000E+001,1.80000000E+001,1.20000000E-001,0.00000000E+000,0.00000000E+000,1.80000000E+001,0.00000000E+000
slab65,slab,4,6.00000000E+000,6.00000000E+000,9.00000000E+000,6.00000000E+000,9.00000000E+000,1.20000000E+001,6.00000000E+000,1.20000000E+001,1.20000000E-001,0.00000000E+000,0.00000000E+000,1.80000000E+001,0.00000000E+000
slab66,slab,4,9.00000000E+000,6.00000000E+000,1.20000000E+001,6.00000000E+000,1.20000000E+001,1.20000000E+001,9.00000000E+000,1.20000000E+001,1.20000000E-001,0.00000000E+000,0.00000000E+000,1.80000000E+001,0.00000000E+000
slab67,slab,4,1.20000000E+001,6.00000000E+000,1.50000000E+001,6.00000000E+000,1.50000000E+001,1.20000000E+001,1.20000000E+001,1.20000000E+001,1.20000000E-001,0.00000000E+000,0.00000000E+000,1.80000000E+001,0.00000000E+000
slab68,slab,4,1.50000000E+001,6.00000000E+000,1.80000000E+001,6.00000000E+000,1.80000000E+001,1.20000000E+001,1.50000000E+001,1.20000000E+001,1.20000000E-001,0.00000000E+000,0.00000000E+000,1.80000000E+001,0.00000000E+000
slab69,slab,4,1.80000000E+001,6.00000000E+000,2.10000000E+001,6.00000000E+000,2.10000000E+001,1.20000000E+001,1.80000000E+001,1.20000000E+001,1.20000000E-001,0.00000000E+000,0.00000000E+000,1.80000000E+001,0.00000000E+000
slab70,slab,4,2.10000000E+001,6.00000000E+000,2.40000000E+001,6.00000000E+000,2.40000000E+001,1.20000000E+001,2.10000000E+001,1.20000000E+001,1.20000000E-001,0.00000000E+000,0.00000000E+000,1.80000000E+001,0.00000000E+000
slab71,slab,4,6.00000000E+000,0.00000000E+000,9.00000000E+000,0.00000000E+000,9.00000000E+000,6.00000000E+000,6.00000000E+000,6.00000000E+000,1.20000000E-001,0.00000000E+000,0.00000000E+000,1.80000000E+001,0.00000000E+000
slab72,slab,4,9.00000000E+000,0.00000000E+000,1.20000000E+001,0.00000000E+000,1.20000000E+001,6.00000000E+000,9.00000000E+000,6.00000000E+000,1.20000000E-001,0.00000000E+000,0.00000000E+000,1.80000000E+001,0.00000000E+000
slab73,slab,4,1.20000000E+001,0.00000000E+000,1.50000000E+001,0.00000000E+000,1.50000000E+001,6.00000000E+000,1.20000000E+001,6.00000000E+000,1.20000000E-001,0.00000000E+000,0.00000000E+000,1.80000000E+001,0.00000000E+000
slab74,slab,4,1.50000000E+001,0.00000000E+000,1.80000000E+001,0.00000000E+000,1.80000000E+001,6.00000000E+000,1.50000000E+001,6.00000000E+000,1.20000000E-001,0.00000000E+000,0.00000000E+000,1.80000000E+001,0.00000000E+000
slab75,slab,4,1.80000000E+001,0.00000000E+000,2.10000000E+001,0.00000000E+000,2.10000000E+001,6.00000000E+000,1.80000000E+001,6.00000000E+000,1.20000000E-001,0.00000000E+000,0.00000000E+000,1.80000000E+001,0.00000000E+000
slab76,slab,4,2.10000000E+001,0.00000000E+000,2.40000000E+001,0.00000000E+000,2.40000000E+001,6.00000000E+000,2.10000000E+001,6.00000000E+000,1.20000000E-001,0.00000000E+000,0.00000000E+000,1.80000000E+001,0.00000000E+000
slab77,slab,4,3.00000000E+000,0.00000000E+000,6.00000000E+000,0.00000000E+000,6.00000000E+000,6.00000000E+000,3.00000000E+000,6.00000000E+000,1.20000000E-001,0.00000000E+000,0.00000000E+000,1.80000000E+001,0.00000000E+000
slab78,slab,4,2.40000000E+001,6.00000000E+000,2.70000000E+001,6.00000000E+000,2.70000000E+001,1.20000000E+001,2.40000000E+001,1.20000000E+001,1.20000000E-001,0.00000000E+000,0.00000000E+000,1.80000000E+001,0.00000000E+000
slab79,slab,4,0.00000000E+000,6.00000000E+000,3.00000000E+000,6.00000000E+000,3.00000000E+000,1.20000000E+001,0.00000000E+000,1.20000000E+001,1.20000000E-001,0.00000000E+000,0.00000000E+000,1.50000000E+001,0.00000000E+000
slab80,slab,4,3.00000000E+000,6.00000000E+000,6.00000000E+000,6.00000000E+000,6.00000000E+000,1.20000000E+001,3.00000000E+000,1.20000000E+001,1.20000000E-001,0.00000000E+000,0.00000000E+000,1.50000000E+001,0.00000000E+000
slab81,slab,4,0.00000000E+000,1.20000000E+001,3.00000000E+000,1.20000000E+001,3.00000000E+000,1.80000000E+001,0.00000000E+000,1.80000000E+001,1.20000000E-001,0.00000000E+000,0.00000000E+000,1.50000000E+001,0.00000000E+000
slab82,slab,4,3.00000000E+000,1.20000000E+001,6.00000000E+000,1.20000000E+001,6.00000000E+000,1.80000000E+001,3.00000000E+000,1.80000000E+001,1.20000000E-001,0.00000000E+000,0.00000000E+000,1.50000000E+001,0.00000000E+000
slab83,slab,4,6.00000000E+000,1.20000000E+001,9.00000000E+000,1.20000000E+001,9.00000000E+000,1.80000000E+001,6.00000000E+000,1.80000000E+001,1.20000000E-001,0.00000000E+000,0.00000000E+000,1.50000000E+001,0.00000000E+000
slab84,slab,4,9.00000000E+000,1.20000000E+001,1.20000000E+001,1.20000000E+001,1.20000000E+001,1.80000000E+001,9.00000000E+000,1.80000000E+001,1.20000000E-001,0.00000000E+000,0.00000000E+000,1.50000000E+001,0.00000000E+000
slab85,slab,4,1.20000000E+001,1.20000000E+001,1.50000000E+001,1.20000000E+001,1.50000000E+001,1.80000000E+001,1.20000000E+001,1.80000000E+001,1.20000000E-001,0.00000000E+000,0.00000000E+000,1.50000000E+001,0.00000000E+000
slab86,slab,4,1.50000000E+001,1.20000000E+001,1.80000000E+001,1.20000000E+001,1.80000000E+001,1.80000000E+001,1.50000000E+001,1.80000000E+001,1.20000000E-001,0.00000000E+000,0.00000000E+000,1.50000000E+001,0.00000000E+000
slab87,slab,4,1.80000000E+001,1.20000000E+001,2.10000000E+001,1.20000000E+001,2.10000000E+001,1.80000000E+001,1.80000000E+001,1.80000000E+001,1.20000000E-001,0.00000000E+000,0.00000000E+000,1.50000000E+001,0.00000000E+000
slab88,slab,4,2.10000000E+001,1.20000000E+001,2.40000000E+001,1.20000000E+001,2.40000000E+001,1.80000000E+001,2.10000000E+001,1.80000000E+001,1.20000000E-001,0.00000000E+000,0.00000000E+000,1.50000000E+001,0.00000000E+000
slab89,slab,4,2.40000000E+001,1.20000000E+001,2.70000000E+001,1.20000000E+001,2.70000000E+001,1.80000000E+001,2.40000000E+001,1.80000000E+001,1.20000000E-001,0.00000000E+000,0.00000000E+000,1.50000000E+001,0.00000000E+000
slab90,slab,4,2.70000000E+001,1.20000000E+001,3.00000000E+001,1.20000000E+001,3.00000000E+001,1.80000000E+001,2.70000000E+001,1.80000000E+001,1.20000000E-001,0.00000000E+000,0.00000000E+000,1.50000000E+001,0.00000000E+000
slab91,slab,4,6.00000000E+000,6.00000000E+000,9.00000000E+000,6.00000000E+000,9.00000000E+000,1.20000000E+001,6.00000000E+000,1.20000000E+001,1.20000000E-001,0.00000000E+000,0.00000000E+000,1.50000000E+001,0.00000000E+000
slab92,slab,4,9.00000000E+000,6.00000000E+000,1.20000000E+001,6.00000000E+000,1.20000000E+001,1.20000000E+001,9.00000000E+000,1.20000000E+001,1.20000000E-001,0.00000000E+000,0.00000000E+000,1.50000000E+001,0.00000000E+000
slab93,slab,4,1.20000000E+001,6.00000000E+000,1.50000000E+001,6.00000000E+000,1.50000000E+001,1.20000000E+001,1.20000000E+001,1.20000000E+001,1.20000000E-001,0.00000000E+000,0.00000000E+000,1.50000000E+001,0.00000000E+000
slab94,slab,4,1.50000000E+001,6.00000000E+000,1.80000000E+001,6.00000000E+000,1.80000000E+001,1.20000000E+001,1.50000000E+001,1.20000000E+001,1.20000000E-001,0.00000000E+000,0.00000000E+000,1.50000000E+001,0.00000000E+000
slab95,slab,4,1.80000000E+001,6.00000000E+000,2.10000000E+001,6.00000000E+000,2.10000000E+001,1.20000000E+001,1.80000000E+001,1.20000000E+001,1.20000000E-001,0.00000000E+000,0.00000000E+000,1.50000000E+001,0.00000000E+000
slab96,slab,4,2.10000000E+001,6.00000000E+000,2.40000000E+001,6.00000000E+000,2.40000000E+001,1.20000000E+001,2.10000000E+001,1.20000000E+001,1.20000000E-001,0.00000000E+000,0.00000000E+000,1.50000000E+001,0.00000000E+000
slab97,slab,4,6.00000000E+000,0.00000000E+000,9.00000000E+000,0.00000000E+000,9.00000000E+000,6.00000000E+000,6.00000000E+000,6.00000000E+000,1.20000000E-001,0.00000000E+000,0.00000000E+000,1.50000000E+001,0.00000000E+000
slab98,slab,4,9.00000000E+000,0.00000000E+000,1.20000000E+001,0.00000000E+000,1.20000000E+001,6.00000000E+000,9.00000000E+000,6.00000000E+000,1.20000000E-001,0.00000000E+000,0.00000000E+000,1.50000000E+001,0.00000000E+000
slab99,slab,4,1.20000000E+001,0.00000000E+000,1.50000000E+001,0.00000000E+000,1.50000000E+001,6.00000000E+000,1.20000000E+001,6.00000000E+000,1.20000000E-001,0.00000000E+000,0.00000000E+000,1.50000000E+001,0.00000000E+000
slab100,slab,4,1.50000000E+001,0.00000000E+000,1.80000000E+001,0.00000000E+000,1.80000000E+001,6.00000000E+000,1.50000000E+001,6.00000000E+000,1.20000000E-001,0.00000000E+000,0.00000000E+000,1.50000000E+001,0.00000000E+000
slab101,slab,4,1.80000000E+001,0.00000000E+000,2.10000000E+001,0.00000000E+000,2.10000000E+001,6.00000000E+000,1.80000000E+001,6.00000000E+000,1.20000000E-001,0.00000000E+000,0.00000000E+000,1.50000000E+001,0.00000000E+000
slab102,slab,4,2.10000000E+001,0.00000000E+000,2.40000000E+001,0.00000000E+000,2.40000000E+001,6.00000000E+000,2.10000000E+001,6.00000000E+000,1.20000000E-001,0.00000000E+000,0.00000000E+000,1.50000000E+001,0.00000000E+000
slab103,slab,4,3.00000000E+000,0.00000000E+000,6.00000000E+000,0.00000000E+000,6.00000000E+000,6.00000000E+000,3.00000000E+000,6.00000000E+000,1.20000000E-001,0.00000000E+000,0.00000000E+000,1.50000000E+001,0.00000000E+000
slab104,slab,4,2.40000000E+001,6.00000000E+000,2.70000000E+001,6.00000000E+000,2.70000000E+001,1.20000000E+001,2.40000000E+001,1.20000000E+001,1.20000000E-001,0.00000000E+000,0.00000000E+000,1.50000000E+001,0.00000000E+000
slab105,slab,4,0.00000000E+000,6.00000000E+000,3.00000000E+000,6.00000000E+000,3.00000000E+000,1.20000000E+001,0.00000000E+000,1.20000000E+001,1.20000000E-001,0.00000000E+000,0.00000000E+000,1.20000000E+001,0.00000000E+000
slab106,slab,4,3.00000000E+000,6.00000000E+000,6.00000000E+000,6.00000000E+000,6.00000000E+000,1.20000000E+001,3.00000000E+000,1.20000000E+001,1.20000000E-001,0.00000000E+000,0.00000000E+000,1.20000000E+001,0.00000000E+000
slab107,slab,4,0.00000000E+000,1.20000000E+001,3.00000000E+000,1.20000000E+001,3.00000000E+000,1.80000000E+001,0.00000000E+000,1.80000000E+001,1.20000000E-001,0.00000000E+000,0.00000000E+000,1.20000000E+001,0.00000000E+000
slab108,slab,4,3.00000000E+000,1.20000000E+001,6.00000000E+000,1.20000000E+001,6.00000000E+000,1.80000000E+001,3.00000000E+000,1.80000000E+001,1.20000000E-001,0.00000000E+000,0.00000000E+000,1.20000000E+001,0.00000000E+000
slab109,slab,4,6.00000000E+000,1.20000000E+001,9.00000000E+000,1.20000000E+001,9.00000000E+000,1.80000000E+001,6.00000000E+000,1.80000000E+001,1.20000000E-001,0.00000000E+000,0.00000000E+000,1.20000000E+001,0.00000000E+000
slab110,slab,4,9.00000000E+000,1.20000000E+001,1.20000000E+001,1.20000000E+001,1.20000000E+001,1.80000000E+001,9.00000000E+000,1.80000000E+001,1.20000000E-001,0.00000000E+000,0.00000000E+000,1.20000000E+001,0.00000000E+000
slab111,slab,4,1.20000000E+001,1.20000000E+001,1.50000000E+001,1.20000000E+001,1.50000000E+001,1.80000000E+001,1.20000000E+001,1.80000000E+001,1.20000000E-001,0.00000000E+000,0.00000000E+000,1.20000000E+001,0.00000000E+000
slab112,slab,4,1.50000000E+001,1.20000000E+001,1.80000000E+001,1.20000000E+001,1.80000000E+001,1.80000000E+001,1.50000000E+001,1.80000000E+001,1.20000000E-001,0.00000000E+000,0.00000000E+000,1.20000000E+001,0.00000000E+000
slab113,slab,4,1.80000000E+001,1.20000000E+001,2.10000000E+001,1.20000000E+001,2.10000000E+001,1.80000000E+001,1.80000000E+001,1.80000000E+001,1.20000000E-001,0.00000000E+000,0.00000000E+000,1.20000000E+001,0.00000000E+000
slab114,slab,4,2.10000000E+001,1.20000000E+001,2.40000000E+001,1.20000000E+001,2.40000000E+001,1.80000000E+001,2.10000000E+001,1.80000000E+001,1.20000000E-001,0.00000000E+000,0.00000000E+000,1.20000000E+001,0.00000000E+000
slab115,slab,4,6.00000000E+000,6.00000000E+000,9.00000000E+000,6.00000000E+000,9.00000000E+000,1.20000000E+001,6.00000000E+000,1.20000000E+001,1.20000000E-001,0.00000000E+000,0.00000000E+000,1.20000000E+001,0.00000000E+000
slab116,slab,4,9.00000000E+000,6.00000000E+000,1.20000000E+001,6.00000000E+000,1.20000000E+001,1.20000000E+001,9.00000000E+000,1.20000000E+001,1.20000000E-001,0.00000000E+000,0.00000000E+000,1.20000000E+001,0.00000000E+000
slab117,slab,4,1.20000000E+001,6.00000000E+000,1.50000000E+001,6.00000000E+000,1.50000000E+001,1.20000000E+001,1.20000000E+001,1.20000000E+001,1.20000000E-001,0.00000000E+000,0.00000000E+000,1.20000000E+001,0.00000000E+000
slab118,slab,4,1.50000000E+001,6.00000000E+000,1.80000000E+001,6.00000000E+000,1.80000000E+001,1.20000000E+001,1.50000000E+001,1.20000000E+001,1.20000000E-001,0.00000000E+000,0.00000000E+000,1.20000000E+001,0.00000000E+000
slab119,slab,4,1.80000000E+001,6.00000000E+000,2.10000000E+001,6.00000000E+000,2.10000000E+001,1.20000000E+001,1.80000000E+001,1.20000000E+001,1.20000000E-001,0.00000000E+000,0.00000000E+000,1.20000000E+001,0.00000000E+000
slab120,slab,4,2.10000000E+001,6.00000000E+000,2.40000000E+001,6.00000000E+000,2.40000000E+001,1.20000000E+001,2.10000000E+001,1.20000000E+001,1.20000000E-001,0.00000000E+000,0.00000000E+000,1.20000000E+001,0.00000000E+000
slab121,slab,4,6.00000000E+000,0.00000000E+000,9.00000000E+000,0.00000000E+000,9.00000000E+000,6.00000000E+000,6.00000000E+000,6.00000000E+000,1.20000000E-001,0.00000000E+000,0.00000000E+000,1.20000000E+001,0.00000000E+000
slab122,slab,4,9.00000000E+000,0.00000000E+000,1.20000000E+001,0.00000000E+000,1.20000000E+001,6.00000000E+000,9.00000000E+000,6.00000000E+000,1.20000000E-001,0.00000000E+000,0.00000000E+000,1.20000000E+001,0.00000000E+000
slab123,slab,4,1.20000000E+001,0.00000000E+000,1.50000000E+001,0.00000000E+000,1.50000000E+001,6.00000000E+000,1.20000000E+001,6.00000000E+000,1.20000000E-001,0.00000000E+000,0.00000000E+000,1.20000000E+001,0.00000000E+000
slab124,slab,4,1.50000000E+001,0.00000000E+000,1.80000000E+001,0.00000000E+000,1.80000000E+001,6.00000000E+000,1.50000000E+001,6.00000000E+000,1.20000000E-001,0.00000000E+000,0.00000000E+000,1.20000000E+001,0.00000000E+000
slab125,slab,4,1.80000000E+001,0.00000000E+000,2.10000000E+001,0.00000000E+000,2.10000000E+001,6.00000000E+000,1.80000000E+001,6.00000000E+000,1.20000000E-001,0.00000000E+000,0.00000000E+000,1.20000000E+001,0.00000000E+000
slab126,slab,4,2.10000000E+001,0.00000000E+000,2.40000000E+001,0.00000000E+000,2.40000000E+001,6.00000000E+000,2.10000000E+001,6.00000000E+000,1.20000000E-001,0.00000000E+000,0.00000000E+000,1.20000000E+001,0.00000000E+000
slab127,slab,4,3.00000000E+000,0.00000000E+000,6.00000000E+000,0.00000000E+000,6.00000000E+000,6.00000000E+000,3.00000000E+000,6.00000000E+000,1.20000000E-001,0.00000000E+000,0.00000000E+000,1.20000000E+001,0.00000000E+000
slab128,slab,4,2.40000000E+001,6.00000000E+000,2.70000000E+001,6.00000000E+000,2.70000000E+001,1.20000000E+001,2.40000000E+001,1.20000000E+001,1.20000000E-001,0.00000000E+000,0.00000000E+000,1.20000000E+001,0.00000000E+000
slab129,slab,4,0.00000000E+000,6.00000000E+000,3.00000000E+000,6.00000000E+000,3.00000000E+000,1.20000000E+001,0.00000000E+000,1.20000000E+001,1.20000000E-001,0.00000000E+000,0.00000000E+000,9.00000000E+000,0.00000000E+000
slab130,slab,4,3.00000000E+000,6.00000000E+000,6.00000000E+000,6.00000000E+000,6.00000000E+000,1.20000000E+001,3.00000000E+000,1.20000000E+001,1.20000000E-001,0.00000000E+000,0.00000000E+000,9.00000000E+000,0.00000000E+000
slab131,slab,4,0.00000000E+000,1.20000000E+001,3.00000000E+000,1.20000000E+001,3.00000000E+000,1.80000000E+001,0.00000000E+000,1.80000000E+001,1.20000000E-001,0.00000000E+000,0.00000000E+000,9.00000000E+000,0.00000000E+000
slab132,slab,4,3.00000000E+000,1.20000000E+001,6.00000000E+000,1.20000000E+001,6.00000000E+000,1.80000000E+001,3.00000000E+000,1.80000000E+001,1.20000000E-001,0.00000000E+000,0.00000000E+000,9.00000000E+000,0.00000000E+000
slab133,slab,4,6.00000000E+000,1.20000000E+001,9.00000000E+000,1.20000000E+001,9.00000000E+000,1.80000000E+001,6.00000000E+000,1.80000000E+001,1.20000000E-001,0.00000000E+000,0.00000000E+000,9.00000000E+000,0.00000000E+000
slab134,slab,4,9.00000000E+000,1.20000000E+001,1.20000000E+001,1.20000000E+001,1.20000000E+001,1.80000000E+001,9.00000000E+000,1.80000000E+001,1.20000000E-001,0.00000000E+000,0.00000000E+000,9.00000000E+000,0.00000000E+000
slab135,slab,4,1.20000000E+001,1.20000000E+001,1.50000000E+001,1.20000000E+001,1.50000000E+001,1.80000000E+001,1.20000000E+001,1.80000000E+001,1.20000000E-001,0.00000000E+000,0.00000000E+000,9.00000000E+000,0.00000000E+000
slab136,slab,4,1.50000000E+001,1.20000000E+001,1.80000000E+001,1.20000000E+001,1.80000000E+001,1.80000000E+001,1.50000000E+001,1.80000000E+001,1.20000000E-001,0.00000000E+000,0.00000000E+000,9.00000000E+000,0.00000000E+000
slab137,slab,4,1.80000000E+001,1.20000000E+001,2.10000000E+001,1.20000000E+001,2.10000000E+001,1.80000000E+001,1.80000000E+001,1.80000000E+001,1.20000000E-001,0.00000000E+000,0.00000000E+000,9.00000000E+000,0.00000000E+000
slab138,slab,4,2.10000000E+001,1.20000000E+001,2.40000000E+001,1.20000000E+001,2.40000000E+001,1.80000000E+001,2.10000000E+001,1.80000000E+001,1.20000000E-001,0.00000000E+000,0.00000000E+000,9.00000000E+000,0.00000000E+000
slab139,slab,4,2.40000000E+001,1.20000000E+001,2.70000000E+001,1.20000000E+001,2.70000000E+001,1.80000000E+001,2.40000000E+001,1.80000000E+001,1.20000000E-001,0.00000000E+000,0.00000000E+000,9.00000000E+000,0.00000000E+000
slab140,slab,4,2.70000000E+001,1.20000000E+001,3.00000000E+001,1.20000000E+001,3.00000000E+001,1.80000000E+001,2.70000000E+001,1.80000000E+001,1.20000000E-001,0.00000000E+000,0.00000000E+000,9.00000000E+000,0.00000000E+000
slab141,slab,4,6.00000000E+000,6.00000000E+000,9.00000000E+000,6.00000000E+000,9.00000000E+000,1.20000000E+001,6.00000000E+000,1.20000000E+001,1.20000000E-001,0.00000000E+000,0.00000000E+000,9.00000000E+000,0.00000000E+000
slab142,slab,4,9.00000000E+000,6.00000000E+000,1.20000000E+001,6.00000000E+000,1.20000000E+001,1.20000000E+001,9.00000000E+000,1.20000000E+001,1.20000000E-001,0.00000000E+000,0.00000000E+000,9.00000000E+000,0.00000000E+000
slab143,slab,4,1.20000000E+001,6.00000000E+000,1.50000000E+001,6.00000000E+000,1.50000000E+001,1.20000000E+001,1.20000000E+001,1.20000000E+001,1.20000000E-001,0.00000000E+000,0.00000000E+000,9.00000000E+000,0.00000000E+000
slab144,slab,4,1.50000000E+001,6.00000000E+000,1.80000000E+001,6.00000000E+000,1.80000000E+001,1.20000000E+001,1.50000000E+001,1.20000000E+001,1.20000000E-001,0.00000000E+000,0.00000000E+000,9.00000000E+000,0.00000000E+000
slab145,slab,4,1.80000000E+001,6.00000000E+000,2.10000000E+001,6.00000000E+000,2.10000000E+001,1.20000000E+001,1.80000000E+001,1.20000000E+001,1.20000000E-001,0.00000000E+000,0.00000000E+000,9.00000000E+000,0.00000000E+000
slab146,slab,4,2.10000000E+001,6.00000000E+000,2.40000000E+001,6.00000000E+000,2.40000000E+001,1.20000000E+001,2.10000000E+001,1.20000000E+001,1.20000000E-001,0.00000000E+000,0.00000000E+000,9.00000000E+000,0.00000000E+000
slab147,slab,4,6.00000000E+000,0.00000000E+000,9.00000000E+000,0.00000000E+000,9.00000000E+000,6.00000000E+000,6.00000000E+000,6.00000000E+000,1.20000000E-001,0.00000000E+000,0.00000000E+000,9.00000000E+000,0.00000000E+000
slab148,slab,4,9.00000000E+000,0.00000000E+000,1.20000000E+001,0.00000000E+000,1.20000000E+001,6.00000000E+000,9.00000000E+000,6.00000000E+000,1.20000000E-001,0.00000000E+000,0.00000000E+000,9.00000000E+000,0.00000000E+000
slab149,slab,4,1.20000000E+001,0.00000000E+000,1.50000000E+001,0.00000000E+000,1.50000000E+001,6.00000000E+000,1.20000000E+001,6.00000000E+000,1.20000000E-001,0.00000000E+000,0.00000000E+000,9.00000000E+000,0.00000000E+000
slab150,slab,4,1.50000000E+001,0.00000000E+000,1.80000000E+001,0.00000000E+000,1.80000000E+001,6.00000000E+000,1.50000000E+001,6.00000000E+000,1.20000000E-001,0.00000000E+000,0.00000000E+000,9.00000000E+000,0.00000000E+000
slab151,slab,4,1.80000000E+001,0.00000000E+000,2.10000000E+001,0.00000000E+000,2.10000000E+001,6.00000000E+000,1.80000000E+001,6.00000000E+000,1.20000000E-001,0.00000000E+000,0.00000000E+000,9.00000000E+000,0.00000000E+000
slab152,slab,4,2.10000000E+001,0.00000000E+000,2.40000000E+001,0.00000000E+000,2.40000000E+001,6.00000000E+000,2.10000000E+001,6.00000000E+000,1.20000000E-001,0.00000000E+000,0.00000000E+000,9.00000000E+000,0.00000000E+000
slab153,slab,4,3.00000000E+000,0.00000000E+000,6.00000000E+000,0.00000000E+000,6.00000000E+000,6.00000000E+000,3.00000000E+000,6.00000000E+000,1.20000000E-001,0.00000000E+000,0.00000000E+000,9.00000000E+000,0.00000000E+000
slab154,slab,4,2.40000000E+001,6.00000000E+000,2.70000000E+001,6.00000000E+000,2.70000000E+001,1.20000000E+001,2.40000000E+001,1.20000000E+001,1.20000000E-001,0.00000000E+000,0.00000000E+000,9.00000000E+000,0.00000000E+000
slab155,slab,4,0.00000000E+000,6.00000000E+000,3.00000000E+000,6.00000000E+000,3.00000000E+000,1.20000000E+001,0.00000000E+000,1.20000000E+001,1.20000000E-001,0.00000000E+000,0.00000000E+000,6.00000000E+000,0.00000000E+000
slab156,slab,4,3.00000000E+000,6.00000000E+000,6.00000000E+000,6.00000000E+000,6.00000000E+000,1.20000000E+001,3.00000000E+000,1.20000000E+001,1.20000000E-001,0.00000000E+000,0.00000000E+000,6.00000000E+000,0.00000000E+000
slab157,slab,4,0.00000000E+000,1.20000000E+001,3.00000000E+000,1.20000000E+001,3.00000000E+000,1.80000000E+001,0.00000000E+000,1.80000000E+001,1.20000000E-001,0.00000000E+000,0.00000000E+000,6.00000000E+000,0.00000000E+000
slab158,slab,4,3.00000000E+000,1.20000000E+001,6.00000000E+000,1.20000000E+001,6.00000000E+000,1.80000000E+001,3.00000000E+000,1.80000000E+001,1.20000000E-001,0.00000000E+000,0.00000000E+000,6.00000000E+000,0.00000000E+000
slab159,slab,4,6.00000000E+000,1.20000000E+001,9.00000000E+000,1.20000000E+001,9.00000000E+000,1.80000000E+001,6.00000000E+000,1.80000000E+001,1.20000000E-001,0.00000000E+000,0.00000000E+000,6.00000000E+000,0.00000000E+000
slab160,slab,4,9.00000000E+000,1.20000000E+001,1.20000000E+001,1.20000000E+001,1.20000000E+001,1.80000000E+001,9.00000000E+000,1.80000000E+001,1.20000000E-001,0.00000000E+000,0.00000000E+000,6.00000000E+000,0.00000000E+000
slab161,slab,4,1.20000000E+001,1.20000000E+001,1.50000000E+001,1.20000000E+001,1.50000000E+001,1.80000000E+001,1.20000000E+001,1.80000000E+001,1.20000000E-001,0.00000000E+000,0.00000000E+000,6.00000000E+000,0.00000000E+000
slab162,slab,4,1.50000000E+001,1.20000000E+001,1.80000000E+001,1.20000000E+001,1.80000000E+001,1.80000000E+001,1.50000000E+001,1.80000000E+001,1.20000000E-001,0.00000000E+000,0.00000000E+000,6.00000000E+000,0.00000000E+000
slab163,slab,4,1.80000000E+001,1.20000000E+001,2.10000000E+001,1.20000000E+001,2.10000000E+001,1.80000000E+001,1.80000000E+001,1.80000000E+001,1.20000000E-001,0.00000000E+000,0.00000000E+000,6.00000000E+000,0.00000000E+000
slab164,slab,4,2.10000000E+001,1.20000000E+001,2.40000000E+001,1.20000000E+001,2.40000000E+001,1.80000000E+001,2.10000000E+001,1.80000000E+001,1.20000000E-001,0.00000000E+000,0.00000000E+000,6.00000000E+000,0.00000000E+000
slab165,slab,4,2.40000000E+001,1.20000000E+001,2.70000000E+001,1.20000000E+001,2.70000000E+001,1.80000000E+001,2.40000000E+001,1.80000000E+001,1.20000000E-001,0.00000000E+000,0.00000000E+000,6.00000000E+000,0.00000000E+000
slab166,slab,4,2.70000000E+001,1.20000000E+001,3.00000000E+001,1.20000000E+001,3.00000000E+001,1.80000000E+001,2.70000000E+001,1.80000000E+001,1.20000000E-001,0.00000000E+000,0.00000000E+000,6.00000000E+000,0.00000000E+000
slab167,slab,4,6.00000000E+000,6.00000000E+000,9.00000000E+000,6.00000000E+000,9.00000000E+000,1.20000000E+001,6.00000000E+000,1.20000000E+001,1.20000000E-001,0.00000000E+000,0.00000000E+000,6.00000000E+000,0.00000000E+000
slab168,slab,4,9.00000000E+000,6.00000000E+000,1.20000000E+001,6.00000000E+000,1.20000000E+001,1.20000000E+001,9.00000000E+000,1.20000000E+001,1.20000000E-001,0.00000000E+000,0.00000000E+000,6.00000000E+000,0.00000000E+000
slab169,slab,4,1.20000000E+001,6.00000000E+000,1.50000000E+001,6.00000000E+000,1.50000000E+001,1.20000000E+001,1.20000000E+001,1.20000000E+001,1.20000000E-001,0.00000000E+000,0.00000000E+000,6.00000000E+000,0.00000000E+000
slab170,slab,4,1.50000000E+001,6.00000000E+000,1.80000000E+001,6.00000000E+000,1.80000000E+001,1.20000000E+001,1.50000000E+001,1.20000000E+001,1.20000000E-001,0.00000000E+000,0.00000000E+000,6.00000000E+000,0.00000000E+000
slab171,slab,4,1.80000000E+001,6.00000000E+000,2.10000000E+001,6.00000000E+000,2.10000000E+001,1.20000000E+001,1.80000000E+001,1.20000000E+001,1.20000000E-001,0.00000000E+000,0.00000000E+000,6.00000000E+000,0.00000000E+000
slab172,slab,4,2.10000000E+001,6.00000000E+000,2.40000000E+001,6.00000000E+000,2.40000000E+001,1.20000000E+001,2.10000000E+001,1.20000000E+001,1.20000000E-001,0.00000000E+000,0.00000000E+000,6.00000000E+000,0.00000000E+000
slab173,slab,4,6.00000000E+000,0.00000000E+000,9.00000000E+000,0.00000000E+000,9.00000000E+000,6.00000000E+000,6.00000000E+000,6.00000000E+000,1.20000000E-001,0.00000000E+000,0.00000000E+000,6.00000000E+000,0.00000000E+000
slab174,slab,4,9.00000000E+000,0.00000000E+000,1.20000000E+001,0.00000000E+000,1.20000000E+001,6.00000000E+000,9.00000000E+000,6.00000000E+000,1.20000000E-001,0.00000000E+000,0.00000000E+000,6.00000000E+000,0.00000000E+000
slab175,slab,4,1.20000000E+001,0.00000000E+000,1.50000000E+001,0.00000000E+000,1.50000000E+001,6.00000000E+000,1.20000000E+001,6.00000000E+000,1.20000000E-001,0.00000000E+000,0.00000000E+000,6.00000000E+000,0.00000000E+000
slab176,slab,4,1.50000000E+001,0.00000000E+000,1.80000000E+001,0.00000000E+000,1.80000000E+001,6.00000000E+000,1.50000000E+001,6.00000000E+000,1.20000000E-001,0.00000000E+000,0.00000000E+000,6.00000000E+000,0.00000000E+000
slab177,slab,4,1.80000000E+001,0.00000000E+000,2.10000000E+001,0.00000000E+000,2.10000000E+001,6.00000000E+000,1.80000000E+001,6.00000000E+000,1.20000000E-001,0.00000000E+000,0.00000000E+000,6.00000000E+000,0.00000000E+000
slab178,slab,4,2.10000000E+001,0.00000000E+000,2.40000000E+001,0.00000000E+000,2.40000000E+001,6.00000000E+000,2.10000000E+001,6.00000000E+000,1.20000000E-001,0.00000000E+000,0.00000000E+000,6.00000000E+000,0.00000000E+000
slab179,slab,4,3.00000000E+000,0.00000000E+000,6.00000000E+000,0.00000000E+000,6.00000000E+000,6.00000000E+000,3.00000000E+000,6.00000000E+000,1.20000000E-001,0.00000000E+000,0.00000000E+000,6.00000000E+000,0.00000000E+000
slab180,slab,4,2.40000000E+001,6.00000000E+000,2.70000000E+001,6.00000000E+000,2.70000000E+001,1.20000000E+001,2.40000000E+001,1.20000000E+001,1.20000000E-001,0.00000000E+000,0.00000000E+000,6.00000000E+000,0.00000000E+000
slab181,slab,4,0.00000000E+000,6.00000000E+000,3.00000000E+000,6.00000000E+000,3.00000000E+000,1.20000000E+001,0.00000000E+000,1.20000000E+001,1.20000000E-001,0.00000000E+000,0.00000000E+000,3.00000000E+000,0.00000000E+000
slab182,slab,4,3.00000000E+000,6.00000000E+000,6.00000000E+000,6.00000000E+000,6.00000000E+000,1.20000000E+001,3.00000000E+000,1.20000000E+001,1.20000000E-001,0.00000000E+000,0.00000000E+000,3.00000000E+000,0.00000000E+000
slab183,slab,4,0.00000000E+000,1.20000000E+001,3.00000000E+000,1.20000000E+001,3.00000000E+000,1.80000000E+001,0.00000000E+000,1.80000000E+001,1.20000000E-001,0.00000000E+000,0.00000000E+000,3.00000000E+000,0.00000000E+000
slab184,slab,4,3.00000000E+000,1.20000000E+001,6.00000000E+000,1.20000000E+001,6.00000000E+000,1.80000000E+001,3.00000000E+000,1.80000000E+001,1.20000000E-001,0.00000000E+000,0.00000000E+000,3.00000000E+000,0.00000000E+000
slab185,slab,4,6.00000000E+000,1.20000000E+001,9.00000000E+000,1.20000000E+001,9.00000000E+000,1.80000000E+001,6.00000000E+000,1.80000000E+001,1.20000000E-001,0.00000000E+000,0.00000000E+000,3.00000000E+000,0.00000000E+000
slab186,slab,4,9.00000000E+000,1.20000000E+001,1.20000000E+001,1.20000000E+001,1.20000000E+001,1.80000000E+001,9.00000000E+000,1.80000000E+001,1.20000000E-001,0.00000000E+000,0.00000000E+000,3.00000000E+000,0.00000000E+000
slab187,slab,4,1.20000000E+001,1.20000000E+001,1.50000000E+001,1.20000000E+001,1.50000000E+001,1.80000000E+001,1.20000000E+001,1.80000000E+001,1.20000000E-001,0.00000000E+000,0.00000000E+000,3.00000000E+000,0.00000000E+000
slab188,slab,4,1.50000000E+001,1.20000000E+001,1.80000000E+001,1.20000000E+001,1.80000000E+001,1.80000000E+001,1.50000000E+001,1.80000000E+001,1.20000000E-001,0.00000000E+000,0.00000000E+000,3.00000000E+000,0.00000000E+000
slab189,slab,4,1.80000000E+001,1.20000000E+001,2.10000000E+001,1.20000000E+001,2.10000000E+001,1.80000000E+001,1.80000000E+001,1.80000000E+001,1.20000000E-001,0.00000000E+000,0.00000000E+000,3.00000000E+000,0.00000000E+000
slab190,slab,4,2.10000000E+001,1.20000000E+001,2.40000000E+001,1.20000000E+001,2.40000000E+001,1.80000000E+001,2.10000000E+001,1.80000000E+001,1.20000000E-001,0.00000000E+000,0.00000000E+000,3.00000000E+000,0.00000000E+000
slab191,slab,4,6.00000000E+000,6.00000000E+000,9.00000000E+000,6.00000000E+000,9.00000000E+000,1.20000000E+001,6.00000000E+000,1.20000000E+001,1.20000000E-001,0.00000000E+000,0.00000000E+000,3.00000000E+000,0.00000000E+000
slab192,slab,4,9.00000000E+000,6.00000000E+000,1.20000000E+001,6.00000000E+000,1.20000000E+001,1.20000000E+001,9.00000000E+000,1.20000000E+001,1.20000000E-001,0.00000000E+000,0.00000000E+000,3.00000000E+000,0.00000000E+000
slab193,slab,4,1.20000000E+001,6.00000000E+000,1.50000000E+001,6.00000000E+000,1.50000000E+001,1.20000000E+001,1.20000000E+001,1.20000000E+001,1.20000000E-001,0.00000000E+000,0.00000000E+000,3.00000000E+000,0.00000000E+000
slab194,slab,4,1.50000000E+001,6.00000000E+000,1.80000000E+001,6.00000000E+000,1.80000000E+001,1.20000000E+001,1.50000000E+001,1.20000000E+001,1.20000000E-001,0.00000000E+000,0.00000000E+000,3.00000000E+000,0.00000000E+000
slab195,slab,4,1.80000000E+001,6.00000000E+000,2.10000000E+001,6.00000000E+000,2.10000000E+001,1.20000000E+001,1.80000000E+001,1.20000000E+001,1.20000000E-001,0.00000000E+000,0.00000000E+000,3.00000000E+000,0.00000000E+000
slab196,slab,4,2.10000000E+001,6.00000000E+000,2.40000000E+001,6.00000000E+000,2.40000000E+001,1.20000000E+001,2.10000000E+001,1.20000000E+001,1.20000000E-001,0.00000000E+000,0.00000000E+000,3.00000000E+000,0.00000000E+000
slab197,slab,4,6.00000000E+000,0.00000000E+000,9.00000000E+000,0.00000000E+000,9.00000000E+000,6.00000000E+000,6.00000000E+000,6.00000000E+000,1.20000000E-001,0.00000000E+000,0.00000000E+000,3.00000000E+000,0.00000000E+000
slab198,slab,4,9.00000000E+000,0.00000000E+000,1.20000000E+001,0.00000000E+000,1.20000000E+001,6.00000000E+000,9.00000000E+000,6.00000000E+000,1.20000000E-001,0.00000000E+000,0.00000000E+000,3.00000000E+000,0.00000000E+000
slab199,slab,4,1.20000000E+001,0.00000000E+000,1.50000000E+001,0.00000000E+000,1.50000000E+001,6.00000000E+000,1.20000000E+001,6.00000000E+000,1.20000000E-001,0.00000000E+000,0.00000000E+000,3.00000000E+000,0.00000000E+000
slab200,slab,4,1.50000000E+001,0.00000000E+000,1.80000000E+001,0.00000000E+000,1.80000000E+001,6.00000000E+000,1.50000000E+001,6.00000000E+000,1.20000000E-001,0.00000000E+000,0.00000000E+000,3.00000000E+000,0.00000000E+000
slab201,slab,4,1.80000000E+001,0.00000000E+000,2.10000000E+001,0.00000000E+000,2.10000000E+001,6.00000000E+000,1.80000000E+001,6.00000000E+000,1.20000000E-001,0.00000000E+000,0.00000000E+000,3.00000000E+000,0.00000000E+000
slab202,slab,4,2.10000000E+001,0.00000000E+000,2.40000000E+001,0.00000000E+000,2.40000000E+001,6.00000000E+000,2.10000000E+001,6.00000000E+000,1.20000000E-001,0.00000000E+000,0.00000000E+000,3.00000000E+000,0.00000000E+000
slab203,slab,4,3.00000000E+000,0.00000000E+000,6.00000000E+000,0.00000000E+000,6.00000000E+000,6.00000000E+000,3.00000000E+000,6.00000000E+000,1.20000000E-001,0.00000000E+000,0.00000000E+000,3.00000000E+000,0.00000000E+000
slab204,slab,4,2.40000000E+001,6.00000000E+000,2.70000000E+001,6.00000000E+000,2.70000000E+001,1.20000000E+001,2.40000000E+001,1.20000000E+001,1.20000000E-001,0.00000000E+000,0.00000000E+000,3.00000000E+000,0.00000000E+000
slab205,slab,4,2.40000000E+001,1.50000000E+001,3.00000000E+001,1.50000000E+001,3.00000000E+001,1.80000000E+001,2.40000000E+001,1.80000000E+001,1.20000000E-001,0.00000000E+000,0.00000000E+000,3.00000000E+000,0.00000000E+000
slab206,slab,4,2.40000000E+001,1.20000000E+001,3.00000000E+001,1.20000000E+001,3.00000000E+001,1.50000000E+001,2.40000000E+001,1.50000000E+001,1.20000000E-001,0.00000000E+000,0.00000000E+000,3.00000000E+000,0.00000000E+000
slab207,slab,4,2.70000000E+001,6.00000000E+000,3.00000000E+001,6.00000000E+000,3.00000000E+001,1.20000000E+001,2.70000000E+001,1.20000000E+001,1.20000000E-001,0.00000000E+000,0.00000000E+000,2.40000000E+001,0.00000000E+000
slab208,slab,4,0.00000000E+000,0.00000000E+000,3.00000000E+000,0.00000000E+000,3.00000000E+000,6.00000000E+000,0.00000000E+000,6.00000000E+000,1.20000000E-001,0.00000000E+000,0.00000000E+000,2.40000000E+001,0.00000000E+000
slab209,slab,4,2.70000000E+001,6.00000000E+000,3.00000000E+001,6.00000000E+000,3.00000000E+001,1.20000000E+001,2.70000000E+001,1.20000000E+001,1.20000000E-001,0.00000000E+000,0.00000000E+000,2.10000000E+001,0.00000000E+000
slab210,slab,4,0.00000000E+000,0.00000000E+000,3.00000000E+000,0.00000000E+000,3.00000000E+000,6.00000000E+000,0.00000000E+000,6.00000000E+000,1.20000000E-001,0.00000000E+000,0.00000000E+000,2.10000000E+001,0.00000000E+000
slab211,slab,4,2.70000000E+001,6.00000000E+000,3.00000000E+001,6.00000000E+000,3.00000000E+001,1.20000000E+001,2.70000000E+001,1.20000000E+001,1.20000000E-001,0.00000000E+000,0.00000000E+000,1.80000000E+001,0.00000000E+000
slab212,slab,4,0.00000000E+000,0.00000000E+000,3.00000000E+000,0.00000000E+000,3.00000000E+000,6.00000000E+000,0.00000000E+000,6.00000000E+000,1.20000000E-001,0.00000000E+000,0.00000000E+000,1.80000000E+001,0.00000000E+000
slab213,slab,4,2.70000000E+001,6.00000000E+000,3.00000000E+001,6.00000000E+000,3.00000000E+001,1.20000000E+001,2.70000000E+001,1.20000000E+001,1.20000000E-001,0.00000000E+000,0.00000000E+000,1.50000000E+001,0.00000000E+000
slab214,slab,4,0.00000000E+000,0.00000000E+000,3.00000000E+000,0.00000000E+000,3.00000000E+000,6.00000000E+000,0.00000000E+000,6.00000000E+000,1.20000000E-001,0.00000000E+000,0.00000000E+000,1.50000000E+001,0.00000000E+000
slab215,slab,4,2.70000000E+001,6.00000000E+000,3.00000000E+001,6.00000000E+000,3.00000000E+001,1.20000000E+001,2.70000000E+001,1.20000000E+001,1.20000000E-001,0.00000000E+000,0.00000000E+000,1.20000000E+001,0.00000000E+000
slab216,slab,4,0.00000000E+000,0.00000000E+000,3.00000000E+000,0.00000000E+000,3.00000000E+000,6.00000000E+000,0.00000000E+000,6.00000000E+000,1.20000000E-001,0.00000000E+000,0.00000000E+000,1.20000000E+001,0.00000000E+000
slab217,slab,4,2.70000000E+001,6.00000000E+000,3.00000000E+001,6.00000000E+000,3.00000000E+001,1.20000000E+001,2.70000000E+001,1.20000000E+001,1.20000000E-001,0.00000000E+000,0.00000000E+000,9.00000000E+000,0.00000000E+000
slab218,slab,4,0.00000000E+000,0.00000000E+000,3.00000000E+000,0.00000000E+000,3.00000000E+000,6.00000000E+000,0.00000000E+000,6.00000000E+000,1.20000000E-001,0.00000000E+000,0.00000000E+000,9.00000000E+000,0.00000000E+000
slab219,slab,4,2.70000000E+001,6.00000000E+000,3.00000000E+001,6.00000000E+000,3.00000000E+001,1.20000000E+001,2.70000000E+001,1.20000000E+001,1.20000000E-001,0.00000000E+000,0.00000000E+000,6.00000000E+000,0.00000000E+000
slab220,slab,4,0.00000000E+000,0.00000000E+000,3.00000000E+000,0.00000000E+000,3.00000000E+000,6.00000000E+000,0.00000000E+000,6.00000000E+000,1.20000000E-001,0.00000000E+000,0.00000000E+000,6.00000000E+000,0.00000000E+000
slab221,slab,4,2.70000000E+001,6.00000000E+000,3.00000000E+001,6.00000000E+000,3.00000000E+001,1.20000000E+001,2.70000000E+001,1.20000000E+001,1.20000000E-001,0.00000000E+000,0.00000000E+000,3.00000000E+000,0.00000000E+000
slab222,slab,4,0.00000000E+000,0.00000000E+000,3.00000000E+000,0.00000000E+000,3.00000000E+000,6.00000000E+000,0.00000000E+000,6.00000000E+000,1.20000000E-001,0.00000000E+000,0.00000000E+000,3.00000000E+000,0.00000000E+000
slab223,slab,4,2.40000000E+001,6.00000000E+000,2.70000000E+001,6.00000000E+000,2.70000000E+001,5.00000000E-001,2.40000000E+001,0.00000000E+000,1.20000000E-001,0.00000000E+000,0.00000000E+000,1.20000000E+001,0.00000000E+000
slab224,slab,4,2.40000000E+001,6.00000000E+000,2.70000000E+001,6.00000000E+000,2.70000000E+001,5.00000000E-001,2.40000000E+001,0.00000000E+000,1.20000000E-001,0.00000000E+000,0.00000000E+000,2.40000000E+001,0.00000000E+000
slab225,slab,4,2.40000000E+001,6.00000000E+000,2.70000000E+001,6.00000000E+000,2.70000000E+001,5.00000000E-001,2.40000000E+001,0.00000000E+000,1.20000000E-001,0.00000000E+000,0.00000000E+000,2.10000000E+001,0.00000000E+000
slab226,slab,4,2.40000000E+001,6.00000000E+000,2.70000000E+001,6.00000000E+000,2.70000000E+001,5.00000000E-001,2.40000000E+001,0.00000000E+000,1.20000000E-001,0.00000000E+000,0.00000000E+000,1.80000000E+001,0.00000000E+000
slab227,slab,4,2.40000000E+001,6.00000000E+000,2.70000000E+001,6.00000000E+000,2.70000000E+001,5.00000000E-001,2.40000000E+001,0.00000000E+000,1.20000000E-001,0.00000000E+000,0.00000000E+000,1.50000000E+001,0.00000000E+000
slab228,slab,4,2.40000000E+001,6.00000000E+000,2.70000000E+001,6.00000000E+000,2.70000000E+001,5.00000000E-001,2.40000000E+001,0.00000000E+000,1.20000000E-001,0.00000000E+000,0.00000000E+000,9.00000000E+000,0.00000000E+000
slab229,slab,4,2.40000000E+001,6.00000000E+000,2.70000000E+001,6.00000000E+000,2.70000000E+001,5.00000000E-001,2.40000000E+001,0.00000000E+000,1.20000000E-001,0.00000000E+000,0.00000000E+000,6.00000000E+000,0.00000000E+000
slab230,slab,4,2.40000000E+001,6.00000000E+000,2.70000000E+001,6.00000000E+000,2.70000000E+001,5.00000000E-001,2.40000000E+001,0.00000000E+000,1.20000000E-001,0.00000000E+000,0.00000000E+000,3.00000000E+000,0.00000000E+000
slab231,slab,4,2.70000000E+001,6.00000000E+000,2.70000000E+001,5.00000000E-001,3.00000000E+001,1.00000000E+000,3.00000000E+001,6.00000000E+000,1.20000000E-001,0.00000000E+000,0.00000000E+000,1.20000000E+001,0.00000000E+000
slab232,slab,4,2.70000000E+001,6.00000000E+000,2.70000000E+001,5.00000000E-001,3.00000000E+001,1.00000000E+000,3.00000000E+001,6.00000000E+000,1.20000000E-001,0.00000000E+000,0.00000000E+000,2.40000000E+001,0.00000000E+000
slab233,slab,4,2.70000000E+001,6.00000000E+000,2.70000000E+001,5.00000000E-001,3.00000000E+001,1.00000000E+000,3.00000000E+001,6.00000000E+000,1.20000000E-001,0.00000000E+000,0.00000000E+000,2.10000000E+001,0.00000000E+000
slab234,slab,4,2.70000000E+001,6.00000000E+000,2.70000000E+001,5.00000000E-001,3.00000000E+001,1.00000000E+000,3.00000000E+001,6.00000000E+000,1.20000000E-001,0.00000000E+000,0.00000000E+000,1.80000000E+001,0.00000000E+000
slab235,slab,4,2.70000000E+001,6.00000000E+000,2.70000000E+001,5.00000000E-001,3.00000000E+001,1.00000000E+000,3.00000000E+001,6.00000000E+000,1.20000000E-001,0.00000000E+000,0.00000000E+000,1.50000000E+001,0.00000000E+000
slab236,slab,4,2.70000000E+001,6.00000000E+000,2.70000000E+001,5.00000000E-001,3.00000000E+001,1.00000000E+000,3.00000000E+001,6.00000000E+000,1.20000000E-001,0.00000000E+000,0.00000000E+000,9.00000000E+000,0.00000000E+000
slab237,slab,4,2.70000000E+001,6.00000000E+000,2.70000000E+001,5.00000000E-001,3.00000000E+001,1.00000000E+000,3.00000000E+001,6.00000000E+000,1.20000000E-001,0.00000000E+000,0.00000000E+000,6.00000000E+000,0.00000000E+000
slab238,slab,4,2.70000000E+001,6.00000000E+000,2.70000000E+001,5.00000000E-001,3.00000000E+001,1.00000000E+000,3.00000000E+001,6.00000000E+000,1.20000000E-001,0.00000000E+000,0.00000000E+000,3.00000000E+000,0.00000000E+000
