ISO-10303-21;
HEADER;
FILE_DESCRIPTION(('ViewDefinition [CoordinationView]'),'2;1');
FILE_NAME('','2026-09-11T10:49:49',(''),(''),'IfcOpenShell 0.8.5-1c5b825','IfcOpenShell 0.8.5-1c5b825','');
FILE_SCHEMA(('IFC4'));
ENDSEC;
DATA;
#1=IFCPROJECT('2oNDRYoIr2cfH8o_DJayj_',$,'My Project',$,$,$,$,(#10),#5);
#2=IFCSIUNIT(*,.LENGTHUNIT.,.MILLI.,.METRE.);
#3=IFCSIUNIT(*,.AREAUNIT.,$,.SQUARE_METRE.);
#4=IFCSIUNIT(*,.VOLUMEUNIT.,$,.CUBIC_METRE.);
#5=IFCUNITASSIGNMENT((#4,#2,#3));
#6=IFCCARTESIANPOINT((0.,0.,0.));
#7=IFCDIRECTION((0.,0.,1.));
#8=IFCDIRECTION((1.,0.,0.));
#9=IFCAXIS2PLACEMENT3D(#6,#7,#8);
#10=IFCGEOMETRICREPRESENTATIONCONTEXT($,'Model',3,1.0000000000000001E-05,#9,$);
#11=IFCGEOMETRICREPRESENTATIONSUBCONTEXT('Body','Model',*,*,*,*,#10,$,.MODEL_VIEW.,$);
#12=IFCSITE('2AJFRwW1vER9SfWkw_0hOs',$,'My Site',$,$,$,$,$,$,$,$,$,$,$);
#13=IFCBUILDING('2NEVegTzT4Dg3hKiT_4Hoz',$,'Building A',$,$,$,$,$,$,$,$,$);
#14=IFCBUILDINGSTOREY('1iHycd$Ez65x7lwgnqHQSP',$,'Ground Floor',$,$,$,$,$,$,$);
#15=IFCRELAGGREGATES('1ySEHe9Y5Ad8QLS_JzKU5E',$,$,$,#1,(#12));
#16=IFCRELAGGREGATES('3Tg7Zd$Tz8Ru3hvZWj9M3e',$,$,$,#12,(#13));
#17=IFCRELAGGREGATES('1earAEvOLDve9uQv$5$n5U',$,$,$,#13,(#23,#18,#29,#24,#19,#14,#20,#26,#27,#22,#25,#21,#28));
#18=IFCBUILDINGSTOREY('0zucxPsmL6chfYZqj1vl5a',$,'Floor0',$,$,$,$,$,$,$);
#19=IFCBUILDINGSTOREY('2bW0VkfhHDXO4zfOwfOCTU',$,'Floor1',$,$,$,$,$,$,$);
#20=IFCBUILDINGSTOREY('34YlcrT5nFH9EEZ5nUWhs_',$,'Floor2',$,$,$,$,$,$,$);
#21=IFCBUILDINGSTOREY('3YebKVTAb8lRe_QFJySBw9',$,'Floor3',$,$,$,$,$,$,$);
#22=IFCBUILDINGSTOREY('127mc$uk56eQ_t6d__FK6P',$,'Floor4',$,$,$,$,$,$,$);
#23=IFCBUILDINGSTOREY('05cOJMNor94BhDB$_106T8',$,'Floor5',$,$,$,$,$,$,$);
#24=IFCBUILDINGSTOREY('18v2aaMCP1gBZODO19VMac',$,'Floor6',$,$,$,$,$,$,$);
#25=IFCBUILDINGSTOREY('2TSeyIByj2ovz7pnGrKBde',$,'Floor7',$,$,$,$,$,$,$);
#26=IFCBUILDINGSTOREY('2zycNC2ULBkR2yIbSb_qYP',$,'Floor8',$,$,$,$,$,$,$);
#27=IFCBUILDINGSTOREY('2PIXinaF5Ax9kwnbNwTC9Z',$,'Floor9',$,$,$,$,$,$,$);
#28=IFCBUILDINGSTOREY('3vrI1HY952s91ute$lG$xq',$,'Floor10',$,$,$,$,$,$,$);
#29=IFCBUILDINGSTOREY('1cKcOYz1HEkhrJ8oW4tbtS',$,'Floor11',$,$,$,$,$,$,$);
#30=IFCBEAM('0QlpWdO2X98evwPmfF_iF3',$,$,$,$,#52,#41,$,$);
#31=IFCCARTESIANPOINTLIST2D(((0.,0.),(0.,250.),(6000.,250.),(6000.,0.),(0.,0.)));
#32=IFCINDEXEDPOLYCURVE(#31,$,.F.);
#33=IFCDIRECTION((0.,0.,1.));
#34=IFCARBITRARYCLOSEDPROFILEDEF(.AREA.,$,#32);
#35=IFCCARTESIANPOINT((0.,0.,0.));
#36=IFCDIRECTION((0.,0.,1.));
#37=IFCDIRECTION((1.,0.,0.));
#38=IFCAXIS2PLACEMENT3D(#35,#36,#37);
#39=IFCEXTRUDEDAREASOLID(#34,#38,#33,-500.);
#40=IFCSHAPEREPRESENTATION(#11,'Body','SweptSolid',(#39));
#41=IFCPRODUCTDEFINITIONSHAPE($,$,(#40));
#47=IFCRELCONTAINEDINSPATIALSTRUCTURE('0WH5AMy9H2pvCDWjiPNM13',$,$,$,(#13513,#7753,#14809,#4815,#4971,#8585,#3307,#18163,#3463,#21777,#12190,#525,#13486,#18995,#12973,#17331,#2631,#10431,#17487,#10587,#21101,#15079,#5309,#1123,#8923,#6141,#11650,#9755,#16811,#4477,#4633,#12433,#13756,#1695,#2969,#20165,#3125,#14539,#21595,#187,#18657,#22271,#6479,#2293,#10093,#17149,#10249,#7311,#13216,#17981,#10925,#2189,#12703,#13999,#5803,#9417,#2865,#4139,#21335,#4295,#21491,#1357,#1513,#19827,#5127,#11380,#12676,#18319,#12163,#8481,#8637,#19151,#9911,#14269,#6973,#21829,#1851,#5465,#2527,#2683,#10483,#20997,#6297,#12946,#21153,#14242,#1019,#1175,#8975,#13729,#19489,#19645,#9651,#16707,#9807,#20321,#8143,#343,#8299,#3021,#12406,#6635,#6791,#11893,#13189,#3853,#22167,#7467,#22323,#15916,#2345,#10145,#20659,#20815,#681,#17877,#837,#18033,#19307,#11866,#9313,#16369,#9469,#19983,#4191,#13972,#7805,#7961,#13459,#5023,#19879,#5179,#16186,#3515,#21985,#13945,#19047,#2007,#12136,#19203,#13432,#20477,#7025,#12919,#17539,#10639,#17695,#15646,#9131,#6193,#21049,#6349,#16863,#7623,#1071,#11596,#4685,#19541,#4841,#11083,#12379,#3177,#10977,#13702,#20373,#21647,#395,#8195,#18709,#4009,#18865,#6687,#17201,#10301,#11056,#17357,#7363,#7519,#8793,#13162,#5855,#20711,#6011,#12649,#733,#17929,#4347,#4503,#15376,#1565,#9365,#16421,#20035,#16159,#13135,#57,#7857,#11326,#12622,#18371,#18527,#5075,#12109,#9963,#21881,#3567,#7181,#1903,#30,#5517,#5673,#12082,#2735,#17591,#2891,#21205,#11569,#12892,#1227,#9027,#1383,#19697,#6245,#16759,#16915,#18189,#4737,#8351,#15889,#3073,#12865,#3229,#21543,#6843,#12352,#13648,#3905,#18761,#4061,#11839,#22375,#2397,#10197,#17253,#2553,#20867,#15862,#889,#8689,#18085,#12325,#19359,#5907,#11812,#9521,#16577,#9677,#11299,#4399,#8013,#1617,#19931,#5231,#6505,#18423,#16132,#3723,#22037,#11272,#15619,#2059,#9859,#12595,#10015,#2215,#20529,#7077,#13378,#10691,#17747,#10847,#5569,#16105,#9183,#16239,#15592,#2787,#21257,#7675,#12055,#1279,#19593,#4893,#11542,#12838,#11029,#3385,#21699,#15565,#447,#8247,#603,#15052,#8403,#19073,#18917,#6739,#11515,#10353,#17409,#3957,#8845,#2449,#20763,#6063,#13108,#20919,#785,#941,#19255,#4555,#15835,#19411,#16473,#15322,#1773,#9573,#20087,#20243,#11785,#109,#7909,#13081,#265,#8065,#18579,#12568,#6401,#17071,#15295,#3619,#21933,#7233,#22089,#7389,#14782,#1955,#2111,#20425,#5725,#20581,#11245,#17643,#2943,#10743,#12028,#17799,#21413,#9079,#1435,#9235,#14755,#19749,#7571,#7727,#18241,#4789,#8559,#3281,#6895,#21751,#499,#18813,#12298,#18969,#5387,#17305,#15025,#2605,#10405,#17461,#14512,#8741,#15808,#1097,#8897,#5959,#12271,#6115,#16629,#9729,#11758,#4451,#4607,#14485,#1669,#20139,#6557,#161,#18475,#3775,#18631,#22245,#16078,#6453,#16967,#11218,#2267,#10067,#17123,#7129,#7285,#10899,#17955,#5621,#5777,#16291,#16051,#2839,#4113,#21309,#4269,#15538,#1331,#4945,#12001,#19801,#11488,#18137,#12784,#3437,#18293,#14215,#8455,#15511,#19125,#14998,#6947,#10561,#11461,#5283,#5439,#2501,#2657,#20971,#6271,#13675,#993,#19463,#15781,#16525,#9625,#16681,#9781,#20295,#15268,#317,#8117,#11731,#2995,#6609,#12514,#3671,#3827,#22141,#7441,#15241,#22297,#2163,#17019,#14728,#2319,#20633,#20789,#11191,#655,#10795,#811,#10951,#17851,#21465,#11974,#1487,#9287,#16343,#9443,#19957,#13405,#4165,#14701,#7779,#14188,#4997,#8611,#3333,#3489,#21803,#21959,#551,#1825,#19021,#1981,#20451,#12244,#10457,#17513,#10613,#21127,#14971,#5335,#1149,#8949,#14458,#9105,#15754,#6167,#21023,#16837,#12217,#1045,#4659,#11704,#8273,#1721,#20191,#3151,#14431,#20347,#21621,#213,#13918,#369,#8169,#15214,#18683,#18839,#11677,#10119,#16024,#17175,#10275,#11164,#7337,#22193,#7493,#18007,#8767,#13891,#5829,#20685,#5985,#707,#21361,#15997,#4321,#21517,#15484,#1539,#9339,#19853,#5153,#20009,#7831,#18345,#11434,#18501,#15970,#8507,#8663,#19177,#9937,#14161,#15457,#6999,#21855,#7155,#14944,#1877,#5491,#11407,#5647,#2709,#10509,#6323,#21179,#13621,#1201,#9001,#19515,#19671,#14404,#6219,#16733,#16889,#15727,#8325,#3047,#6661,#6817,#3879,#18735,#15700,#4035,#22349,#15187,#2371,#10171,#17227,#20841,#14674,#17903,#863,#18059,#19333,#11137,#5881,#16395,#9495,#16551,#15160,#4217,#4373,#13351,#7987,#14647,#5049,#19905,#14134,#5205,#11110,#3541,#18397,#3697,#22011,#9833,#2033,#19229,#20503,#12811,#7051,#17565,#10665,#17721,#15430,#10821,#13594,#5543,#14917,#9157,#16213,#21075,#6375,#7649,#4711,#19567,#4867,#16785,#14890,#3203,#11003,#3359,#21673,#14377,#421,#8221,#577,#18891,#13864,#6713,#10327,#17383,#11623,#3931,#8819,#14350,#2423,#12541,#20737,#6037,#13837,#759,#13324,#4529,#15943,#1591,#9391,#16447,#1747,#20061,#20217,#83,#7883,#239,#18553,#5101,#14620,#9989,#17045,#3593,#14107,#15403,#7207,#21907,#22063,#1929,#2085,#20399,#5699,#11353,#2761,#17617,#2917,#10717,#21231,#21387,#14080,#1253,#9053,#1409,#9209,#19723,#13567,#7545,#16941,#13054,#18215,#15673,#4763,#8377,#8533,#3099,#3255,#21569,#6869,#13540,#21725,#473,#18787,#13027,#4087,#5361,#10223,#17279,#2579,#10379,#15133,#20893,#915,#8715,#8871,#19385,#5933,#9547,#16603,#9703,#4425,#13810,#8039,#15106,#13297,#1643,#14593,#20113,#6531,#135,#18449,#3749,#18605,#22219,#9885,#2241,#10041,#20555,#13270,#7103,#7259,#17773,#12757,#10873,#5595,#16265,#14863,#2813,#21283,#7701,#1305,#19619,#4919,#12730,#19775,#7597,#18111,#3411,#18267,#14836,#629,#8429,#14323,#18943,#19099,#6765,#6921,#17435,#10535,#3983,#5257,#5413,#2475,#13000,#14296,#6089,#20945,#12487,#13783,#967,#19281,#4581,#19437,#16499,#1799,#9599,#16655,#20269,#7935,#291,#8091,#12460,#6427,#11947,#6583,#13243,#17097,#14566,#3645,#3801,#22115,#7415,#14053,#15349,#2137,#16993,#5751,#20607,#17669,#11920,#10769,#17825,#4243,#21439,#1461,#9261,#14026,#16317),#20);
#48=IFCCARTESIANPOINT((125.,6000.,24000.));
#49=IFCDIRECTION((0.,0.,1.));
#50=IFCDIRECTION((6.123233995736766E-17,1.,0.));
#51=IFCAXIS2PLACEMENT3D(#48,#49,#50);
#52=IFCLOCALPLACEMENT($,#51);
#53=IFCPROPERTYSET('2QZipJdDTF3eMtA8MfJn26',$,'Other',$,(#55,#56));
#54=IFCRELDEFINESBYPROPERTIES('14OmrgpYjEVP3jOr7V3zjO',$,$,$,(#30),#53);
#55=IFCPROPERTYSINGLEVALUE('Ax',$,IFCLABEL('0.001'),$);
#56=IFCPROPERTYSINGLEVALUE('Ay',$,IFCLABEL('0.001'),$);
#57=IFCBEAM('1HEkWtTVn9wQMiyxWmaUbF',$,$,$,$,#78,#68,$,$);
#58=IFCCARTESIANPOINTLIST2D(((0.,0.),(0.,250.),(6000.,250.),(6000.,0.),(0.,0.)));
#59=IFCINDEXEDPOLYCURVE(#58,$,.F.);
#60=IFCDIRECTION((0.,0.,1.));
#61=IFCARBITRARYCLOSEDPROFILEDEF(.AREA.,$,#59);
#62=IFCCARTESIANPOINT((0.,0.,0.));
#63=IFCDIRECTION((0.,0.,1.));
#64=IFCDIRECTION((1.,0.,0.));
#65=IFCAXIS2PLACEMENT3D(#62,#63,#64);
#66=IFCEXTRUDEDAREASOLID(#61,#65,#60,-500.);
#67=IFCSHAPEREPRESENTATION(#11,'Body','SweptSolid',(#66));
#68=IFCPRODUCTDEFINITIONSHAPE($,$,(#67));
#74=IFCCARTESIANPOINT((125.,12000.,24000.));
#75=IFCDIRECTION((0.,0.,1.));
#76=IFCDIRECTION((6.123233995736766E-17,1.,0.));
#77=IFCAXIS2PLACEMENT3D(#74,#75,#76);
#78=IFCLOCALPLACEMENT($,#77);
#79=IFCPROPERTYSET('2b9n9HGMj8HehC3GnLxvUb',$,'Other',$,(#81,#82));
#80=IFCRELDEFINESBYPROPERTIES('29nczmA$n4dQhw678cCTTN',$,$,$,(#57),#79);
#81=IFCPROPERTYSINGLEVALUE('Ax',$,IFCLABEL('0.001'),$);
#82=IFCPROPERTYSINGLEVALUE('Ay',$,IFCLABEL('0.001'),$);
#83=IFCBEAM('2JhHH0jp1CN9Ow0dNkI$CI',$,$,$,$,#104,#94,$,$);
#84=IFCCARTESIANPOINTLIST2D(((0.,0.),(0.,250.),(6000.,250.),(6000.,0.),(0.,0.)));
#85=IFCINDEXEDPOLYCURVE(#84,$,.F.);
#86=IFCDIRECTION((0.,0.,1.));
#87=IFCARBITRARYCLOSEDPROFILEDEF(.AREA.,$,#85);
#88=IFCCARTESIANPOINT((0.,0.,0.));
#89=IFCDIRECTION((0.,0.,1.));
#90=IFCDIRECTION((1.,0.,0.));
#91=IFCAXIS2PLACEMENT3D(#88,#89,#90);
#92=IFCEXTRUDEDAREASOLID(#87,#91,#86,-500.);
#93=IFCSHAPEREPRESENTATION(#11,'Body','SweptSolid',(#92));
#94=IFCPRODUCTDEFINITIONSHAPE($,$,(#93));
#100=IFCCARTESIANPOINT((6125.,6000.,24000.));
#101=IFCDIRECTION((0.,0.,1.));
#102=IFCDIRECTION((6.123233995736766E-17,1.,0.));
#103=IFCAXIS2PLACEMENT3D(#100,#101,#102);
#104=IFCLOCALPLACEMENT($,#103);
#105=IFCPROPERTYSET('3Owb7JGAXCn8YOc04b1MPg',$,'Other',$,(#107,#108));
#106=IFCRELDEFINESBYPROPERTIES('2iW84tquv9iBbTWL9tX7XP',$,$,$,(#83),#105);
#107=IFCPROPERTYSINGLEVALUE('Ax',$,IFCLABEL('0.001'),$);
#108=IFCPROPERTYSINGLEVALUE('Ay',$,IFCLABEL('0.001'),$);
#109=IFCBEAM('3gYkfHd$50pv2u1qeGWFVq',$,$,$,$,#130,#120,$,$);
#110=IFCCARTESIANPOINTLIST2D(((0.,0.),(0.,250.),(6000.,250.),(6000.,0.),(0.,0.)));
#111=IFCINDEXEDPOLYCURVE(#110,$,.F.);
#112=IFCDIRECTION((0.,0.,1.));
#113=IFCARBITRARYCLOSEDPROFILEDEF(.AREA.,$,#111);
#114=IFCCARTESIANPOINT((0.,0.,0.));
#115=IFCDIRECTION((0.,0.,1.));
#116=IFCDIRECTION((1.,0.,0.));
#117=IFCAXIS2PLACEMENT3D(#114,#115,#116);
#118=IFCEXTRUDEDAREASOLID(#113,#117,#112,-500.);
#119=IFCSHAPEREPRESENTATION(#11,'Body','SweptSolid',(#118));
#120=IFCPRODUCTDEFINITIONSHAPE($,$,(#119));
#126=IFCCARTESIANPOINT((6125.,12000.,24000.));
#127=IFCDIRECTION((0.,0.,1.));
#128=IFCDIRECTION((6.123233995736766E-17,1.,0.));
#129=IFCAXIS2PLACEMENT3D(#126,#127,#128);
#130=IFCLOCALPLACEMENT($,#129);
#131=IFCPROPERTYSET('2TjC$2Oqn7ZhO__7VIVM9E',$,'Other',$,(#133,#134));
#132=IFCRELDEFINESBYPROPERTIES('1udvKbs7z8XfRXxDvdowWk',$,$,$,(#109),#131);
#133=IFCPROPERTYSINGLEVALUE('Ax',$,IFCLABEL('0.001'),$);
#134=IFCPROPERTYSINGLEVALUE('Ay',$,IFCLABEL('0.001'),$);
#135=IFCBEAM('3SpMeE47X2OOSVW73$DUk_',$,$,$,$,#156,#146,$,$);
#136=IFCCARTESIANPOINTLIST2D(((0.,0.),(0.,250.),(6000.,250.),(6000.,0.),(0.,0.)));
#137=IFCINDEXEDPOLYCURVE(#136,$,.F.);
#138=IFCDIRECTION((0.,0.,1.));
#139=IFCARBITRARYCLOSEDPROFILEDEF(.AREA.,$,#137);
#140=IFCCARTESIANPOINT((0.,0.,0.));
#141=IFCDIRECTION((0.,0.,1.));
#142=IFCDIRECTION((1.,0.,0.));
#143=IFCAXIS2PLACEMENT3D(#140,#141,#142);
#144=IFCEXTRUDEDAREASOLID(#139,#143,#138,-500.);
#145=IFCSHAPEREPRESENTATION(#11,'Body','SweptSolid',(#144));
#146=IFCPRODUCTDEFINITIONSHAPE($,$,(#145));
#152=IFCCARTESIANPOINT((12125.,-7.6540424946709578E-15,24000.));
#153=IFCDIRECTION((0.,0.,1.));
#154=IFCDIRECTION((6.123233995736766E-17,1.,0.));
#155=IFCAXIS2PLACEMENT3D(#152,#153,#154);
#156=IFCLOCALPLACEMENT($,#155);
#157=IFCPROPERTYSET('1FU$KTV$59HhXA9vfzZ2JM',$,'Other',$,(#159,#160));
#158=IFCRELDEFINESBYPROPERTIES('1GStJbGrX4YAziCOE19LE1',$,$,$,(#135),#157);
#159=IFCPROPERTYSINGLEVALUE('Ax',$,IFCLABEL('0.001'),$);
#160=IFCPROPERTYSINGLEVALUE('Ay',$,IFCLABEL('0.001'),$);
#161=IFCBEAM('11a192L1PDhBVO_FLR15DU',$,$,$,$,#182,#172,$,$);
#162=IFCCARTESIANPOINTLIST2D(((0.,0.),(0.,250.),(6000.,250.),(6000.,0.),(0.,0.)));
#163=IFCINDEXEDPOLYCURVE(#162,$,.F.);
#164=IFCDIRECTION((0.,0.,1.));
#165=IFCARBITRARYCLOSEDPROFILEDEF(.AREA.,$,#163);
#166=IFCCARTESIANPOINT((0.,0.,0.));
#167=IFCDIRECTION((0.,0.,1.));
#168=IFCDIRECTION((1.,0.,0.));
#169=IFCAXIS2PLACEMENT3D(#166,#167,#168);
#170=IFCEXTRUDEDAREASOLID(#165,#169,#164,-500.);
#171=IFCSHAPEREPRESENTATION(#11,'Body','SweptSolid',(#170));
#172=IFCPRODUCTDEFINITIONSHAPE($,$,(#171));
#178=IFCCARTESIANPOINT((12125.,6000.,24000.));
#179=IFCDIRECTION((0.,0.,1.));
#180=IFCDIRECTION((6.123233995736766E-17,1.,0.));
#181=IFCAXIS2PLACEMENT3D(#178,#179,#180);
#182=IFCLOCALPLACEMENT($,#181);
#183=IFCPROPERTYSET('30e8rYy5zCo9td0A5pDfiJ',$,'Other',$,(#185,#186));
#184=IFCRELDEFINESBYPROPERTIES('1myj9bBsz0ZvtJJ9KWXo1X',$,$,$,(#161),#183);
#185=IFCPROPERTYSINGLEVALUE('Ax',$,IFCLABEL('0.001'),$);
#186=IFCPROPERTYSINGLEVALUE('Ay',$,IFCLABEL('0.001'),$);
#187=IFCBEAM('2Lf8eILK9F0hn2K$hgRzvI',$,$,$,$,#208,#198,$,$);
#188=IFCCARTESIANPOINTLIST2D(((0.,0.),(0.,250.),(6000.,250.),(6000.,0.),(0.,0.)));
#189=IFCINDEXEDPOLYCURVE(#188,$,.F.);
#190=IFCDIRECTION((0.,0.,1.));
#191=IFCARBITRARYCLOSEDPROFILEDEF(.AREA.,$,#189);
#192=IFCCARTESIANPOINT((0.,0.,0.));
#193=IFCDIRECTION((0.,0.,1.));
#194=IFCDIRECTION((1.,0.,0.));
#195=IFCAXIS2PLACEMENT3D(#192,#193,#194);
#196=IFCEXTRUDEDAREASOLID(#191,#195,#190,-500.);
#197=IFCSHAPEREPRESENTATION(#11,'Body','SweptSolid',(#196));
#198=IFCPRODUCTDEFINITIONSHAPE($,$,(#197));
#204=IFCCARTESIANPOINT((12125.,12000.,24000.));
#205=IFCDIRECTION((0.,0.,1.));
#206=IFCDIRECTION((6.123233995736766E-17,1.,0.));
#207=IFCAXIS2PLACEMENT3D(#204,#205,#206);
#208=IFCLOCALPLACEMENT($,#207);
#209=IFCPROPERTYSET('2tqPrap_52LPbrGExlxy_t',$,'Other',$,(#211,#212));
#210=IFCRELDEFINESBYPROPERTIES('1wtYwsHNXDDeF1NyrSkR99',$,$,$,(#187),#209);
#211=IFCPROPERTYSINGLEVALUE('Ax',$,IFCLABEL('0.001'),$);
#212=IFCPROPERTYSINGLEVALUE('Ay',$,IFCLABEL('0.001'),$);
#213=IFCBEAM('2YZDuhClnAPvQ0Mo$rc_Pj',$,$,$,$,#234,#224,$,$);
#214=IFCCARTESIANPOINTLIST2D(((0.,0.),(0.,250.),(6000.,250.),(6000.,0.),(0.,0.)));
#215=IFCINDEXEDPOLYCURVE(#214,$,.F.);
#216=IFCDIRECTION((0.,0.,1.));
#217=IFCARBITRARYCLOSEDPROFILEDEF(.AREA.,$,#215);
#218=IFCCARTESIANPOINT((0.,0.,0.));
#219=IFCDIRECTION((0.,0.,1.));
#220=IFCDIRECTION((1.,0.,0.));
#221=IFCAXIS2PLACEMENT3D(#218,#219,#220);
#222=IFCEXTRUDEDAREASOLID(#217,#221,#216,-500.);
#223=IFCSHAPEREPRESENTATION(#11,'Body','SweptSolid',(#222));
#224=IFCPRODUCTDEFINITIONSHAPE($,$,(#223));
#230=IFCCARTESIANPOINT((18125.,-7.6540424946709578E-15,24000.));
#231=IFCDIRECTION((0.,0.,1.));
#232=IFCDIRECTION((6.123233995736766E-17,1.,0.));
#233=IFCAXIS2PLACEMENT3D(#230,#231,#232);
#234=IFCLOCALPLACEMENT($,#233);
#235=IFCPROPERTYSET('3XYl6_fe94sP23VY42f4wl',$,'Other',$,(#237,#238));
#236=IFCRELDEFINESBYPROPERTIES('0LKLaHZCb6keWjSFIgeqF2',$,$,$,(#213),#235);
#237=IFCPROPERTYSINGLEVALUE('Ax',$,IFCLABEL('0.001'),$);
#238=IFCPROPERTYSINGLEVALUE('Ay',$,IFCLABEL('0.001'),$);
#239=IFCBEAM('1cVw04XD99SRTj$NMlg6Vx',$,$,$,$,#260,#250,$,$);
#240=IFCCARTESIANPOINTLIST2D(((0.,0.),(0.,250.),(6000.,250.),(6000.,0.),(0.,0.)));
#241=IFCINDEXEDPOLYCURVE(#240,$,.F.);
#242=IFCDIRECTION((0.,0.,1.));
#243=IFCARBITRARYCLOSEDPROFILEDEF(.AREA.,$,#241);
#244=IFCCARTESIANPOINT((0.,0.,0.));
#245=IFCDIRECTION((0.,0.,1.));
#246=IFCDIRECTION((1.,0.,0.));
#247=IFCAXIS2PLACEMENT3D(#244,#245,#246);
#248=IFCEXTRUDEDAREASOLID(#243,#247,#242,-500.);
#249=IFCSHAPEREPRESENTATION(#11,'Body','SweptSolid',(#248));
#250=IFCPRODUCTDEFINITIONSHAPE($,$,(#249));
#256=IFCCARTESIANPOINT((18125.,6000.,24000.));
#257=IFCDIRECTION((0.,0.,1.));
#258=IFCDIRECTION((6.123233995736766E-17,1.,0.));
#259=IFCAXIS2PLACEMENT3D(#256,#257,#258);
#260=IFCLOCALPLACEMENT($,#259);
#261=IFCPROPERTYSET('1VnbjDt2z4x9lez8IC4IRV',$,'Other',$,(#263,#264));
#262=IFCRELDEFINESBYPROPERTIES('0LGuvFdmX77x4B1ht6uo1z',$,$,$,(#239),#261);
#263=IFCPROPERTYSINGLEVALUE('Ax',$,IFCLABEL('0.001'),$);
#264=IFCPROPERTYSINGLEVALUE('Ay',$,IFCLABEL('0.001'),$);
#265=IFCBEAM('0MnzU05e94H91NGEXOm$72',$,$,$,$,#286,#276,$,$);
#266=IFCCARTESIANPOINTLIST2D(((0.,0.),(0.,250.),(6000.,250.),(6000.,0.),(0.,0.)));
#267=IFCINDEXEDPOLYCURVE(#266,$,.F.);
#268=IFCDIRECTION((0.,0.,1.));
#269=IFCARBITRARYCLOSEDPROFILEDEF(.AREA.,$,#267);
#270=IFCCARTESIANPOINT((0.,0.,0.));
#271=IFCDIRECTION((0.,0.,1.));
#272=IFCDIRECTION((1.,0.,0.));
#273=IFCAXIS2PLACEMENT3D(#270,#271,#272);
#274=IFCEXTRUDEDAREASOLID(#269,#273,#268,-500.);
#275=IFCSHAPEREPRESENTATION(#11,'Body','SweptSolid',(#274));
#276=IFCPRODUCTDEFINITIONSHAPE($,$,(#275));
#282=IFCCARTESIANPOINT((18125.,12000.,24000.));
#283=IFCDIRECTION((0.,0.,1.));
#284=IFCDIRECTION((6.123233995736766E-17,1.,0.));
#285=IFCAXIS2PLACEMENT3D(#282,#283,#284);
#286=IFCLOCALPLACEMENT($,#285);
#287=IFCPROPERTYSET('1dF3y80oj2PgYw3p_wBRuN',$,'Other',$,(#289,#290));
#288=IFCRELDEFINESBYPROPERTIES('0mRLOXY59DzQ1UMuGczA$I',$,$,$,(#265),#287);
#289=IFCPROPERTYSINGLEVALUE('Ax',$,IFCLABEL('0.001'),$);
#290=IFCPROPERTYSINGLEVALUE('Ay',$,IFCLABEL('0.001'),$);
#291=IFCBEAM('1DUi6bg0T6UOYkrljxhutc',$,$,$,$,#312,#302,$,$);
#292=IFCCARTESIANPOINTLIST2D(((0.,0.),(0.,250.),(6000.,250.),(6000.,0.),(0.,0.)));
#293=IFCINDEXEDPOLYCURVE(#292,$,.F.);
#294=IFCDIRECTION((0.,0.,1.));
#295=IFCARBITRARYCLOSEDPROFILEDEF(.AREA.,$,#293);
#296=IFCCARTESIANPOINT((0.,0.,0.));
#297=IFCDIRECTION((0.,0.,1.));
#298=IFCDIRECTION((1.,0.,0.));
#299=IFCAXIS2PLACEMENT3D(#296,#297,#298);
#300=IFCEXTRUDEDAREASOLID(#295,#299,#294,-500.);
#301=IFCSHAPEREPRESENTATION(#11,'Body','SweptSolid',(#300));
#302=IFCPRODUCTDEFINITIONSHAPE($,$,(#301));
#308=IFCCARTESIANPOINT((24125.,-7.6540424946709578E-15,24000.));
#309=IFCDIRECTION((0.,0.,1.));
#310=IFCDIRECTION((6.123233995736766E-17,1.,0.));
#311=IFCAXIS2PLACEMENT3D(#308,#309,#310);
#312=IFCLOCALPLACEMENT($,#311);
#313=IFCPROPERTYSET('15X8Qkv$r8hR6SDcqz8E$7',$,'Other',$,(#315,#316));
#314=IFCRELDEFINESBYPROPERTIES('0OtZ9KA9H5GxhuLcxKtfY7',$,$,$,(#291),#313);
#315=IFCPROPERTYSINGLEVALUE('Ax',$,IFCLABEL('0.001'),$);
#316=IFCPROPERTYSINGLEVALUE('Ay',$,IFCLABEL('0.001'),$);
#317=IFCBEAM('3gPMrZgp943wlYks4Q0MqR',$,$,$,$,#338,#328,$,$);
#318=IFCCARTESIANPOINTLIST2D(((0.,0.),(0.,250.),(6000.,250.),(6000.,0.),(0.,0.)));
#319=IFCINDEXEDPOLYCURVE(#318,$,.F.);
#320=IFCDIRECTION((0.,0.,1.));
#321=IFCARBITRARYCLOSEDPROFILEDEF(.AREA.,$,#319);
#322=IFCCARTESIANPOINT((0.,0.,0.));
#323=IFCDIRECTION((0.,0.,1.));
#324=IFCDIRECTION((1.,0.,0.));
#325=IFCAXIS2PLACEMENT3D(#322,#323,#324);
#326=IFCEXTRUDEDAREASOLID(#321,#325,#320,-500.);
#327=IFCSHAPEREPRESENTATION(#11,'Body','SweptSolid',(#326));
#328=IFCPRODUCTDEFINITIONSHAPE($,$,(#327));
#334=IFCCARTESIANPOINT((24125.,6000.,24000.));
#335=IFCDIRECTION((0.,0.,1.));
#336=IFCDIRECTION((6.123233995736766E-17,1.,0.));
#337=IFCAXIS2PLACEMENT3D(#334,#335,#336);
#338=IFCLOCALPLACEMENT($,#337);
#339=IFCPROPERTYSET('3h3lNHTP56oh2tRYNz$ueR',$,'Other',$,(#341,#342));
#340=IFCRELDEFINESBYPROPERTIES('2lq9RxNyX6FPcdUc7jC8$S',$,$,$,(#317),#339);
#341=IFCPROPERTYSINGLEVALUE('Ax',$,IFCLABEL('0.001'),$);
#342=IFCPROPERTYSINGLEVALUE('Ay',$,IFCLABEL('0.001'),$);
#343=IFCBEAM('3Mjrvx30vEYvulTuTsQLJE',$,$,$,$,#364,#354,$,$);
#344=IFCCARTESIANPOINTLIST2D(((0.,0.),(0.,250.),(6000.,250.),(6000.,0.),(0.,0.)));
#345=IFCINDEXEDPOLYCURVE(#344,$,.F.);
#346=IFCDIRECTION((0.,0.,1.));
#347=IFCARBITRARYCLOSEDPROFILEDEF(.AREA.,$,#345);
#348=IFCCARTESIANPOINT((0.,0.,0.));
#349=IFCDIRECTION((0.,0.,1.));
#350=IFCDIRECTION((1.,0.,0.));
#351=IFCAXIS2PLACEMENT3D(#348,#349,#350);
#352=IFCEXTRUDEDAREASOLID(#347,#351,#346,-500.);
#353=IFCSHAPEREPRESENTATION(#11,'Body','SweptSolid',(#352));
#354=IFCPRODUCTDEFINITIONSHAPE($,$,(#353));
#360=IFCCARTESIANPOINT((24125.,12000.,24000.));
#361=IFCDIRECTION((0.,0.,1.));
#362=IFCDIRECTION((6.123233995736766E-17,1.,0.));
#363=IFCAXIS2PLACEMENT3D(#360,#361,#362);
#364=IFCLOCALPLACEMENT($,#363);
#365=IFCPROPERTYSET('0OJC0jlkrFEOGGsnM8DQF2',$,'Other',$,(#367,#368));
#366=IFCRELDEFINESBYPROPERTIES('0g6AzS2798ef6hAyjHXYM3',$,$,$,(#343),#365);
#367=IFCPROPERTYSINGLEVALUE('Ax',$,IFCLABEL('0.001'),$);
#368=IFCPROPERTYSINGLEVALUE('Ay',$,IFCLABEL('0.001'),$);
#369=IFCBEAM('2pdOQU29DDdgC1iEHaJf7f',$,$,$,$,#390,#380,$,$);
#370=IFCCARTESIANPOINTLIST2D(((0.,0.),(0.,250.),(6000.,250.),(6000.,0.),(0.,0.)));
#371=IFCINDEXEDPOLYCURVE(#370,$,.F.);
#372=IFCDIRECTION((0.,0.,1.));
#373=IFCARBITRARYCLOSEDPROFILEDEF(.AREA.,$,#371);
#374=IFCCARTESIANPOINT((0.,0.,0.));
#375=IFCDIRECTION((0.,0.,1.));
#376=IFCDIRECTION((1.,0.,0.));
#377=IFCAXIS2PLACEMENT3D(#374,#375,#376);
#378=IFCEXTRUDEDAREASOLID(#373,#377,#372,-400.);
#379=IFCSHAPEREPRESENTATION(#11,'Body','SweptSolid',(#378));
#380=IFCPRODUCTDEFINITIONSHAPE($,$,(#379));
#386=IFCCARTESIANPOINT((30125.,12000.,24000.));
#387=IFCDIRECTION((0.,0.,1.));
#388=IFCDIRECTION((6.123233995736766E-17,1.,0.));
#389=IFCAXIS2PLACEMENT3D(#386,#387,#388);
#390=IFCLOCALPLACEMENT($,#389);
#391=IFCPROPERTYSET('01q$fWvkH4qBmVpPc_VeOu',$,'Other',$,(#393,#394));
#392=IFCRELDEFINESBYPROPERTIES('1yookXiMr9_g4JiaS_WGrx',$,$,$,(#369),#391);
#393=IFCPROPERTYSINGLEVALUE('Ax',$,IFCLABEL('0.001'),$);
#394=IFCPROPERTYSINGLEVALUE('Ay',$,IFCLABEL('0.001'),$);
#395=IFCBEAM('3Aq5BdlxX74AmqrPFYn2ll',$,$,$,$,#416,#406,$,$);
#396=IFCCARTESIANPOINTLIST2D(((0.,0.),(0.,250.),(6000.,250.),(6000.,0.),(0.,0.)));
#397=IFCINDEXEDPOLYCURVE(#396,$,.F.);
#398=IFCDIRECTION((0.,0.,1.));
#399=IFCARBITRARYCLOSEDPROFILEDEF(.AREA.,$,#397);
#400=IFCCARTESIANPOINT((0.,0.,0.));
#401=IFCDIRECTION((0.,0.,1.));
#402=IFCDIRECTION((1.,0.,0.));
#403=IFCAXIS2PLACEMENT3D(#400,#401,#402);
#404=IFCEXTRUDEDAREASOLID(#399,#403,#398,-500.);
#405=IFCSHAPEREPRESENTATION(#11,'Body','SweptSolid',(#404));
#406=IFCPRODUCTDEFINITIONSHAPE($,$,(#405));
#412=IFCCARTESIANPOINT((0.,-125.,24000.));
#413=IFCDIRECTION((0.,0.,1.));
#414=IFCDIRECTION((1.,0.,0.));
#415=IFCAXIS2PLACEMENT3D(#412,#413,#414);
#416=IFCLOCALPLACEMENT($,#415);
#417=IFCPROPERTYSET('3mRM4bAFr7184RyU219IVn',$,'Other',$,(#419,#420));
#418=IFCRELDEFINESBYPROPERTIES('1hU7lg56T9JhACgda_Tk_c',$,$,$,(#395),#417);
#419=IFCPROPERTYSINGLEVALUE('Ax',$,IFCLABEL('0.001'),$);
#420=IFCPROPERTYSINGLEVALUE('Ay',$,IFCLABEL('0.001'),$);
#421=IFCBEAM('1GmHjNprb8OO$yNUJR6Gdi',$,$,$,$,#442,#432,$,$);
#422=IFCCARTESIANPOINTLIST2D(((0.,0.),(0.,250.),(6000.,250.),(6000.,0.),(0.,0.)));
#423=IFCINDEXEDPOLYCURVE(#422,$,.F.);
#424=IFCDIRECTION((0.,0.,1.));
#425=IFCARBITRARYCLOSEDPROFILEDEF(.AREA.,$,#423);
#426=IFCCARTESIANPOINT((0.,0.,0.));
#427=IFCDIRECTION((0.,0.,1.));
#428=IFCDIRECTION((1.,0.,0.));
#429=IFCAXIS2PLACEMENT3D(#426,#427,#428);
#430=IFCEXTRUDEDAREASOLID(#425,#429,#424,-500.);
#431=IFCSHAPEREPRESENTATION(#11,'Body','SweptSolid',(#430));
#432=IFCPRODUCTDEFINITIONSHAPE($,$,(#431));
#438=IFCCARTESIANPOINT((6000.,-125.,24000.));
#439=IFCDIRECTION((0.,0.,1.));
#440=IFCDIRECTION((1.,0.,0.));
#441=IFCAXIS2PLACEMENT3D(#438,#439,#440);
#442=IFCLOCALPLACEMENT($,#441);
#443=IFCPROPERTYSET('1DDyoHGpfD88kz4qujywRG',$,'Other',$,(#445,#446));
#444=IFCRELDEFINESBYPROPERTIES('0gsgajLa16CAPiH26fAnFF',$,$,$,(#421),#443);
#445=IFCPROPERTYSINGLEVALUE('Ax',$,IFCLABEL('0.001'),$);
#446=IFCPROPERTYSINGLEVALUE('Ay',$,IFCLABEL('0.001'),$);
#447=IFCBEAM('1bdDwPXSj2aw2otZ0RymYc',$,$,$,$,#468,#458,$,$);
#448=IFCCARTESIANPOINTLIST2D(((0.,0.),(0.,250.),(6000.,250.),(6000.,0.),(0.,0.)));
#449=IFCINDEXEDPOLYCURVE(#448,$,.F.);
#450=IFCDIRECTION((0.,0.,1.));
#451=IFCARBITRARYCLOSEDPROFILEDEF(.AREA.,$,#449);
#452=IFCCARTESIANPOINT((0.,0.,0.));
#453=IFCDIRECTION((0.,0.,1.));
#454=IFCDIRECTION((1.,0.,0.));
#455=IFCAXIS2PLACEMENT3D(#452,#453,#454);
#456=IFCEXTRUDEDAREASOLID(#451,#455,#450,-500.);
#457=IFCSHAPEREPRESENTATION(#11,'Body','SweptSolid',(#456));
#458=IFCPRODUCTDEFINITIONSHAPE($,$,(#457));
#464=IFCCARTESIANPOINT((12000.,-125.,24000.));
#465=IFCDIRECTION((0.,0.,1.));
#466=IFCDIRECTION((1.,0.,0.));
#467=IFCAXIS2PLACEMENT3D(#464,#465,#466);
#468=IFCLOCALPLACEMENT($,#467);
#469=IFCPROPERTYSET('0IvRtjQ0z2PBJOs2HN_lrc',$,'Other',$,(#471,#472));
#470=IFCRELDEFINESBYPROPERTIES('1gO30EZkzDfhHjC5yvMW7X',$,$,$,(#447),#469);
#471=IFCPROPERTYSINGLEVALUE('Ax',$,IFCLABEL('0.001'),$);
#472=IFCPROPERTYSINGLEVALUE('Ay',$,IFCLABEL('0.001'),$);
#473=IFCBEAM('0s9w6dtHL7NgobLNY0niAd',$,$,$,$,#494,#484,$,$);
#474=IFCCARTESIANPOINTLIST2D(((0.,0.),(0.,250.),(6000.,250.),(6000.,0.),(0.,0.)));
#475=IFCINDEXEDPOLYCURVE(#474,$,.F.);
#476=IFCDIRECTION((0.,0.,1.));
#477=IFCARBITRARYCLOSEDPROFILEDEF(.AREA.,$,#475);
#478=IFCCARTESIANPOINT((0.,0.,0.));
#479=IFCDIRECTION((0.,0.,1.));
#480=IFCDIRECTION((1.,0.,0.));
#481=IFCAXIS2PLACEMENT3D(#478,#479,#480);
#482=IFCEXTRUDEDAREASOLID(#477,#481,#476,-500.);
#483=IFCSHAPEREPRESENTATION(#11,'Body','SweptSolid',(#482));
#484=IFCPRODUCTDEFINITIONSHAPE($,$,(#483));
#490=IFCCARTESIANPOINT((18000.,-125.,24000.));
#491=IFCDIRECTION((0.,0.,1.));
#492=IFCDIRECTION((1.,0.,0.));
#493=IFCAXIS2PLACEMENT3D(#490,#491,#492);
#494=IFCLOCALPLACEMENT($,#493);
#495=IFCPROPERTYSET('3bm7p02Fr7ORNt82gcYQYs',$,'Other',$,(#497,#498));
#496=IFCRELDEFINESBYPROPERTIES('0bO73ROEDD9fYHnmDM3jBb',$,$,$,(#473),#495);
#497=IFCPROPERTYSINGLEVALUE('Ax',$,IFCLABEL('0.001'),$);
#498=IFCPROPERTYSINGLEVALUE('Ay',$,IFCLABEL('0.001'),$);
#499=IFCBEAM('21UEJA6AT3Z8c8PBx_Y4ZT',$,$,$,$,#520,#510,$,$);
#500=IFCCARTESIANPOINTLIST2D(((0.,0.),(0.,250.),(6000.,250.),(6000.,0.),(0.,0.)));
#501=IFCINDEXEDPOLYCURVE(#500,$,.F.);
#502=IFCDIRECTION((0.,0.,1.));
#503=IFCARBITRARYCLOSEDPROFILEDEF(.AREA.,$,#501);
#504=IFCCARTESIANPOINT((0.,0.,0.));
#505=IFCDIRECTION((0.,0.,1.));
#506=IFCDIRECTION((1.,0.,0.));
#507=IFCAXIS2PLACEMENT3D(#504,#505,#506);
#508=IFCEXTRUDEDAREASOLID(#503,#507,#502,-500.);
#509=IFCSHAPEREPRESENTATION(#11,'Body','SweptSolid',(#508));
#510=IFCPRODUCTDEFINITIONSHAPE($,$,(#509));
#516=IFCCARTESIANPOINT((0.,5875.,24000.));
#517=IFCDIRECTION((0.,0.,1.));
#518=IFCDIRECTION((1.,0.,0.));
#519=IFCAXIS2PLACEMENT3D(#516,#517,#518);
#520=IFCLOCALPLACEMENT($,#519);
#521=IFCPROPERTYSET('1RwsM884b3Jg3XttKeIuhC',$,'Other',$,(#523,#524));
#522=IFCRELDEFINESBYPROPERTIES('0YQz4lawr6QQNtGCJVqzrM',$,$,$,(#499),#521);
#523=IFCPROPERTYSINGLEVALUE('Ax',$,IFCLABEL('0.001'),$);
#524=IFCPROPERTYSINGLEVALUE('Ay',$,IFCLABEL('0.001'),$);
#525=IFCBEAM('3Xzz_gG3v1rABG8nW6OC2O',$,$,$,$,#546,#536,$,$);
#526=IFCCARTESIANPOINTLIST2D(((0.,0.),(0.,250.),(6000.,250.),(6000.,0.),(0.,0.)));
#527=IFCINDEXEDPOLYCURVE(#526,$,.F.);
#528=IFCDIRECTION((0.,0.,1.));
#529=IFCARBITRARYCLOSEDPROFILEDEF(.AREA.,$,#527);
#530=IFCCARTESIANPOINT((0.,0.,0.));
#531=IFCDIRECTION((0.,0.,1.));
#532=IFCDIRECTION((1.,0.,0.));
#533=IFCAXIS2PLACEMENT3D(#530,#531,#532);
#534=IFCEXTRUDEDAREASOLID(#529,#533,#528,-500.);
#535=IFCSHAPEREPRESENTATION(#11,'Body','SweptSolid',(#534));
#536=IFCPRODUCTDEFINITIONSHAPE($,$,(#535));
#542=IFCCARTESIANPOINT((6000.,5875.,24000.));
#543=IFCDIRECTION((0.,0.,1.));
#544=IFCDIRECTION((1.,0.,0.));
#545=IFCAXIS2PLACEMENT3D(#542,#543,#544);
#546=IFCLOCALPLACEMENT($,#545);
#547=IFCPROPERTYSET('14E_mnzDjBOBxteIJTLUns',$,'Other',$,(#549,#550));
#548=IFCRELDEFINESBYPROPERTIES('2hObR1xg91ZxoRfhyREczl',$,$,$,(#525),#547);
#549=IFCPROPERTYSINGLEVALUE('Ax',$,IFCLABEL('0.001'),$);
#550=IFCPROPERTYSINGLEVALUE('Ay',$,IFCLABEL('0.001'),$);
#551=IFCBEAM('2zYGvEHbDBVuzsurlHqmJt',$,$,$,$,#572,#562,$,$);
#552=IFCCARTESIANPOINTLIST2D(((0.,0.),(0.,250.),(6000.,250.),(6000.,0.),(0.,0.)));
#553=IFCINDEXEDPOLYCURVE(#552,$,.F.);
#554=IFCDIRECTION((0.,0.,1.));
#555=IFCARBITRARYCLOSEDPROFILEDEF(.AREA.,$,#553);
#556=IFCCARTESIANPOINT((0.,0.,0.));
#557=IFCDIRECTION((0.,0.,1.));
#558=IFCDIRECTION((1.,0.,0.));
#559=IFCAXIS2PLACEMENT3D(#556,#557,#558);
#560=IFCEXTRUDEDAREASOLID(#555,#559,#554,-500.);
#561=IFCSHAPEREPRESENTATION(#11,'Body','SweptSolid',(#560));
#562=IFCPRODUCTDEFINITIONSHAPE($,$,(#561));
#568=IFCCARTESIANPOINT((12000.,5875.,24000.));
#569=IFCDIRECTION((0.,0.,1.));
#570=IFCDIRECTION((1.,0.,0.));
#571=IFCAXIS2PLACEMENT3D(#568,#569,#570);
#572=IFCLOCALPLACEMENT($,#571);
#573=IFCPROPERTYSET('09wv8mksP6YRiQ8hV8$JC_',$,'Other',$,(#575,#576));
#574=IFCRELDEFINESBYPROPERTIES('2YdqXFG299M93zws8EjQUX',$,$,$,(#551),#573);
#575=IFCPROPERTYSINGLEVALUE('Ax',$,IFCLABEL('0.001'),$);
#576=IFCPROPERTYSINGLEVALUE('Ay',$,IFCLABEL('0.001'),$);
#577=IFCBEAM('2rXvFU3uD4e9aW1HpeYsVy',$,$,$,$,#598,#588,$,$);
#578=IFCCARTESIANPOINTLIST2D(((0.,0.),(0.,250.),(6000.,250.),(6000.,0.),(0.,0.)));
#579=IFCINDEXEDPOLYCURVE(#578,$,.F.);
#580=IFCDIRECTION((0.,0.,1.));
#581=IFCARBITRARYCLOSEDPROFILEDEF(.AREA.,$,#579);
#582=IFCCARTESIANPOINT((0.,0.,0.));
#583=IFCDIRECTION((0.,0.,1.));
#584=IFCDIRECTION((1.,0.,0.));
#585=IFCAXIS2PLACEMENT3D(#582,#583,#584);
#586=IFCEXTRUDEDAREASOLID(#581,#585,#580,-500.);
#587=IFCSHAPEREPRESENTATION(#11,'Body','SweptSolid',(#586));
#588=IFCPRODUCTDEFINITIONSHAPE($,$,(#587));
#594=IFCCARTESIANPOINT((18000.,5875.,24000.));
#595=IFCDIRECTION((0.,0.,1.));
#596=IFCDIRECTION((1.,0.,0.));
#597=IFCAXIS2PLACEMENT3D(#594,#595,#596);
#598=IFCLOCALPLACEMENT($,#597);
#599=IFCPROPERTYSET('2dqMcA7cnFCRftJ0LxtwQt',$,'Other',$,(#601,#602));
#600=IFCRELDEFINESBYPROPERTIES('1ilP$q9Fn4oAAZCn8HUuFf',$,$,$,(#577),#599);
#601=IFCPROPERTYSINGLEVALUE('Ax',$,IFCLABEL('0.001'),$);
#602=IFCPROPERTYSINGLEVALUE('Ay',$,IFCLABEL('0.001'),$);
#603=IFCBEAM('3rq_k$5l1AIvG2BGDZSwDr',$,$,$,$,#624,#614,$,$);
#604=IFCCARTESIANPOINTLIST2D(((0.,0.),(0.,250.),(6000.,250.),(6000.,0.),(0.,0.)));
#605=IFCINDEXEDPOLYCURVE(#604,$,.F.);
#606=IFCDIRECTION((0.,0.,1.));
#607=IFCARBITRARYCLOSEDPROFILEDEF(.AREA.,$,#605);
#608=IFCCARTESIANPOINT((0.,0.,0.));
#609=IFCDIRECTION((0.,0.,1.));
#610=IFCDIRECTION((1.,0.,0.));
#611=IFCAXIS2PLACEMENT3D(#608,#609,#610);
#612=IFCEXTRUDEDAREASOLID(#607,#611,#606,-500.);
#613=IFCSHAPEREPRESENTATION(#11,'Body','SweptSolid',(#612));
#614=IFCPRODUCTDEFINITIONSHAPE($,$,(#613));
#620=IFCCARTESIANPOINT((24000.,5875.,24000.));
#621=IFCDIRECTION((0.,0.,1.));
#622=IFCDIRECTION((1.,0.,0.));
#623=IFCAXIS2PLACEMENT3D(#620,#621,#622);
#624=IFCLOCALPLACEMENT($,#623);
#625=IFCPROPERTYSET('2a_8tr2uH1zekeFfajEAlW',$,'Other',$,(#627,#628));
#626=IFCRELDEFINESBYPROPERTIES('12t5dU4rTEmACS3vcuRco7',$,$,$,(#603),#625);
#627=IFCPROPERTYSINGLEVALUE('Ax',$,IFCLABEL('0.001'),$);
#628=IFCPROPERTYSINGLEVALUE('Ay',$,IFCLABEL('0.001'),$);
#629=IFCBEAM('1DMRnkOI54wQNnOAoe9pvs',$,$,$,$,#650,#640,$,$);
#630=IFCCARTESIANPOINTLIST2D(((0.,0.),(0.,250.),(6000.,250.),(6000.,0.),(0.,0.)));
#631=IFCINDEXEDPOLYCURVE(#630,$,.F.);
#632=IFCDIRECTION((0.,0.,1.));
#633=IFCARBITRARYCLOSEDPROFILEDEF(.AREA.,$,#631);
#634=IFCCARTESIANPOINT((0.,0.,0.));
#635=IFCDIRECTION((0.,0.,1.));
#636=IFCDIRECTION((1.,0.,0.));
#637=IFCAXIS2PLACEMENT3D(#634,#635,#636);
#638=IFCEXTRUDEDAREASOLID(#633,#637,#632,-500.);
#639=IFCSHAPEREPRESENTATION(#11,'Body','SweptSolid',(#638));
#640=IFCPRODUCTDEFINITIONSHAPE($,$,(#639));
#646=IFCCARTESIANPOINT((0.,11875.,24000.));
#647=IFCDIRECTION((0.,0.,1.));
#648=IFCDIRECTION((1.,0.,0.));
#649=IFCAXIS2PLACEMENT3D(#646,#647,#648);
#650=IFCLOCALPLACEMENT($,#649);
#651=IFCPROPERTYSET('08OmsQcb57iOEJW_uH$$Rt',$,'Other',$,(#653,#654));
#652=IFCRELDEFINESBYPROPERTIES('1Srwvmv6T2gQf8mmdpOGUO',$,$,$,(#629),#651);
#653=IFCPROPERTYSINGLEVALUE('Ax',$,IFCLABEL('0.001'),$);
#654=IFCPROPERTYSINGLEVALUE('Ay',$,IFCLABEL('0.001'),$);
#655=IFCBEAM('0DgT5vJij8TRdPXynwQZ2i',$,$,$,$,#676,#666,$,$);
#656=IFCCARTESIANPOINTLIST2D(((0.,0.),(0.,250.),(6000.,250.),(6000.,0.),(0.,0.)));
#657=IFCINDEXEDPOLYCURVE(#656,$,.F.);
#658=IFCDIRECTION((0.,0.,1.));
#659=IFCARBITRARYCLOSEDPROFILEDEF(.AREA.,$,#657);
#660=IFCCARTESIANPOINT((0.,0.,0.));
#661=IFCDIRECTION((0.,0.,1.));
#662=IFCDIRECTION((1.,0.,0.));
#663=IFCAXIS2PLACEMENT3D(#660,#661,#662);
#664=IFCEXTRUDEDAREASOLID(#659,#663,#658,-500.);
#665=IFCSHAPEREPRESENTATION(#11,'Body','SweptSolid',(#664));
#666=IFCPRODUCTDEFINITIONSHAPE($,$,(#665));
#672=IFCCARTESIANPOINT((6000.,11875.,24000.));
#673=IFCDIRECTION((0.,0.,1.));
#674=IFCDIRECTION((1.,0.,0.));
#675=IFCAXIS2PLACEMENT3D(#672,#673,#674);
#676=IFCLOCALPLACEMENT($,#675);
#677=IFCPROPERTYSET('3WdzSVAXDEvwSP3LUqRwp7',$,'Other',$,(#679,#680));
#678=IFCRELDEFINESBYPROPERTIES('00wFhOgEnB_Qzq$EdNA3tR',$,$,$,(#655),#677);
#679=IFCPROPERTYSINGLEVALUE('Ax',$,IFCLABEL('0.001'),$);
#680=IFCPROPERTYSINGLEVALUE('Ay',$,IFCLABEL('0.001'),$);
#681=IFCBEAM('1Hgpxx7qz3gwL63sAtstla',$,$,$,$,#702,#692,$,$);
#682=IFCCARTESIANPOINTLIST2D(((0.,0.),(0.,250.),(6000.,250.),(6000.,0.),(0.,0.)));
#683=IFCINDEXEDPOLYCURVE(#682,$,.F.);
#684=IFCDIRECTION((0.,0.,1.));
#685=IFCARBITRARYCLOSEDPROFILEDEF(.AREA.,$,#683);
#686=IFCCARTESIANPOINT((0.,0.,0.));
#687=IFCDIRECTION((0.,0.,1.));
#688=IFCDIRECTION((1.,0.,0.));
#689=IFCAXIS2PLACEMENT3D(#686,#687,#688);
#690=IFCEXTRUDEDAREASOLID(#685,#689,#684,-500.);
#691=IFCSHAPEREPRESENTATION(#11,'Body','SweptSolid',(#690));
#692=IFCPRODUCTDEFINITIONSHAPE($,$,(#691));
#698=IFCCARTESIANPOINT((12000.,11875.,24000.));
#699=IFCDIRECTION((0.,0.,1.));
#700=IFCDIRECTION((1.,0.,0.));
#701=IFCAXIS2PLACEMENT3D(#698,#699,#700);
#702=IFCLOCALPLACEMENT($,#701);
#703=IFCPROPERTYSET('1KiTuykgz8tw_uUAVBOIBg',$,'Other',$,(#705,#706));
#704=IFCRELDEFINESBYPROPERTIES('3EOcwFXKf2a8qf7h1waZF8',$,$,$,(#681),#703);
#705=IFCPROPERTYSINGLEVALUE('Ax',$,IFCLABEL('0.001'),$);
#706=IFCPROPERTYSINGLEVALUE('Ay',$,IFCLABEL('0.001'),$);
#707=IFCBEAM('3yr9fZBWb51h3juwli$ZkR',$,$,$,$,#728,#718,$,$);
#708=IFCCARTESIANPOINTLIST2D(((0.,0.),(0.,250.),(6000.,250.),(6000.,0.),(0.,0.)));
#709=IFCINDEXEDPOLYCURVE(#708,$,.F.);
#710=IFCDIRECTION((0.,0.,1.));
#711=IFCARBITRARYCLOSEDPROFILEDEF(.AREA.,$,#709);
#712=IFCCARTESIANPOINT((0.,0.,0.));
#713=IFCDIRECTION((0.,0.,1.));
#714=IFCDIRECTION((1.,0.,0.));
#715=IFCAXIS2PLACEMENT3D(#712,#713,#714);
#716=IFCEXTRUDEDAREASOLID(#711,#715,#710,-500.);
#717=IFCSHAPEREPRESENTATION(#11,'Body','SweptSolid',(#716));
#718=IFCPRODUCTDEFINITIONSHAPE($,$,(#717));
#724=IFCCARTESIANPOINT((18000.,11875.,24000.));
#725=IFCDIRECTION((0.,0.,1.));
#726=IFCDIRECTION((1.,0.,0.));
#727=IFCAXIS2PLACEMENT3D(#724,#725,#726);
#728=IFCLOCALPLACEMENT($,#727);
#729=IFCPROPERTYSET('2d68G_Y8H4DgG$3WveMBPh',$,'Other',$,(#731,#732));
#730=IFCRELDEFINESBYPROPERTIES('2r9HSwgaHFx9jxZz3o6UuX',$,$,$,(#707),#729);
#731=IFCPROPERTYSINGLEVALUE('Ax',$,IFCLABEL('0.001'),$);
#732=IFCPROPERTYSINGLEVALUE('Ay',$,IFCLABEL('0.001'),$);
#733=IFCBEAM('0RNAmnG$PE6BsYQXU0GpNm',$,$,$,$,#754,#744,$,$);
#734=IFCCARTESIANPOINTLIST2D(((0.,0.),(0.,250.),(6000.,250.),(6000.,0.),(0.,0.)));
#735=IFCINDEXEDPOLYCURVE(#734,$,.F.);
#736=IFCDIRECTION((0.,0.,1.));
#737=IFCARBITRARYCLOSEDPROFILEDEF(.AREA.,$,#735);
#738=IFCCARTESIANPOINT((0.,0.,0.));
#739=IFCDIRECTION((0.,0.,1.));
#740=IFCDIRECTION((1.,0.,0.));
#741=IFCAXIS2PLACEMENT3D(#738,#739,#740);
#742=IFCEXTRUDEDAREASOLID(#737,#741,#736,-500.);
#743=IFCSHAPEREPRESENTATION(#11,'Body','SweptSolid',(#742));
#744=IFCPRODUCTDEFINITIONSHAPE($,$,(#743));
#750=IFCCARTESIANPOINT((0.,17875.,24000.));
#751=IFCDIRECTION((0.,0.,1.));
#752=IFCDIRECTION((1.,0.,0.));
#753=IFCAXIS2PLACEMENT3D(#750,#751,#752);
#754=IFCLOCALPLACEMENT($,#753);
#755=IFCPROPERTYSET('0h$_eNzUz7gf6clqzzfmCP',$,'Other',$,(#757,#758));
#756=IFCRELDEFINESBYPROPERTIES('1V4ZTO7Q53mBvJFb4GIPST',$,$,$,(#733),#755);
#757=IFCPROPERTYSINGLEVALUE('Ax',$,IFCLABEL('0.001'),$);
#758=IFCPROPERTYSINGLEVALUE('Ay',$,IFCLABEL('0.001'),$);
#759=IFCBEAM('0Efdkqvwz6kOoFmRRdXquY',$,$,$,$,#780,#770,$,$);
#760=IFCCARTESIANPOINTLIST2D(((0.,0.),(0.,250.),(6000.,250.),(6000.,0.),(0.,0.)));
#761=IFCINDEXEDPOLYCURVE(#760,$,.F.);
#762=IFCDIRECTION((0.,0.,1.));
#763=IFCARBITRARYCLOSEDPROFILEDEF(.AREA.,$,#761);
#764=IFCCARTESIANPOINT((0.,0.,0.));
#765=IFCDIRECTION((0.,0.,1.));
#766=IFCDIRECTION((1.,0.,0.));
#767=IFCAXIS2PLACEMENT3D(#764,#765,#766);
#768=IFCEXTRUDEDAREASOLID(#763,#767,#762,-500.);
#769=IFCSHAPEREPRESENTATION(#11,'Body','SweptSolid',(#768));
#770=IFCPRODUCTDEFINITIONSHAPE($,$,(#769));
#776=IFCCARTESIANPOINT((6000.,17875.,24000.));
#777=IFCDIRECTION((0.,0.,1.));
#778=IFCDIRECTION((1.,0.,0.));
#779=IFCAXIS2PLACEMENT3D(#776,#777,#778);
#780=IFCLOCALPLACEMENT($,#779);
#781=IFCPROPERTYSET('1Lj56tvGn6mejIYcowe$uM',$,'Other',$,(#783,#784));
#782=IFCRELDEFINESBYPROPERTIES('2$ca0EIjH6qwI6NRM1gtbr',$,$,$,(#759),#781);
#783=IFCPROPERTYSINGLEVALUE('Ax',$,IFCLABEL('0.001'),$);
#784=IFCPROPERTYSINGLEVALUE('Ay',$,IFCLABEL('0.001'),$);
#785=IFCBEAM('2F7H3qYCL7DecdVox$EOyR',$,$,$,$,#806,#796,$,$);
#786=IFCCARTESIANPOINTLIST2D(((0.,0.),(0.,250.),(6000.,250.),(6000.,0.),(0.,0.)));
#787=IFCINDEXEDPOLYCURVE(#786,$,.F.);
#788=IFCDIRECTION((0.,0.,1.));
#789=IFCARBITRARYCLOSEDPROFILEDEF(.AREA.,$,#787);
#790=IFCCARTESIANPOINT((0.,0.,0.));
#791=IFCDIRECTION((0.,0.,1.));
#792=IFCDIRECTION((1.,0.,0.));
#793=IFCAXIS2PLACEMENT3D(#790,#791,#792);
#794=IFCEXTRUDEDAREASOLID(#789,#793,#788,-500.);
#795=IFCSHAPEREPRESENTATION(#11,'Body','SweptSolid',(#794));
#796=IFCPRODUCTDEFINITIONSHAPE($,$,(#795));
#802=IFCCARTESIANPOINT((12000.,17875.,24000.));
#803=IFCDIRECTION((0.,0.,1.));
#804=IFCDIRECTION((1.,0.,0.));
#805=IFCAXIS2PLACEMENT3D(#802,#803,#804);
#806=IFCLOCALPLACEMENT($,#805);
#807=IFCPROPERTYSET('3QClgYsyLC6wjQsw6tOSsG',$,'Other',$,(#809,#810));
#808=IFCRELDEFINESBYPROPERTIES('2U5UI8hDDF6fefaAHB8Nd8',$,$,$,(#785),#807);
#809=IFCPROPERTYSINGLEVALUE('Ax',$,IFCLABEL('0.001'),$);
#810=IFCPROPERTYSINGLEVALUE('Ay',$,IFCLABEL('0.001'),$);
#811=IFCBEAM('0MRIwP7xvFxQseAkvBijaf',$,$,$,$,#832,#822,$,$);
#812=IFCCARTESIANPOINTLIST2D(((0.,0.),(0.,250.),(6000.,250.),(6000.,0.),(0.,0.)));
#813=IFCINDEXEDPOLYCURVE(#812,$,.F.);
#814=IFCDIRECTION((0.,0.,1.));
#815=IFCARBITRARYCLOSEDPROFILEDEF(.AREA.,$,#813);
#816=IFCCARTESIANPOINT((0.,0.,0.));
#817=IFCDIRECTION((0.,0.,1.));
#818=IFCDIRECTION((1.,0.,0.));
#819=IFCAXIS2PLACEMENT3D(#816,#817,#818);
#820=IFCEXTRUDEDAREASOLID(#815,#819,#814,-500.);
#821=IFCSHAPEREPRESENTATION(#11,'Body','SweptSolid',(#820));
#822=IFCPRODUCTDEFINITIONSHAPE($,$,(#821));
#828=IFCCARTESIANPOINT((18000.,17875.,24000.));
#829=IFCDIRECTION((0.,0.,1.));
#830=IFCDIRECTION((1.,0.,0.));
#831=IFCAXIS2PLACEMENT3D(#828,#829,#830);
#832=IFCLOCALPLACEMENT($,#831);
#833=IFCPROPERTYSET('1ItlKfJlzB4Qd9wjNfPsZY',$,'Other',$,(#835,#836));
#834=IFCRELDEFINESBYPROPERTIES('0nCH2l3g92NREPoUs22PyB',$,$,$,(#811),#833);
#835=IFCPROPERTYSINGLEVALUE('Ax',$,IFCLABEL('0.001'),$);
#836=IFCPROPERTYSINGLEVALUE('Ay',$,IFCLABEL('0.001'),$);
#837=IFCBEAM('2YEuTfuOvACRcvnEOmKh5H',$,$,$,$,#858,#848,$,$);
#838=IFCCARTESIANPOINTLIST2D(((0.,0.),(0.,250.),(6000.,250.),(6000.,0.),(0.,0.)));
#839=IFCINDEXEDPOLYCURVE(#838,$,.F.);
#840=IFCDIRECTION((0.,0.,1.));
#841=IFCARBITRARYCLOSEDPROFILEDEF(.AREA.,$,#839);
#842=IFCCARTESIANPOINT((0.,0.,0.));
#843=IFCDIRECTION((0.,0.,1.));
#844=IFCDIRECTION((1.,0.,0.));
#845=IFCAXIS2PLACEMENT3D(#842,#843,#844);
#846=IFCEXTRUDEDAREASOLID(#841,#845,#840,-500.);
#847=IFCSHAPEREPRESENTATION(#11,'Body','SweptSolid',(#846));
#848=IFCPRODUCTDEFINITIONSHAPE($,$,(#847));
#854=IFCCARTESIANPOINT((24000.,17875.,24000.));
#855=IFCDIRECTION((0.,0.,1.));
#856=IFCDIRECTION((1.,0.,0.));
#857=IFCAXIS2PLACEMENT3D(#854,#855,#856);
#858=IFCLOCALPLACEMENT($,#857);
#859=IFCPROPERTYSET('2RgQ9X_DP7UPNnBmwiYWgn',$,'Other',$,(#861,#862));
#860=IFCRELDEFINESBYPROPERTIES('2UjzyEuaj8YwC9XgfBW6uK',$,$,$,(#837),#859);
#861=IFCPROPERTYSINGLEVALUE('Ax',$,IFCLABEL('0.001'),$);
#862=IFCPROPERTYSINGLEVALUE('Ay',$,IFCLABEL('0.001'),$);
#863=IFCBEAM('3S_W7aSGLFJe2j2eEhc3Iw',$,$,$,$,#884,#874,$,$);
#864=IFCCARTESIANPOINTLIST2D(((0.,0.),(0.,250.),(6000.,250.),(6000.,0.),(0.,0.)));
#865=IFCINDEXEDPOLYCURVE(#864,$,.F.);
#866=IFCDIRECTION((0.,0.,1.));
#867=IFCARBITRARYCLOSEDPROFILEDEF(.AREA.,$,#865);
#868=IFCCARTESIANPOINT((0.,0.,0.));
#869=IFCDIRECTION((0.,0.,1.));
#870=IFCDIRECTION((1.,0.,0.));
#871=IFCAXIS2PLACEMENT3D(#868,#869,#870);
#872=IFCEXTRUDEDAREASOLID(#867,#871,#866,-400.);
#873=IFCSHAPEREPRESENTATION(#11,'Body','SweptSolid',(#872));
#874=IFCPRODUCTDEFINITIONSHAPE($,$,(#873));
#880=IFCCARTESIANPOINT((2875.,18000.,24000.));
#881=IFCDIRECTION((0.,0.,1.));
#882=IFCDIRECTION((-1.8369701987210297E-16,-1.,0.));
#883=IFCAXIS2PLACEMENT3D(#880,#881,#882);
#884=IFCLOCALPLACEMENT($,#883);
#885=IFCPROPERTYSET('1iDFch7sbDvAN49A8uJtb6',$,'Other',$,(#887,#888));
#886=IFCRELDEFINESBYPROPERTIES('2ndzl5p2D8fAep_PFkvTV7',$,$,$,(#863),#885);
#887=IFCPROPERTYSINGLEVALUE('Ax',$,IFCLABEL('0.001'),$);
#888=IFCPROPERTYSINGLEVALUE('Ay',$,IFCLABEL('0.001'),$);
#889=IFCBEAM('0jbDTVZYb86ej6Juop4CDj',$,$,$,$,#910,#900,$,$);
#890=IFCCARTESIANPOINTLIST2D(((0.,0.),(0.,250.),(6000.,250.),(6000.,0.),(0.,0.)));
#891=IFCINDEXEDPOLYCURVE(#890,$,.F.);
#892=IFCDIRECTION((0.,0.,1.));
#893=IFCARBITRARYCLOSEDPROFILEDEF(.AREA.,$,#891);
#894=IFCCARTESIANPOINT((0.,0.,0.));
#895=IFCDIRECTION((0.,0.,1.));
#896=IFCDIRECTION((1.,0.,0.));
#897=IFCAXIS2PLACEMENT3D(#894,#895,#896);
#898=IFCEXTRUDEDAREASOLID(#893,#897,#892,-400.);
#899=IFCSHAPEREPRESENTATION(#11,'Body','SweptSolid',(#898));
#900=IFCPRODUCTDEFINITIONSHAPE($,$,(#899));
#906=IFCCARTESIANPOINT((2875.,12000.,24000.));
#907=IFCDIRECTION((0.,0.,1.));
#908=IFCDIRECTION((-1.8369701987210297E-16,-1.,0.));
#909=IFCAXIS2PLACEMENT3D(#906,#907,#908);
#910=IFCLOCALPLACEMENT($,#909);
#911=IFCPROPERTYSET('2EPzc58Cn34PqsCIJiyKR1',$,'Other',$,(#913,#914));
#912=IFCRELDEFINESBYPROPERTIES('1bmIOr11z909Zp5I3_67rT',$,$,$,(#889),#911);
#913=IFCPROPERTYSINGLEVALUE('Ax',$,IFCLABEL('0.001'),$);
#914=IFCPROPERTYSINGLEVALUE('Ay',$,IFCLABEL('0.001'),$);
#915=IFCBEAM('1f0nGYp3b08Ox_y9Y6pTxZ',$,$,$,$,#936,#926,$,$);
#916=IFCCARTESIANPOINTLIST2D(((0.,0.),(0.,250.),(6000.,250.),(6000.,0.),(0.,0.)));
#917=IFCINDEXEDPOLYCURVE(#916,$,.F.);
#918=IFCDIRECTION((0.,0.,1.));
#919=IFCARBITRARYCLOSEDPROFILEDEF(.AREA.,$,#917);
#920=IFCCARTESIANPOINT((0.,0.,0.));
#921=IFCDIRECTION((0.,0.,1.));
#922=IFCDIRECTION((1.,0.,0.));
#923=IFCAXIS2PLACEMENT3D(#920,#921,#922);
#924=IFCEXTRUDEDAREASOLID(#919,#923,#918,-400.);
#925=IFCSHAPEREPRESENTATION(#11,'Body','SweptSolid',(#924));
#926=IFCPRODUCTDEFINITIONSHAPE($,$,(#925));
#932=IFCCARTESIANPOINT((8875.,18000.,24000.));
#933=IFCDIRECTION((0.,0.,1.));
#934=IFCDIRECTION((-1.8369701987210297E-16,-1.,0.));
#935=IFCAXIS2PLACEMENT3D(#932,#933,#934);
#936=IFCLOCALPLACEMENT($,#935);
#937=IFCPROPERTYSET('2ABHHLhsD99AcOk6tXnZwX',$,'Other',$,(#939,#940));
#938=IFCRELDEFINESBYPROPERTIES('3ybLBJ$fH1RvdoK13525tq',$,$,$,(#915),#937);
#939=IFCPROPERTYSINGLEVALUE('Ax',$,IFCLABEL('0.001'),$);
#940=IFCPROPERTYSINGLEVALUE('Ay',$,IFCLABEL('0.001'),$);
#941=IFCBEAM('0WgFbtUID7v8riqQGmpSqB',$,$,$,$,#962,#952,$,$);
#942=IFCCARTESIANPOINTLIST2D(((0.,0.),(0.,250.),(6000.,250.),(6000.,0.),(0.,0.)));
#943=IFCINDEXEDPOLYCURVE(#942,$,.F.);
#944=IFCDIRECTION((0.,0.,1.));
#945=IFCARBITRARYCLOSEDPROFILEDEF(.AREA.,$,#943);
#946=IFCCARTESIANPOINT((0.,0.,0.));
#947=IFCDIRECTION((0.,0.,1.));
#948=IFCDIRECTION((1.,0.,0.));
#949=IFCAXIS2PLACEMENT3D(#946,#947,#948);
#950=IFCEXTRUDEDAREASOLID(#945,#949,#944,-400.);
#951=IFCSHAPEREPRESENTATION(#11,'Body','SweptSolid',(#950));
#952=IFCPRODUCTDEFINITIONSHAPE($,$,(#951));
#958=IFCCARTESIANPOINT((8875.,12000.,24000.));
#959=IFCDIRECTION((0.,0.,1.));
#960=IFCDIRECTION((-1.8369701987210297E-16,-1.,0.));
#961=IFCAXIS2PLACEMENT3D(#958,#959,#960);
#962=IFCLOCALPLACEMENT($,#961);
#963=IFCPROPERTYSET('3YmxIXrLX4LAD_2UiNC_PV',$,'Other',$,(#965,#966));
#964=IFCRELDEFINESBYPROPERTIES('2WqYatwlb97QG5386eaAxz',$,$,$,(#941),#963);
#965=IFCPROPERTYSINGLEVALUE('Ax',$,IFCLABEL('0.001'),$);
#966=IFCPROPERTYSINGLEVALUE('Ay',$,IFCLABEL('0.001'),$);
#967=IFCBEAM('2U9L7a8Z9FBQJ1N51WheqH',$,$,$,$,#988,#978,$,$);
#968=IFCCARTESIANPOINTLIST2D(((0.,0.),(0.,250.),(6000.,250.),(6000.,0.),(0.,0.)));
#969=IFCINDEXEDPOLYCURVE(#968,$,.F.);
#970=IFCDIRECTION((0.,0.,1.));
#971=IFCARBITRARYCLOSEDPROFILEDEF(.AREA.,$,#969);
#972=IFCCARTESIANPOINT((0.,0.,0.));
#973=IFCDIRECTION((0.,0.,1.));
#974=IFCDIRECTION((1.,0.,0.));
#975=IFCAXIS2PLACEMENT3D(#972,#973,#974);
#976=IFCEXTRUDEDAREASOLID(#971,#975,#970,-400.);
#977=IFCSHAPEREPRESENTATION(#11,'Body','SweptSolid',(#976));
#978=IFCPRODUCTDEFINITIONSHAPE($,$,(#977));
#984=IFCCARTESIANPOINT((14875.,18000.,24000.));
#985=IFCDIRECTION((0.,0.,1.));
#986=IFCDIRECTION((-1.8369701987210297E-16,-1.,0.));
#987=IFCAXIS2PLACEMENT3D(#984,#985,#986);
#988=IFCLOCALPLACEMENT($,#987);
#989=IFCPROPERTYSET('34XIy4f4X8fxhIvZM6VJ2h',$,'Other',$,(#991,#992));
#990=IFCRELDEFINESBYPROPERTIES('1fPK4aK_L4NeBin5MzHspT',$,$,$,(#967),#989);
#991=IFCPROPERTYSINGLEVALUE('Ax',$,IFCLABEL('0.001'),$);
#992=IFCPROPERTYSINGLEVALUE('Ay',$,IFCLABEL('0.001'),$);
#993=IFCBEAM('3_Ej57kuPEWvswa0_KqY7E',$,$,$,$,#1014,#1004,$,$);
#994=IFCCARTESIANPOINTLIST2D(((0.,0.),(0.,250.),(6000.,250.),(6000.,0.),(0.,0.)));
#995=IFCINDEXEDPOLYCURVE(#994,$,.F.);
#996=IFCDIRECTION((0.,0.,1.));
#997=IFCARBITRARYCLOSEDPROFILEDEF(.AREA.,$,#995);
#998=IFCCARTESIANPOINT((0.,0.,0.));
#999=IFCDIRECTION((0.,0.,1.));
#1000=IFCDIRECTION((1.,0.,0.));
#1001=IFCAXIS2PLACEMENT3D(#998,#999,#1000);
#1002=IFCEXTRUDEDAREASOLID(#997,#1001,#996,-400.);
#1003=IFCSHAPEREPRESENTATION(#11,'Body','SweptSolid',(#1002));
#1004=IFCPRODUCTDEFINITIONSHAPE($,$,(#1003));
#1010=IFCCARTESIANPOINT((14875.,12000.,24000.));
#1011=IFCDIRECTION((0.,0.,1.));
#1012=IFCDIRECTION((-1.8369701987210297E-16,-1.,0.));
#1013=IFCAXIS2PLACEMENT3D(#1010,#1011,#1012);
#1014=IFCLOCALPLACEMENT($,#1013);
#1015=IFCPROPERTYSET('1Rq99gSaz2ouWjKh11xEk3',$,'Other',$,(#1017,#1018));
#1016=IFCRELDEFINESBYPROPERTIES('2PNmi2$JrDUw1tTsvVPri7',$,$,$,(#993),#1015);
#1017=IFCPROPERTYSINGLEVALUE('Ax',$,IFCLABEL('0.001'),$);
#1018=IFCPROPERTYSINGLEVALUE('Ay',$,IFCLABEL('0.001'),$);
#1019=IFCBEAM('3SynD_T9jFHg49wwM9L6N6',$,$,$,$,#1040,#1030,$,$);
#1020=IFCCARTESIANPOINTLIST2D(((0.,0.),(0.,250.),(6000.,250.),(6000.,0.),(0.,0.)));
#1021=IFCINDEXEDPOLYCURVE(#1020,$,.F.);
#1022=IFCDIRECTION((0.,0.,1.));
#1023=IFCARBITRARYCLOSEDPROFILEDEF(.AREA.,$,#1021);
#1024=IFCCARTESIANPOINT((0.,0.,0.));
#1025=IFCDIRECTION((0.,0.,1.));
#1026=IFCDIRECTION((1.,0.,0.));
#1027=IFCAXIS2PLACEMENT3D(#1024,#1025,#1026);
#1028=IFCEXTRUDEDAREASOLID(#1023,#1027,#1022,-400.);
#1029=IFCSHAPEREPRESENTATION(#11,'Body','SweptSolid',(#1028));
#1030=IFCPRODUCTDEFINITIONSHAPE($,$,(#1029));
#1036=IFCCARTESIANPOINT((14875.,6000.,24000.));
#1037=IFCDIRECTION((0.,0.,1.));
#1038=IFCDIRECTION((-1.8369701987210297E-16,-1.,0.));
#1039=IFCAXIS2PLACEMENT3D(#1036,#1037,#1038);
#1040=IFCLOCALPLACEMENT($,#1039);
#1041=IFCPROPERTYSET('3vUt0Th7z4yB7NmpK9AGKQ',$,'Other',$,(#1043,#1044));
#1042=IFCRELDEFINESBYPROPERTIES('2Fx_ccicP58fEULMLIwG7m',$,$,$,(#1019),#1041);
#1043=IFCPROPERTYSINGLEVALUE('Ax',$,IFCLABEL('0.001'),$);
#1044=IFCPROPERTYSINGLEVALUE('Ay',$,IFCLABEL('0.001'),$);
#1045=IFCBEAM('2rDwBCpMvFA8rgGRjL2IYQ',$,$,$,$,#1066,#1056,$,$);
#1046=IFCCARTESIANPOINTLIST2D(((0.,0.),(0.,250.),(6000.,250.),(6000.,0.),(0.,0.)));
#1047=IFCINDEXEDPOLYCURVE(#1046,$,.F.);
#1048=IFCDIRECTION((0.,0.,1.));
#1049=IFCARBITRARYCLOSEDPROFILEDEF(.AREA.,$,#1047);
#1050=IFCCARTESIANPOINT((0.,0.,0.));
#1051=IFCDIRECTION((0.,0.,1.));
#1052=IFCDIRECTION((1.,0.,0.));
#1053=IFCAXIS2PLACEMENT3D(#1050,#1051,#1052);
#1054=IFCEXTRUDEDAREASOLID(#1049,#1053,#1048,-400.);
#1055=IFCSHAPEREPRESENTATION(#11,'Body','SweptSolid',(#1054));
#1056=IFCPRODUCTDEFINITIONSHAPE($,$,(#1055));
#1062=IFCCARTESIANPOINT((20875.,18000.,24000.));
#1063=IFCDIRECTION((0.,0.,1.));
#1064=IFCDIRECTION((-1.8369701987210297E-16,-1.,0.));
#1065=IFCAXIS2PLACEMENT3D(#1062,#1063,#1064);
#1066=IFCLOCALPLACEMENT($,#1065);
#1067=IFCPROPERTYSET('1fneuvsub3luo__GEj4i7o',$,'Other',$,(#1069,#1070));
#1068=IFCRELDEFINESBYPROPERTIES('1SV$Rwi1T6ERasJAsT7a$2',$,$,$,(#1045),#1067);
#1069=IFCPROPERTYSINGLEVALUE('Ax',$,IFCLABEL('0.001'),$);
#1070=IFCPROPERTYSINGLEVALUE('Ay',$,IFCLABEL('0.001'),$);
#1071=IFCBEAM('3zlMy_p8v7$BhQhFYjDrvD',$,$,$,$,#1092,#1082,$,$);
#1072=IFCCARTESIANPOINTLIST2D(((0.,0.),(0.,250.),(6000.,250.),(6000.,0.),(0.,0.)));
#1073=IFCINDEXEDPOLYCURVE(#1072,$,.F.);
#1074=IFCDIRECTION((0.,0.,1.));
#1075=IFCARBITRARYCLOSEDPROFILEDEF(.AREA.,$,#1073);
#1076=IFCCARTESIANPOINT((0.,0.,0.));
#1077=IFCDIRECTION((0.,0.,1.));
#1078=IFCDIRECTION((1.,0.,0.));
#1079=IFCAXIS2PLACEMENT3D(#1076,#1077,#1078);
#1080=IFCEXTRUDEDAREASOLID(#1075,#1079,#1074,-400.);
#1081=IFCSHAPEREPRESENTATION(#11,'Body','SweptSolid',(#1080));
#1082=IFCPRODUCTDEFINITIONSHAPE($,$,(#1081));
#1088=IFCCARTESIANPOINT((20875.,12000.,24000.));
#1089=IFCDIRECTION((0.,0.,1.));
#1090=IFCDIRECTION((-1.8369701987210297E-16,-1.,0.));
#1091=IFCAXIS2PLACEMENT3D(#1088,#1089,#1090);
#1092=IFCLOCALPLACEMENT($,#1091);
#1093=IFCPROPERTYSET('12Ui_hd5T5OB1HEYBk44f5',$,'Other',$,(#1095,#1096));
#1094=IFCRELDEFINESBYPROPERTIES('3viZxOeEvBOvhaMi79Kk$z',$,$,$,(#1071),#1093);
#1095=IFCPROPERTYSINGLEVALUE('Ax',$,IFCLABEL('0.001'),$);
#1096=IFCPROPERTYSINGLEVALUE('Ay',$,IFCLABEL('0.001'),$);
#1097=IFCBEAM('29tdi7Yzr2ae0ldXqHz4Ar',$,$,$,$,#1118,#1108,$,$);
#1098=IFCCARTESIANPOINTLIST2D(((0.,0.),(0.,250.),(6000.,250.),(6000.,0.),(0.,0.)));
#1099=IFCINDEXEDPOLYCURVE(#1098,$,.F.);
#1100=IFCDIRECTION((0.,0.,1.));
#1101=IFCARBITRARYCLOSEDPROFILEDEF(.AREA.,$,#1099);
#1102=IFCCARTESIANPOINT((0.,0.,0.));
#1103=IFCDIRECTION((0.,0.,1.));
#1104=IFCDIRECTION((1.,0.,0.));
#1105=IFCAXIS2PLACEMENT3D(#1102,#1103,#1104);
#1106=IFCEXTRUDEDAREASOLID(#1101,#1105,#1100,-400.);
#1107=IFCSHAPEREPRESENTATION(#11,'Body','SweptSolid',(#1106));
#1108=IFCPRODUCTDEFINITIONSHAPE($,$,(#1107));
#1114=IFCCARTESIANPOINT((20875.,6000.,24000.));
#1115=IFCDIRECTION((0.,0.,1.));
#1116=IFCDIRECTION((-1.8369701987210297E-16,-1.,0.));
#1117=IFCAXIS2PLACEMENT3D(#1114,#1115,#1116);
#1118=IFCLOCALPLACEMENT($,#1117);
#1119=IFCPROPERTYSET('0bcFM1BAn6HfxXxmRc8eNQ',$,'Other',$,(#1121,#1122));
#1120=IFCRELDEFINESBYPROPERTIES('2ZOxtbfeb73vCFYHlHN5j8',$,$,$,(#1097),#1119);
#1121=IFCPROPERTYSINGLEVALUE('Ax',$,IFCLABEL('0.001'),$);
#1122=IFCPROPERTYSINGLEVALUE('Ay',$,IFCLABEL('0.001'),$);
#1123=IFCBEAM('2SCVCQJk907xeykMBAC8w9',$,$,$,$,#1144,#1134,$,$);
#1124=IFCCARTESIANPOINTLIST2D(((0.,0.),(0.,250.),(6000.,250.),(6000.,0.),(0.,0.)));
#1125=IFCINDEXEDPOLYCURVE(#1124,$,.F.);
#1126=IFCDIRECTION((0.,0.,1.));
#1127=IFCARBITRARYCLOSEDPROFILEDEF(.AREA.,$,#1125);
#1128=IFCCARTESIANPOINT((0.,0.,0.));
#1129=IFCDIRECTION((0.,0.,1.));
#1130=IFCDIRECTION((1.,0.,0.));
#1131=IFCAXIS2PLACEMENT3D(#1128,#1129,#1130);
#1132=IFCEXTRUDEDAREASOLID(#1127,#1131,#1126,-400.);
#1133=IFCSHAPEREPRESENTATION(#11,'Body','SweptSolid',(#1132));
#1134=IFCPRODUCTDEFINITIONSHAPE($,$,(#1133));
#1140=IFCCARTESIANPOINT((26875.,18000.,24000.));
#1141=IFCDIRECTION((0.,0.,1.));
#1142=IFCDIRECTION((-1.8369701987210297E-16,-1.,0.));
#1143=IFCAXIS2PLACEMENT3D(#1140,#1141,#1142);
#1144=IFCLOCALPLACEMENT($,#1143);
#1145=IFCPROPERTYSET('2mFYzakQj9kxv3HiPA7XvG',$,'Other',$,(#1147,#1148));
#1146=IFCRELDEFINESBYPROPERTIES('2UwQNMQfTBgAdpf1K96vEc',$,$,$,(#1123),#1145);
#1147=IFCPROPERTYSINGLEVALUE('Ax',$,IFCLABEL('0.001'),$);
#1148=IFCPROPERTYSINGLEVALUE('Ay',$,IFCLABEL('0.001'),$);
#1149=IFCBEAM('08ByUoagr9dxhtpEwUNfGV',$,$,$,$,#1170,#1160,$,$);
#1150=IFCCARTESIANPOINTLIST2D(((0.,0.),(0.,250.),(6000.,250.),(6000.,0.),(0.,0.)));
#1151=IFCINDEXEDPOLYCURVE(#1150,$,.F.);
#1152=IFCDIRECTION((0.,0.,1.));
#1153=IFCARBITRARYCLOSEDPROFILEDEF(.AREA.,$,#1151);
#1154=IFCCARTESIANPOINT((0.,0.,0.));
#1155=IFCDIRECTION((0.,0.,1.));
#1156=IFCDIRECTION((1.,0.,0.));
#1157=IFCAXIS2PLACEMENT3D(#1154,#1155,#1156);
#1158=IFCEXTRUDEDAREASOLID(#1153,#1157,#1152,-400.);
#1159=IFCSHAPEREPRESENTATION(#11,'Body','SweptSolid',(#1158));
#1160=IFCPRODUCTDEFINITIONSHAPE($,$,(#1159));
#1166=IFCCARTESIANPOINT((8875.,6000.,24000.));
#1167=IFCDIRECTION((0.,0.,1.));
#1168=IFCDIRECTION((-1.8369701987210297E-16,-1.,0.));
#1169=IFCAXIS2PLACEMENT3D(#1166,#1167,#1168);
#1170=IFCLOCALPLACEMENT($,#1169);
#1171=IFCPROPERTYSET('26Y1QMtsT1ouf8pTmuxHel',$,'Other',$,(#1173,#1174));
#1172=IFCRELDEFINESBYPROPERTIES('2W$fMA9IL0JAj8pg9917BO',$,$,$,(#1149),#1171);
#1173=IFCPROPERTYSINGLEVALUE('Ax',$,IFCLABEL('0.001'),$);
#1174=IFCPROPERTYSINGLEVALUE('Ay',$,IFCLABEL('0.001'),$);
#1175=IFCBEAM('3lnjqQozP67xNmkxZOlAjp',$,$,$,$,#1196,#1186,$,$);
#1176=IFCCARTESIANPOINTLIST2D(((0.,0.),(0.,250.),(6000.,250.),(6000.,0.),(0.,0.)));
#1177=IFCINDEXEDPOLYCURVE(#1176,$,.F.);
#1178=IFCDIRECTION((0.,0.,1.));
#1179=IFCARBITRARYCLOSEDPROFILEDEF(.AREA.,$,#1177);
#1180=IFCCARTESIANPOINT((0.,0.,0.));
#1181=IFCDIRECTION((0.,0.,1.));
#1182=IFCDIRECTION((1.,0.,0.));
#1183=IFCAXIS2PLACEMENT3D(#1180,#1181,#1182);
#1184=IFCEXTRUDEDAREASOLID(#1179,#1183,#1178,-400.);
#1185=IFCSHAPEREPRESENTATION(#11,'Body','SweptSolid',(#1184));
#1186=IFCPRODUCTDEFINITIONSHAPE($,$,(#1185));
#1192=IFCCARTESIANPOINT((2875.,6000.,24000.));
#1193=IFCDIRECTION((0.,0.,1.));
#1194=IFCDIRECTION((-1.8369701987210297E-16,-1.,0.));
#1195=IFCAXIS2PLACEMENT3D(#1192,#1193,#1194);
#1196=IFCLOCALPLACEMENT($,#1195);
#1197=IFCPROPERTYSET('3ku9uLG4r6UuhS1FV8mMdt',$,'Other',$,(#1199,#1200));
#1198=IFCRELDEFINESBYPROPERTIES('3JodbdHijC$eYB546wWHEq',$,$,$,(#1175),#1197);
#1199=IFCPROPERTYSINGLEVALUE('Ax',$,IFCLABEL('0.001'),$);
#1200=IFCPROPERTYSINGLEVALUE('Ay',$,IFCLABEL('0.001'),$);
#1201=IFCBEAM('2p$7LVqIz6q9KU2VQp6hhB',$,$,$,$,#1222,#1212,$,$);
#1202=IFCCARTESIANPOINTLIST2D(((0.,0.),(0.,250.),(6000.,250.),(6000.,0.),(0.,0.)));
#1203=IFCINDEXEDPOLYCURVE(#1202,$,.F.);
#1204=IFCDIRECTION((0.,0.,1.));
#1205=IFCARBITRARYCLOSEDPROFILEDEF(.AREA.,$,#1203);
#1206=IFCCARTESIANPOINT((0.,0.,0.));
#1207=IFCDIRECTION((0.,0.,1.));
#1208=IFCDIRECTION((1.,0.,0.));
#1209=IFCAXIS2PLACEMENT3D(#1206,#1207,#1208);
#1210=IFCEXTRUDEDAREASOLID(#1205,#1209,#1204,-400.);
#1211=IFCSHAPEREPRESENTATION(#11,'Body','SweptSolid',(#1210));
#1212=IFCPRODUCTDEFINITIONSHAPE($,$,(#1211));
#1218=IFCCARTESIANPOINT((26875.,12000.,24000.));
#1219=IFCDIRECTION((0.,0.,1.));
#1220=IFCDIRECTION((-1.8369701987210297E-16,-1.,0.));
#1221=IFCAXIS2PLACEMENT3D(#1218,#1219,#1220);
#1222=IFCLOCALPLACEMENT($,#1221);
#1223=IFCPROPERTYSET('1dD0RjlOj2tgBEx9mhT8Sd',$,'Other',$,(#1225,#1226));
#1224=IFCRELDEFINESBYPROPERTIES('1ylwN8DnrCo9xZpykhyOye',$,$,$,(#1201),#1223);
#1225=IFCPROPERTYSINGLEVALUE('Ax',$,IFCLABEL('0.001'),$);
#1226=IFCPROPERTYSINGLEVALUE('Ay',$,IFCLABEL('0.001'),$);
#1227=IFCBEAM('1LCQwWmEz2T8oUk3b0BwID',$,$,$,$,#1248,#1238,$,$);
#1228=IFCCARTESIANPOINTLIST2D(((0.,0.),(0.,250.),(6000.,250.),(6000.,0.),(0.,0.)));
#1229=IFCINDEXEDPOLYCURVE(#1228,$,.F.);
#1230=IFCDIRECTION((0.,0.,1.));
#1231=IFCARBITRARYCLOSEDPROFILEDEF(.AREA.,$,#1229);
#1232=IFCCARTESIANPOINT((0.,0.,0.));
#1233=IFCDIRECTION((0.,0.,1.));
#1234=IFCDIRECTION((1.,0.,0.));
#1235=IFCAXIS2PLACEMENT3D(#1232,#1233,#1234);
#1236=IFCEXTRUDEDAREASOLID(#1231,#1235,#1230,-500.);
#1237=IFCSHAPEREPRESENTATION(#11,'Body','SweptSolid',(#1236));
#1238=IFCPRODUCTDEFINITIONSHAPE($,$,(#1237));
#1244=IFCCARTESIANPOINT((125.,6000.,21000.));
#1245=IFCDIRECTION((0.,0.,1.));
#1246=IFCDIRECTION((6.123233995736766E-17,1.,0.));
#1247=IFCAXIS2PLACEMENT3D(#1244,#1245,#1246);
#1248=IFCLOCALPLACEMENT($,#1247);
#1249=IFCPROPERTYSET('0nDEzJ1dX9vB4z0dIvgKpN',$,'Other',$,(#1251,#1252));
#1250=IFCRELDEFINESBYPROPERTIES('12AxUUTQLCbfTEpUC946B1',$,$,$,(#1227),#1249);
#1251=IFCPROPERTYSINGLEVALUE('Ax',$,IFCLABEL('0.001'),$);
#1252=IFCPROPERTYSINGLEVALUE('Ay',$,IFCLABEL('0.001'),$);
#1253=IFCBEAM('3o1S65BHL2exMeDOD5ABef',$,$,$,$,#1274,#1264,$,$);
#1254=IFCCARTESIANPOINTLIST2D(((0.,0.),(0.,250.),(6000.,250.),(6000.,0.),(0.,0.)));
#1255=IFCINDEXEDPOLYCURVE(#1254,$,.F.);
#1256=IFCDIRECTION((0.,0.,1.));
#1257=IFCARBITRARYCLOSEDPROFILEDEF(.AREA.,$,#1255);
#1258=IFCCARTESIANPOINT((0.,0.,0.));
#1259=IFCDIRECTION((0.,0.,1.));
#1260=IFCDIRECTION((1.,0.,0.));
#1261=IFCAXIS2PLACEMENT3D(#1258,#1259,#1260);
#1262=IFCEXTRUDEDAREASOLID(#1257,#1261,#1256,-500.);
#1263=IFCSHAPEREPRESENTATION(#11,'Body','SweptSolid',(#1262));
#1264=IFCPRODUCTDEFINITIONSHAPE($,$,(#1263));
#1270=IFCCARTESIANPOINT((125.,12000.,21000.));
#1271=IFCDIRECTION((0.,0.,1.));
#1272=IFCDIRECTION((6.123233995736766E-17,1.,0.));
#1273=IFCAXIS2PLACEMENT3D(#1270,#1271,#1272);
#1274=IFCLOCALPLACEMENT($,#1273);
#1275=IFCPROPERTYSET('1vsFE6j718EuU4el6h74_4',$,'Other',$,(#1277,#1278));
#1276=IFCRELDEFINESBYPROPERTIES('2bCNab3vb2WPUWPRA4eFyS',$,$,$,(#1253),#1275);
#1277=IFCPROPERTYSINGLEVALUE('Ax',$,IFCLABEL('0.001'),$);
#1278=IFCPROPERTYSINGLEVALUE('Ay',$,IFCLABEL('0.001'),$);
#1279=IFCBEAM('0kMPTEQtb3RPRYQJF6UGWI',$,$,$,$,#1300,#1290,$,$);
#1280=IFCCARTESIANPOINTLIST2D(((0.,0.),(0.,250.),(6000.,250.),(6000.,0.),(0.,0.)));
#1281=IFCINDEXEDPOLYCURVE(#1280,$,.F.);
#1282=IFCDIRECTION((0.,0.,1.));
#1283=IFCARBITRARYCLOSEDPROFILEDEF(.AREA.,$,#1281);
#1284=IFCCARTESIANPOINT((0.,0.,0.));
#1285=IFCDIRECTION((0.,0.,1.));
#1286=IFCDIRECTION((1.,0.,0.));
#1287=IFCAXIS2PLACEMENT3D(#1284,#1285,#1286);
#1288=IFCEXTRUDEDAREASOLID(#1283,#1287,#1282,-500.);
#1289=IFCSHAPEREPRESENTATION(#11,'Body','SweptSolid',(#1288));
#1290=IFCPRODUCTDEFINITIONSHAPE($,$,(#1289));
#1296=IFCCARTESIANPOINT((6125.,6000.,21000.));
#1297=IFCDIRECTION((0.,0.,1.));
#1298=IFCDIRECTION((6.123233995736766E-17,1.,0.));
#1299=IFCAXIS2PLACEMENT3D(#1296,#1297,#1298);
#1300=IFCLOCALPLACEMENT($,#1299);
#1301=IFCPROPERTYSET('3l1YGad4PATxaGd2rBdk8j',$,'Other',$,(#1303,#1304));
#1302=IFCRELDEFINESBYPROPERTIES('1PR9SR_WP7Fv5Ea7Bkc2d1',$,$,$,(#1279),#1301);
#1303=IFCPROPERTYSINGLEVALUE('Ax',$,IFCLABEL('0.001'),$);
#1304=IFCPROPERTYSINGLEVALUE('Ay',$,IFCLABEL('0.001'),$);
#1305=IFCBEAM('3VS6oy0Ib04h0VE_AYhQYf',$,$,$,$,#1326,#1316,$,$);
#1306=IFCCARTESIANPOINTLIST2D(((0.,0.),(0.,250.),(6000.,250.),(6000.,0.),(0.,0.)));
#1307=IFCINDEXEDPOLYCURVE(#1306,$,.F.);
#1308=IFCDIRECTION((0.,0.,1.));
#1309=IFCARBITRARYCLOSEDPROFILEDEF(.AREA.,$,#1307);
#1310=IFCCARTESIANPOINT((0.,0.,0.));
#1311=IFCDIRECTION((0.,0.,1.));
#1312=IFCDIRECTION((1.,0.,0.));
#1313=IFCAXIS2PLACEMENT3D(#1310,#1311,#1312);
#1314=IFCEXTRUDEDAREASOLID(#1309,#1313,#1308,-500.);
#1315=IFCSHAPEREPRESENTATION(#11,'Body','SweptSolid',(#1314));
#1316=IFCPRODUCTDEFINITIONSHAPE($,$,(#1315));
#1322=IFCCARTESIANPOINT((6125.,12000.,21000.));
#1323=IFCDIRECTION((0.,0.,1.));
#1324=IFCDIRECTION((6.123233995736766E-17,1.,0.));
#1325=IFCAXIS2PLACEMENT3D(#1322,#1323,#1324);
#1326=IFCLOCALPLACEMENT($,#1325);
#1327=IFCPROPERTYSET('0lIYgL3xn6h8u7RdqtMo$X',$,'Other',$,(#1329,#1330));
#1328=IFCRELDEFINESBYPROPERTIES('1oxmBwByH5ruQ5dzkupu7y',$,$,$,(#1305),#1327);
#1329=IFCPROPERTYSINGLEVALUE('Ax',$,IFCLABEL('0.001'),$);
#1330=IFCPROPERTYSINGLEVALUE('Ay',$,IFCLABEL('0.001'),$);
#1331=IFCBEAM('2B6D0JRzv5YwFeOBWmrZTO',$,$,$,$,#1352,#1342,$,$);
#1332=IFCCARTESIANPOINTLIST2D(((0.,0.),(0.,250.),(6000.,250.),(6000.,0.),(0.,0.)));
#1333=IFCINDEXEDPOLYCURVE(#1332,$,.F.);
#1334=IFCDIRECTION((0.,0.,1.));
#1335=IFCARBITRARYCLOSEDPROFILEDEF(.AREA.,$,#1333);
#1336=IFCCARTESIANPOINT((0.,0.,0.));
#1337=IFCDIRECTION((0.,0.,1.));
#1338=IFCDIRECTION((1.,0.,0.));
#1339=IFCAXIS2PLACEMENT3D(#1336,#1337,#1338);
#1340=IFCEXTRUDEDAREASOLID(#1335,#1339,#1334,-500.);
#1341=IFCSHAPEREPRESENTATION(#11,'Body','SweptSolid',(#1340));
#1342=IFCPRODUCTDEFINITIONSHAPE($,$,(#1341));
#1348=IFCCARTESIANPOINT((12125.,-7.6540424946709578E-15,21000.));
#1349=IFCDIRECTION((0.,0.,1.));
#1350=IFCDIRECTION((6.123233995736766E-17,1.,0.));
#1351=IFCAXIS2PLACEMENT3D(#1348,#1349,#1350);
#1352=IFCLOCALPLACEMENT($,#1351);
#1353=IFCPROPERTYSET('0TYNyJb09AWxE$brrlA3ek',$,'Other',$,(#1355,#1356));
#1354=IFCRELDEFINESBYPROPERTIES('3K4gV9Xq1CmvzleOs0IWHh',$,$,$,(#1331),#1353);
#1355=IFCPROPERTYSINGLEVALUE('Ax',$,IFCLABEL('0.001'),$);
#1356=IFCPROPERTYSINGLEVALUE('Ay',$,IFCLABEL('0.001'),$);
#1357=IFCBEAM('2Zk2DgPX999xsARAOwnpqS',$,$,$,$,#1378,#1368,$,$);
#1358=IFCCARTESIANPOINTLIST2D(((0.,0.),(0.,250.),(6000.,250.),(6000.,0.),(0.,0.)));
#1359=IFCINDEXEDPOLYCURVE(#1358,$,.F.);
#1360=IFCDIRECTION((0.,0.,1.));
#1361=IFCARBITRARYCLOSEDPROFILEDEF(.AREA.,$,#1359);
#1362=IFCCARTESIANPOINT((0.,0.,0.));
#1363=IFCDIRECTION((0.,0.,1.));
#1364=IFCDIRECTION((1.,0.,0.));
#1365=IFCAXIS2PLACEMENT3D(#1362,#1363,#1364);
#1366=IFCEXTRUDEDAREASOLID(#1361,#1365,#1360,-500.);
#1367=IFCSHAPEREPRESENTATION(#11,'Body','SweptSolid',(#1366));
#1368=IFCPRODUCTDEFINITIONSHAPE($,$,(#1367));
#1374=IFCCARTESIANPOINT((12125.,6000.,21000.));
#1375=IFCDIRECTION((0.,0.,1.));
#1376=IFCDIRECTION((6.123233995736766E-17,1.,0.));
#1377=IFCAXIS2PLACEMENT3D(#1374,#1375,#1376);
#1378=IFCLOCALPLACEMENT($,#1377);
#1379=IFCPROPERTYSET('2B5vgrJ5X84Qs11fBLv8vx',$,'Other',$,(#1381,#1382));
#1380=IFCRELDEFINESBYPROPERTIES('24y4GUFObARg6ufv4AUotB',$,$,$,(#1357),#1379);
#1381=IFCPROPERTYSINGLEVALUE('Ax',$,IFCLABEL('0.001'),$);
#1382=IFCPROPERTYSINGLEVALUE('Ay',$,IFCLABEL('0.001'),$);
#1383=IFCBEAM('0AlWz1Bo58x8H48_NL2GrY',$,$,$,$,#1404,#1394,$,$);
#1384=IFCCARTESIANPOINTLIST2D(((0.,0.),(0.,250.),(6000.,250.),(6000.,0.),(0.,0.)));
#1385=IFCINDEXEDPOLYCURVE(#1384,$,.F.);
#1386=IFCDIRECTION((0.,0.,1.));
#1387=IFCARBITRARYCLOSEDPROFILEDEF(.AREA.,$,#1385);
#1388=IFCCARTESIANPOINT((0.,0.,0.));
#1389=IFCDIRECTION((0.,0.,1.));
#1390=IFCDIRECTION((1.,0.,0.));
#1391=IFCAXIS2PLACEMENT3D(#1388,#1389,#1390);
#1392=IFCEXTRUDEDAREASOLID(#1387,#1391,#1386,-500.);
#1393=IFCSHAPEREPRESENTATION(#11,'Body','SweptSolid',(#1392));
#1394=IFCPRODUCTDEFINITIONSHAPE($,$,(#1393));
#1400=IFCCARTESIANPOINT((12125.,12000.,21000.));
#1401=IFCDIRECTION((0.,0.,1.));
#1402=IFCDIRECTION((6.123233995736766E-17,1.,0.));
#1403=IFCAXIS2PLACEMENT3D(#1400,#1401,#1402);
#1404=IFCLOCALPLACEMENT($,#1403);
#1405=IFCPROPERTYSET('3Bis9jcfv1C8xE_l_NeUAq',$,'Other',$,(#1407,#1408));
#1406=IFCRELDEFINESBYPROPERTIES('1nqJ$pzojBQvEQA6GIIMou',$,$,$,(#1383),#1405);
#1407=IFCPROPERTYSINGLEVALUE('Ax',$,IFCLABEL('0.001'),$);
#1408=IFCPROPERTYSINGLEVALUE('Ay',$,IFCLABEL('0.001'),$);
#1409=IFCBEAM('2ooywc4XL1wvppHKPSSpAx',$,$,$,$,#1430,#1420,$,$);
#1410=IFCCARTESIANPOINTLIST2D(((0.,0.),(0.,250.),(6000.,250.),(6000.,0.),(0.,0.)));
#1411=IFCINDEXEDPOLYCURVE(#1410,$,.F.);
#1412=IFCDIRECTION((0.,0.,1.));
#1413=IFCARBITRARYCLOSEDPROFILEDEF(.AREA.,$,#1411);
#1414=IFCCARTESIANPOINT((0.,0.,0.));
#1415=IFCDIRECTION((0.,0.,1.));
#1416=IFCDIRECTION((1.,0.,0.));
#1417=IFCAXIS2PLACEMENT3D(#1414,#1415,#1416);
#1418=IFCEXTRUDEDAREASOLID(#1413,#1417,#1412,-500.);
#1419=IFCSHAPEREPRESENTATION(#11,'Body','SweptSolid',(#1418));
#1420=IFCPRODUCTDEFINITIONSHAPE($,$,(#1419));
#1426=IFCCARTESIANPOINT((18125.,-7.6540424946709578E-15,21000.));
#1427=IFCDIRECTION((0.,0.,1.));
#1428=IFCDIRECTION((6.123233995736766E-17,1.,0.));
#1429=IFCAXIS2PLACEMENT3D(#1426,#1427,#1428);
#1430=IFCLOCALPLACEMENT($,#1429);
#1431=IFCPROPERTYSET('3mnN5tfjXA3e_i20wegk9$',$,'Other',$,(#1433,#1434));
#1432=IFCRELDEFINESBYPROPERTIES('1QfM2IiH9FoPHqjhDI7d$O',$,$,$,(#1409),#1431);
#1433=IFCPROPERTYSINGLEVALUE('Ax',$,IFCLABEL('0.001'),$);
#1434=IFCPROPERTYSINGLEVALUE('Ay',$,IFCLABEL('0.001'),$);
#1435=IFCBEAM('3hq$GnjbL4swFf7gSz4Dxw',$,$,$,$,#1456,#1446,$,$);
#1436=IFCCARTESIANPOINTLIST2D(((0.,0.),(0.,250.),(6000.,250.),(6000.,0.),(0.,0.)));
#1437=IFCINDEXEDPOLYCURVE(#1436,$,.F.);
#1438=IFCDIRECTION((0.,0.,1.));
#1439=IFCARBITRARYCLOSEDPROFILEDEF(.AREA.,$,#1437);
#1440=IFCCARTESIANPOINT((0.,0.,0.));
#1441=IFCDIRECTION((0.,0.,1.));
#1442=IFCDIRECTION((1.,0.,0.));
#1443=IFCAXIS2PLACEMENT3D(#1440,#1441,#1442);
#1444=IFCEXTRUDEDAREASOLID(#1439,#1443,#1438,-500.);
#1445=IFCSHAPEREPRESENTATION(#11,'Body','SweptSolid',(#1444));
#1446=IFCPRODUCTDEFINITIONSHAPE($,$,(#1445));
#1452=IFCCARTESIANPOINT((18125.,6000.,21000.));
#1453=IFCDIRECTION((0.,0.,1.));
#1454=IFCDIRECTION((6.123233995736766E-17,1.,0.));
#1455=IFCAXIS2PLACEMENT3D(#1452,#1453,#1454);
#1456=IFCLOCALPLACEMENT($,#1455);
#1457=IFCPROPERTYSET('2r3JOFQKH0rgNOHluOA5jG',$,'Other',$,(#1459,#1460));
#1458=IFCRELDEFINESBYPROPERTIES('2FX4UwYnbFmRn12QfXR6WP',$,$,$,(#1435),#1457);
#1459=IFCPROPERTYSINGLEVALUE('Ax',$,IFCLABEL('0.001'),$);
#1460=IFCPROPERTYSINGLEVALUE('Ay',$,IFCLABEL('0.001'),$);
#1461=IFCBEAM('1fNF2vAIvBYfH2_s1S3V8s',$,$,$,$,#1482,#1472,$,$);
#1462=IFCCARTESIANPOINTLIST2D(((0.,0.),(0.,250.),(6000.,250.),(6000.,0.),(0.,0.)));
#1463=IFCINDEXEDPOLYCURVE(#1462,$,.F.);
#1464=IFCDIRECTION((0.,0.,1.));
#1465=IFCARBITRARYCLOSEDPROFILEDEF(.AREA.,$,#1463);
#1466=IFCCARTESIANPOINT((0.,0.,0.));
#1467=IFCDIRECTION((0.,0.,1.));
#1468=IFCDIRECTION((1.,0.,0.));
#1469=IFCAXIS2PLACEMENT3D(#1466,#1467,#1468);
#1470=IFCEXTRUDEDAREASOLID(#1465,#1469,#1464,-500.);
#1471=IFCSHAPEREPRESENTATION(#11,'Body','SweptSolid',(#1470));
#1472=IFCPRODUCTDEFINITIONSHAPE($,$,(#1471));
#1478=IFCCARTESIANPOINT((18125.,12000.,21000.));
#1479=IFCDIRECTION((0.,0.,1.));
#1480=IFCDIRECTION((6.123233995736766E-17,1.,0.));
#1481=IFCAXIS2PLACEMENT3D(#1478,#1479,#1480);
#1482=IFCLOCALPLACEMENT($,#1481);
#1483=IFCPROPERTYSET('13O1PdjnvADvy6pmjzRTB$',$,'Other',$,(#1485,#1486));
#1484=IFCRELDEFINESBYPROPERTIES('0MO9nQ8G94C94iSLaedh5Q',$,$,$,(#1461),#1483);
#1485=IFCPROPERTYSINGLEVALUE('Ax',$,IFCLABEL('0.001'),$);
#1486=IFCPROPERTYSINGLEVALUE('Ay',$,IFCLABEL('0.001'),$);
#1487=IFCBEAM('1kZdxx6uH4rvRPbWu7QtX9',$,$,$,$,#1508,#1498,$,$);
#1488=IFCCARTESIANPOINTLIST2D(((0.,0.),(0.,250.),(6000.,250.),(6000.,0.),(0.,0.)));
#1489=IFCINDEXEDPOLYCURVE(#1488,$,.F.);
#1490=IFCDIRECTION((0.,0.,1.));
#1491=IFCARBITRARYCLOSEDPROFILEDEF(.AREA.,$,#1489);
#1492=IFCCARTESIANPOINT((0.,0.,0.));
#1493=IFCDIRECTION((0.,0.,1.));
#1494=IFCDIRECTION((1.,0.,0.));
#1495=IFCAXIS2PLACEMENT3D(#1492,#1493,#1494);
#1496=IFCEXTRUDEDAREASOLID(#1491,#1495,#1490,-500.);
#1497=IFCSHAPEREPRESENTATION(#11,'Body','SweptSolid',(#1496));
#1498=IFCPRODUCTDEFINITIONSHAPE($,$,(#1497));
#1504=IFCCARTESIANPOINT((24125.,-7.6540424946709578E-15,21000.));
#1505=IFCDIRECTION((0.,0.,1.));
#1506=IFCDIRECTION((6.123233995736766E-17,1.,0.));
#1507=IFCAXIS2PLACEMENT3D(#1504,#1505,#1506);
#1508=IFCLOCALPLACEMENT($,#1507);
#1509=IFCPROPERTYSET('2WpxA73C5F78Gw_hkgdxC0',$,'Other',$,(#1511,#1512));
#1510=IFCRELDEFINESBYPROPERTIES('0bEy8WGrz2VfwpRDBg1OQ1',$,$,$,(#1487),#1509);
#1511=IFCPROPERTYSINGLEVALUE('Ax',$,IFCLABEL('0.001'),$);
#1512=IFCPROPERTYSINGLEVALUE('Ay',$,IFCLABEL('0.001'),$);
#1513=IFCBEAM('1DNHoGnWz6lR3DBKbYU1Jy',$,$,$,$,#1534,#1524,$,$);
#1514=IFCCARTESIANPOINTLIST2D(((0.,0.),(0.,250.),(6000.,250.),(6000.,0.),(0.,0.)));
#1515=IFCINDEXEDPOLYCURVE(#1514,$,.F.);
#1516=IFCDIRECTION((0.,0.,1.));
#1517=IFCARBITRARYCLOSEDPROFILEDEF(.AREA.,$,#1515);
#1518=IFCCARTESIANPOINT((0.,0.,0.));
#1519=IFCDIRECTION((0.,0.,1.));
#1520=IFCDIRECTION((1.,0.,0.));
#1521=IFCAXIS2PLACEMENT3D(#1518,#1519,#1520);
#1522=IFCEXTRUDEDAREASOLID(#1517,#1521,#1516,-500.);
#1523=IFCSHAPEREPRESENTATION(#11,'Body','SweptSolid',(#1522));
#1524=IFCPRODUCTDEFINITIONSHAPE($,$,(#1523));
#1530=IFCCARTESIANPOINT((24125.,6000.,21000.));
#1531=IFCDIRECTION((0.,0.,1.));
#1532=IFCDIRECTION((6.123233995736766E-17,1.,0.));
#1533=IFCAXIS2PLACEMENT3D(#1530,#1531,#1532);
#1534=IFCLOCALPLACEMENT($,#1533);
#1535=IFCPROPERTYSET('0r4YJ3LjD8ne8r9es_lKnZ',$,'Other',$,(#1537,#1538));
#1536=IFCRELDEFINESBYPROPERTIES('30pxx5gQzC2RF4vJsQ6JWi',$,$,$,(#1513),#1535);
#1537=IFCPROPERTYSINGLEVALUE('Ax',$,IFCLABEL('0.001'),$);
#1538=IFCPROPERTYSINGLEVALUE('Ay',$,IFCLABEL('0.001'),$);
#1539=IFCBEAM('1MkA$tGg51jx4IFpGB2aPl',$,$,$,$,#1560,#1550,$,$);
#1540=IFCCARTESIANPOINTLIST2D(((0.,0.),(0.,250.),(6000.,250.),(6000.,0.),(0.,0.)));
#1541=IFCINDEXEDPOLYCURVE(#1540,$,.F.);
#1542=IFCDIRECTION((0.,0.,1.));
#1543=IFCARBITRARYCLOSEDPROFILEDEF(.AREA.,$,#1541);
#1544=IFCCARTESIANPOINT((0.,0.,0.));
#1545=IFCDIRECTION((0.,0.,1.));
#1546=IFCDIRECTION((1.,0.,0.));
#1547=IFCAXIS2PLACEMENT3D(#1544,#1545,#1546);
#1548=IFCEXTRUDEDAREASOLID(#1543,#1547,#1542,-500.);
#1549=IFCSHAPEREPRESENTATION(#11,'Body','SweptSolid',(#1548));
#1550=IFCPRODUCTDEFINITIONSHAPE($,$,(#1549));
#1556=IFCCARTESIANPOINT((24125.,12000.,21000.));
#1557=IFCDIRECTION((0.,0.,1.));
#1558=IFCDIRECTION((6.123233995736766E-17,1.,0.));
#1559=IFCAXIS2PLACEMENT3D(#1556,#1557,#1558);
#1560=IFCLOCALPLACEMENT($,#1559);
#1561=IFCPROPERTYSET('1jle78FbjFwxZwiibjIMqa',$,'Other',$,(#1563,#1564));
#1562=IFCRELDEFINESBYPROPERTIES('1CE3p_ql9AZREQ9jEKxkeC',$,$,$,(#1539),#1561);
#1563=IFCPROPERTYSINGLEVALUE('Ax',$,IFCLABEL('0.001'),$);
#1564=IFCPROPERTYSINGLEVALUE('Ay',$,IFCLABEL('0.001'),$);
#1565=IFCBEAM('2RSvjDT5X9GhhYuzjXXCUO',$,$,$,$,#1586,#1576,$,$);
#1566=IFCCARTESIANPOINTLIST2D(((0.,0.),(0.,250.),(6000.,250.),(6000.,0.),(0.,0.)));
#1567=IFCINDEXEDPOLYCURVE(#1566,$,.F.);
#1568=IFCDIRECTION((0.,0.,1.));
#1569=IFCARBITRARYCLOSEDPROFILEDEF(.AREA.,$,#1567);
#1570=IFCCARTESIANPOINT((0.,0.,0.));
#1571=IFCDIRECTION((0.,0.,1.));
#1572=IFCDIRECTION((1.,0.,0.));
#1573=IFCAXIS2PLACEMENT3D(#1570,#1571,#1572);
#1574=IFCEXTRUDEDAREASOLID(#1569,#1573,#1568,-400.);
#1575=IFCSHAPEREPRESENTATION(#11,'Body','SweptSolid',(#1574));
#1576=IFCPRODUCTDEFINITIONSHAPE($,$,(#1575));
#1582=IFCCARTESIANPOINT((30125.,12000.,21000.));
#1583=IFCDIRECTION((0.,0.,1.));
#1584=IFCDIRECTION((6.123233995736766E-17,1.,0.));
#1585=IFCAXIS2PLACEMENT3D(#1582,#1583,#1584);
#1586=IFCLOCALPLACEMENT($,#1585);
#1587=IFCPROPERTYSET('1y8EM1oN5BlAf_NTMsSMp0',$,'Other',$,(#1589,#1590));
#1588=IFCRELDEFINESBYPROPERTIES('2_o3SJJyz9OPNVnLhOCuCW',$,$,$,(#1565),#1587);
#1589=IFCPROPERTYSINGLEVALUE('Ax',$,IFCLABEL('0.001'),$);
#1590=IFCPROPERTYSINGLEVALUE('Ay',$,IFCLABEL('0.001'),$);
#1591=IFCBEAM('0BNSRzmtf3QuaAIY_XQGBG',$,$,$,$,#1612,#1602,$,$);
#1592=IFCCARTESIANPOINTLIST2D(((0.,0.),(0.,250.),(6000.,250.),(6000.,0.),(0.,0.)));
#1593=IFCINDEXEDPOLYCURVE(#1592,$,.F.);
#1594=IFCDIRECTION((0.,0.,1.));
#1595=IFCARBITRARYCLOSEDPROFILEDEF(.AREA.,$,#1593);
#1596=IFCCARTESIANPOINT((0.,0.,0.));
#1597=IFCDIRECTION((0.,0.,1.));
#1598=IFCDIRECTION((1.,0.,0.));
#1599=IFCAXIS2PLACEMENT3D(#1596,#1597,#1598);
#1600=IFCEXTRUDEDAREASOLID(#1595,#1599,#1594,-500.);
#1601=IFCSHAPEREPRESENTATION(#11,'Body','SweptSolid',(#1600));
#1602=IFCPRODUCTDEFINITIONSHAPE($,$,(#1601));
#1608=IFCCARTESIANPOINT((0.,-125.,21000.));
#1609=IFCDIRECTION((0.,0.,1.));
#1610=IFCDIRECTION((1.,0.,0.));
#1611=IFCAXIS2PLACEMENT3D(#1608,#1609,#1610);
#1612=IFCLOCALPLACEMENT($,#1611);
#1613=IFCPROPERTYSET('2dbXac2Zn7QfAZYYXsTsJi',$,'Other',$,(#1615,#1616));
#1614=IFCRELDEFINESBYPROPERTIES('1OoSw3LNH26gTdBnPEKTQQ',$,$,$,(#1591),#1613);
#1615=IFCPROPERTYSINGLEVALUE('Ax',$,IFCLABEL('0.001'),$);
#1616=IFCPROPERTYSINGLEVALUE('Ay',$,IFCLABEL('0.001'),$);
#1617=IFCBEAM('2uNN53mR14NhwWs7IaAyA2',$,$,$,$,#1638,#1628,$,$);
#1618=IFCCARTESIANPOINTLIST2D(((0.,0.),(0.,250.),(6000.,250.),(6000.,0.),(0.,0.)));
#1619=IFCINDEXEDPOLYCURVE(#1618,$,.F.);
#1620=IFCDIRECTION((0.,0.,1.));
#1621=IFCARBITRARYCLOSEDPROFILEDEF(.AREA.,$,#1619);
#1622=IFCCARTESIANPOINT((0.,0.,0.));
#1623=IFCDIRECTION((0.,0.,1.));
#1624=IFCDIRECTION((1.,0.,0.));
#1625=IFCAXIS2PLACEMENT3D(#1622,#1623,#1624);
#1626=IFCEXTRUDEDAREASOLID(#1621,#1625,#1620,-500.);
#1627=IFCSHAPEREPRESENTATION(#11,'Body','SweptSolid',(#1626));
#1628=IFCPRODUCTDEFINITIONSHAPE($,$,(#1627));
#1634=IFCCARTESIANPOINT((6000.,-125.,21000.));
#1635=IFCDIRECTION((0.,0.,1.));
#1636=IFCDIRECTION((1.,0.,0.));
#1637=IFCAXIS2PLACEMENT3D(#1634,#1635,#1636);
#1638=IFCLOCALPLACEMENT($,#1637);
#1639=IFCPROPERTYSET('0gW4yKK$5DpR9VvMJSSvWA',$,'Other',$,(#1641,#1642));
#1640=IFCRELDEFINESBYPROPERTIES('1NJf0tE71EkvCqWO1s2FZ8',$,$,$,(#1617),#1639);
#1641=IFCPROPERTYSINGLEVALUE('Ax',$,IFCLABEL('0.001'),$);
#1642=IFCPROPERTYSINGLEVALUE('Ay',$,IFCLABEL('0.001'),$);
#1643=IFCBEAM('2D5J947lL0d8dMY1_gf9E_',$,$,$,$,#1664,#1654,$,$);
#1644=IFCCARTESIANPOINTLIST2D(((0.,0.),(0.,250.),(6000.,250.),(6000.,0.),(0.,0.)));
#1645=IFCINDEXEDPOLYCURVE(#1644,$,.F.);
#1646=IFCDIRECTION((0.,0.,1.));
#1647=IFCARBITRARYCLOSEDPROFILEDEF(.AREA.,$,#1645);
#1648=IFCCARTESIANPOINT((0.,0.,0.));
#1649=IFCDIRECTION((0.,0.,1.));
#1650=IFCDIRECTION((1.,0.,0.));
#1651=IFCAXIS2PLACEMENT3D(#1648,#1649,#1650);
#1652=IFCEXTRUDEDAREASOLID(#1647,#1651,#1646,-500.);
#1653=IFCSHAPEREPRESENTATION(#11,'Body','SweptSolid',(#1652));
#1654=IFCPRODUCTDEFINITIONSHAPE($,$,(#1653));
#1660=IFCCARTESIANPOINT((12000.,-125.,21000.));
#1661=IFCDIRECTION((0.,0.,1.));
#1662=IFCDIRECTION((1.,0.,0.));
#1663=IFCAXIS2PLACEMENT3D(#1660,#1661,#1662);
#1664=IFCLOCALPLACEMENT($,#1663);
#1665=IFCPROPERTYSET('2bxEdM8jL1Iewcogv$LPYf',$,'Other',$,(#1667,#1668));
#1666=IFCRELDEFINESBYPROPERTIES('0vjtPWuKv0eOGFFPpKZ9Qh',$,$,$,(#1643),#1665);
#1667=IFCPROPERTYSINGLEVALUE('Ax',$,IFCLABEL('0.001'),$);
#1668=IFCPROPERTYSINGLEVALUE('Ay',$,IFCLABEL('0.001'),$);
#1669=IFCBEAM('0ycpepEzn4Be3m1NOC8tiD',$,$,$,$,#1690,#1680,$,$);
#1670=IFCCARTESIANPOINTLIST2D(((0.,0.),(0.,250.),(6000.,250.),(6000.,0.),(0.,0.)));
#1671=IFCINDEXEDPOLYCURVE(#1670,$,.F.);
#1672=IFCDIRECTION((0.,0.,1.));
#1673=IFCARBITRARYCLOSEDPROFILEDEF(.AREA.,$,#1671);
#1674=IFCCARTESIANPOINT((0.,0.,0.));
#1675=IFCDIRECTION((0.,0.,1.));
#1676=IFCDIRECTION((1.,0.,0.));
#1677=IFCAXIS2PLACEMENT3D(#1674,#1675,#1676);
#1678=IFCEXTRUDEDAREASOLID(#1673,#1677,#1672,-500.);
#1679=IFCSHAPEREPRESENTATION(#11,'Body','SweptSolid',(#1678));
#1680=IFCPRODUCTDEFINITIONSHAPE($,$,(#1679));
#1686=IFCCARTESIANPOINT((18000.,-125.,21000.));
#1687=IFCDIRECTION((0.,0.,1.));
#1688=IFCDIRECTION((1.,0.,0.));
#1689=IFCAXIS2PLACEMENT3D(#1686,#1687,#1688);
#1690=IFCLOCALPLACEMENT($,#1689);
#1691=IFCPROPERTYSET('2tvAgVXuf34xzawoM5x6C4',$,'Other',$,(#1693,#1694));
#1692=IFCRELDEFINESBYPROPERTIES('0qXg0kTe105BiEaa78LgLH',$,$,$,(#1669),#1691);
#1693=IFCPROPERTYSINGLEVALUE('Ax',$,IFCLABEL('0.001'),$);
#1694=IFCPROPERTYSINGLEVALUE('Ay',$,IFCLABEL('0.001'),$);
#1695=IFCBEAM('0D48H6$9fFCR7fLf3AvJUk',$,$,$,$,#1716,#1706,$,$);
#1696=IFCCARTESIANPOINTLIST2D(((0.,0.),(0.,250.),(6000.,250.),(6000.,0.),(0.,0.)));
#1697=IFCINDEXEDPOLYCURVE(#1696,$,.F.);
#1698=IFCDIRECTION((0.,0.,1.));
#1699=IFCARBITRARYCLOSEDPROFILEDEF(.AREA.,$,#1697);
#1700=IFCCARTESIANPOINT((0.,0.,0.));
#1701=IFCDIRECTION((0.,0.,1.));
#1702=IFCDIRECTION((1.,0.,0.));
#1703=IFCAXIS2PLACEMENT3D(#1700,#1701,#1702);
#1704=IFCEXTRUDEDAREASOLID(#1699,#1703,#1698,-500.);
#1705=IFCSHAPEREPRESENTATION(#11,'Body','SweptSolid',(#1704));
#1706=IFCPRODUCTDEFINITIONSHAPE($,$,(#1705));
#1712=IFCCARTESIANPOINT((0.,5875.,21000.));
#1713=IFCDIRECTION((0.,0.,1.));
#1714=IFCDIRECTION((1.,0.,0.));
#1715=IFCAXIS2PLACEMENT3D(#1712,#1713,#1714);
#1716=IFCLOCALPLACEMENT($,#1715);
#1717=IFCPROPERTYSET('3wTezpTW9DmBb8ISEus1bA',$,'Other',$,(#1719,#1720));
#1718=IFCRELDEFINESBYPROPERTIES('3xHEUo5h9Fl8htJfwPpi9x',$,$,$,(#1695),#1717);
#1719=IFCPROPERTYSINGLEVALUE('Ax',$,IFCLABEL('0.001'),$);
#1720=IFCPROPERTYSINGLEVALUE('Ay',$,IFCLABEL('0.001'),$);
#1721=IFCBEAM('1LUZzzr6T48hv8CZtrRB7p',$,$,$,$,#1742,#1732,$,$);
#1722=IFCCARTESIANPOINTLIST2D(((0.,0.),(0.,250.),(6000.,250.),(6000.,0.),(0.,0.)));
#1723=IFCINDEXEDPOLYCURVE(#1722,$,.F.);
#1724=IFCDIRECTION((0.,0.,1.));
#1725=IFCARBITRARYCLOSEDPROFILEDEF(.AREA.,$,#1723);
#1726=IFCCARTESIANPOINT((0.,0.,0.));
#1727=IFCDIRECTION((0.,0.,1.));
#1728=IFCDIRECTION((1.,0.,0.));
#1729=IFCAXIS2PLACEMENT3D(#1726,#1727,#1728);
#1730=IFCEXTRUDEDAREASOLID(#1725,#1729,#1724,-500.);
#1731=IFCSHAPEREPRESENTATION(#11,'Body','SweptSolid',(#1730));
#1732=IFCPRODUCTDEFINITIONSHAPE($,$,(#1731));
#1738=IFCCARTESIANPOINT((6000.,5875.,21000.));
#1739=IFCDIRECTION((0.,0.,1.));
#1740=IFCDIRECTION((1.,0.,0.));
#1741=IFCAXIS2PLACEMENT3D(#1738,#1739,#1740);
#1742=IFCLOCALPLACEMENT($,#1741);
#1743=IFCPROPERTYSET('2bj3tctSvEIuLLgTxUaot5',$,'Other',$,(#1745,#1746));
#1744=IFCRELDEFINESBYPROPERTIES('0e_8WNGBrAfemKi_LkzOga',$,$,$,(#1721),#1743);
#1745=IFCPROPERTYSINGLEVALUE('Ax',$,IFCLABEL('0.001'),$);
#1746=IFCPROPERTYSINGLEVALUE('Ay',$,IFCLABEL('0.001'),$);
#1747=IFCBEAM('0XahlUI8rFEBhlCgKRzumm',$,$,$,$,#1768,#1758,$,$);
#1748=IFCCARTESIANPOINTLIST2D(((0.,0.),(0.,250.),(6000.,250.),(6000.,0.),(0.,0.)));
#1749=IFCINDEXEDPOLYCURVE(#1748,$,.F.);
#1750=IFCDIRECTION((0.,0.,1.));
#1751=IFCARBITRARYCLOSEDPROFILEDEF(.AREA.,$,#1749);
#1752=IFCCARTESIANPOINT((0.,0.,0.));
#1753=IFCDIRECTION((0.,0.,1.));
#1754=IFCDIRECTION((1.,0.,0.));
#1755=IFCAXIS2PLACEMENT3D(#1752,#1753,#1754);
#1756=IFCEXTRUDEDAREASOLID(#1751,#1755,#1750,-500.);
#1757=IFCSHAPEREPRESENTATION(#11,'Body','SweptSolid',(#1756));
#1758=IFCPRODUCTDEFINITIONSHAPE($,$,(#1757));
#1764=IFCCARTESIANPOINT((12000.,5875.,21000.));
#1765=IFCDIRECTION((0.,0.,1.));
#1766=IFCDIRECTION((1.,0.,0.));
#1767=IFCAXIS2PLACEMENT3D(#1764,#1765,#1766);
#1768=IFCLOCALPLACEMENT($,#1767);
#1769=IFCPROPERTYSET('1jkDXnMKb6xgEjNBt9tr2c',$,'Other',$,(#1771,#1772));
#1770=IFCRELDEFINESBYPROPERTIES('0e3L9olJjEdxnXUfxtxJel',$,$,$,(#1747),#1769);
#1771=IFCPROPERTYSINGLEVALUE('Ax',$,IFCLABEL('0.001'),$);
#1772=IFCPROPERTYSINGLEVALUE('Ay',$,IFCLABEL('0.001'),$);
#1773=IFCBEAM('1kvd3vxAv24P8N43eCxXdC',$,$,$,$,#1794,#1784,$,$);
#1774=IFCCARTESIANPOINTLIST2D(((0.,0.),(0.,250.),(6000.,250.),(6000.,0.),(0.,0.)));
#1775=IFCINDEXEDPOLYCURVE(#1774,$,.F.);
#1776=IFCDIRECTION((0.,0.,1.));
#1777=IFCARBITRARYCLOSEDPROFILEDEF(.AREA.,$,#1775);
#1778=IFCCARTESIANPOINT((0.,0.,0.));
#1779=IFCDIRECTION((0.,0.,1.));
#1780=IFCDIRECTION((1.,0.,0.));
#1781=IFCAXIS2PLACEMENT3D(#1778,#1779,#1780);
#1782=IFCEXTRUDEDAREASOLID(#1777,#1781,#1776,-500.);
#1783=IFCSHAPEREPRESENTATION(#11,'Body','SweptSolid',(#1782));
#1784=IFCPRODUCTDEFINITIONSHAPE($,$,(#1783));
#1790=IFCCARTESIANPOINT((18000.,5875.,21000.));
#1791=IFCDIRECTION((0.,0.,1.));
#1792=IFCDIRECTION((1.,0.,0.));
#1793=IFCAXIS2PLACEMENT3D(#1790,#1791,#1792);
#1794=IFCLOCALPLACEMENT($,#1793);
#1795=IFCPROPERTYSET('1Gf05XiDn2peE$4Y1uogF0',$,'Other',$,(#1797,#1798));
#1796=IFCRELDEFINESBYPROPERTIES('3jIzJhUir0oQgpzMShfInT',$,$,$,(#1773),#1795);
#1797=IFCPROPERTYSINGLEVALUE('Ax',$,IFCLABEL('0.001'),$);
#1798=IFCPROPERTYSINGLEVALUE('Ay',$,IFCLABEL('0.001'),$);
#1799=IFCBEAM('0t46sqZbPClfwiKzOBXCWR',$,$,$,$,#1820,#1810,$,$);
#1800=IFCCARTESIANPOINTLIST2D(((0.,0.),(0.,250.),(6000.,250.),(6000.,0.),(0.,0.)));
#1801=IFCINDEXEDPOLYCURVE(#1800,$,.F.);
#1802=IFCDIRECTION((0.,0.,1.));
#1803=IFCARBITRARYCLOSEDPROFILEDEF(.AREA.,$,#1801);
#1804=IFCCARTESIANPOINT((0.,0.,0.));
#1805=IFCDIRECTION((0.,0.,1.));
#1806=IFCDIRECTION((1.,0.,0.));
#1807=IFCAXIS2PLACEMENT3D(#1804,#1805,#1806);
#1808=IFCEXTRUDEDAREASOLID(#1803,#1807,#1802,-500.);
#1809=IFCSHAPEREPRESENTATION(#11,'Body','SweptSolid',(#1808));
#1810=IFCPRODUCTDEFINITIONSHAPE($,$,(#1809));
#1816=IFCCARTESIANPOINT((24000.,5875.,21000.));
#1817=IFCDIRECTION((0.,0.,1.));
#1818=IFCDIRECTION((1.,0.,0.));
#1819=IFCAXIS2PLACEMENT3D(#1816,#1817,#1818);
#1820=IFCLOCALPLACEMENT($,#1819);
#1821=IFCPROPERTYSET('2kOlDF_aPEPvodyPAsU0An',$,'Other',$,(#1823,#1824));
#1822=IFCRELDEFINESBYPROPERTIES('0aReypkc13_R19szXE6_t5',$,$,$,(#1799),#1821);
#1823=IFCPROPERTYSINGLEVALUE('Ax',$,IFCLABEL('0.001'),$);
#1824=IFCPROPERTYSINGLEVALUE('Ay',$,IFCLABEL('0.001'),$);
#1825=IFCBEAM('3C9Rll1H12peUTb1Z$vGoJ',$,$,$,$,#1846,#1836,$,$);
#1826=IFCCARTESIANPOINTLIST2D(((0.,0.),(0.,250.),(6000.,250.),(6000.,0.),(0.,0.)));
#1827=IFCINDEXEDPOLYCURVE(#1826,$,.F.);
#1828=IFCDIRECTION((0.,0.,1.));
#1829=IFCARBITRARYCLOSEDPROFILEDEF(.AREA.,$,#1827);
#1830=IFCCARTESIANPOINT((0.,0.,0.));
#1831=IFCDIRECTION((0.,0.,1.));
#1832=IFCDIRECTION((1.,0.,0.));
#1833=IFCAXIS2PLACEMENT3D(#1830,#1831,#1832);
#1834=IFCEXTRUDEDAREASOLID(#1829,#1833,#1828,-500.);
#1835=IFCSHAPEREPRESENTATION(#11,'Body','SweptSolid',(#1834));
#1836=IFCPRODUCTDEFINITIONSHAPE($,$,(#1835));
#1842=IFCCARTESIANPOINT((0.,11875.,21000.));
#1843=IFCDIRECTION((0.,0.,1.));
#1844=IFCDIRECTION((1.,0.,0.));
#1845=IFCAXIS2PLACEMENT3D(#1842,#1843,#1844);
#1846=IFCLOCALPLACEMENT($,#1845);
#1847=IFCPROPERTYSET('3UBuTmP_z5BgWv2UsCEKSL',$,'Other',$,(#1849,#1850));
#1848=IFCRELDEFINESBYPROPERTIES('2Gye6W8zT6iQws2R5BqJja',$,$,$,(#1825),#1847);
#1849=IFCPROPERTYSINGLEVALUE('Ax',$,IFCLABEL('0.001'),$);
#1850=IFCPROPERTYSINGLEVALUE('Ay',$,IFCLABEL('0.001'),$);
#1851=IFCBEAM('016Uwnwmv1WwI2GEG2cINP',$,$,$,$,#1872,#1862,$,$);
#1852=IFCCARTESIANPOINTLIST2D(((0.,0.),(0.,250.),(6000.,250.),(6000.,0.),(0.,0.)));
#1853=IFCINDEXEDPOLYCURVE(#1852,$,.F.);
#1854=IFCDIRECTION((0.,0.,1.));
#1855=IFCARBITRARYCLOSEDPROFILEDEF(.AREA.,$,#1853);
#1856=IFCCARTESIANPOINT((0.,0.,0.));
#1857=IFCDIRECTION((0.,0.,1.));
#1858=IFCDIRECTION((1.,0.,0.));
#1859=IFCAXIS2PLACEMENT3D(#1856,#1857,#1858);
#1860=IFCEXTRUDEDAREASOLID(#1855,#1859,#1854,-500.);
#1861=IFCSHAPEREPRESENTATION(#11,'Body','SweptSolid',(#1860));
#1862=IFCPRODUCTDEFINITIONSHAPE($,$,(#1861));
#1868=IFCCARTESIANPOINT((6000.,11875.,21000.));
#1869=IFCDIRECTION((0.,0.,1.));
#1870=IFCDIRECTION((1.,0.,0.));
#1871=IFCAXIS2PLACEMENT3D(#1868,#1869,#1870);
#1872=IFCLOCALPLACEMENT($,#1871);
#1873=IFCPROPERTYSET('3d1LVlakb0P9om3gLKQn4L',$,'Other',$,(#1875,#1876));
#1874=IFCRELDEFINESBYPROPERTIES('2u0UbRtxv4rAiPgsSHJ7gZ',$,$,$,(#1851),#1873);
#1875=IFCPROPERTYSINGLEVALUE('Ax',$,IFCLABEL('0.001'),$);
#1876=IFCPROPERTYSINGLEVALUE('Ay',$,IFCLABEL('0.001'),$);
#1877=IFCBEAM('0OkHZeo7b3kQdFrAnqsFAI',$,$,$,$,#1898,#1888,$,$);
#1878=IFCCARTESIANPOINTLIST2D(((0.,0.),(0.,250.),(6000.,250.),(6000.,0.),(0.,0.)));
#1879=IFCINDEXEDPOLYCURVE(#1878,$,.F.);
#1880=IFCDIRECTION((0.,0.,1.));
#1881=IFCARBITRARYCLOSEDPROFILEDEF(.AREA.,$,#1879);
#1882=IFCCARTESIANPOINT((0.,0.,0.));
#1883=IFCDIRECTION((0.,0.,1.));
#1884=IFCDIRECTION((1.,0.,0.));
#1885=IFCAXIS2PLACEMENT3D(#1882,#1883,#1884);
#1886=IFCEXTRUDEDAREASOLID(#1881,#1885,#1880,-500.);
#1887=IFCSHAPEREPRESENTATION(#11,'Body','SweptSolid',(#1886));
#1888=IFCPRODUCTDEFINITIONSHAPE($,$,(#1887));
#1894=IFCCARTESIANPOINT((12000.,11875.,21000.));
#1895=IFCDIRECTION((0.,0.,1.));
#1896=IFCDIRECTION((1.,0.,0.));
#1897=IFCAXIS2PLACEMENT3D(#1894,#1895,#1896);
#1898=IFCLOCALPLACEMENT($,#1897);
#1899=IFCPROPERTYSET('2unIhsoP1D2epoqeuIPXSk',$,'Other',$,(#1901,#1902));
#1900=IFCRELDEFINESBYPROPERTIES('3rjU4VMzv3tw3Qnj0TJN6w',$,$,$,(#1877),#1899);
#1901=IFCPROPERTYSINGLEVALUE('Ax',$,IFCLABEL('0.001'),$);
#1902=IFCPROPERTYSINGLEVALUE('Ay',$,IFCLABEL('0.001'),$);
#1903=IFCBEAM('1K6JtQN_n80vtdaOeBL6gK',$,$,$,$,#1924,#1914,$,$);
#1904=IFCCARTESIANPOINTLIST2D(((0.,0.),(0.,250.),(6000.,250.),(6000.,0.),(0.,0.)));
#1905=IFCINDEXEDPOLYCURVE(#1904,$,.F.);
#1906=IFCDIRECTION((0.,0.,1.));
#1907=IFCARBITRARYCLOSEDPROFILEDEF(.AREA.,$,#1905);
#1908=IFCCARTESIANPOINT((0.,0.,0.));
#1909=IFCDIRECTION((0.,0.,1.));
#1910=IFCDIRECTION((1.,0.,0.));
#1911=IFCAXIS2PLACEMENT3D(#1908,#1909,#1910);
#1912=IFCEXTRUDEDAREASOLID(#1907,#1911,#1906,-500.);
#1913=IFCSHAPEREPRESENTATION(#11,'Body','SweptSolid',(#1912));
#1914=IFCPRODUCTDEFINITIONSHAPE($,$,(#1913));
#1920=IFCCARTESIANPOINT((18000.,11875.,21000.));
#1921=IFCDIRECTION((0.,0.,1.));
#1922=IFCDIRECTION((1.,0.,0.));
#1923=IFCAXIS2PLACEMENT3D(#1920,#1921,#1922);
#1924=IFCLOCALPLACEMENT($,#1923);
#1925=IFCPROPERTYSET('2l9rR2s818U9hYwqAvWgnN',$,'Other',$,(#1927,#1928));
#1926=IFCRELDEFINESBYPROPERTIES('1gy21no552hQ4wy6SImCTu',$,$,$,(#1903),#1925);
#1927=IFCPROPERTYSINGLEVALUE('Ax',$,IFCLABEL('0.001'),$);
#1928=IFCPROPERTYSINGLEVALUE('Ay',$,IFCLABEL('0.001'),$);
#1929=IFCBEAM('0svh6_v9n4vA2N3wxq66xI',$,$,$,$,#1950,#1940,$,$);
#1930=IFCCARTESIANPOINTLIST2D(((0.,0.),(0.,250.),(6000.,250.),(6000.,0.),(0.,0.)));
#1931=IFCINDEXEDPOLYCURVE(#1930,$,.F.);
#1932=IFCDIRECTION((0.,0.,1.));
#1933=IFCARBITRARYCLOSEDPROFILEDEF(.AREA.,$,#1931);
#1934=IFCCARTESIANPOINT((0.,0.,0.));
#1935=IFCDIRECTION((0.,0.,1.));
#1936=IFCDIRECTION((1.,0.,0.));
#1937=IFCAXIS2PLACEMENT3D(#1934,#1935,#1936);
#1938=IFCEXTRUDEDAREASOLID(#1933,#1937,#1932,-500.);
#1939=IFCSHAPEREPRESENTATION(#11,'Body','SweptSolid',(#1938));
#1940=IFCPRODUCTDEFINITIONSHAPE($,$,(#1939));
#1946=IFCCARTESIANPOINT((0.,17875.,21000.));
#1947=IFCDIRECTION((0.,0.,1.));
#1948=IFCDIRECTION((1.,0.,0.));
#1949=IFCAXIS2PLACEMENT3D(#1946,#1947,#1948);
#1950=IFCLOCALPLACEMENT($,#1949);
#1951=IFCPROPERTYSET('02kjlZpczCdO_OfzTL5pVk',$,'Other',$,(#1953,#1954));
#1952=IFCRELDEFINESBYPROPERTIES('14u$s7Xw92HOiUU16iHXWV',$,$,$,(#1929),#1951);
#1953=IFCPROPERTYSINGLEVALUE('Ax',$,IFCLABEL('0.001'),$);
#1954=IFCPROPERTYSINGLEVALUE('Ay',$,IFCLABEL('0.001'),$);
#1955=IFCBEAM('1GA2MJoOjC3g3YJjMYEreD',$,$,$,$,#1976,#1966,$,$);
#1956=IFCCARTESIANPOINTLIST2D(((0.,0.),(0.,250.),(6000.,250.),(6000.,0.),(0.,0.)));
#1957=IFCINDEXEDPOLYCURVE(#1956,$,.F.);
#1958=IFCDIRECTION((0.,0.,1.));
#1959=IFCARBITRARYCLOSEDPROFILEDEF(.AREA.,$,#1957);
#1960=IFCCARTESIANPOINT((0.,0.,0.));
#1961=IFCDIRECTION((0.,0.,1.));
#1962=IFCDIRECTION((1.,0.,0.));
#1963=IFCAXIS2PLACEMENT3D(#1960,#1961,#1962);
#1964=IFCEXTRUDEDAREASOLID(#1959,#1963,#1958,-500.);
#1965=IFCSHAPEREPRESENTATION(#11,'Body','SweptSolid',(#1964));
#1966=IFCPRODUCTDEFINITIONSHAPE($,$,(#1965));
#1972=IFCCARTESIANPOINT((6000.,17875.,21000.));
#1973=IFCDIRECTION((0.,0.,1.));
#1974=IFCDIRECTION((1.,0.,0.));
#1975=IFCAXIS2PLACEMENT3D(#1972,#1973,#1974);
#1976=IFCLOCALPLACEMENT($,#1975);
#1977=IFCPROPERTYSET('1SEA98jNjEDvDUoVCHXcye',$,'Other',$,(#1979,#1980));
#1978=IFCRELDEFINESBYPROPERTIES('31085prQfDCP13u5fKQzoD',$,$,$,(#1955),#1977);
#1979=IFCPROPERTYSINGLEVALUE('Ax',$,IFCLABEL('0.001'),$);
#1980=IFCPROPERTYSINGLEVALUE('Ay',$,IFCLABEL('0.001'),$);
#1981=IFCBEAM('1Rpgth3ZP1UOEHGVyQ$zJK',$,$,$,$,#2002,#1992,$,$);
#1982=IFCCARTESIANPOINTLIST2D(((0.,0.),(0.,250.),(6000.,250.),(6000.,0.),(0.,0.)));
#1983=IFCINDEXEDPOLYCURVE(#1982,$,.F.);
#1984=IFCDIRECTION((0.,0.,1.));
#1985=IFCARBITRARYCLOSEDPROFILEDEF(.AREA.,$,#1983);
#1986=IFCCARTESIANPOINT((0.,0.,0.));
#1987=IFCDIRECTION((0.,0.,1.));
#1988=IFCDIRECTION((1.,0.,0.));
#1989=IFCAXIS2PLACEMENT3D(#1986,#1987,#1988);
#1990=IFCEXTRUDEDAREASOLID(#1985,#1989,#1984,-500.);
#1991=IFCSHAPEREPRESENTATION(#11,'Body','SweptSolid',(#1990));
#1992=IFCPRODUCTDEFINITIONSHAPE($,$,(#1991));
#1998=IFCCARTESIANPOINT((12000.,17875.,21000.));
#1999=IFCDIRECTION((0.,0.,1.));
#2000=IFCDIRECTION((1.,0.,0.));
#2001=IFCAXIS2PLACEMENT3D(#1998,#1999,#2000);
#2002=IFCLOCALPLACEMENT($,#2001);
#2003=IFCPROPERTYSET('0xm3Y5OlLBcxsI2coR8ak7',$,'Other',$,(#2005,#2006));
#2004=IFCRELDEFINESBYPROPERTIES('2SZQ6L3gj3qAH5Ck7ZkYMZ',$,$,$,(#1981),#2003);
#2005=IFCPROPERTYSINGLEVALUE('Ax',$,IFCLABEL('0.001'),$);
#2006=IFCPROPERTYSINGLEVALUE('Ay',$,IFCLABEL('0.001'),$);
#2007=IFCBEAM('0mfr0Zroj0$xxX0ZJQMFxk',$,$,$,$,#2028,#2018,$,$);
#2008=IFCCARTESIANPOINTLIST2D(((0.,0.),(0.,250.),(6000.,250.),(6000.,0.),(0.,0.)));
#2009=IFCINDEXEDPOLYCURVE(#2008,$,.F.);
#2010=IFCDIRECTION((0.,0.,1.));
#2011=IFCARBITRARYCLOSEDPROFILEDEF(.AREA.,$,#2009);
#2012=IFCCARTESIANPOINT((0.,0.,0.));
#2013=IFCDIRECTION((0.,0.,1.));
#2014=IFCDIRECTION((1.,0.,0.));
#2015=IFCAXIS2PLACEMENT3D(#2012,#2013,#2014);
#2016=IFCEXTRUDEDAREASOLID(#2011,#2015,#2010,-500.);
#2017=IFCSHAPEREPRESENTATION(#11,'Body','SweptSolid',(#2016));
#2018=IFCPRODUCTDEFINITIONSHAPE($,$,(#2017));
#2024=IFCCARTESIANPOINT((18000.,17875.,21000.));
#2025=IFCDIRECTION((0.,0.,1.));
#2026=IFCDIRECTION((1.,0.,0.));
#2027=IFCAXIS2PLACEMENT3D(#2024,#2025,#2026);
#2028=IFCLOCALPLACEMENT($,#2027);
#2029=IFCPROPERTYSET('302uYjDU9DBgD3np19P4xW',$,'Other',$,(#2031,#2032));
#2030=IFCRELDEFINESBYPROPERTIES('1PcM55EBb9wevM36zCn9od',$,$,$,(#2007),#2029);
#2031=IFCPROPERTYSINGLEVALUE('Ax',$,IFCLABEL('0.001'),$);
#2032=IFCPROPERTYSINGLEVALUE('Ay',$,IFCLABEL('0.001'),$);
#2033=IFCBEAM('0LweB1Ynv18AgAN$cFq05o',$,$,$,$,#2054,#2044,$,$);
#2034=IFCCARTESIANPOINTLIST2D(((0.,0.),(0.,250.),(6000.,250.),(6000.,0.),(0.,0.)));
#2035=IFCINDEXEDPOLYCURVE(#2034,$,.F.);
#2036=IFCDIRECTION((0.,0.,1.));
#2037=IFCARBITRARYCLOSEDPROFILEDEF(.AREA.,$,#2035);
#2038=IFCCARTESIANPOINT((0.,0.,0.));
#2039=IFCDIRECTION((0.,0.,1.));
#2040=IFCDIRECTION((1.,0.,0.));
#2041=IFCAXIS2PLACEMENT3D(#2038,#2039,#2040);
#2042=IFCEXTRUDEDAREASOLID(#2037,#2041,#2036,-500.);
#2043=IFCSHAPEREPRESENTATION(#11,'Body','SweptSolid',(#2042));
#2044=IFCPRODUCTDEFINITIONSHAPE($,$,(#2043));
#2050=IFCCARTESIANPOINT((24000.,17875.,21000.));
#2051=IFCDIRECTION((0.,0.,1.));
#2052=IFCDIRECTION((1.,0.,0.));
#2053=IFCAXIS2PLACEMENT3D(#2050,#2051,#2052);
#2054=IFCLOCALPLACEMENT($,#2053);
#2055=IFCPROPERTYSET('3yeKaxikv0rPgPKEPfFra_',$,'Other',$,(#2057,#2058));
#2056=IFCRELDEFINESBYPROPERTIES('13ruN5PSfDvRym793F75DK',$,$,$,(#2033),#2055);
#2057=IFCPROPERTYSINGLEVALUE('Ax',$,IFCLABEL('0.001'),$);
#2058=IFCPROPERTYSINGLEVALUE('Ay',$,IFCLABEL('0.001'),$);
#2059=IFCBEAM('2TJEA6Ggv9Gg3Ug3Sg9qH5',$,$,$,$,#2080,#2070,$,$);
#2060=IFCCARTESIANPOINTLIST2D(((0.,0.),(0.,250.),(6000.,250.),(6000.,0.),(0.,0.)));
#2061=IFCINDEXEDPOLYCURVE(#2060,$,.F.);
#2062=IFCDIRECTION((0.,0.,1.));
#2063=IFCARBITRARYCLOSEDPROFILEDEF(.AREA.,$,#2061);
#2064=IFCCARTESIANPOINT((0.,0.,0.));
#2065=IFCDIRECTION((0.,0.,1.));
#2066=IFCDIRECTION((1.,0.,0.));
#2067=IFCAXIS2PLACEMENT3D(#2064,#2065,#2066);
#2068=IFCEXTRUDEDAREASOLID(#2063,#2067,#2062,-400.);
#2069=IFCSHAPEREPRESENTATION(#11,'Body','SweptSolid',(#2068));
#2070=IFCPRODUCTDEFINITIONSHAPE($,$,(#2069));
#2076=IFCCARTESIANPOINT((2875.,18000.,21000.));
#2077=IFCDIRECTION((0.,0.,1.));
#2078=IFCDIRECTION((-1.8369701987210297E-16,-1.,0.));
#2079=IFCAXIS2PLACEMENT3D(#2076,#2077,#2078);
#2080=IFCLOCALPLACEMENT($,#2079);
#2081=IFCPROPERTYSET('3pFriVt_XEq9$6XEBJt3JV',$,'Other',$,(#2083,#2084));
#2082=IFCRELDEFINESBYPROPERTIES('3PKFXjFyvBCvZUo11$J3zh',$,$,$,(#2059),#2081);
#2083=IFCPROPERTYSINGLEVALUE('Ax',$,IFCLABEL('0.001'),$);
#2084=IFCPROPERTYSINGLEVALUE('Ay',$,IFCLABEL('0.001'),$);
#2085=IFCBEAM('1vEFMBPDvCiwRFzRS5w6QR',$,$,$,$,#2106,#2096,$,$);
#2086=IFCCARTESIANPOINTLIST2D(((0.,0.),(0.,250.),(6000.,250.),(6000.,0.),(0.,0.)));
#2087=IFCINDEXEDPOLYCURVE(#2086,$,.F.);
#2088=IFCDIRECTION((0.,0.,1.));
#2089=IFCARBITRARYCLOSEDPROFILEDEF(.AREA.,$,#2087);
#2090=IFCCARTESIANPOINT((0.,0.,0.));
#2091=IFCDIRECTION((0.,0.,1.));
#2092=IFCDIRECTION((1.,0.,0.));
#2093=IFCAXIS2PLACEMENT3D(#2090,#2091,#2092);
#2094=IFCEXTRUDEDAREASOLID(#2089,#2093,#2088,-400.);
#2095=IFCSHAPEREPRESENTATION(#11,'Body','SweptSolid',(#2094));
#2096=IFCPRODUCTDEFINITIONSHAPE($,$,(#2095));
#2102=IFCCARTESIANPOINT((2875.,12000.,21000.));
#2103=IFCDIRECTION((0.,0.,1.));
#2104=IFCDIRECTION((-1.8369701987210297E-16,-1.,0.));
#2105=IFCAXIS2PLACEMENT3D(#2102,#2103,#2104);
#2106=IFCLOCALPLACEMENT($,#2105);
#2107=IFCPROPERTYSET('3ds8NmuAr9ugA3rqd5rE3I',$,'Other',$,(#2109,#2110));
#2108=IFCRELDEFINESBYPROPERTIES('3MUOt3hpfEWBihDsULZc29',$,$,$,(#2085),#2107);
#2109=IFCPROPERTYSINGLEVALUE('Ax',$,IFCLABEL('0.001'),$);
#2110=IFCPROPERTYSINGLEVALUE('Ay',$,IFCLABEL('0.001'),$);
#2111=IFCBEAM('3v5ROCLYz0K9kGViC_uS9X',$,$,$,$,#2132,#2122,$,$);
#2112=IFCCARTESIANPOINTLIST2D(((0.,0.),(0.,250.),(6000.,250.),(6000.,0.),(0.,0.)));
#2113=IFCINDEXEDPOLYCURVE(#2112,$,.F.);
#2114=IFCDIRECTION((0.,0.,1.));
#2115=IFCARBITRARYCLOSEDPROFILEDEF(.AREA.,$,#2113);
#2116=IFCCARTESIANPOINT((0.,0.,0.));
#2117=IFCDIRECTION((0.,0.,1.));
#2118=IFCDIRECTION((1.,0.,0.));
#2119=IFCAXIS2PLACEMENT3D(#2116,#2117,#2118);
#2120=IFCEXTRUDEDAREASOLID(#2115,#2119,#2114,-400.);
#2121=IFCSHAPEREPRESENTATION(#11,'Body','SweptSolid',(#2120));
#2122=IFCPRODUCTDEFINITIONSHAPE($,$,(#2121));
#2128=IFCCARTESIANPOINT((8875.,18000.,21000.));
#2129=IFCDIRECTION((0.,0.,1.));
#2130=IFCDIRECTION((-1.8369701987210297E-16,-1.,0.));
#2131=IFCAXIS2PLACEMENT3D(#2128,#2129,#2130);
#2132=IFCLOCALPLACEMENT($,#2131);
#2133=IFCPROPERTYSET('2yn4Ps2CD4ugxY7Ty5Kj1Z',$,'Other',$,(#2135,#2136));
#2134=IFCRELDEFINESBYPROPERTIES('2uepCsi95AGPg_rVx2kK$j',$,$,$,(#2111),#2133);
#2135=IFCPROPERTYSINGLEVALUE('Ax',$,IFCLABEL('0.001'),$);
#2136=IFCPROPERTYSINGLEVALUE('Ay',$,IFCLABEL('0.001'),$);
#2137=IFCBEAM('0m6gJ2syLCrxRE7BMCjVK4',$,$,$,$,#2158,#2148,$,$);
#2138=IFCCARTESIANPOINTLIST2D(((0.,0.),(0.,250.),(6000.,250.),(6000.,0.),(0.,0.)));
#2139=IFCINDEXEDPOLYCURVE(#2138,$,.F.);
#2140=IFCDIRECTION((0.,0.,1.));
#2141=IFCARBITRARYCLOSEDPROFILEDEF(.AREA.,$,#2139);
#2142=IFCCARTESIANPOINT((0.,0.,0.));
#2143=IFCDIRECTION((0.,0.,1.));
#2144=IFCDIRECTION((1.,0.,0.));
#2145=IFCAXIS2PLACEMENT3D(#2142,#2143,#2144);
#2146=IFCEXTRUDEDAREASOLID(#2141,#2145,#2140,-400.);
#2147=IFCSHAPEREPRESENTATION(#11,'Body','SweptSolid',(#2146));
#2148=IFCPRODUCTDEFINITIONSHAPE($,$,(#2147));
#2154=IFCCARTESIANPOINT((8875.,12000.,21000.));
#2155=IFCDIRECTION((0.,0.,1.));
#2156=IFCDIRECTION((-1.8369701987210297E-16,-1.,0.));
#2157=IFCAXIS2PLACEMENT3D(#2154,#2155,#2156);
#2158=IFCLOCALPLACEMENT($,#2157);
#2159=IFCPROPERTYSET('3fnieTRvb5S8y7uFByIa6W',$,'Other',$,(#2161,#2162));
#2160=IFCRELDEFINESBYPROPERTIES('1aGcwuk5jFje5ybNNi62X7',$,$,$,(#2137),#2159);
#2161=IFCPROPERTYSINGLEVALUE('Ax',$,IFCLABEL('0.001'),$);
#2162=IFCPROPERTYSINGLEVALUE('Ay',$,IFCLABEL('0.001'),$);
#2163=IFCBEAM('382$YMcX932PfE0zD6rSkq',$,$,$,$,#2184,#2174,$,$);
#2164=IFCCARTESIANPOINTLIST2D(((0.,0.),(0.,250.),(6000.,250.),(6000.,0.),(0.,0.)));
#2165=IFCINDEXEDPOLYCURVE(#2164,$,.F.);
#2166=IFCDIRECTION((0.,0.,1.));
#2167=IFCARBITRARYCLOSEDPROFILEDEF(.AREA.,$,#2165);
#2168=IFCCARTESIANPOINT((0.,0.,0.));
#2169=IFCDIRECTION((0.,0.,1.));
#2170=IFCDIRECTION((1.,0.,0.));
#2171=IFCAXIS2PLACEMENT3D(#2168,#2169,#2170);
#2172=IFCEXTRUDEDAREASOLID(#2167,#2171,#2166,-400.);
#2173=IFCSHAPEREPRESENTATION(#11,'Body','SweptSolid',(#2172));
#2174=IFCPRODUCTDEFINITIONSHAPE($,$,(#2173));
#2180=IFCCARTESIANPOINT((14875.,18000.,21000.));
#2181=IFCDIRECTION((0.,0.,1.));
#2182=IFCDIRECTION((-1.8369701987210297E-16,-1.,0.));
#2183=IFCAXIS2PLACEMENT3D(#2180,#2181,#2182);
#2184=IFCLOCALPLACEMENT($,#2183);
#2185=IFCPROPERTYSET('1y$v5U4K516QfbdUezfy0s',$,'Other',$,(#2187,#2188));
#2186=IFCRELDEFINESBYPROPERTIES('2Pexu2T1P7ZvZ1ImNq4y2Y',$,$,$,(#2163),#2185);
#2187=IFCPROPERTYSINGLEVALUE('Ax',$,IFCLABEL('0.001'),$);
#2188=IFCPROPERTYSINGLEVALUE('Ay',$,IFCLABEL('0.001'),$);
#2189=IFCBEAM('14jhvCFN19QvSYFbxPYdyt',$,$,$,$,#2210,#2200,$,$);
#2190=IFCCARTESIANPOINTLIST2D(((0.,0.),(0.,250.),(6000.,250.),(6000.,0.),(0.,0.)));
#2191=IFCINDEXEDPOLYCURVE(#2190,$,.F.);
#2192=IFCDIRECTION((0.,0.,1.));
#2193=IFCARBITRARYCLOSEDPROFILEDEF(.AREA.,$,#2191);
#2194=IFCCARTESIANPOINT((0.,0.,0.));
#2195=IFCDIRECTION((0.,0.,1.));
#2196=IFCDIRECTION((1.,0.,0.));
#2197=IFCAXIS2PLACEMENT3D(#2194,#2195,#2196);
#2198=IFCEXTRUDEDAREASOLID(#2193,#2197,#2192,-400.);
#2199=IFCSHAPEREPRESENTATION(#11,'Body','SweptSolid',(#2198));
#2200=IFCPRODUCTDEFINITIONSHAPE($,$,(#2199));
#2206=IFCCARTESIANPOINT((14875.,12000.,21000.));
#2207=IFCDIRECTION((0.,0.,1.));
#2208=IFCDIRECTION((-1.8369701987210297E-16,-1.,0.));
#2209=IFCAXIS2PLACEMENT3D(#2206,#2207,#2208);
#2210=IFCLOCALPLACEMENT($,#2209);
#2211=IFCPROPERTYSET('3ECyd2h75E282_eSowlVlq',$,'Other',$,(#2213,#2214));
#2212=IFCRELDEFINESBYPROPERTIES('1N_TDjyo5Bgw1A0Eq8IS$Z',$,$,$,(#2189),#2211);
#2213=IFCPROPERTYSINGLEVALUE('Ax',$,IFCLABEL('0.001'),$);
#2214=IFCPROPERTYSINGLEVALUE('Ay',$,IFCLABEL('0.001'),$);
#2215=IFCBEAM('0CD1OQegXBOhaurxej7M6h',$,$,$,$,#2236,#2226,$,$);
#2216=IFCCARTESIANPOINTLIST2D(((0.,0.),(0.,250.),(6000.,250.),(6000.,0.),(0.,0.)));
#2217=IFCINDEXEDPOLYCURVE(#2216,$,.F.);
#2218=IFCDIRECTION((0.,0.,1.));
#2219=IFCARBITRARYCLOSEDPROFILEDEF(.AREA.,$,#2217);
#2220=IFCCARTESIANPOINT((0.,0.,0.));
#2221=IFCDIRECTION((0.,0.,1.));
#2222=IFCDIRECTION((1.,0.,0.));
#2223=IFCAXIS2PLACEMENT3D(#2220,#2221,#2222);
#2224=IFCEXTRUDEDAREASOLID(#2219,#2223,#2218,-400.);
#2225=IFCSHAPEREPRESENTATION(#11,'Body','SweptSolid',(#2224));
#2226=IFCPRODUCTDEFINITIONSHAPE($,$,(#2225));
#2232=IFCCARTESIANPOINT((14875.,6000.,21000.));
#2233=IFCDIRECTION((0.,0.,1.));
#2234=IFCDIRECTION((-1.8369701987210297E-16,-1.,0.));
#2235=IFCAXIS2PLACEMENT3D(#2232,#2233,#2234);
#2236=IFCLOCALPLACEMENT($,#2235);
#2237=IFCPROPERTYSET('2Zd5WLO3zAEA_rdA$yG5dI',$,'Other',$,(#2239,#2240));
#2238=IFCRELDEFINESBYPROPERTIES('3tS7gt8cjAzBJruYTqw75A',$,$,$,(#2215),#2237);
#2239=IFCPROPERTYSINGLEVALUE('Ax',$,IFCLABEL('0.001'),$);
#2240=IFCPROPERTYSINGLEVALUE('Ay',$,IFCLABEL('0.001'),$);
#2241=IFCBEAM('1k5VfPRnP8Ux9$9rFsHFiV',$,$,$,$,#2262,#2252,$,$);
#2242=IFCCARTESIANPOINTLIST2D(((0.,0.),(0.,250.),(6000.,250.),(6000.,0.),(0.,0.)));
#2243=IFCINDEXEDPOLYCURVE(#2242,$,.F.);
#2244=IFCDIRECTION((0.,0.,1.));
#2245=IFCARBITRARYCLOSEDPROFILEDEF(.AREA.,$,#2243);
#2246=IFCCARTESIANPOINT((0.,0.,0.));
#2247=IFCDIRECTION((0.,0.,1.));
#2248=IFCDIRECTION((1.,0.,0.));
#2249=IFCAXIS2PLACEMENT3D(#2246,#2247,#2248);
#2250=IFCEXTRUDEDAREASOLID(#2245,#2249,#2244,-400.);
#2251=IFCSHAPEREPRESENTATION(#11,'Body','SweptSolid',(#2250));
#2252=IFCPRODUCTDEFINITIONSHAPE($,$,(#2251));
#2258=IFCCARTESIANPOINT((20875.,18000.,21000.));
#2259=IFCDIRECTION((0.,0.,1.));
#2260=IFCDIRECTION((-1.8369701987210297E-16,-1.,0.));
#2261=IFCAXIS2PLACEMENT3D(#2258,#2259,#2260);
#2262=IFCLOCALPLACEMENT($,#2261);
#2263=IFCPROPERTYSET('2zCFgbSaXATAKbhgmN9on0',$,'Other',$,(#2265,#2266));
#2264=IFCRELDEFINESBYPROPERTIES('3U$47Rucb9sPgTm6D9sbki',$,$,$,(#2241),#2263);
#2265=IFCPROPERTYSINGLEVALUE('Ax',$,IFCLABEL('0.001'),$);
#2266=IFCPROPERTYSINGLEVALUE('Ay',$,IFCLABEL('0.001'),$);
#2267=IFCBEAM('1J7pT_vm550QSMjks3OpMh',$,$,$,$,#2288,#2278,$,$);
#2268=IFCCARTESIANPOINTLIST2D(((0.,0.),(0.,250.),(6000.,250.),(6000.,0.),(0.,0.)));
#2269=IFCINDEXEDPOLYCURVE(#2268,$,.F.);
#2270=IFCDIRECTION((0.,0.,1.));
#2271=IFCARBITRARYCLOSEDPROFILEDEF(.AREA.,$,#2269);
#2272=IFCCARTESIANPOINT((0.,0.,0.));
#2273=IFCDIRECTION((0.,0.,1.));
#2274=IFCDIRECTION((1.,0.,0.));
#2275=IFCAXIS2PLACEMENT3D(#2272,#2273,#2274);
#2276=IFCEXTRUDEDAREASOLID(#2271,#2275,#2270,-400.);
#2277=IFCSHAPEREPRESENTATION(#11,'Body','SweptSolid',(#2276));
#2278=IFCPRODUCTDEFINITIONSHAPE($,$,(#2277));
#2284=IFCCARTESIANPOINT((20875.,12000.,21000.));
#2285=IFCDIRECTION((0.,0.,1.));
#2286=IFCDIRECTION((-1.8369701987210297E-16,-1.,0.));
#2287=IFCAXIS2PLACEMENT3D(#2284,#2285,#2286);
#2288=IFCLOCALPLACEMENT($,#2287);
#2289=IFCPROPERTYSET('2b4AArhmf4ruAzMOEuGcRW',$,'Other',$,(#2291,#2292));
#2290=IFCRELDEFINESBYPROPERTIES('3LCYGIbP5AL994nzc78jG0',$,$,$,(#2267),#2289);
#2291=IFCPROPERTYSINGLEVALUE('Ax',$,IFCLABEL('0.001'),$);
#2292=IFCPROPERTYSINGLEVALUE('Ay',$,IFCLABEL('0.001'),$);
#2293=IFCBEAM('04lnn4SNP3S8tzS2cmuVI2',$,$,$,$,#2314,#2304,$,$);
#2294=IFCCARTESIANPOINTLIST2D(((0.,0.),(0.,250.),(6000.,250.),(6000.,0.),(0.,0.)));
#2295=IFCINDEXEDPOLYCURVE(#2294,$,.F.);
#2296=IFCDIRECTION((0.,0.,1.));
#2297=IFCARBITRARYCLOSEDPROFILEDEF(.AREA.,$,#2295);
#2298=IFCCARTESIANPOINT((0.,0.,0.));
#2299=IFCDIRECTION((0.,0.,1.));
#2300=IFCDIRECTION((1.,0.,0.));
#2301=IFCAXIS2PLACEMENT3D(#2298,#2299,#2300);
#2302=IFCEXTRUDEDAREASOLID(#2297,#2301,#2296,-400.);
#2303=IFCSHAPEREPRESENTATION(#11,'Body','SweptSolid',(#2302));
#2304=IFCPRODUCTDEFINITIONSHAPE($,$,(#2303));
#2310=IFCCARTESIANPOINT((20875.,6000.,21000.));
#2311=IFCDIRECTION((0.,0.,1.));
#2312=IFCDIRECTION((-1.8369701987210297E-16,-1.,0.));
#2313=IFCAXIS2PLACEMENT3D(#2310,#2311,#2312);
#2314=IFCLOCALPLACEMENT($,#2313);
#2315=IFCPROPERTYSET('3NC3HHRYbD1vgzGjc4sUF4',$,'Other',$,(#2317,#2318));
#2316=IFCRELDEFINESBYPROPERTIES('015fhBHZv9HgT2mrjOoVzX',$,$,$,(#2293),#2315);
#2317=IFCPROPERTYSINGLEVALUE('Ax',$,IFCLABEL('0.001'),$);
#2318=IFCPROPERTYSINGLEVALUE('Ay',$,IFCLABEL('0.001'),$);
#2319=IFCBEAM('2QIPSpvsX6vOyEnFcqqiWE',$,$,$,$,#2340,#2330,$,$);
#2320=IFCCARTESIANPOINTLIST2D(((0.,0.),(0.,250.),(6000.,250.),(6000.,0.),(0.,0.)));
#2321=IFCINDEXEDPOLYCURVE(#2320,$,.F.);
#2322=IFCDIRECTION((0.,0.,1.));
#2323=IFCARBITRARYCLOSEDPROFILEDEF(.AREA.,$,#2321);
#2324=IFCCARTESIANPOINT((0.,0.,0.));
#2325=IFCDIRECTION((0.,0.,1.));
#2326=IFCDIRECTION((1.,0.,0.));
#2327=IFCAXIS2PLACEMENT3D(#2324,#2325,#2326);
#2328=IFCEXTRUDEDAREASOLID(#2323,#2327,#2322,-400.);
#2329=IFCSHAPEREPRESENTATION(#11,'Body','SweptSolid',(#2328));
#2330=IFCPRODUCTDEFINITIONSHAPE($,$,(#2329));
#2336=IFCCARTESIANPOINT((26875.,18000.,21000.));
#2337=IFCDIRECTION((0.,0.,1.));
#2338=IFCDIRECTION((-1.8369701987210297E-16,-1.,0.));
#2339=IFCAXIS2PLACEMENT3D(#2336,#2337,#2338);
#2340=IFCLOCALPLACEMENT($,#2339);
#2341=IFCPROPERTYSET('1tC_ffhHbCwuCqbLP4cs6p',$,'Other',$,(#2343,#2344));
#2342=IFCRELDEFINESBYPROPERTIES('29HYKJNu12ERBO6y9oN4OV',$,$,$,(#2319),#2341);
#2343=IFCPROPERTYSINGLEVALUE('Ax',$,IFCLABEL('0.001'),$);
#2344=IFCPROPERTYSINGLEVALUE('Ay',$,IFCLABEL('0.001'),$);
#2345=IFCBEAM('0NGZEECtj6690ZGRCX_VUY',$,$,$,$,#2366,#2356,$,$);
#2346=IFCCARTESIANPOINTLIST2D(((0.,0.),(0.,250.),(6000.,250.),(6000.,0.),(0.,0.)));
#2347=IFCINDEXEDPOLYCURVE(#2346,$,.F.);
#2348=IFCDIRECTION((0.,0.,1.));
#2349=IFCARBITRARYCLOSEDPROFILEDEF(.AREA.,$,#2347);
#2350=IFCCARTESIANPOINT((0.,0.,0.));
#2351=IFCDIRECTION((0.,0.,1.));
#2352=IFCDIRECTION((1.,0.,0.));
#2353=IFCAXIS2PLACEMENT3D(#2350,#2351,#2352);
#2354=IFCEXTRUDEDAREASOLID(#2349,#2353,#2348,-400.);
#2355=IFCSHAPEREPRESENTATION(#11,'Body','SweptSolid',(#2354));
#2356=IFCPRODUCTDEFINITIONSHAPE($,$,(#2355));
#2362=IFCCARTESIANPOINT((8875.,6000.,21000.));
#2363=IFCDIRECTION((0.,0.,1.));
#2364=IFCDIRECTION((-1.8369701987210297E-16,-1.,0.));
#2365=IFCAXIS2PLACEMENT3D(#2362,#2363,#2364);
#2366=IFCLOCALPLACEMENT($,#2365);
#2367=IFCPROPERTYSET('0QQsBgflr4ePY_bUPpiPrP',$,'Other',$,(#2369,#2370));
#2368=IFCRELDEFINESBYPROPERTIES('1hVmdD8wT7K9A5JwjupVqf',$,$,$,(#2345),#2367);
#2369=IFCPROPERTYSINGLEVALUE('Ax',$,IFCLABEL('0.001'),$);
#2370=IFCPROPERTYSINGLEVALUE('Ay',$,IFCLABEL('0.001'),$);
#2371=IFCBEAM('2mfxuoWnbBUv9flsk9ZmF6',$,$,$,$,#2392,#2382,$,$);
#2372=IFCCARTESIANPOINTLIST2D(((0.,0.),(0.,250.),(6000.,250.),(6000.,0.),(0.,0.)));
#2373=IFCINDEXEDPOLYCURVE(#2372,$,.F.);
#2374=IFCDIRECTION((0.,0.,1.));
#2375=IFCARBITRARYCLOSEDPROFILEDEF(.AREA.,$,#2373);
#2376=IFCCARTESIANPOINT((0.,0.,0.));
#2377=IFCDIRECTION((0.,0.,1.));
#2378=IFCDIRECTION((1.,0.,0.));
#2379=IFCAXIS2PLACEMENT3D(#2376,#2377,#2378);
#2380=IFCEXTRUDEDAREASOLID(#2375,#2379,#2374,-400.);
#2381=IFCSHAPEREPRESENTATION(#11,'Body','SweptSolid',(#2380));
#2382=IFCPRODUCTDEFINITIONSHAPE($,$,(#2381));
#2388=IFCCARTESIANPOINT((2875.,6000.,21000.));
#2389=IFCDIRECTION((0.,0.,1.));
#2390=IFCDIRECTION((-1.8369701987210297E-16,-1.,0.));
#2391=IFCAXIS2PLACEMENT3D(#2388,#2389,#2390);
#2392=IFCLOCALPLACEMENT($,#2391);
#2393=IFCPROPERTYSET('0P6$st$t5A08MExGFOsWu8',$,'Other',$,(#2395,#2396));
#2394=IFCRELDEFINESBYPROPERTIES('06CVxNYqf9Z9CJeBx5QCg1',$,$,$,(#2371),#2393);
#2395=IFCPROPERTYSINGLEVALUE('Ax',$,IFCLABEL('0.001'),$);
#2396=IFCPROPERTYSINGLEVALUE('Ay',$,IFCLABEL('0.001'),$);
#2397=IFCBEAM('2gsjg5$M1FBfsxBOgbSrXI',$,$,$,$,#2418,#2408,$,$);
#2398=IFCCARTESIANPOINTLIST2D(((0.,0.),(0.,250.),(6000.,250.),(6000.,0.),(0.,0.)));
#2399=IFCINDEXEDPOLYCURVE(#2398,$,.F.);
#2400=IFCDIRECTION((0.,0.,1.));
#2401=IFCARBITRARYCLOSEDPROFILEDEF(.AREA.,$,#2399);
#2402=IFCCARTESIANPOINT((0.,0.,0.));
#2403=IFCDIRECTION((0.,0.,1.));
#2404=IFCDIRECTION((1.,0.,0.));
#2405=IFCAXIS2PLACEMENT3D(#2402,#2403,#2404);
#2406=IFCEXTRUDEDAREASOLID(#2401,#2405,#2400,-400.);
#2407=IFCSHAPEREPRESENTATION(#11,'Body','SweptSolid',(#2406));
#2408=IFCPRODUCTDEFINITIONSHAPE($,$,(#2407));
#2414=IFCCARTESIANPOINT((26875.,12000.,21000.));
#2415=IFCDIRECTION((0.,0.,1.));
#2416=IFCDIRECTION((-1.8369701987210297E-16,-1.,0.));
#2417=IFCAXIS2PLACEMENT3D(#2414,#2415,#2416);
#2418=IFCLOCALPLACEMENT($,#2417);
#2419=IFCPROPERTYSET('2$exwdClXBPwVgaFc4UC3g',$,'Other',$,(#2421,#2422));
#2420=IFCRELDEFINESBYPROPERTIES('0d85mB7eP7N9cHONt5z0Bv',$,$,$,(#2397),#2419);
#2421=IFCPROPERTYSINGLEVALUE('Ax',$,IFCLABEL('0.001'),$);
#2422=IFCPROPERTYSINGLEVALUE('Ay',$,IFCLABEL('0.001'),$);
#2423=IFCBEAM('1yrt3qaS51yxdEryPd8MfM',$,$,$,$,#2444,#2434,$,$);
#2424=IFCCARTESIANPOINTLIST2D(((0.,0.),(0.,250.),(6000.,250.),(6000.,0.),(0.,0.)));
#2425=IFCINDEXEDPOLYCURVE(#2424,$,.F.);
#2426=IFCDIRECTION((0.,0.,1.));
#2427=IFCARBITRARYCLOSEDPROFILEDEF(.AREA.,$,#2425);
#2428=IFCCARTESIANPOINT((0.,0.,0.));
#2429=IFCDIRECTION((0.,0.,1.));
#2430=IFCDIRECTION((1.,0.,0.));
#2431=IFCAXIS2PLACEMENT3D(#2428,#2429,#2430);
#2432=IFCEXTRUDEDAREASOLID(#2427,#2431,#2426,-500.);
#2433=IFCSHAPEREPRESENTATION(#11,'Body','SweptSolid',(#2432));
#2434=IFCPRODUCTDEFINITIONSHAPE($,$,(#2433));
#2440=IFCCARTESIANPOINT((125.,6000.,18000.));
#2441=IFCDIRECTION((0.,0.,1.));
#2442=IFCDIRECTION((6.123233995736766E-17,1.,0.));
#2443=IFCAXIS2PLACEMENT3D(#2440,#2441,#2442);
#2444=IFCLOCALPLACEMENT($,#2443);
#2445=IFCPROPERTYSET('1HavRyWHv4FB3Is6oRB9ms',$,'Other',$,(#2447,#2448));
#2446=IFCRELDEFINESBYPROPERTIES('1EqWJATor3dPy9G1IClGvq',$,$,$,(#2423),#2445);
#2447=IFCPROPERTYSINGLEVALUE('Ax',$,IFCLABEL('0.001'),$);
#2448=IFCPROPERTYSINGLEVALUE('Ay',$,IFCLABEL('0.001'),$);
#2449=IFCBEAM('2fKJC7C4r3MBAGaxswVeIw',$,$,$,$,#2470,#2460,$,$);
#2450=IFCCARTESIANPOINTLIST2D(((0.,0.),(0.,250.),(6000.,250.),(6000.,0.),(0.,0.)));
#2451=IFCINDEXEDPOLYCURVE(#2450,$,.F.);
#2452=IFCDIRECTION((0.,0.,1.));
#2453=IFCARBITRARYCLOSEDPROFILEDEF(.AREA.,$,#2451);
#2454=IFCCARTESIANPOINT((0.,0.,0.));
#2455=IFCDIRECTION((0.,0.,1.));
#2456=IFCDIRECTION((1.,0.,0.));
#2457=IFCAXIS2PLACEMENT3D(#2454,#2455,#2456);
#2458=IFCEXTRUDEDAREASOLID(#2453,#2457,#2452,-500.);
#2459=IFCSHAPEREPRESENTATION(#11,'Body','SweptSolid',(#2458));
#2460=IFCPRODUCTDEFINITIONSHAPE($,$,(#2459));
#2466=IFCCARTESIANPOINT((125.,12000.,18000.));
#2467=IFCDIRECTION((0.,0.,1.));
#2468=IFCDIRECTION((6.123233995736766E-17,1.,0.));
#2469=IFCAXIS2PLACEMENT3D(#2466,#2467,#2468);
#2470=IFCLOCALPLACEMENT($,#2469);
#2471=IFCPROPERTYSET('2dn43X_UX74AqCPUT4yKeF',$,'Other',$,(#2473,#2474));
#2472=IFCRELDEFINESBYPROPERTIES('13nvLs$fv849oBrFPNIACG',$,$,$,(#2449),#2471);
#2473=IFCPROPERTYSINGLEVALUE('Ax',$,IFCLABEL('0.001'),$);
#2474=IFCPROPERTYSINGLEVALUE('Ay',$,IFCLABEL('0.001'),$);
#2475=IFCBEAM('3gXjmqZarALu$YRGERtw7g',$,$,$,$,#2496,#2486,$,$);
#2476=IFCCARTESIANPOINTLIST2D(((0.,0.),(0.,250.),(6000.,250.),(6000.,0.),(0.,0.)));
#2477=IFCINDEXEDPOLYCURVE(#2476,$,.F.);
#2478=IFCDIRECTION((0.,0.,1.));
#2479=IFCARBITRARYCLOSEDPROFILEDEF(.AREA.,$,#2477);
#2480=IFCCARTESIANPOINT((0.,0.,0.));
#2481=IFCDIRECTION((0.,0.,1.));
#2482=IFCDIRECTION((1.,0.,0.));
#2483=IFCAXIS2PLACEMENT3D(#2480,#2481,#2482);
#2484=IFCEXTRUDEDAREASOLID(#2479,#2483,#2478,-500.);
#2485=IFCSHAPEREPRESENTATION(#11,'Body','SweptSolid',(#2484));
#2486=IFCPRODUCTDEFINITIONSHAPE($,$,(#2485));
#2492=IFCCARTESIANPOINT((6125.,6000.,18000.));
#2493=IFCDIRECTION((0.,0.,1.));
#2494=IFCDIRECTION((6.123233995736766E-17,1.,0.));
#2495=IFCAXIS2PLACEMENT3D(#2492,#2493,#2494);
#2496=IFCLOCALPLACEMENT($,#2495);
#2497=IFCPROPERTYSET('2LxTMAO4z8RBnSkr8a1gsE',$,'Other',$,(#2499,#2500));
#2498=IFCRELDEFINESBYPROPERTIES('05u_XZrv97mhuhAcC6nOdS',$,$,$,(#2475),#2497);
#2499=IFCPROPERTYSINGLEVALUE('Ax',$,IFCLABEL('0.001'),$);
#2500=IFCPROPERTYSINGLEVALUE('Ay',$,IFCLABEL('0.001'),$);
#2501=IFCBEAM('2tKvWJTvjFowHRfI9XVxhV',$,$,$,$,#2522,#2512,$,$);
#2502=IFCCARTESIANPOINTLIST2D(((0.,0.),(0.,250.),(6000.,250.),(6000.,0.),(0.,0.)));
#2503=IFCINDEXEDPOLYCURVE(#2502,$,.F.);
#2504=IFCDIRECTION((0.,0.,1.));
#2505=IFCARBITRARYCLOSEDPROFILEDEF(.AREA.,$,#2503);
#2506=IFCCARTESIANPOINT((0.,0.,0.));
#2507=IFCDIRECTION((0.,0.,1.));
#2508=IFCDIRECTION((1.,0.,0.));
#2509=IFCAXIS2PLACEMENT3D(#2506,#2507,#2508);
#2510=IFCEXTRUDEDAREASOLID(#2505,#2509,#2504,-500.);
#2511=IFCSHAPEREPRESENTATION(#11,'Body','SweptSolid',(#2510));
#2512=IFCPRODUCTDEFINITIONSHAPE($,$,(#2511));
#2518=IFCCARTESIANPOINT((6125.,12000.,18000.));
#2519=IFCDIRECTION((0.,0.,1.));
#2520=IFCDIRECTION((6.123233995736766E-17,1.,0.));
#2521=IFCAXIS2PLACEMENT3D(#2518,#2519,#2520);
#2522=IFCLOCALPLACEMENT($,#2521);
#2523=IFCPROPERTYSET('1h1urFGxTDVAVSjSvQE30P',$,'Other',$,(#2525,#2526));
#2524=IFCRELDEFINESBYPROPERTIES('1eHKHFoiD8XBpWG$x$q3Y7',$,$,$,(#2501),#2523);
#2525=IFCPROPERTYSINGLEVALUE('Ax',$,IFCLABEL('0.001'),$);
#2526=IFCPROPERTYSINGLEVALUE('Ay',$,IFCLABEL('0.001'),$);
#2527=IFCBEAM('1WTCi4ZrjBtO7i$sW0UXg4',$,$,$,$,#2548,#2538,$,$);
#2528=IFCCARTESIANPOINTLIST2D(((0.,0.),(0.,250.),(6000.,250.),(6000.,0.),(0.,0.)));
#2529=IFCINDEXEDPOLYCURVE(#2528,$,.F.);
#2530=IFCDIRECTION((0.,0.,1.));
#2531=IFCARBITRARYCLOSEDPROFILEDEF(.AREA.,$,#2529);
#2532=IFCCARTESIANPOINT((0.,0.,0.));
#2533=IFCDIRECTION((0.,0.,1.));
#2534=IFCDIRECTION((1.,0.,0.));
#2535=IFCAXIS2PLACEMENT3D(#2532,#2533,#2534);
#2536=IFCEXTRUDEDAREASOLID(#2531,#2535,#2530,-500.);
#2537=IFCSHAPEREPRESENTATION(#11,'Body','SweptSolid',(#2536));
#2538=IFCPRODUCTDEFINITIONSHAPE($,$,(#2537));
#2544=IFCCARTESIANPOINT((12125.,-7.6540424946709578E-15,18000.));
#2545=IFCDIRECTION((0.,0.,1.));
#2546=IFCDIRECTION((6.123233995736766E-17,1.,0.));
#2547=IFCAXIS2PLACEMENT3D(#2544,#2545,#2546);
#2548=IFCLOCALPLACEMENT($,#2547);
#2549=IFCPROPERTYSET('33iXiRisb7vvjhu2flLN9g',$,'Other',$,(#2551,#2552));
#2550=IFCRELDEFINESBYPROPERTIES('3uBU95y99EQwV2IjlGSgjd',$,$,$,(#2527),#2549);
#2551=IFCPROPERTYSINGLEVALUE('Ax',$,IFCLABEL('0.001'),$);
#2552=IFCPROPERTYSINGLEVALUE('Ay',$,IFCLABEL('0.001'),$);
#2553=IFCBEAM('1v$nabPfv4rPiGf8EOKE5X',$,$,$,$,#2574,#2564,$,$);
#2554=IFCCARTESIANPOINTLIST2D(((0.,0.),(0.,250.),(6000.,250.),(6000.,0.),(0.,0.)));
#2555=IFCINDEXEDPOLYCURVE(#2554,$,.F.);
#2556=IFCDIRECTION((0.,0.,1.));
#2557=IFCARBITRARYCLOSEDPROFILEDEF(.AREA.,$,#2555);
#2558=IFCCARTESIANPOINT((0.,0.,0.));
#2559=IFCDIRECTION((0.,0.,1.));
#2560=IFCDIRECTION((1.,0.,0.));
#2561=IFCAXIS2PLACEMENT3D(#2558,#2559,#2560);
#2562=IFCEXTRUDEDAREASOLID(#2557,#2561,#2556,-500.);
#2563=IFCSHAPEREPRESENTATION(#11,'Body','SweptSolid',(#2562));
#2564=IFCPRODUCTDEFINITIONSHAPE($,$,(#2563));
#2570=IFCCARTESIANPOINT((12125.,6000.,18000.));
#2571=IFCDIRECTION((0.,0.,1.));
#2572=IFCDIRECTION((6.123233995736766E-17,1.,0.));
#2573=IFCAXIS2PLACEMENT3D(#2570,#2571,#2572);
#2574=IFCLOCALPLACEMENT($,#2573);
#2575=IFCPROPERTYSET('23iUc$oYT2xvFq23E3Kgz0',$,'Other',$,(#2577,#2578));
#2576=IFCRELDEFINESBYPROPERTIES('1Hk_KHp6LDshIQ$UzopPIp',$,$,$,(#2553),#2575);
#2577=IFCPROPERTYSINGLEVALUE('Ax',$,IFCLABEL('0.001'),$);
#2578=IFCPROPERTYSINGLEVALUE('Ay',$,IFCLABEL('0.001'),$);
#2579=IFCBEAM('1dNijjb8D8Dff0cGJB$Z0k',$,$,$,$,#2600,#2590,$,$);
#2580=IFCCARTESIANPOINTLIST2D(((0.,0.),(0.,250.),(6000.,250.),(6000.,0.),(0.,0.)));
#2581=IFCINDEXEDPOLYCURVE(#2580,$,.F.);
#2582=IFCDIRECTION((0.,0.,1.));
#2583=IFCARBITRARYCLOSEDPROFILEDEF(.AREA.,$,#2581);
#2584=IFCCARTESIANPOINT((0.,0.,0.));
#2585=IFCDIRECTION((0.,0.,1.));
#2586=IFCDIRECTION((1.,0.,0.));
#2587=IFCAXIS2PLACEMENT3D(#2584,#2585,#2586);
#2588=IFCEXTRUDEDAREASOLID(#2583,#2587,#2582,-500.);
#2589=IFCSHAPEREPRESENTATION(#11,'Body','SweptSolid',(#2588));
#2590=IFCPRODUCTDEFINITIONSHAPE($,$,(#2589));
#2596=IFCCARTESIANPOINT((12125.,12000.,18000.));
#2597=IFCDIRECTION((0.,0.,1.));
#2598=IFCDIRECTION((6.123233995736766E-17,1.,0.));
#2599=IFCAXIS2PLACEMENT3D(#2596,#2597,#2598);
#2600=IFCLOCALPLACEMENT($,#2599);
#2601=IFCPROPERTYSET('1ZljwlZ7H2Y8Xy8OSx7wcM',$,'Other',$,(#2603,#2604));
#2602=IFCRELDEFINESBYPROPERTIES('0OGMEd7wr1nhZa_AsZmDzs',$,$,$,(#2579),#2601);
#2603=IFCPROPERTYSINGLEVALUE('Ax',$,IFCLABEL('0.001'),$);
#2604=IFCPROPERTYSINGLEVALUE('Ay',$,IFCLABEL('0.001'),$);
#2605=IFCBEAM('1ZkMp2efT42BFRm_zUt4vx',$,$,$,$,#2626,#2616,$,$);
#2606=IFCCARTESIANPOINTLIST2D(((0.,0.),(0.,250.),(6000.,250.),(6000.,0.),(0.,0.)));
#2607=IFCINDEXEDPOLYCURVE(#2606,$,.F.);
#2608=IFCDIRECTION((0.,0.,1.));
#2609=IFCARBITRARYCLOSEDPROFILEDEF(.AREA.,$,#2607);
#2610=IFCCARTESIANPOINT((0.,0.,0.));
#2611=IFCDIRECTION((0.,0.,1.));
#2612=IFCDIRECTION((1.,0.,0.));
#2613=IFCAXIS2PLACEMENT3D(#2610,#2611,#2612);
#2614=IFCEXTRUDEDAREASOLID(#2609,#2613,#2608,-500.);
#2615=IFCSHAPEREPRESENTATION(#11,'Body','SweptSolid',(#2614));
#2616=IFCPRODUCTDEFINITIONSHAPE($,$,(#2615));
#2622=IFCCARTESIANPOINT((18125.,-7.6540424946709578E-15,18000.));
#2623=IFCDIRECTION((0.,0.,1.));
#2624=IFCDIRECTION((6.123233995736766E-17,1.,0.));
#2625=IFCAXIS2PLACEMENT3D(#2622,#2623,#2624);
#2626=IFCLOCALPLACEMENT($,#2625);
#2627=IFCPROPERTYSET('0KTSvEn_r4Xwims3_kQbAy',$,'Other',$,(#2629,#2630));
#2628=IFCRELDEFINESBYPROPERTIES('0kNJhKqCP4hhz4U3s5MHUo',$,$,$,(#2605),#2627);
#2629=IFCPROPERTYSINGLEVALUE('Ax',$,IFCLABEL('0.001'),$);
#2630=IFCPROPERTYSINGLEVALUE('Ay',$,IFCLABEL('0.001'),$);
#2631=IFCBEAM('1kc34HgTj1oAV6hVohIAGJ',$,$,$,$,#2652,#2642,$,$);
#2632=IFCCARTESIANPOINTLIST2D(((0.,0.),(0.,250.),(6000.,250.),(6000.,0.),(0.,0.)));
#2633=IFCINDEXEDPOLYCURVE(#2632,$,.F.);
#2634=IFCDIRECTION((0.,0.,1.));
#2635=IFCARBITRARYCLOSEDPROFILEDEF(.AREA.,$,#2633);
#2636=IFCCARTESIANPOINT((0.,0.,0.));
#2637=IFCDIRECTION((0.,0.,1.));
#2638=IFCDIRECTION((1.,0.,0.));
#2639=IFCAXIS2PLACEMENT3D(#2636,#2637,#2638);
#2640=IFCEXTRUDEDAREASOLID(#2635,#2639,#2634,-500.);
#2641=IFCSHAPEREPRESENTATION(#11,'Body','SweptSolid',(#2640));
#2642=IFCPRODUCTDEFINITIONSHAPE($,$,(#2641));
#2648=IFCCARTESIANPOINT((18125.,6000.,18000.));
#2649=IFCDIRECTION((0.,0.,1.));
#2650=IFCDIRECTION((6.123233995736766E-17,1.,0.));
#2651=IFCAXIS2PLACEMENT3D(#2648,#2649,#2650);
#2652=IFCLOCALPLACEMENT($,#2651);
#2653=IFCPROPERTYSET('1$CRIvYVX9ce6V0NjkKteJ',$,'Other',$,(#2655,#2656));
#2654=IFCRELDEFINESBYPROPERTIES('0k4pIc89P3Vea3XAdxh$HP',$,$,$,(#2631),#2653);
#2655=IFCPROPERTYSINGLEVALUE('Ax',$,IFCLABEL('0.001'),$);
#2656=IFCPROPERTYSINGLEVALUE('Ay',$,IFCLABEL('0.001'),$);
#2657=IFCBEAM('0bicVvEdnBFAK_lgIHNU8p',$,$,$,$,#2678,#2668,$,$);
#2658=IFCCARTESIANPOINTLIST2D(((0.,0.),(0.,250.),(6000.,250.),(6000.,0.),(0.,0.)));
#2659=IFCINDEXEDPOLYCURVE(#2658,$,.F.);
#2660=IFCDIRECTION((0.,0.,1.));
#2661=IFCARBITRARYCLOSEDPROFILEDEF(.AREA.,$,#2659);
#2662=IFCCARTESIANPOINT((0.,0.,0.));
#2663=IFCDIRECTION((0.,0.,1.));
#2664=IFCDIRECTION((1.,0.,0.));
#2665=IFCAXIS2PLACEMENT3D(#2662,#2663,#2664);
#2666=IFCEXTRUDEDAREASOLID(#2661,#2665,#2660,-500.);
#2667=IFCSHAPEREPRESENTATION(#11,'Body','SweptSolid',(#2666));
#2668=IFCPRODUCTDEFINITIONSHAPE($,$,(#2667));
#2674=IFCCARTESIANPOINT((18125.,12000.,18000.));
#2675=IFCDIRECTION((0.,0.,1.));
#2676=IFCDIRECTION((6.123233995736766E-17,1.,0.));
#2677=IFCAXIS2PLACEMENT3D(#2674,#2675,#2676);
#2678=IFCLOCALPLACEMENT($,#2677);
#2679=IFCPROPERTYSET('22ad$lgQj1ChC7ThlSBxge',$,'Other',$,(#2681,#2682));
#2680=IFCRELDEFINESBYPROPERTIES('1ZR9Shfd99Eh9z2gWXBPIM',$,$,$,(#2657),#2679);
#2681=IFCPROPERTYSINGLEVALUE('Ax',$,IFCLABEL('0.001'),$);
#2682=IFCPROPERTYSINGLEVALUE('Ay',$,IFCLABEL('0.001'),$);
#2683=IFCBEAM('3daoI4pj53cfbeJb2QcFL7',$,$,$,$,#2704,#2694,$,$);
#2684=IFCCARTESIANPOINTLIST2D(((0.,0.),(0.,250.),(6000.,250.),(6000.,0.),(0.,0.)));
#2685=IFCINDEXEDPOLYCURVE(#2684,$,.F.);
#2686=IFCDIRECTION((0.,0.,1.));
#2687=IFCARBITRARYCLOSEDPROFILEDEF(.AREA.,$,#2685);
#2688=IFCCARTESIANPOINT((0.,0.,0.));
#2689=IFCDIRECTION((0.,0.,1.));
#2690=IFCDIRECTION((1.,0.,0.));
#2691=IFCAXIS2PLACEMENT3D(#2688,#2689,#2690);
#2692=IFCEXTRUDEDAREASOLID(#2687,#2691,#2686,-500.);
#2693=IFCSHAPEREPRESENTATION(#11,'Body','SweptSolid',(#2692));
#2694=IFCPRODUCTDEFINITIONSHAPE($,$,(#2693));
#2700=IFCCARTESIANPOINT((24125.,-7.6540424946709578E-15,18000.));
#2701=IFCDIRECTION((0.,0.,1.));
#2702=IFCDIRECTION((6.123233995736766E-17,1.,0.));
#2703=IFCAXIS2PLACEMENT3D(#2700,#2701,#2702);
#2704=IFCLOCALPLACEMENT($,#2703);
#2705=IFCPROPERTYSET('0ngXXeSyf2_hlc9alUp2Wa',$,'Other',$,(#2707,#2708));
#2706=IFCRELDEFINESBYPROPERTIES('3YlSo5du14$uATNC2lhnB0',$,$,$,(#2683),#2705);
#2707=IFCPROPERTYSINGLEVALUE('Ax',$,IFCLABEL('0.001'),$);
#2708=IFCPROPERTYSINGLEVALUE('Ay',$,IFCLABEL('0.001'),$);
#2709=IFCBEAM('2Hkd4t0Wv8lQ7VJDvApJq6',$,$,$,$,#2730,#2720,$,$);
#2710=IFCCARTESIANPOINTLIST2D(((0.,0.),(0.,250.),(6000.,250.),(6000.,0.),(0.,0.)));
#2711=IFCINDEXEDPOLYCURVE(#2710,$,.F.);
#2712=IFCDIRECTION((0.,0.,1.));
#2713=IFCARBITRARYCLOSEDPROFILEDEF(.AREA.,$,#2711);
#2714=IFCCARTESIANPOINT((0.,0.,0.));
#2715=IFCDIRECTION((0.,0.,1.));
#2716=IFCDIRECTION((1.,0.,0.));
#2717=IFCAXIS2PLACEMENT3D(#2714,#2715,#2716);
#2718=IFCEXTRUDEDAREASOLID(#2713,#2717,#2712,-500.);
#2719=IFCSHAPEREPRESENTATION(#11,'Body','SweptSolid',(#2718));
#2720=IFCPRODUCTDEFINITIONSHAPE($,$,(#2719));
#2726=IFCCARTESIANPOINT((24125.,6000.,18000.));
#2727=IFCDIRECTION((0.,0.,1.));
#2728=IFCDIRECTION((6.123233995736766E-17,1.,0.));
#2729=IFCAXIS2PLACEMENT3D(#2726,#2727,#2728);
#2730=IFCLOCALPLACEMENT($,#2729);
#2731=IFCPROPERTYSET('03M8CzPxfAFw8dUTC9TTZo',$,'Other',$,(#2733,#2734));
#2732=IFCRELDEFINESBYPROPERTIES('3kzE_3GVL3mQhPZNluckM7',$,$,$,(#2709),#2731);
#2733=IFCPROPERTYSINGLEVALUE('Ax',$,IFCLABEL('0.001'),$);
#2734=IFCPROPERTYSINGLEVALUE('Ay',$,IFCLABEL('0.001'),$);
#2735=IFCBEAM('2iTk7O5qLCCRoz2kGEGIt0',$,$,$,$,#2756,#2746,$,$);
#2736=IFCCARTESIANPOINTLIST2D(((0.,0.),(0.,250.),(6000.,250.),(6000.,0.),(0.,0.)));
#2737=IFCINDEXEDPOLYCURVE(#2736,$,.F.);
#2738=IFCDIRECTION((0.,0.,1.));
#2739=IFCARBITRARYCLOSEDPROFILEDEF(.AREA.,$,#2737);
#2740=IFCCARTESIANPOINT((0.,0.,0.));
#2741=IFCDIRECTION((0.,0.,1.));
#2742=IFCDIRECTION((1.,0.,0.));
#2743=IFCAXIS2PLACEMENT3D(#2740,#2741,#2742);
#2744=IFCEXTRUDEDAREASOLID(#2739,#2743,#2738,-500.);
#2745=IFCSHAPEREPRESENTATION(#11,'Body','SweptSolid',(#2744));
#2746=IFCPRODUCTDEFINITIONSHAPE($,$,(#2745));
#2752=IFCCARTESIANPOINT((24125.,12000.,18000.));
#2753=IFCDIRECTION((0.,0.,1.));
#2754=IFCDIRECTION((6.123233995736766E-17,1.,0.));
#2755=IFCAXIS2PLACEMENT3D(#2752,#2753,#2754);
#2756=IFCLOCALPLACEMENT($,#2755);
#2757=IFCPROPERTYSET('0K5XrUV$jCjAHBslIhwXaY',$,'Other',$,(#2759,#2760));
#2758=IFCRELDEFINESBYPROPERTIES('1SavFWZmrAEAdnvDmg884B',$,$,$,(#2735),#2757);
#2759=IFCPROPERTYSINGLEVALUE('Ax',$,IFCLABEL('0.001'),$);
#2760=IFCPROPERTYSINGLEVALUE('Ay',$,IFCLABEL('0.001'),$);
#2761=IFCBEAM('3bWl48AbT8FwnTql2fvDHs',$,$,$,$,#2782,#2772,$,$);
#2762=IFCCARTESIANPOINTLIST2D(((0.,0.),(0.,250.),(6000.,250.),(6000.,0.),(0.,0.)));
#2763=IFCINDEXEDPOLYCURVE(#2762,$,.F.);
#2764=IFCDIRECTION((0.,0.,1.));
#2765=IFCARBITRARYCLOSEDPROFILEDEF(.AREA.,$,#2763);
#2766=IFCCARTESIANPOINT((0.,0.,0.));
#2767=IFCDIRECTION((0.,0.,1.));
#2768=IFCDIRECTION((1.,0.,0.));
#2769=IFCAXIS2PLACEMENT3D(#2766,#2767,#2768);
#2770=IFCEXTRUDEDAREASOLID(#2765,#2769,#2764,-400.);
#2771=IFCSHAPEREPRESENTATION(#11,'Body','SweptSolid',(#2770));
#2772=IFCPRODUCTDEFINITIONSHAPE($,$,(#2771));
#2778=IFCCARTESIANPOINT((30125.,12000.,18000.));
#2779=IFCDIRECTION((0.,0.,1.));
#2780=IFCDIRECTION((6.123233995736766E-17,1.,0.));
#2781=IFCAXIS2PLACEMENT3D(#2778,#2779,#2780);
#2782=IFCLOCALPLACEMENT($,#2781);
#2783=IFCPROPERTYSET('2uY3x3J$nCNfB66L3ylqRw',$,'Other',$,(#2785,#2786));
#2784=IFCRELDEFINESBYPROPERTIES('0RvoSDzA9DOBezpcwdWH0X',$,$,$,(#2761),#2783);
#2785=IFCPROPERTYSINGLEVALUE('Ax',$,IFCLABEL('0.001'),$);
#2786=IFCPROPERTYSINGLEVALUE('Ay',$,IFCLABEL('0.001'),$);
#2787=IFCBEAM('3Yd3AW0Qv7YOhFlgsgJ1NE',$,$,$,$,#2808,#2798,$,$);
#2788=IFCCARTESIANPOINTLIST2D(((0.,0.),(0.,250.),(6000.,250.),(6000.,0.),(0.,0.)));
#2789=IFCINDEXEDPOLYCURVE(#2788,$,.F.);
#2790=IFCDIRECTION((0.,0.,1.));
#2791=IFCARBITRARYCLOSEDPROFILEDEF(.AREA.,$,#2789);
#2792=IFCCARTESIANPOINT((0.,0.,0.));
#2793=IFCDIRECTION((0.,0.,1.));
#2794=IFCDIRECTION((1.,0.,0.));
#2795=IFCAXIS2PLACEMENT3D(#2792,#2793,#2794);
#2796=IFCEXTRUDEDAREASOLID(#2791,#2795,#2790,-500.);
#2797=IFCSHAPEREPRESENTATION(#11,'Body','SweptSolid',(#2796));
#2798=IFCPRODUCTDEFINITIONSHAPE($,$,(#2797));
#2804=IFCCARTESIANPOINT((0.,-125.,18000.));
#2805=IFCDIRECTION((0.,0.,1.));
#2806=IFCDIRECTION((1.,0.,0.));
#2807=IFCAXIS2PLACEMENT3D(#2804,#2805,#2806);
#2808=IFCLOCALPLACEMENT($,#2807);
#2809=IFCPROPERTYSET('11FlM6VV1858rIbkLT7Ix9',$,'Other',$,(#2811,#2812));
#2810=IFCRELDEFINESBYPROPERTIES('3ge$BmCT930gqfJtdG3tpm',$,$,$,(#2787),#2809);
#2811=IFCPROPERTYSINGLEVALUE('Ax',$,IFCLABEL('0.001'),$);
#2812=IFCPROPERTYSINGLEVALUE('Ay',$,IFCLABEL('0.001'),$);
#2813=IFCBEAM('1RuBjs0Zf23hGNOSA_W6my',$,$,$,$,#2834,#2824,$,$);
#2814=IFCCARTESIANPOINTLIST2D(((0.,0.),(0.,250.),(6000.,250.),(6000.,0.),(0.,0.)));
#2815=IFCINDEXEDPOLYCURVE(#2814,$,.F.);
#2816=IFCDIRECTION((0.,0.,1.));
#2817=IFCARBITRARYCLOSEDPROFILEDEF(.AREA.,$,#2815);
#2818=IFCCARTESIANPOINT((0.,0.,0.));
#2819=IFCDIRECTION((0.,0.,1.));
#2820=IFCDIRECTION((1.,0.,0.));
#2821=IFCAXIS2PLACEMENT3D(#2818,#2819,#2820);
#2822=IFCEXTRUDEDAREASOLID(#2817,#2821,#2816,-500.);
#2823=IFCSHAPEREPRESENTATION(#11,'Body','SweptSolid',(#2822));
#2824=IFCPRODUCTDEFINITIONSHAPE($,$,(#2823));
#2830=IFCCARTESIANPOINT((6000.,-125.,18000.));
#2831=IFCDIRECTION((0.,0.,1.));
#2832=IFCDIRECTION((1.,0.,0.));
#2833=IFCAXIS2PLACEMENT3D(#2830,#2831,#2832);
#2834=IFCLOCALPLACEMENT($,#2833);
#2835=IFCPROPERTYSET('2IRaBg9oX5SQCMTa$34why',$,'Other',$,(#2837,#2838));
#2836=IFCRELDEFINESBYPROPERTIES('0z3IVN4VvBMgy9OgsurkIN',$,$,$,(#2813),#2835);
#2837=IFCPROPERTYSINGLEVALUE('Ax',$,IFCLABEL('0.001'),$);
#2838=IFCPROPERTYSINGLEVALUE('Ay',$,IFCLABEL('0.001'),$);
#2839=IFCBEAM('36R9YWXFT5_frGwmG83sy2',$,$,$,$,#2860,#2850,$,$);
#2840=IFCCARTESIANPOINTLIST2D(((0.,0.),(0.,250.),(6000.,250.),(6000.,0.),(0.,0.)));
#2841=IFCINDEXEDPOLYCURVE(#2840,$,.F.);
#2842=IFCDIRECTION((0.,0.,1.));
#2843=IFCARBITRARYCLOSEDPROFILEDEF(.AREA.,$,#2841);
#2844=IFCCARTESIANPOINT((0.,0.,0.));
#2845=IFCDIRECTION((0.,0.,1.));
#2846=IFCDIRECTION((1.,0.,0.));
#2847=IFCAXIS2PLACEMENT3D(#2844,#2845,#2846);
#2848=IFCEXTRUDEDAREASOLID(#2843,#2847,#2842,-500.);
#2849=IFCSHAPEREPRESENTATION(#11,'Body','SweptSolid',(#2848));
#2850=IFCPRODUCTDEFINITIONSHAPE($,$,(#2849));
#2856=IFCCARTESIANPOINT((12000.,-125.,18000.));
#2857=IFCDIRECTION((0.,0.,1.));
#2858=IFCDIRECTION((1.,0.,0.));
#2859=IFCAXIS2PLACEMENT3D(#2856,#2857,#2858);
#2860=IFCLOCALPLACEMENT($,#2859);
#2861=IFCPROPERTYSET('0OgjRlmNn55fW8ieXqEnUj',$,'Other',$,(#2863,#2864));
#2862=IFCRELDEFINESBYPROPERTIES('0uD5vEvxjAZ8BOSRFKkTRK',$,$,$,(#2839),#2861);
#2863=IFCPROPERTYSINGLEVALUE('Ax',$,IFCLABEL('0.001'),$);
#2864=IFCPROPERTYSINGLEVALUE('Ay',$,IFCLABEL('0.001'),$);
#2865=IFCBEAM('0oXtDnxo165uPTej37p4uo',$,$,$,$,#2886,#2876,$,$);
#2866=IFCCARTESIANPOINTLIST2D(((0.,0.),(0.,250.),(6000.,250.),(6000.,0.),(0.,0.)));
#2867=IFCINDEXEDPOLYCURVE(#2866,$,.F.);
#2868=IFCDIRECTION((0.,0.,1.));
#2869=IFCARBITRARYCLOSEDPROFILEDEF(.AREA.,$,#2867);
#2870=IFCCARTESIANPOINT((0.,0.,0.));
#2871=IFCDIRECTION((0.,0.,1.));
#2872=IFCDIRECTION((1.,0.,0.));
#2873=IFCAXIS2PLACEMENT3D(#2870,#2871,#2872);
#2874=IFCEXTRUDEDAREASOLID(#2869,#2873,#2868,-500.);
#2875=IFCSHAPEREPRESENTATION(#11,'Body','SweptSolid',(#2874));
#2876=IFCPRODUCTDEFINITIONSHAPE($,$,(#2875));
#2882=IFCCARTESIANPOINT((18000.,-125.,18000.));
#2883=IFCDIRECTION((0.,0.,1.));
#2884=IFCDIRECTION((1.,0.,0.));
#2885=IFCAXIS2PLACEMENT3D(#2882,#2883,#2884);
#2886=IFCLOCALPLACEMENT($,#2885);
#2887=IFCPROPERTYSET('3nPvrofi59_eDdJWPjmTR6',$,'Other',$,(#2889,#2890));
#2888=IFCRELDEFINESBYPROPERTIES('2kPy6pljP4C9l3r1dJx1hR',$,$,$,(#2865),#2887);
#2889=IFCPROPERTYSINGLEVALUE('Ax',$,IFCLABEL('0.001'),$);
#2890=IFCPROPERTYSINGLEVALUE('Ay',$,IFCLABEL('0.001'),$);
#2891=IFCBEAM('3TsOsYGE146QQp$Vqwm5rZ',$,$,$,$,#2912,#2902,$,$);
#2892=IFCCARTESIANPOINTLIST2D(((0.,0.),(0.,250.),(6000.,250.),(6000.,0.),(0.,0.)));
#2893=IFCINDEXEDPOLYCURVE(#2892,$,.F.);
#2894=IFCDIRECTION((0.,0.,1.));
#2895=IFCARBITRARYCLOSEDPROFILEDEF(.AREA.,$,#2893);
#2896=IFCCARTESIANPOINT((0.,0.,0.));
#2897=IFCDIRECTION((0.,0.,1.));
#2898=IFCDIRECTION((1.,0.,0.));
#2899=IFCAXIS2PLACEMENT3D(#2896,#2897,#2898);
#2900=IFCEXTRUDEDAREASOLID(#2895,#2899,#2894,-500.);
#2901=IFCSHAPEREPRESENTATION(#11,'Body','SweptSolid',(#2900));
#2902=IFCPRODUCTDEFINITIONSHAPE($,$,(#2901));
#2908=IFCCARTESIANPOINT((0.,5875.,18000.));
#2909=IFCDIRECTION((0.,0.,1.));
#2910=IFCDIRECTION((1.,0.,0.));
#2911=IFCAXIS2PLACEMENT3D(#2908,#2909,#2910);
#2912=IFCLOCALPLACEMENT($,#2911);
#2913=IFCPROPERTYSET('3wvuxr9h5Ea9i3$RLZgF9L',$,'Other',$,(#2915,#2916));
#2914=IFCRELDEFINESBYPROPERTIES('3BN12Gq1b9rQcgbU$dNzU4',$,$,$,(#2891),#2913);
#2915=IFCPROPERTYSINGLEVALUE('Ax',$,IFCLABEL('0.001'),$);
#2916=IFCPROPERTYSINGLEVALUE('Ay',$,IFCLABEL('0.001'),$);
#2917=IFCBEAM('0NmW_By09EG9INlE7jDwLq',$,$,$,$,#2938,#2928,$,$);
#2918=IFCCARTESIANPOINTLIST2D(((0.,0.),(0.,250.),(6000.,250.),(6000.,0.),(0.,0.)));
#2919=IFCINDEXEDPOLYCURVE(#2918,$,.F.);
#2920=IFCDIRECTION((0.,0.,1.));
#2921=IFCARBITRARYCLOSEDPROFILEDEF(.AREA.,$,#2919);
#2922=IFCCARTESIANPOINT((0.,0.,0.));
#2923=IFCDIRECTION((0.,0.,1.));
#2924=IFCDIRECTION((1.,0.,0.));
#2925=IFCAXIS2PLACEMENT3D(#2922,#2923,#2924);
#2926=IFCEXTRUDEDAREASOLID(#2921,#2925,#2920,-500.);
#2927=IFCSHAPEREPRESENTATION(#11,'Body','SweptSolid',(#2926));
#2928=IFCPRODUCTDEFINITIONSHAPE($,$,(#2927));
#2934=IFCCARTESIANPOINT((6000.,5875.,18000.));
#2935=IFCDIRECTION((0.,0.,1.));
#2936=IFCDIRECTION((1.,0.,0.));
#2937=IFCAXIS2PLACEMENT3D(#2934,#2935,#2936);
#2938=IFCLOCALPLACEMENT($,#2937);
#2939=IFCPROPERTYSET('0IyLqotX11r99fuWmuv1oD',$,'Other',$,(#2941,#2942));
#2940=IFCRELDEFINESBYPROPERTIES('1rVhOjqnHElwYu9uS3gMS$',$,$,$,(#2917),#2939);
#2941=IFCPROPERTYSINGLEVALUE('Ax',$,IFCLABEL('0.001'),$);
#2942=IFCPROPERTYSINGLEVALUE('Ay',$,IFCLABEL('0.001'),$);
#2943=IFCBEAM('3PEeuSk3P5aQP3WsRbABjy',$,$,$,$,#2964,#2954,$,$);
#2944=IFCCARTESIANPOINTLIST2D(((0.,0.),(0.,250.),(6000.,250.),(6000.,0.),(0.,0.)));
#2945=IFCINDEXEDPOLYCURVE(#2944,$,.F.);
#2946=IFCDIRECTION((0.,0.,1.));
#2947=IFCARBITRARYCLOSEDPROFILEDEF(.AREA.,$,#2945);
#2948=IFCCARTESIANPOINT((0.,0.,0.));
#2949=IFCDIRECTION((0.,0.,1.));
#2950=IFCDIRECTION((1.,0.,0.));
#2951=IFCAXIS2PLACEMENT3D(#2948,#2949,#2950);
#2952=IFCEXTRUDEDAREASOLID(#2947,#2951,#2946,-500.);
#2953=IFCSHAPEREPRESENTATION(#11,'Body','SweptSolid',(#2952));
#2954=IFCPRODUCTDEFINITIONSHAPE($,$,(#2953));
#2960=IFCCARTESIANPOINT((12000.,5875.,18000.));
#2961=IFCDIRECTION((0.,0.,1.));
#2962=IFCDIRECTION((1.,0.,0.));
#2963=IFCAXIS2PLACEMENT3D(#2960,#2961,#2962);
#2964=IFCLOCALPLACEMENT($,#2963);
#2965=IFCPROPERTYSET('3znPzfkJz4zvn7nfhWrnU4',$,'Other',$,(#2967,#2968));
#2966=IFCRELDEFINESBYPROPERTIES('2kZw_GGEX0BOPF$b_1z5lv',$,$,$,(#2943),#2965);
#2967=IFCPROPERTYSINGLEVALUE('Ax',$,IFCLABEL('0.001'),$);
#2968=IFCPROPERTYSINGLEVALUE('Ay',$,IFCLABEL('0.001'),$);
#2969=IFCBEAM('1GtxYReOD58wYE1EKBJqyA',$,$,$,$,#2990,#2980,$,$);
#2970=IFCCARTESIANPOINTLIST2D(((0.,0.),(0.,250.),(6000.,250.),(6000.,0.),(0.,0.)));
#2971=IFCINDEXEDPOLYCURVE(#2970,$,.F.);
#2972=IFCDIRECTION((0.,0.,1.));
#2973=IFCARBITRARYCLOSEDPROFILEDEF(.AREA.,$,#2971);
#2974=IFCCARTESIANPOINT((0.,0.,0.));
#2975=IFCDIRECTION((0.,0.,1.));
#2976=IFCDIRECTION((1.,0.,0.));
#2977=IFCAXIS2PLACEMENT3D(#2974,#2975,#2976);
#2978=IFCEXTRUDEDAREASOLID(#2973,#2977,#2972,-500.);
#2979=IFCSHAPEREPRESENTATION(#11,'Body','SweptSolid',(#2978));
#2980=IFCPRODUCTDEFINITIONSHAPE($,$,(#2979));
#2986=IFCCARTESIANPOINT((18000.,5875.,18000.));
#2987=IFCDIRECTION((0.,0.,1.));
#2988=IFCDIRECTION((1.,0.,0.));
#2989=IFCAXIS2PLACEMENT3D(#2986,#2987,#2988);
#2990=IFCLOCALPLACEMENT($,#2989);
#2991=IFCPROPERTYSET('3Em4crLH501usYdGbAOhbN',$,'Other',$,(#2993,#2994));
#2992=IFCRELDEFINESBYPROPERTIES('1Rwqd6_qD4BRh_Zuahh4fV',$,$,$,(#2969),#2991);
#2993=IFCPROPERTYSINGLEVALUE('Ax',$,IFCLABEL('0.001'),$);
#2994=IFCPROPERTYSINGLEVALUE('Ay',$,IFCLABEL('0.001'),$);
#2995=IFCBEAM('23QFf0cpPAghWYSZWTycQn',$,$,$,$,#3016,#3006,$,$);
#2996=IFCCARTESIANPOINTLIST2D(((0.,0.),(0.,250.),(6000.,250.),(6000.,0.),(0.,0.)));
#2997=IFCINDEXEDPOLYCURVE(#2996,$,.F.);
#2998=IFCDIRECTION((0.,0.,1.));
#2999=IFCARBITRARYCLOSEDPROFILEDEF(.AREA.,$,#2997);
#3000=IFCCARTESIANPOINT((0.,0.,0.));
#3001=IFCDIRECTION((0.,0.,1.));
#3002=IFCDIRECTION((1.,0.,0.));
#3003=IFCAXIS2PLACEMENT3D(#3000,#3001,#3002);
#3004=IFCEXTRUDEDAREASOLID(#2999,#3003,#2998,-500.);
#3005=IFCSHAPEREPRESENTATION(#11,'Body','SweptSolid',(#3004));
#3006=IFCPRODUCTDEFINITIONSHAPE($,$,(#3005));
#3012=IFCCARTESIANPOINT((24000.,5875.,18000.));
#3013=IFCDIRECTION((0.,0.,1.));
#3014=IFCDIRECTION((1.,0.,0.));
#3015=IFCAXIS2PLACEMENT3D(#3012,#3013,#3014);
#3016=IFCLOCALPLACEMENT($,#3015);
#3017=IFCPROPERTYSET('1k$bQPDDz59AUyXYRxgmjh',$,'Other',$,(#3019,#3020));
#3018=IFCRELDEFINESBYPROPERTIES('0VBUWd_pP268oqV7wlykag',$,$,$,(#2995),#3017);
#3019=IFCPROPERTYSINGLEVALUE('Ax',$,IFCLABEL('0.001'),$);
#3020=IFCPROPERTYSINGLEVALUE('Ay',$,IFCLABEL('0.001'),$);
#3021=IFCBEAM('28vFFeSfj4kBl1zzokeOoP',$,$,$,$,#3042,#3032,$,$);
#3022=IFCCARTESIANPOINTLIST2D(((0.,0.),(0.,250.),(6000.,250.),(6000.,0.),(0.,0.)));
#3023=IFCINDEXEDPOLYCURVE(#3022,$,.F.);
#3024=IFCDIRECTION((0.,0.,1.));
#3025=IFCARBITRARYCLOSEDPROFILEDEF(.AREA.,$,#3023);
#3026=IFCCARTESIANPOINT((0.,0.,0.));
#3027=IFCDIRECTION((0.,0.,1.));
#3028=IFCDIRECTION((1.,0.,0.));
#3029=IFCAXIS2PLACEMENT3D(#3026,#3027,#3028);
#3030=IFCEXTRUDEDAREASOLID(#3025,#3029,#3024,-500.);
#3031=IFCSHAPEREPRESENTATION(#11,'Body','SweptSolid',(#3030));
#3032=IFCPRODUCTDEFINITIONSHAPE($,$,(#3031));
#3038=IFCCARTESIANPOINT((0.,11875.,18000.));
#3039=IFCDIRECTION((0.,0.,1.));
#3040=IFCDIRECTION((1.,0.,0.));
#3041=IFCAXIS2PLACEMENT3D(#3038,#3039,#3040);
#3042=IFCLOCALPLACEMENT($,#3041);
#3043=IFCPROPERTYSET('1lQsSCO8H5nukPTT9UDsXW',$,'Other',$,(#3045,#3046));
#3044=IFCRELDEFINESBYPROPERTIES('1b6SUlzi10m9o2mDDEnYOY',$,$,$,(#3021),#3043);
#3045=IFCPROPERTYSINGLEVALUE('Ax',$,IFCLABEL('0.001'),$);
#3046=IFCPROPERTYSINGLEVALUE('Ay',$,IFCLABEL('0.001'),$);
#3047=IFCBEAM('05GzfpkG9F6wzh6qYuu$wE',$,$,$,$,#3068,#3058,$,$);
#3048=IFCCARTESIANPOINTLIST2D(((0.,0.),(0.,250.),(6000.,250.),(6000.,0.),(0.,0.)));
#3049=IFCINDEXEDPOLYCURVE(#3048,$,.F.);
#3050=IFCDIRECTION((0.,0.,1.));
#3051=IFCARBITRARYCLOSEDPROFILEDEF(.AREA.,$,#3049);
#3052=IFCCARTESIANPOINT((0.,0.,0.));
#3053=IFCDIRECTION((0.,0.,1.));
#3054=IFCDIRECTION((1.,0.,0.));
#3055=IFCAXIS2PLACEMENT3D(#3052,#3053,#3054);
#3056=IFCEXTRUDEDAREASOLID(#3051,#3055,#3050,-500.);
#3057=IFCSHAPEREPRESENTATION(#11,'Body','SweptSolid',(#3056));
#3058=IFCPRODUCTDEFINITIONSHAPE($,$,(#3057));
#3064=IFCCARTESIANPOINT((6000.,11875.,18000.));
#3065=IFCDIRECTION((0.,0.,1.));
#3066=IFCDIRECTION((1.,0.,0.));
#3067=IFCAXIS2PLACEMENT3D(#3064,#3065,#3066);
#3068=IFCLOCALPLACEMENT($,#3067);
#3069=IFCPROPERTYSET('1sK90NXxz2AAFB8oX4TlDh',$,'Other',$,(#3071,#3072));
#3070=IFCRELDEFINESBYPROPERTIES('0IpRIs1mPEzB0fSp6m4h0E',$,$,$,(#3047),#3069);
#3071=IFCPROPERTYSINGLEVALUE('Ax',$,IFCLABEL('0.001'),$);
#3072=IFCPROPERTYSINGLEVALUE('Ay',$,IFCLABEL('0.001'),$);
#3073=IFCBEAM('1mLSk75mb9zvRhxXjk$JYv',$,$,$,$,#3094,#3084,$,$);
#3074=IFCCARTESIANPOINTLIST2D(((0.,0.),(0.,250.),(6000.,250.),(6000.,0.),(0.,0.)));
#3075=IFCINDEXEDPOLYCURVE(#3074,$,.F.);
#3076=IFCDIRECTION((0.,0.,1.));
#3077=IFCARBITRARYCLOSEDPROFILEDEF(.AREA.,$,#3075);
#3078=IFCCARTESIANPOINT((0.,0.,0.));
#3079=IFCDIRECTION((0.,0.,1.));
#3080=IFCDIRECTION((1.,0.,0.));
#3081=IFCAXIS2PLACEMENT3D(#3078,#3079,#3080);
#3082=IFCEXTRUDEDAREASOLID(#3077,#3081,#3076,-500.);
#3083=IFCSHAPEREPRESENTATION(#11,'Body','SweptSolid',(#3082));
#3084=IFCPRODUCTDEFINITIONSHAPE($,$,(#3083));
#3090=IFCCARTESIANPOINT((12000.,11875.,18000.));
#3091=IFCDIRECTION((0.,0.,1.));
#3092=IFCDIRECTION((1.,0.,0.));
#3093=IFCAXIS2PLACEMENT3D(#3090,#3091,#3092);
#3094=IFCLOCALPLACEMENT($,#3093);
#3095=IFCPROPERTYSET('1zB6hEAi16rgBXS$KAyTDf',$,'Other',$,(#3097,#3098));
#3096=IFCRELDEFINESBYPROPERTIES('0TtB6gWan30g2zBrkz4ubl',$,$,$,(#3073),#3095);
#3097=IFCPROPERTYSINGLEVALUE('Ax',$,IFCLABEL('0.001'),$);
#3098=IFCPROPERTYSINGLEVALUE('Ay',$,IFCLABEL('0.001'),$);
#3099=IFCBEAM('2OVvkVfp530PMaETX_7xpZ',$,$,$,$,#3120,#3110,$,$);
#3100=IFCCARTESIANPOINTLIST2D(((0.,0.),(0.,250.),(6000.,250.),(6000.,0.),(0.,0.)));
#3101=IFCINDEXEDPOLYCURVE(#3100,$,.F.);
#3102=IFCDIRECTION((0.,0.,1.));
#3103=IFCARBITRARYCLOSEDPROFILEDEF(.AREA.,$,#3101);
#3104=IFCCARTESIANPOINT((0.,0.,0.));
#3105=IFCDIRECTION((0.,0.,1.));
#3106=IFCDIRECTION((1.,0.,0.));
#3107=IFCAXIS2PLACEMENT3D(#3104,#3105,#3106);
#3108=IFCEXTRUDEDAREASOLID(#3103,#3107,#3102,-500.);
#3109=IFCSHAPEREPRESENTATION(#11,'Body','SweptSolid',(#3108));
#3110=IFCPRODUCTDEFINITIONSHAPE($,$,(#3109));
#3116=IFCCARTESIANPOINT((18000.,11875.,18000.));
#3117=IFCDIRECTION((0.,0.,1.));
#3118=IFCDIRECTION((1.,0.,0.));
#3119=IFCAXIS2PLACEMENT3D(#3116,#3117,#3118);
#3120=IFCLOCALPLACEMENT($,#3119);
#3121=IFCPROPERTYSET('3Aii3Vf7n8YPcW6pEg5L9T',$,'Other',$,(#3123,#3124));
#3122=IFCRELDEFINESBYPROPERTIES('2lSDfqK6f6TA48DgUdv77F',$,$,$,(#3099),#3121);
#3123=IFCPROPERTYSINGLEVALUE('Ax',$,IFCLABEL('0.001'),$);
#3124=IFCPROPERTYSINGLEVALUE('Ay',$,IFCLABEL('0.001'),$);
#3125=IFCBEAM('3WtHfMXyP4jedP0BUPIYzl',$,$,$,$,#3146,#3136,$,$);
#3126=IFCCARTESIANPOINTLIST2D(((0.,0.),(0.,250.),(6000.,250.),(6000.,0.),(0.,0.)));
#3127=IFCINDEXEDPOLYCURVE(#3126,$,.F.);
#3128=IFCDIRECTION((0.,0.,1.));
#3129=IFCARBITRARYCLOSEDPROFILEDEF(.AREA.,$,#3127);
#3130=IFCCARTESIANPOINT((0.,0.,0.));
#3131=IFCDIRECTION((0.,0.,1.));
#3132=IFCDIRECTION((1.,0.,0.));
#3133=IFCAXIS2PLACEMENT3D(#3130,#3131,#3132);
#3134=IFCEXTRUDEDAREASOLID(#3129,#3133,#3128,-500.);
#3135=IFCSHAPEREPRESENTATION(#11,'Body','SweptSolid',(#3134));
#3136=IFCPRODUCTDEFINITIONSHAPE($,$,(#3135));
#3142=IFCCARTESIANPOINT((0.,17875.,18000.));
#3143=IFCDIRECTION((0.,0.,1.));
#3144=IFCDIRECTION((1.,0.,0.));
#3145=IFCAXIS2PLACEMENT3D(#3142,#3143,#3144);
#3146=IFCLOCALPLACEMENT($,#3145);
#3147=IFCPROPERTYSET('1sonuQ1aD9Yxhjjvctwlv_',$,'Other',$,(#3149,#3150));
#3148=IFCRELDEFINESBYPROPERTIES('16DP3ucML1mhnM6kpc$ysl',$,$,$,(#3125),#3147);
#3149=IFCPROPERTYSINGLEVALUE('Ax',$,IFCLABEL('0.001'),$);
#3150=IFCPROPERTYSINGLEVALUE('Ay',$,IFCLABEL('0.001'),$);
#3151=IFCBEAM('3mqlGruj51xhZf3g28MCQ1',$,$,$,$,#3172,#3162,$,$);
#3152=IFCCARTESIANPOINTLIST2D(((0.,0.),(0.,250.),(6000.,250.),(6000.,0.),(0.,0.)));
#3153=IFCINDEXEDPOLYCURVE(#3152,$,.F.);
#3154=IFCDIRECTION((0.,0.,1.));
#3155=IFCARBITRARYCLOSEDPROFILEDEF(.AREA.,$,#3153);
#3156=IFCCARTESIANPOINT((0.,0.,0.));
#3157=IFCDIRECTION((0.,0.,1.));
#3158=IFCDIRECTION((1.,0.,0.));
#3159=IFCAXIS2PLACEMENT3D(#3156,#3157,#3158);
#3160=IFCEXTRUDEDAREASOLID(#3155,#3159,#3154,-500.);
#3161=IFCSHAPEREPRESENTATION(#11,'Body','SweptSolid',(#3160));
#3162=IFCPRODUCTDEFINITIONSHAPE($,$,(#3161));
#3168=IFCCARTESIANPOINT((6000.,17875.,18000.));
#3169=IFCDIRECTION((0.,0.,1.));
#3170=IFCDIRECTION((1.,0.,0.));
#3171=IFCAXIS2PLACEMENT3D(#3168,#3169,#3170);
#3172=IFCLOCALPLACEMENT($,#3171);
#3173=IFCPROPERTYSET('1mmrhCElvCMPL1Qz7j_ScH',$,'Other',$,(#3175,#3176));
#3174=IFCRELDEFINESBYPROPERTIES('2sYS0ppxP8FARyxahjO0vx',$,$,$,(#3151),#3173);
#3175=IFCPROPERTYSINGLEVALUE('Ax',$,IFCLABEL('0.001'),$);
#3176=IFCPROPERTYSINGLEVALUE('Ay',$,IFCLABEL('0.001'),$);
#3177=IFCBEAM('0K2pcpPvzFdvDu9r2t3kLT',$,$,$,$,#3198,#3188,$,$);
#3178=IFCCARTESIANPOINTLIST2D(((0.,0.),(0.,250.),(6000.,250.),(6000.,0.),(0.,0.)));
#3179=IFCINDEXEDPOLYCURVE(#3178,$,.F.);
#3180=IFCDIRECTION((0.,0.,1.));
#3181=IFCARBITRARYCLOSEDPROFILEDEF(.AREA.,$,#3179);
#3182=IFCCARTESIANPOINT((0.,0.,0.));
#3183=IFCDIRECTION((0.,0.,1.));
#3184=IFCDIRECTION((1.,0.,0.));
#3185=IFCAXIS2PLACEMENT3D(#3182,#3183,#3184);
#3186=IFCEXTRUDEDAREASOLID(#3181,#3185,#3180,-500.);
#3187=IFCSHAPEREPRESENTATION(#11,'Body','SweptSolid',(#3186));
#3188=IFCPRODUCTDEFINITIONSHAPE($,$,(#3187));
#3194=IFCCARTESIANPOINT((12000.,17875.,18000.));
#3195=IFCDIRECTION((0.,0.,1.));
#3196=IFCDIRECTION((1.,0.,0.));
#3197=IFCAXIS2PLACEMENT3D(#3194,#3195,#3196);
#3198=IFCLOCALPLACEMENT($,#3197);
#3199=IFCPROPERTYSET('3a4Y7FrA904wKQ3$l4h_1E',$,'Other',$,(#3201,#3202));
#3200=IFCRELDEFINESBYPROPERTIES('31Ldke2W1BCeH1jt10czhG',$,$,$,(#3177),#3199);
#3201=IFCPROPERTYSINGLEVALUE('Ax',$,IFCLABEL('0.001'),$);
#3202=IFCPROPERTYSINGLEVALUE('Ay',$,IFCLABEL('0.001'),$);
#3203=IFCBEAM('1axdT6AxH8qeyCcsggKf7p',$,$,$,$,#3224,#3214,$,$);
#3204=IFCCARTESIANPOINTLIST2D(((0.,0.),(0.,250.),(6000.,250.),(6000.,0.),(0.,0.)));
#3205=IFCINDEXEDPOLYCURVE(#3204,$,.F.);
#3206=IFCDIRECTION((0.,0.,1.));
#3207=IFCARBITRARYCLOSEDPROFILEDEF(.AREA.,$,#3205);
#3208=IFCCARTESIANPOINT((0.,0.,0.));
#3209=IFCDIRECTION((0.,0.,1.));
#3210=IFCDIRECTION((1.,0.,0.));
#3211=IFCAXIS2PLACEMENT3D(#3208,#3209,#3210);
#3212=IFCEXTRUDEDAREASOLID(#3207,#3211,#3206,-500.);
#3213=IFCSHAPEREPRESENTATION(#11,'Body','SweptSolid',(#3212));
#3214=IFCPRODUCTDEFINITIONSHAPE($,$,(#3213));
#3220=IFCCARTESIANPOINT((18000.,17875.,18000.));
#3221=IFCDIRECTION((0.,0.,1.));
#3222=IFCDIRECTION((1.,0.,0.));
#3223=IFCAXIS2PLACEMENT3D(#3220,#3221,#3222);
#3224=IFCLOCALPLACEMENT($,#3223);
#3225=IFCPROPERTYSET('0y$GE0ZnrEkfl7nbR$LKSO',$,'Other',$,(#3227,#3228));
#3226=IFCRELDEFINESBYPROPERTIES('1PszQXcEP43xk09HLTpWBk',$,$,$,(#3203),#3225);
#3227=IFCPROPERTYSINGLEVALUE('Ax',$,IFCLABEL('0.001'),$);
#3228=IFCPROPERTYSINGLEVALUE('Ay',$,IFCLABEL('0.001'),$);
#3229=IFCBEAM('1ZNMYN2DT0axIEElVy8kwB',$,$,$,$,#3250,#3240,$,$);
#3230=IFCCARTESIANPOINTLIST2D(((0.,0.),(0.,250.),(6000.,250.),(6000.,0.),(0.,0.)));
#3231=IFCINDEXEDPOLYCURVE(#3230,$,.F.);
#3232=IFCDIRECTION((0.,0.,1.));
#3233=IFCARBITRARYCLOSEDPROFILEDEF(.AREA.,$,#3231);
#3234=IFCCARTESIANPOINT((0.,0.,0.));
#3235=IFCDIRECTION((0.,0.,1.));
#3236=IFCDIRECTION((1.,0.,0.));
#3237=IFCAXIS2PLACEMENT3D(#3234,#3235,#3236);
#3238=IFCEXTRUDEDAREASOLID(#3233,#3237,#3232,-500.);
#3239=IFCSHAPEREPRESENTATION(#11,'Body','SweptSolid',(#3238));
#3240=IFCPRODUCTDEFINITIONSHAPE($,$,(#3239));
#3246=IFCCARTESIANPOINT((24000.,17875.,18000.));
#3247=IFCDIRECTION((0.,0.,1.));
#3248=IFCDIRECTION((1.,0.,0.));
#3249=IFCAXIS2PLACEMENT3D(#3246,#3247,#3248);
#3250=IFCLOCALPLACEMENT($,#3249);
#3251=IFCPROPERTYSET('0tzjSZRCjBLP1UnvtW90kU',$,'Other',$,(#3253,#3254));
#3252=IFCRELDEFINESBYPROPERTIES('088T5h1XX3d9ONI00AwmRp',$,$,$,(#3229),#3251);
#3253=IFCPROPERTYSINGLEVALUE('Ax',$,IFCLABEL('0.001'),$);
#3254=IFCPROPERTYSINGLEVALUE('Ay',$,IFCLABEL('0.001'),$);
#3255=IFCBEAM('17MHFqLifAEBqYao$MPg3R',$,$,$,$,#3276,#3266,$,$);
#3256=IFCCARTESIANPOINTLIST2D(((0.,0.),(0.,250.),(6000.,250.),(6000.,0.),(0.,0.)));
#3257=IFCINDEXEDPOLYCURVE(#3256,$,.F.);
#3258=IFCDIRECTION((0.,0.,1.));
#3259=IFCARBITRARYCLOSEDPROFILEDEF(.AREA.,$,#3257);
#3260=IFCCARTESIANPOINT((0.,0.,0.));
#3261=IFCDIRECTION((0.,0.,1.));
#3262=IFCDIRECTION((1.,0.,0.));
#3263=IFCAXIS2PLACEMENT3D(#3260,#3261,#3262);
#3264=IFCEXTRUDEDAREASOLID(#3259,#3263,#3258,-400.);
#3265=IFCSHAPEREPRESENTATION(#11,'Body','SweptSolid',(#3264));
#3266=IFCPRODUCTDEFINITIONSHAPE($,$,(#3265));
#3272=IFCCARTESIANPOINT((2875.,18000.,18000.));
#3273=IFCDIRECTION((0.,0.,1.));
#3274=IFCDIRECTION((-1.8369701987210297E-16,-1.,0.));
#3275=IFCAXIS2PLACEMENT3D(#3272,#3273,#3274);
#3276=IFCLOCALPLACEMENT($,#3275);
#3277=IFCPROPERTYSET('0LrIZjw_z05B84qvRLuprC',$,'Other',$,(#3279,#3280));
#3278=IFCRELDEFINESBYPROPERTIES('2i4KTsMHT6YfLN59XG$JgC',$,$,$,(#3255),#3277);
#3279=IFCPROPERTYSINGLEVALUE('Ax',$,IFCLABEL('0.001'),$);
#3280=IFCPROPERTYSINGLEVALUE('Ay',$,IFCLABEL('0.001'),$);
#3281=IFCBEAM('3BBxQ74NT0Ye4pMwFnH3jQ',$,$,$,$,#3302,#3292,$,$);
#3282=IFCCARTESIANPOINTLIST2D(((0.,0.),(0.,250.),(6000.,250.),(6000.,0.),(0.,0.)));
#3283=IFCINDEXEDPOLYCURVE(#3282,$,.F.);
#3284=IFCDIRECTION((0.,0.,1.));
#3285=IFCARBITRARYCLOSEDPROFILEDEF(.AREA.,$,#3283);
#3286=IFCCARTESIANPOINT((0.,0.,0.));
#3287=IFCDIRECTION((0.,0.,1.));
#3288=IFCDIRECTION((1.,0.,0.));
#3289=IFCAXIS2PLACEMENT3D(#3286,#3287,#3288);
#3290=IFCEXTRUDEDAREASOLID(#3285,#3289,#3284,-400.);
#3291=IFCSHAPEREPRESENTATION(#11,'Body','SweptSolid',(#3290));
#3292=IFCPRODUCTDEFINITIONSHAPE($,$,(#3291));
#3298=IFCCARTESIANPOINT((2875.,12000.,18000.));
#3299=IFCDIRECTION((0.,0.,1.));
#3300=IFCDIRECTION((-1.8369701987210297E-16,-1.,0.));
#3301=IFCAXIS2PLACEMENT3D(#3298,#3299,#3300);
#3302=IFCLOCALPLACEMENT($,#3301);
#3303=IFCPROPERTYSET('0Gvl$xEZ95v8$brcY4dfbQ',$,'Other',$,(#3305,#3306));
#3304=IFCRELDEFINESBYPROPERTIES('0w$Vb8dLr4Vv_WSxRGORO7',$,$,$,(#3281),#3303);
#3305=IFCPROPERTYSINGLEVALUE('Ax',$,IFCLABEL('0.001'),$);
#3306=IFCPROPERTYSINGLEVALUE('Ay',$,IFCLABEL('0.001'),$);
#3307=IFCBEAM('3TknCS1Mn43OHuzcJPQqGA',$,$,$,$,#3328,#3318,$,$);
#3308=IFCCARTESIANPOINTLIST2D(((0.,0.),(0.,250.),(6000.,250.),(6000.,0.),(0.,0.)));
#3309=IFCINDEXEDPOLYCURVE(#3308,$,.F.);
#3310=IFCDIRECTION((0.,0.,1.));
#3311=IFCARBITRARYCLOSEDPROFILEDEF(.AREA.,$,#3309);
#3312=IFCCARTESIANPOINT((0.,0.,0.));
#3313=IFCDIRECTION((0.,0.,1.));
#3314=IFCDIRECTION((1.,0.,0.));
#3315=IFCAXIS2PLACEMENT3D(#3312,#3313,#3314);
#3316=IFCEXTRUDEDAREASOLID(#3311,#3315,#3310,-400.);
#3317=IFCSHAPEREPRESENTATION(#11,'Body','SweptSolid',(#3316));
#3318=IFCPRODUCTDEFINITIONSHAPE($,$,(#3317));
#3324=IFCCARTESIANPOINT((8875.,18000.,18000.));
#3325=IFCDIRECTION((0.,0.,1.));
#3326=IFCDIRECTION((-1.8369701987210297E-16,-1.,0.));
#3327=IFCAXIS2PLACEMENT3D(#3324,#3325,#3326);
#3328=IFCLOCALPLACEMENT($,#3327);
#3329=IFCPROPERTYSET('1rk8CSouz8M8UjPzLoDSMM',$,'Other',$,(#3331,#3332));
#3330=IFCRELDEFINESBYPROPERTIES('3JWkhFCvL4b9fCyBLcyhEo',$,$,$,(#3307),#3329);
#3331=IFCPROPERTYSINGLEVALUE('Ax',$,IFCLABEL('0.001'),$);
#3332=IFCPROPERTYSINGLEVALUE('Ay',$,IFCLABEL('0.001'),$);
#3333=IFCBEAM('1MooiSNbfDzRU3k6gGqowx',$,$,$,$,#3354,#3344,$,$);
#3334=IFCCARTESIANPOINTLIST2D(((0.,0.),(0.,250.),(6000.,250.),(6000.,0.),(0.,0.)));
#3335=IFCINDEXEDPOLYCURVE(#3334,$,.F.);
#3336=IFCDIRECTION((0.,0.,1.));
#3337=IFCARBITRARYCLOSEDPROFILEDEF(.AREA.,$,#3335);
#3338=IFCCARTESIANPOINT((0.,0.,0.));
#3339=IFCDIRECTION((0.,0.,1.));
#3340=IFCDIRECTION((1.,0.,0.));
#3341=IFCAXIS2PLACEMENT3D(#3338,#3339,#3340);
#3342=IFCEXTRUDEDAREASOLID(#3337,#3341,#3336,-400.);
#3343=IFCSHAPEREPRESENTATION(#11,'Body','SweptSolid',(#3342));
#3344=IFCPRODUCTDEFINITIONSHAPE($,$,(#3343));
#3350=IFCCARTESIANPOINT((8875.,12000.,18000.));
#3351=IFCDIRECTION((0.,0.,1.));
#3352=IFCDIRECTION((-1.8369701987210297E-16,-1.,0.));
#3353=IFCAXIS2PLACEMENT3D(#3350,#3351,#3352);
#3354=IFCLOCALPLACEMENT($,#3353);
#3355=IFCPROPERTYSET('3H5ATNRVLDHgWFTorGmvgY',$,'Other',$,(#3357,#3358));
#3356=IFCRELDEFINESBYPROPERTIES('3zcppZnM5Co9ds29eZY0Lx',$,$,$,(#3333),#3355);
#3357=IFCPROPERTYSINGLEVALUE('Ax',$,IFCLABEL('0.001'),$);
#3358=IFCPROPERTYSINGLEVALUE('Ay',$,IFCLABEL('0.001'),$);
#3359=IFCBEAM('2t$I8lBEnAn8lNfINRPJWL',$,$,$,$,#3380,#3370,$,$);
#3360=IFCCARTESIANPOINTLIST2D(((0.,0.),(0.,250.),(6000.,250.),(6000.,0.),(0.,0.)));
#3361=IFCINDEXEDPOLYCURVE(#3360,$,.F.);
#3362=IFCDIRECTION((0.,0.,1.));
#3363=IFCARBITRARYCLOSEDPROFILEDEF(.AREA.,$,#3361);
#3364=IFCCARTESIANPOINT((0.,0.,0.));
#3365=IFCDIRECTION((0.,0.,1.));
#3366=IFCDIRECTION((1.,0.,0.));
#3367=IFCAXIS2PLACEMENT3D(#3364,#3365,#3366);
#3368=IFCEXTRUDEDAREASOLID(#3363,#3367,#3362,-400.);
#3369=IFCSHAPEREPRESENTATION(#11,'Body','SweptSolid',(#3368));
#3370=IFCPRODUCTDEFINITIONSHAPE($,$,(#3369));
#3376=IFCCARTESIANPOINT((14875.,18000.,18000.));
#3377=IFCDIRECTION((0.,0.,1.));
#3378=IFCDIRECTION((-1.8369701987210297E-16,-1.,0.));
#3379=IFCAXIS2PLACEMENT3D(#3376,#3377,#3378);
#3380=IFCLOCALPLACEMENT($,#3379);
#3381=IFCPROPERTYSET('02aMdzQK56$BNL$m1vLdi6',$,'Other',$,(#3383,#3384));
#3382=IFCRELDEFINESBYPROPERTIES('3RrGMKwVT9s940Tt4_l$zu',$,$,$,(#3359),#3381);
#3383=IFCPROPERTYSINGLEVALUE('Ax',$,IFCLABEL('0.001'),$);
#3384=IFCPROPERTYSINGLEVALUE('Ay',$,IFCLABEL('0.001'),$);
#3385=IFCBEAM('3W1k025Or409VYnwnYZLTp',$,$,$,$,#3406,#3396,$,$);
#3386=IFCCARTESIANPOINTLIST2D(((0.,0.),(0.,250.),(6000.,250.),(6000.,0.),(0.,0.)));
#3387=IFCINDEXEDPOLYCURVE(#3386,$,.F.);
#3388=IFCDIRECTION((0.,0.,1.));
#3389=IFCARBITRARYCLOSEDPROFILEDEF(.AREA.,$,#3387);
#3390=IFCCARTESIANPOINT((0.,0.,0.));
#3391=IFCDIRECTION((0.,0.,1.));
#3392=IFCDIRECTION((1.,0.,0.));
#3393=IFCAXIS2PLACEMENT3D(#3390,#3391,#3392);
#3394=IFCEXTRUDEDAREASOLID(#3389,#3393,#3388,-400.);
#3395=IFCSHAPEREPRESENTATION(#11,'Body','SweptSolid',(#3394));
#3396=IFCPRODUCTDEFINITIONSHAPE($,$,(#3395));
#3402=IFCCARTESIANPOINT((14875.,12000.,18000.));
#3403=IFCDIRECTION((0.,0.,1.));
#3404=IFCDIRECTION((-1.8369701987210297E-16,-1.,0.));
#3405=IFCAXIS2PLACEMENT3D(#3402,#3403,#3404);
#3406=IFCLOCALPLACEMENT($,#3405);
#3407=IFCPROPERTYSET('2TLXAH6MzBTeqxDOtvo$Vh',$,'Other',$,(#3409,#3410));
#3408=IFCRELDEFINESBYPROPERTIES('2vU8PlGCn2MOMdByn6grXC',$,$,$,(#3385),#3407);
#3409=IFCPROPERTYSINGLEVALUE('Ax',$,IFCLABEL('0.001'),$);
#3410=IFCPROPERTYSINGLEVALUE('Ay',$,IFCLABEL('0.001'),$);
#3411=IFCBEAM('3$DkV18nb3QeZjFAszmdfj',$,$,$,$,#3432,#3422,$,$);
#3412=IFCCARTESIANPOINTLIST2D(((0.,0.),(0.,250.),(6000.,250.),(6000.,0.),(0.,0.)));
#3413=IFCINDEXEDPOLYCURVE(#3412,$,.F.);
#3414=IFCDIRECTION((0.,0.,1.));
#3415=IFCARBITRARYCLOSEDPROFILEDEF(.AREA.,$,#3413);
#3416=IFCCARTESIANPOINT((0.,0.,0.));
#3417=IFCDIRECTION((0.,0.,1.));
#3418=IFCDIRECTION((1.,0.,0.));
#3419=IFCAXIS2PLACEMENT3D(#3416,#3417,#3418);
#3420=IFCEXTRUDEDAREASOLID(#3415,#3419,#3414,-400.);
#3421=IFCSHAPEREPRESENTATION(#11,'Body','SweptSolid',(#3420));
#3422=IFCPRODUCTDEFINITIONSHAPE($,$,(#3421));
#3428=IFCCARTESIANPOINT((14875.,6000.,18000.));
#3429=IFCDIRECTION((0.,0.,1.));
#3430=IFCDIRECTION((-1.8369701987210297E-16,-1.,0.));
#3431=IFCAXIS2PLACEMENT3D(#3428,#3429,#3430);
#3432=IFCLOCALPLACEMENT($,#3431);
#3433=IFCPROPERTYSET('1IWhPOPWD84R9bLcaiNRJ6',$,'Other',$,(#3435,#3436));
#3434=IFCRELDEFINESBYPROPERTIES('3C8V8h$Qz8$RpnCDSSULFw',$,$,$,(#3411),#3433);
#3435=IFCPROPERTYSINGLEVALUE('Ax',$,IFCLABEL('0.001'),$);
#3436=IFCPROPERTYSINGLEVALUE('Ay',$,IFCLABEL('0.001'),$);
#3437=IFCBEAM('0$DJ$3L5H32R4cG9B3onXh',$,$,$,$,#3458,#3448,$,$);
#3438=IFCCARTESIANPOINTLIST2D(((0.,0.),(0.,250.),(6000.,250.),(6000.,0.),(0.,0.)));
#3439=IFCINDEXEDPOLYCURVE(#3438,$,.F.);
#3440=IFCDIRECTION((0.,0.,1.));
#3441=IFCARBITRARYCLOSEDPROFILEDEF(.AREA.,$,#3439);
#3442=IFCCARTESIANPOINT((0.,0.,0.));
#3443=IFCDIRECTION((0.,0.,1.));
#3444=IFCDIRECTION((1.,0.,0.));
#3445=IFCAXIS2PLACEMENT3D(#3442,#3443,#3444);
#3446=IFCEXTRUDEDAREASOLID(#3441,#3445,#3440,-400.);
#3447=IFCSHAPEREPRESENTATION(#11,'Body','SweptSolid',(#3446));
#3448=IFCPRODUCTDEFINITIONSHAPE($,$,(#3447));
#3454=IFCCARTESIANPOINT((20875.,18000.,18000.));
#3455=IFCDIRECTION((0.,0.,1.));
#3456=IFCDIRECTION((-1.8369701987210297E-16,-1.,0.));
#3457=IFCAXIS2PLACEMENT3D(#3454,#3455,#3456);
#3458=IFCLOCALPLACEMENT($,#3457);
#3459=IFCPROPERTYSET('33hUIsf910HOHU0M5Upd8o',$,'Other',$,(#3461,#3462));
#3460=IFCRELDEFINESBYPROPERTIES('0HXENPEKzDsvHfn38$0AfG',$,$,$,(#3437),#3459);
#3461=IFCPROPERTYSINGLEVALUE('Ax',$,IFCLABEL('0.001'),$);
#3462=IFCPROPERTYSINGLEVALUE('Ay',$,IFCLABEL('0.001'),$);
#3463=IFCBEAM('31wkB4aYr1xBbUo$gbjZEz',$,$,$,$,#3484,#3474,$,$);
#3464=IFCCARTESIANPOINTLIST2D(((0.,0.),(0.,250.),(6000.,250.),(6000.,0.),(0.,0.)));
#3465=IFCINDEXEDPOLYCURVE(#3464,$,.F.);
#3466=IFCDIRECTION((0.,0.,1.));
#3467=IFCARBITRARYCLOSEDPROFILEDEF(.AREA.,$,#3465);
#3468=IFCCARTESIANPOINT((0.,0.,0.));
#3469=IFCDIRECTION((0.,0.,1.));
#3470=IFCDIRECTION((1.,0.,0.));
#3471=IFCAXIS2PLACEMENT3D(#3468,#3469,#3470);
#3472=IFCEXTRUDEDAREASOLID(#3467,#3471,#3466,-400.);
#3473=IFCSHAPEREPRESENTATION(#11,'Body','SweptSolid',(#3472));
#3474=IFCPRODUCTDEFINITIONSHAPE($,$,(#3473));
#3480=IFCCARTESIANPOINT((20875.,12000.,18000.));
#3481=IFCDIRECTION((0.,0.,1.));
#3482=IFCDIRECTION((-1.8369701987210297E-16,-1.,0.));
#3483=IFCAXIS2PLACEMENT3D(#3480,#3481,#3482);
#3484=IFCLOCALPLACEMENT($,#3483);
#3485=IFCPROPERTYSET('0sk7rj0_z7o9cNY5abX_Mi',$,'Other',$,(#3487,#3488));
#3486=IFCRELDEFINESBYPROPERTIES('0hAGwCy8LCb8X3wQsIr3$7',$,$,$,(#3463),#3485);
#3487=IFCPROPERTYSINGLEVALUE('Ax',$,IFCLABEL('0.001'),$);
#3488=IFCPROPERTYSINGLEVALUE('Ay',$,IFCLABEL('0.001'),$);
#3489=IFCBEAM('3aO$RyRWjBnQcSkFkkDVHK',$,$,$,$,#3510,#3500,$,$);
#3490=IFCCARTESIANPOINTLIST2D(((0.,0.),(0.,250.),(6000.,250.),(6000.,0.),(0.,0.)));
#3491=IFCINDEXEDPOLYCURVE(#3490,$,.F.);
#3492=IFCDIRECTION((0.,0.,1.));
#3493=IFCARBITRARYCLOSEDPROFILEDEF(.AREA.,$,#3491);
#3494=IFCCARTESIANPOINT((0.,0.,0.));
#3495=IFCDIRECTION((0.,0.,1.));
#3496=IFCDIRECTION((1.,0.,0.));
#3497=IFCAXIS2PLACEMENT3D(#3494,#3495,#3496);
#3498=IFCEXTRUDEDAREASOLID(#3493,#3497,#3492,-400.);
#3499=IFCSHAPEREPRESENTATION(#11,'Body','SweptSolid',(#3498));
#3500=IFCPRODUCTDEFINITIONSHAPE($,$,(#3499));
#3506=IFCCARTESIANPOINT((20875.,6000.,18000.));
#3507=IFCDIRECTION((0.,0.,1.));
#3508=IFCDIRECTION((-1.8369701987210297E-16,-1.,0.));
#3509=IFCAXIS2PLACEMENT3D(#3506,#3507,#3508);
#3510=IFCLOCALPLACEMENT($,#3509);
#3511=IFCPROPERTYSET('012MFZ$cT9fAVOgjw9QkVl',$,'Other',$,(#3513,#3514));
#3512=IFCRELDEFINESBYPROPERTIES('0M7NRMA554TOhU6PXlknFM',$,$,$,(#3489),#3511);
#3513=IFCPROPERTYSINGLEVALUE('Ax',$,IFCLABEL('0.001'),$);
#3514=IFCPROPERTYSINGLEVALUE('Ay',$,IFCLABEL('0.001'),$);
#3515=IFCBEAM('0zbaxi2aDBCh19jihEOyPS',$,$,$,$,#3536,#3526,$,$);
#3516=IFCCARTESIANPOINTLIST2D(((0.,0.),(0.,250.),(6000.,250.),(6000.,0.),(0.,0.)));
#3517=IFCINDEXEDPOLYCURVE(#3516,$,.F.);
#3518=IFCDIRECTION((0.,0.,1.));
#3519=IFCARBITRARYCLOSEDPROFILEDEF(.AREA.,$,#3517);
#3520=IFCCARTESIANPOINT((0.,0.,0.));
#3521=IFCDIRECTION((0.,0.,1.));
#3522=IFCDIRECTION((1.,0.,0.));
#3523=IFCAXIS2PLACEMENT3D(#3520,#3521,#3522);
#3524=IFCEXTRUDEDAREASOLID(#3519,#3523,#3518,-400.);
#3525=IFCSHAPEREPRESENTATION(#11,'Body','SweptSolid',(#3524));
#3526=IFCPRODUCTDEFINITIONSHAPE($,$,(#3525));
#3532=IFCCARTESIANPOINT((26875.,18000.,18000.));
#3533=IFCDIRECTION((0.,0.,1.));
#3534=IFCDIRECTION((-1.8369701987210297E-16,-1.,0.));
#3535=IFCAXIS2PLACEMENT3D(#3532,#3533,#3534);
#3536=IFCLOCALPLACEMENT($,#3535);
#3537=IFCPROPERTYSET('1gyw4ck7z9d8fMwEB1JQ8P',$,'Other',$,(#3539,#3540));
#3538=IFCRELDEFINESBYPROPERTIES('2tI_66nDjCYQWF9CiMAky2',$,$,$,(#3515),#3537);
#3539=IFCPROPERTYSINGLEVALUE('Ax',$,IFCLABEL('0.001'),$);
#3540=IFCPROPERTYSINGLEVALUE('Ay',$,IFCLABEL('0.001'),$);
#3541=IFCBEAM('0JQgmsPyTFvPZqFXFillrx',$,$,$,$,#3562,#3552,$,$);
#3542=IFCCARTESIANPOINTLIST2D(((0.,0.),(0.,250.),(6000.,250.),(6000.,0.),(0.,0.)));
#3543=IFCINDEXEDPOLYCURVE(#3542,$,.F.);
#3544=IFCDIRECTION((0.,0.,1.));
#3545=IFCARBITRARYCLOSEDPROFILEDEF(.AREA.,$,#3543);
#3546=IFCCARTESIANPOINT((0.,0.,0.));
#3547=IFCDIRECTION((0.,0.,1.));
#3548=IFCDIRECTION((1.,0.,0.));
#3549=IFCAXIS2PLACEMENT3D(#3546,#3547,#3548);
#3550=IFCEXTRUDEDAREASOLID(#3545,#3549,#3544,-400.);
#3551=IFCSHAPEREPRESENTATION(#11,'Body','SweptSolid',(#3550));
#3552=IFCPRODUCTDEFINITIONSHAPE($,$,(#3551));
#3558=IFCCARTESIANPOINT((8875.,6000.,18000.));
#3559=IFCDIRECTION((0.,0.,1.));
#3560=IFCDIRECTION((-1.8369701987210297E-16,-1.,0.));
#3561=IFCAXIS2PLACEMENT3D(#3558,#3559,#3560);
#3562=IFCLOCALPLACEMENT($,#3561);
#3563=IFCPROPERTYSET('3UPURQBb1DXAjMrXcYQXPk',$,'Other',$,(#3565,#3566));
#3564=IFCRELDEFINESBYPROPERTIES('3s$9_rUV9FwvPob55kquTX',$,$,$,(#3541),#3563);
#3565=IFCPROPERTYSINGLEVALUE('Ax',$,IFCLABEL('0.001'),$);
#3566=IFCPROPERTYSINGLEVALUE('Ay',$,IFCLABEL('0.001'),$);
#3567=IFCBEAM('3Bn5Gibfn03vjaH9Yg_r84',$,$,$,$,#3588,#3578,$,$);
#3568=IFCCARTESIANPOINTLIST2D(((0.,0.),(0.,250.),(6000.,250.),(6000.,0.),(0.,0.)));
#3569=IFCINDEXEDPOLYCURVE(#3568,$,.F.);
#3570=IFCDIRECTION((0.,0.,1.));
#3571=IFCARBITRARYCLOSEDPROFILEDEF(.AREA.,$,#3569);
#3572=IFCCARTESIANPOINT((0.,0.,0.));
#3573=IFCDIRECTION((0.,0.,1.));
#3574=IFCDIRECTION((1.,0.,0.));
#3575=IFCAXIS2PLACEMENT3D(#3572,#3573,#3574);
#3576=IFCEXTRUDEDAREASOLID(#3571,#3575,#3570,-400.);
#3577=IFCSHAPEREPRESENTATION(#11,'Body','SweptSolid',(#3576));
#3578=IFCPRODUCTDEFINITIONSHAPE($,$,(#3577));
#3584=IFCCARTESIANPOINT((2875.,6000.,18000.));
#3585=IFCDIRECTION((0.,0.,1.));
#3586=IFCDIRECTION((-1.8369701987210297E-16,-1.,0.));
#3587=IFCAXIS2PLACEMENT3D(#3584,#3585,#3586);
#3588=IFCLOCALPLACEMENT($,#3587);
#3589=IFCPROPERTYSET('2CoTKHb01EohiL3Aoixvz0',$,'Other',$,(#3591,#3592));
#3590=IFCRELDEFINESBYPROPERTIES('3$7XcPt89D8wtBrvmGB7vQ',$,$,$,(#3567),#3589);
#3591=IFCPROPERTYSINGLEVALUE('Ax',$,IFCLABEL('0.001'),$);
#3592=IFCPROPERTYSINGLEVALUE('Ay',$,IFCLABEL('0.001'),$);
#3593=IFCBEAM('0AmnS$t154uPadaUdZ3bFM',$,$,$,$,#3614,#3604,$,$);
#3594=IFCCARTESIANPOINTLIST2D(((0.,0.),(0.,250.),(6000.,250.),(6000.,0.),(0.,0.)));
#3595=IFCINDEXEDPOLYCURVE(#3594,$,.F.);
#3596=IFCDIRECTION((0.,0.,1.));
#3597=IFCARBITRARYCLOSEDPROFILEDEF(.AREA.,$,#3595);
#3598=IFCCARTESIANPOINT((0.,0.,0.));
#3599=IFCDIRECTION((0.,0.,1.));
#3600=IFCDIRECTION((1.,0.,0.));
#3601=IFCAXIS2PLACEMENT3D(#3598,#3599,#3600);
#3602=IFCEXTRUDEDAREASOLID(#3597,#3601,#3596,-400.);
#3603=IFCSHAPEREPRESENTATION(#11,'Body','SweptSolid',(#3602));
#3604=IFCPRODUCTDEFINITIONSHAPE($,$,(#3603));
#3610=IFCCARTESIANPOINT((26875.,12000.,18000.));
#3611=IFCDIRECTION((0.,0.,1.));
#3612=IFCDIRECTION((-1.8369701987210297E-16,-1.,0.));
#3613=IFCAXIS2PLACEMENT3D(#3610,#3611,#3612);
#3614=IFCLOCALPLACEMENT($,#3613);
#3615=IFCPROPERTYSET('2CZLTJo_b4QwgZHE6i9t2i',$,'Other',$,(#3617,#3618));
#3616=IFCRELDEFINESBYPROPERTIES('0NSROduHn8dwAOV8GXbXSp',$,$,$,(#3593),#3615);
#3617=IFCPROPERTYSINGLEVALUE('Ax',$,IFCLABEL('0.001'),$);
#3618=IFCPROPERTYSINGLEVALUE('Ay',$,IFCLABEL('0.001'),$);
#3619=IFCBEAM('2c7D$4LUf0zB33sKQsuShu',$,$,$,$,#3640,#3630,$,$);
#3620=IFCCARTESIANPOINTLIST2D(((0.,0.),(0.,250.),(6000.,250.),(6000.,0.),(0.,0.)));
#3621=IFCINDEXEDPOLYCURVE(#3620,$,.F.);
#3622=IFCDIRECTION((0.,0.,1.));
#3623=IFCARBITRARYCLOSEDPROFILEDEF(.AREA.,$,#3621);
#3624=IFCCARTESIANPOINT((0.,0.,0.));
#3625=IFCDIRECTION((0.,0.,1.));
#3626=IFCDIRECTION((1.,0.,0.));
#3627=IFCAXIS2PLACEMENT3D(#3624,#3625,#3626);
#3628=IFCEXTRUDEDAREASOLID(#3623,#3627,#3622,-500.);
#3629=IFCSHAPEREPRESENTATION(#11,'Body','SweptSolid',(#3628));
#3630=IFCPRODUCTDEFINITIONSHAPE($,$,(#3629));
#3636=IFCCARTESIANPOINT((125.,6000.,15000.));
#3637=IFCDIRECTION((0.,0.,1.));
#3638=IFCDIRECTION((6.123233995736766E-17,1.,0.));
#3639=IFCAXIS2PLACEMENT3D(#3636,#3637,#3638);
#3640=IFCLOCALPLACEMENT($,#3639);
#3641=IFCPROPERTYSET('2EOLSdBT1B8x9H$9Unb6ew',$,'Other',$,(#3643,#3644));
#3642=IFCRELDEFINESBYPROPERTIES('3OJPWZuAj61A4uxlaRyz0t',$,$,$,(#3619),#3641);
#3643=IFCPROPERTYSINGLEVALUE('Ax',$,IFCLABEL('0.001'),$);
#3644=IFCPROPERTYSINGLEVALUE('Ay',$,IFCLABEL('0.001'),$);
#3645=IFCBEAM('3uhMMkNxH1muQ4US8X5$rD',$,$,$,$,#3666,#3656,$,$);
#3646=IFCCARTESIANPOINTLIST2D(((0.,0.),(0.,250.),(6000.,250.),(6000.,0.),(0.,0.)));
#3647=IFCINDEXEDPOLYCURVE(#3646,$,.F.);
#3648=IFCDIRECTION((0.,0.,1.));
#3649=IFCARBITRARYCLOSEDPROFILEDEF(.AREA.,$,#3647);
#3650=IFCCARTESIANPOINT((0.,0.,0.));
#3651=IFCDIRECTION((0.,0.,1.));
#3652=IFCDIRECTION((1.,0.,0.));
#3653=IFCAXIS2PLACEMENT3D(#3650,#3651,#3652);
#3654=IFCEXTRUDEDAREASOLID(#3649,#3653,#3648,-500.);
#3655=IFCSHAPEREPRESENTATION(#11,'Body','SweptSolid',(#3654));
#3656=IFCPRODUCTDEFINITIONSHAPE($,$,(#3655));
#3662=IFCCARTESIANPOINT((125.,12000.,15000.));
#3663=IFCDIRECTION((0.,0.,1.));
#3664=IFCDIRECTION((6.123233995736766E-17,1.,0.));
#3665=IFCAXIS2PLACEMENT3D(#3662,#3663,#3664);
#3666=IFCLOCALPLACEMENT($,#3665);
#3667=IFCPROPERTYSET('3t18Ue6MvFUuNZRx3nGJqY',$,'Other',$,(#3669,#3670));
#3668=IFCRELDEFINESBYPROPERTIES('1RluxXUav9WugKgUA6YRFL',$,$,$,(#3645),#3667);
#3669=IFCPROPERTYSINGLEVALUE('Ax',$,IFCLABEL('0.001'),$);
#3670=IFCPROPERTYSINGLEVALUE('Ay',$,IFCLABEL('0.001'),$);
#3671=IFCBEAM('29WfY26rT9wOYZ5lKQt9sR',$,$,$,$,#3692,#3682,$,$);
#3672=IFCCARTESIANPOINTLIST2D(((0.,0.),(0.,250.),(6000.,250.),(6000.,0.),(0.,0.)));
#3673=IFCINDEXEDPOLYCURVE(#3672,$,.F.);
#3674=IFCDIRECTION((0.,0.,1.));
#3675=IFCARBITRARYCLOSEDPROFILEDEF(.AREA.,$,#3673);
#3676=IFCCARTESIANPOINT((0.,0.,0.));
#3677=IFCDIRECTION((0.,0.,1.));
#3678=IFCDIRECTION((1.,0.,0.));
#3679=IFCAXIS2PLACEMENT3D(#3676,#3677,#3678);
#3680=IFCEXTRUDEDAREASOLID(#3675,#3679,#3674,-500.);
#3681=IFCSHAPEREPRESENTATION(#11,'Body','SweptSolid',(#3680));
#3682=IFCPRODUCTDEFINITIONSHAPE($,$,(#3681));
#3688=IFCCARTESIANPOINT((6125.,6000.,15000.));
#3689=IFCDIRECTION((0.,0.,1.));
#3690=IFCDIRECTION((6.123233995736766E-17,1.,0.));
#3691=IFCAXIS2PLACEMENT3D(#3688,#3689,#3690);
#3692=IFCLOCALPLACEMENT($,#3691);
#3693=IFCPROPERTYSET('0FslSmHWn4$9VO3a127y2n',$,'Other',$,(#3695,#3696));
#3694=IFCRELDEFINESBYPROPERTIES('3WTbFc4fjCAQDGQYVvhaTV',$,$,$,(#3671),#3693);
#3695=IFCPROPERTYSINGLEVALUE('Ax',$,IFCLABEL('0.001'),$);
#3696=IFCPROPERTYSINGLEVALUE('Ay',$,IFCLABEL('0.001'),$);
#3697=IFCBEAM('0WPOR5x$n3MuNKHiHOxNzl',$,$,$,$,#3718,#3708,$,$);
#3698=IFCCARTESIANPOINTLIST2D(((0.,0.),(0.,250.),(6000.,250.),(6000.,0.),(0.,0.)));
#3699=IFCINDEXEDPOLYCURVE(#3698,$,.F.);
#3700=IFCDIRECTION((0.,0.,1.));
#3701=IFCARBITRARYCLOSEDPROFILEDEF(.AREA.,$,#3699);
#3702=IFCCARTESIANPOINT((0.,0.,0.));
#3703=IFCDIRECTION((0.,0.,1.));
#3704=IFCDIRECTION((1.,0.,0.));
#3705=IFCAXIS2PLACEMENT3D(#3702,#3703,#3704);
#3706=IFCEXTRUDEDAREASOLID(#3701,#3705,#3700,-500.);
#3707=IFCSHAPEREPRESENTATION(#11,'Body','SweptSolid',(#3706));
#3708=IFCPRODUCTDEFINITIONSHAPE($,$,(#3707));
#3714=IFCCARTESIANPOINT((6125.,12000.,15000.));
#3715=IFCDIRECTION((0.,0.,1.));
#3716=IFCDIRECTION((6.123233995736766E-17,1.,0.));
#3717=IFCAXIS2PLACEMENT3D(#3714,#3715,#3716);
#3718=IFCLOCALPLACEMENT($,#3717);
#3719=IFCPROPERTYSET('0N8wxBSsHB3wHZpBLO0ODF',$,'Other',$,(#3721,#3722));
#3720=IFCRELDEFINESBYPROPERTIES('3QDvAVanr7wgb28lMxLqh8',$,$,$,(#3697),#3719);
#3721=IFCPROPERTYSINGLEVALUE('Ax',$,IFCLABEL('0.001'),$);
#3722=IFCPROPERTYSINGLEVALUE('Ay',$,IFCLABEL('0.001'),$);
#3723=IFCBEAM('2GvMbJgoD1KhjWm0mHmwRR',$,$,$,$,#3744,#3734,$,$);
#3724=IFCCARTESIANPOINTLIST2D(((0.,0.),(0.,250.),(6000.,250.),(6000.,0.),(0.,0.)));
#3725=IFCINDEXEDPOLYCURVE(#3724,$,.F.);
#3726=IFCDIRECTION((0.,0.,1.));
#3727=IFCARBITRARYCLOSEDPROFILEDEF(.AREA.,$,#3725);
#3728=IFCCARTESIANPOINT((0.,0.,0.));
#3729=IFCDIRECTION((0.,0.,1.));
#3730=IFCDIRECTION((1.,0.,0.));
#3731=IFCAXIS2PLACEMENT3D(#3728,#3729,#3730);
#3732=IFCEXTRUDEDAREASOLID(#3727,#3731,#3726,-500.);
#3733=IFCSHAPEREPRESENTATION(#11,'Body','SweptSolid',(#3732));
#3734=IFCPRODUCTDEFINITIONSHAPE($,$,(#3733));
#3740=IFCCARTESIANPOINT((12125.,-7.6540424946709578E-15,15000.));
#3741=IFCDIRECTION((0.,0.,1.));
#3742=IFCDIRECTION((6.123233995736766E-17,1.,0.));
#3743=IFCAXIS2PLACEMENT3D(#3740,#3741,#3742);
#3744=IFCLOCALPLACEMENT($,#3743);
#3745=IFCPROPERTYSET('3GRIonDsjB8gsA0XbdJ0La',$,'Other',$,(#3747,#3748));
#3746=IFCRELDEFINESBYPROPERTIES('3OEwrble5ELOVB3eA7pI1Q',$,$,$,(#3723),#3745);
#3747=IFCPROPERTYSINGLEVALUE('Ax',$,IFCLABEL('0.001'),$);
#3748=IFCPROPERTYSINGLEVALUE('Ay',$,IFCLABEL('0.001'),$);
#3749=IFCBEAM('0dZzPMN_j6RQTb7FM2yr7w',$,$,$,$,#3770,#3760,$,$);
#3750=IFCCARTESIANPOINTLIST2D(((0.,0.),(0.,250.),(6000.,250.),(6000.,0.),(0.,0.)));
#3751=IFCINDEXEDPOLYCURVE(#3750,$,.F.);
#3752=IFCDIRECTION((0.,0.,1.));
#3753=IFCARBITRARYCLOSEDPROFILEDEF(.AREA.,$,#3751);
#3754=IFCCARTESIANPOINT((0.,0.,0.));
#3755=IFCDIRECTION((0.,0.,1.));
#3756=IFCDIRECTION((1.,0.,0.));
#3757=IFCAXIS2PLACEMENT3D(#3754,#3755,#3756);
#3758=IFCEXTRUDEDAREASOLID(#3753,#3757,#3752,-500.);
#3759=IFCSHAPEREPRESENTATION(#11,'Body','SweptSolid',(#3758));
#3760=IFCPRODUCTDEFINITIONSHAPE($,$,(#3759));
#3766=IFCCARTESIANPOINT((12125.,6000.,15000.));
#3767=IFCDIRECTION((0.,0.,1.));
#3768=IFCDIRECTION((6.123233995736766E-17,1.,0.));
#3769=IFCAXIS2PLACEMENT3D(#3766,#3767,#3768);
#3770=IFCLOCALPLACEMENT($,#3769);
#3771=IFCPROPERTYSET('1U897SztnFDwC_g4EiWkhC',$,'Other',$,(#3773,#3774));
#3772=IFCRELDEFINESBYPROPERTIES('03QtYFoOfDKwoBJtn$PSWs',$,$,$,(#3749),#3771);
#3773=IFCPROPERTYSINGLEVALUE('Ax',$,IFCLABEL('0.001'),$);
#3774=IFCPROPERTYSINGLEVALUE('Ay',$,IFCLABEL('0.001'),$);
#3775=IFCBEAM('2a6PJyvKb2AeqbsulZM3rO',$,$,$,$,#3796,#3786,$,$);
#3776=IFCCARTESIANPOINTLIST2D(((0.,0.),(0.,250.),(6000.,250.),(6000.,0.),(0.,0.)));
#3777=IFCINDEXEDPOLYCURVE(#3776,$,.F.);
#3778=IFCDIRECTION((0.,0.,1.));
#3779=IFCARBITRARYCLOSEDPROFILEDEF(.AREA.,$,#3777);
#3780=IFCCARTESIANPOINT((0.,0.,0.));
#3781=IFCDIRECTION((0.,0.,1.));
#3782=IFCDIRECTION((1.,0.,0.));
#3783=IFCAXIS2PLACEMENT3D(#3780,#3781,#3782);
#3784=IFCEXTRUDEDAREASOLID(#3779,#3783,#3778,-500.);
#3785=IFCSHAPEREPRESENTATION(#11,'Body','SweptSolid',(#3784));
#3786=IFCPRODUCTDEFINITIONSHAPE($,$,(#3785));
#3792=IFCCARTESIANPOINT((12125.,12000.,15000.));
#3793=IFCDIRECTION((0.,0.,1.));
#3794=IFCDIRECTION((6.123233995736766E-17,1.,0.));
#3795=IFCAXIS2PLACEMENT3D(#3792,#3793,#3794);
#3796=IFCLOCALPLACEMENT($,#3795);
#3797=IFCPROPERTYSET('3WKQobtib4zBEZMadEqWtX',$,'Other',$,(#3799,#3800));
#3798=IFCRELDEFINESBYPROPERTIES('24deuM9n50fedeL$45vyg1',$,$,$,(#3775),#3797);
#3799=IFCPROPERTYSINGLEVALUE('Ax',$,IFCLABEL('0.001'),$);
#3800=IFCPROPERTYSINGLEVALUE('Ay',$,IFCLABEL('0.001'),$);
#3801=IFCBEAM('1$_0I4EW51v88fBxv_g8HP',$,$,$,$,#3822,#3812,$,$);
#3802=IFCCARTESIANPOINTLIST2D(((0.,0.),(0.,250.),(6000.,250.),(6000.,0.),(0.,0.)));
#3803=IFCINDEXEDPOLYCURVE(#3802,$,.F.);
#3804=IFCDIRECTION((0.,0.,1.));
#3805=IFCARBITRARYCLOSEDPROFILEDEF(.AREA.,$,#3803);
#3806=IFCCARTESIANPOINT((0.,0.,0.));
#3807=IFCDIRECTION((0.,0.,1.));
#3808=IFCDIRECTION((1.,0.,0.));
#3809=IFCAXIS2PLACEMENT3D(#3806,#3807,#3808);
#3810=IFCEXTRUDEDAREASOLID(#3805,#3809,#3804,-500.);
#3811=IFCSHAPEREPRESENTATION(#11,'Body','SweptSolid',(#3810));
#3812=IFCPRODUCTDEFINITIONSHAPE($,$,(#3811));
#3818=IFCCARTESIANPOINT((18125.,-7.6540424946709578E-15,15000.));
#3819=IFCDIRECTION((0.,0.,1.));
#3820=IFCDIRECTION((6.123233995736766E-17,1.,0.));
#3821=IFCAXIS2PLACEMENT3D(#3818,#3819,#3820);
#3822=IFCLOCALPLACEMENT($,#3821);
#3823=IFCPROPERTYSET('2Hwfqkhy1BmuHZdsVgvlyH',$,'Other',$,(#3825,#3826));
#3824=IFCRELDEFINESBYPROPERTIES('2IHTjyiILECuZrM$D8xDgk',$,$,$,(#3801),#3823);
#3825=IFCPROPERTYSINGLEVALUE('Ax',$,IFCLABEL('0.001'),$);
#3826=IFCPROPERTYSINGLEVALUE('Ay',$,IFCLABEL('0.001'),$);
#3827=IFCBEAM('3EkWj0Y1j2GxUJrQ$277yd',$,$,$,$,#3848,#3838,$,$);
#3828=IFCCARTESIANPOINTLIST2D(((0.,0.),(0.,250.),(6000.,250.),(6000.,0.),(0.,0.)));
#3829=IFCINDEXEDPOLYCURVE(#3828,$,.F.);
#3830=IFCDIRECTION((0.,0.,1.));
#3831=IFCARBITRARYCLOSEDPROFILEDEF(.AREA.,$,#3829);
#3832=IFCCARTESIANPOINT((0.,0.,0.));
#3833=IFCDIRECTION((0.,0.,1.));
#3834=IFCDIRECTION((1.,0.,0.));
#3835=IFCAXIS2PLACEMENT3D(#3832,#3833,#3834);
#3836=IFCEXTRUDEDAREASOLID(#3831,#3835,#3830,-500.);
#3837=IFCSHAPEREPRESENTATION(#11,'Body','SweptSolid',(#3836));
#3838=IFCPRODUCTDEFINITIONSHAPE($,$,(#3837));
#3844=IFCCARTESIANPOINT((18125.,6000.,15000.));
#3845=IFCDIRECTION((0.,0.,1.));
#3846=IFCDIRECTION((6.123233995736766E-17,1.,0.));
#3847=IFCAXIS2PLACEMENT3D(#3844,#3845,#3846);
#3848=IFCLOCALPLACEMENT($,#3847);
#3849=IFCPROPERTYSET('3GmWs9yy5D59uhdWaGhuAJ',$,'Other',$,(#3851,#3852));
#3850=IFCRELDEFINESBYPROPERTIES('3Jmldgzmf22QA0kGVrGkaF',$,$,$,(#3827),#3849);
#3851=IFCPROPERTYSINGLEVALUE('Ax',$,IFCLABEL('0.001'),$);
#3852=IFCPROPERTYSINGLEVALUE('Ay',$,IFCLABEL('0.001'),$);
#3853=IFCBEAM('2hhofl6GXCeeDTbKyvSSG6',$,$,$,$,#3874,#3864,$,$);
#3854=IFCCARTESIANPOINTLIST2D(((0.,0.),(0.,250.),(6000.,250.),(6000.,0.),(0.,0.)));
#3855=IFCINDEXEDPOLYCURVE(#3854,$,.F.);
#3856=IFCDIRECTION((0.,0.,1.));
#3857=IFCARBITRARYCLOSEDPROFILEDEF(.AREA.,$,#3855);
#3858=IFCCARTESIANPOINT((0.,0.,0.));
#3859=IFCDIRECTION((0.,0.,1.));
#3860=IFCDIRECTION((1.,0.,0.));
#3861=IFCAXIS2PLACEMENT3D(#3858,#3859,#3860);
#3862=IFCEXTRUDEDAREASOLID(#3857,#3861,#3856,-500.);
#3863=IFCSHAPEREPRESENTATION(#11,'Body','SweptSolid',(#3862));
#3864=IFCPRODUCTDEFINITIONSHAPE($,$,(#3863));
#3870=IFCCARTESIANPOINT((18125.,12000.,15000.));
#3871=IFCDIRECTION((0.,0.,1.));
#3872=IFCDIRECTION((6.123233995736766E-17,1.,0.));
#3873=IFCAXIS2PLACEMENT3D(#3870,#3871,#3872);
#3874=IFCLOCALPLACEMENT($,#3873);
#3875=IFCPROPERTYSET('2FaQziMQz5UA2w_GNqKJHx',$,'Other',$,(#3877,#3878));
#3876=IFCRELDEFINESBYPROPERTIES('1tNOI2Uh9DHOiR7gT_OZw4',$,$,$,(#3853),#3875);
#3877=IFCPROPERTYSINGLEVALUE('Ax',$,IFCLABEL('0.001'),$);
#3878=IFCPROPERTYSINGLEVALUE('Ay',$,IFCLABEL('0.001'),$);
#3879=IFCBEAM('12aoe0fmj5wuxJfvmUGIL7',$,$,$,$,#3900,#3890,$,$);
#3880=IFCCARTESIANPOINTLIST2D(((0.,0.),(0.,250.),(6000.,250.),(6000.,0.),(0.,0.)));
#3881=IFCINDEXEDPOLYCURVE(#3880,$,.F.);
#3882=IFCDIRECTION((0.,0.,1.));
#3883=IFCARBITRARYCLOSEDPROFILEDEF(.AREA.,$,#3881);
#3884=IFCCARTESIANPOINT((0.,0.,0.));
#3885=IFCDIRECTION((0.,0.,1.));
#3886=IFCDIRECTION((1.,0.,0.));
#3887=IFCAXIS2PLACEMENT3D(#3884,#3885,#3886);
#3888=IFCEXTRUDEDAREASOLID(#3883,#3887,#3882,-500.);
#3889=IFCSHAPEREPRESENTATION(#11,'Body','SweptSolid',(#3888));
#3890=IFCPRODUCTDEFINITIONSHAPE($,$,(#3889));
#3896=IFCCARTESIANPOINT((24125.,-7.6540424946709578E-15,15000.));
#3897=IFCDIRECTION((0.,0.,1.));
#3898=IFCDIRECTION((6.123233995736766E-17,1.,0.));
#3899=IFCAXIS2PLACEMENT3D(#3896,#3897,#3898);
#3900=IFCLOCALPLACEMENT($,#3899);
#3901=IFCPROPERTYSET('3i7OxJtZnD7wkceG1H9gXm',$,'Other',$,(#3903,#3904));
#3902=IFCRELDEFINESBYPROPERTIES('3elsPE6lP16eXgEgANGrLu',$,$,$,(#3879),#3901);
#3903=IFCPROPERTYSINGLEVALUE('Ax',$,IFCLABEL('0.001'),$);
#3904=IFCPROPERTYSINGLEVALUE('Ay',$,IFCLABEL('0.001'),$);
#3905=IFCBEAM('3HeNYddBXAUvm5NzmKQDRV',$,$,$,$,#3926,#3916,$,$);
#3906=IFCCARTESIANPOINTLIST2D(((0.,0.),(0.,250.),(6000.,250.),(6000.,0.),(0.,0.)));
#3907=IFCINDEXEDPOLYCURVE(#3906,$,.F.);
#3908=IFCDIRECTION((0.,0.,1.));
#3909=IFCARBITRARYCLOSEDPROFILEDEF(.AREA.,$,#3907);
#3910=IFCCARTESIANPOINT((0.,0.,0.));
#3911=IFCDIRECTION((0.,0.,1.));
#3912=IFCDIRECTION((1.,0.,0.));
#3913=IFCAXIS2PLACEMENT3D(#3910,#3911,#3912);
#3914=IFCEXTRUDEDAREASOLID(#3909,#3913,#3908,-500.);
#3915=IFCSHAPEREPRESENTATION(#11,'Body','SweptSolid',(#3914));
#3916=IFCPRODUCTDEFINITIONSHAPE($,$,(#3915));
#3922=IFCCARTESIANPOINT((24125.,6000.,15000.));
#3923=IFCDIRECTION((0.,0.,1.));
#3924=IFCDIRECTION((6.123233995736766E-17,1.,0.));
#3925=IFCAXIS2PLACEMENT3D(#3922,#3923,#3924);
#3926=IFCLOCALPLACEMENT($,#3925);
#3927=IFCPROPERTYSET('3KwGwaOarF6uUVYVPQ1kX1',$,'Other',$,(#3929,#3930));
#3928=IFCRELDEFINESBYPROPERTIES('2ERUzfd7L4NgZBgVTu2YWL',$,$,$,(#3905),#3927);
#3929=IFCPROPERTYSINGLEVALUE('Ax',$,IFCLABEL('0.001'),$);
#3930=IFCPROPERTYSINGLEVALUE('Ay',$,IFCLABEL('0.001'),$);
#3931=IFCBEAM('2pT6TicRv3yAX9L51rIZkr',$,$,$,$,#3952,#3942,$,$);
#3932=IFCCARTESIANPOINTLIST2D(((0.,0.),(0.,250.),(6000.,250.),(6000.,0.),(0.,0.)));
#3933=IFCINDEXEDPOLYCURVE(#3932,$,.F.);
#3934=IFCDIRECTION((0.,0.,1.));
#3935=IFCARBITRARYCLOSEDPROFILEDEF(.AREA.,$,#3933);
#3936=IFCCARTESIANPOINT((0.,0.,0.));
#3937=IFCDIRECTION((0.,0.,1.));
#3938=IFCDIRECTION((1.,0.,0.));
#3939=IFCAXIS2PLACEMENT3D(#3936,#3937,#3938);
#3940=IFCEXTRUDEDAREASOLID(#3935,#3939,#3934,-500.);
#3941=IFCSHAPEREPRESENTATION(#11,'Body','SweptSolid',(#3940));
#3942=IFCPRODUCTDEFINITIONSHAPE($,$,(#3941));
#3948=IFCCARTESIANPOINT((24125.,12000.,15000.));
#3949=IFCDIRECTION((0.,0.,1.));
#3950=IFCDIRECTION((6.123233995736766E-17,1.,0.));
#3951=IFCAXIS2PLACEMENT3D(#3948,#3949,#3950);
#3952=IFCLOCALPLACEMENT($,#3951);
#3953=IFCPROPERTYSET('33hhp$1fr1S8Tz7iUorjER',$,'Other',$,(#3955,#3956));
#3954=IFCRELDEFINESBYPROPERTIES('1AgjjVdkPC5w0fQ1h4eQkG',$,$,$,(#3931),#3953);
#3955=IFCPROPERTYSINGLEVALUE('Ax',$,IFCLABEL('0.001'),$);
#3956=IFCPROPERTYSINGLEVALUE('Ay',$,IFCLABEL('0.001'),$);
#3957=IFCBEAM('1krcZQR7n63ewe_yxSIsWJ',$,$,$,$,#3978,#3968,$,$);
#3958=IFCCARTESIANPOINTLIST2D(((0.,0.),(0.,250.),(6000.,250.),(6000.,0.),(0.,0.)));
#3959=IFCINDEXEDPOLYCURVE(#3958,$,.F.);
#3960=IFCDIRECTION((0.,0.,1.));
#3961=IFCARBITRARYCLOSEDPROFILEDEF(.AREA.,$,#3959);
#3962=IFCCARTESIANPOINT((0.,0.,0.));
#3963=IFCDIRECTION((0.,0.,1.));
#3964=IFCDIRECTION((1.,0.,0.));
#3965=IFCAXIS2PLACEMENT3D(#3962,#3963,#3964);
#3966=IFCEXTRUDEDAREASOLID(#3961,#3965,#3960,-400.);
#3967=IFCSHAPEREPRESENTATION(#11,'Body','SweptSolid',(#3966));
#3968=IFCPRODUCTDEFINITIONSHAPE($,$,(#3967));
#3974=IFCCARTESIANPOINT((30125.,12000.,15000.));
#3975=IFCDIRECTION((0.,0.,1.));
#3976=IFCDIRECTION((6.123233995736766E-17,1.,0.));
#3977=IFCAXIS2PLACEMENT3D(#3974,#3975,#3976);
#3978=IFCLOCALPLACEMENT($,#3977);
#3979=IFCPROPERTYSET('0U8L9xmT55sfdGt86mb5cy',$,'Other',$,(#3981,#3982));
#3980=IFCRELDEFINESBYPROPERTIES('0UjiedEAP2Bf1yZErHKm$S',$,$,$,(#3957),#3979);
#3981=IFCPROPERTYSINGLEVALUE('Ax',$,IFCLABEL('0.001'),$);
#3982=IFCPROPERTYSINGLEVALUE('Ay',$,IFCLABEL('0.001'),$);
#3983=IFCBEAM('1IvvvyYQj7Xv_Tpbn_fs_y',$,$,$,$,#4004,#3994,$,$);
#3984=IFCCARTESIANPOINTLIST2D(((0.,0.),(0.,250.),(6000.,250.),(6000.,0.),(0.,0.)));
#3985=IFCINDEXEDPOLYCURVE(#3984,$,.F.);
#3986=IFCDIRECTION((0.,0.,1.));
#3987=IFCARBITRARYCLOSEDPROFILEDEF(.AREA.,$,#3985);
#3988=IFCCARTESIANPOINT((0.,0.,0.));
#3989=IFCDIRECTION((0.,0.,1.));
#3990=IFCDIRECTION((1.,0.,0.));
#3991=IFCAXIS2PLACEMENT3D(#3988,#3989,#3990);
#3992=IFCEXTRUDEDAREASOLID(#3987,#3991,#3986,-500.);
#3993=IFCSHAPEREPRESENTATION(#11,'Body','SweptSolid',(#3992));
#3994=IFCPRODUCTDEFINITIONSHAPE($,$,(#3993));
#4000=IFCCARTESIANPOINT((0.,-125.,15000.));
#4001=IFCDIRECTION((0.,0.,1.));
#4002=IFCDIRECTION((1.,0.,0.));
#4003=IFCAXIS2PLACEMENT3D(#4000,#4001,#4002);
#4004=IFCLOCALPLACEMENT($,#4003);
#4005=IFCPROPERTYSET('14TxqHsZ53LhXs6iO8cPyD',$,'Other',$,(#4007,#4008));
#4006=IFCRELDEFINESBYPROPERTIES('2QO5PDtwDE38U5AwapBIs0',$,$,$,(#3983),#4005);
#4007=IFCPROPERTYSINGLEVALUE('Ax',$,IFCLABEL('0.001'),$);
#4008=IFCPROPERTYSINGLEVALUE('Ay',$,IFCLABEL('0.001'),$);
#4009=IFCBEAM('26eTUsBWnE5AqHh9rl5E_3',$,$,$,$,#4030,#4020,$,$);
#4010=IFCCARTESIANPOINTLIST2D(((0.,0.),(0.,250.),(6000.,250.),(6000.,0.),(0.,0.)));
#4011=IFCINDEXEDPOLYCURVE(#4010,$,.F.);
#4012=IFCDIRECTION((0.,0.,1.));
#4013=IFCARBITRARYCLOSEDPROFILEDEF(.AREA.,$,#4011);
#4014=IFCCARTESIANPOINT((0.,0.,0.));
#4015=IFCDIRECTION((0.,0.,1.));
#4016=IFCDIRECTION((1.,0.,0.));
#4017=IFCAXIS2PLACEMENT3D(#4014,#4015,#4016);
#4018=IFCEXTRUDEDAREASOLID(#4013,#4017,#4012,-500.);
#4019=IFCSHAPEREPRESENTATION(#11,'Body','SweptSolid',(#4018));
#4020=IFCPRODUCTDEFINITIONSHAPE($,$,(#4019));
#4026=IFCCARTESIANPOINT((6000.,-125.,15000.));
#4027=IFCDIRECTION((0.,0.,1.));
#4028=IFCDIRECTION((1.,0.,0.));
#4029=IFCAXIS2PLACEMENT3D(#4026,#4027,#4028);
#4030=IFCLOCALPLACEMENT($,#4029);
#4031=IFCPROPERTYSET('2MUiuBAiv25epaxRXeHzss',$,'Other',$,(#4033,#4034));
#4032=IFCRELDEFINESBYPROPERTIES('2pFiztJxH2LvdPKCWIBZLV',$,$,$,(#4009),#4031);
#4033=IFCPROPERTYSINGLEVALUE('Ax',$,IFCLABEL('0.001'),$);
#4034=IFCPROPERTYSINGLEVALUE('Ay',$,IFCLABEL('0.001'),$);
#4035=IFCBEAM('1OP_CNXDb0vAmg1VjDfig1',$,$,$,$,#4056,#4046,$,$);
#4036=IFCCARTESIANPOINTLIST2D(((0.,0.),(0.,250.),(6000.,250.),(6000.,0.),(0.,0.)));
#4037=IFCINDEXEDPOLYCURVE(#4036,$,.F.);
#4038=IFCDIRECTION((0.,0.,1.));
#4039=IFCARBITRARYCLOSEDPROFILEDEF(.AREA.,$,#4037);
#4040=IFCCARTESIANPOINT((0.,0.,0.));
#4041=IFCDIRECTION((0.,0.,1.));
#4042=IFCDIRECTION((1.,0.,0.));
#4043=IFCAXIS2PLACEMENT3D(#4040,#4041,#4042);
#4044=IFCEXTRUDEDAREASOLID(#4039,#4043,#4038,-500.);
#4045=IFCSHAPEREPRESENTATION(#11,'Body','SweptSolid',(#4044));
#4046=IFCPRODUCTDEFINITIONSHAPE($,$,(#4045));
#4052=IFCCARTESIANPOINT((12000.,-125.,15000.));
#4053=IFCDIRECTION((0.,0.,1.));
#4054=IFCDIRECTION((1.,0.,0.));
#4055=IFCAXIS2PLACEMENT3D(#4052,#4053,#4054);
#4056=IFCLOCALPLACEMENT($,#4055);
#4057=IFCPROPERTYSET('2OeYeqOAT6ZBz4bzc3ttFG',$,'Other',$,(#4059,#4060));
#4058=IFCRELDEFINESBYPROPERTIES('3Mui4aa1X3JfKn70IB3xAH',$,$,$,(#4035),#4057);
#4059=IFCPROPERTYSINGLEVALUE('Ax',$,IFCLABEL('0.001'),$);
#4060=IFCPROPERTYSINGLEVALUE('Ay',$,IFCLABEL('0.001'),$);
#4061=IFCBEAM('2XPgaTR3bBCQU0CD5BZzuT',$,$,$,$,#4082,#4072,$,$);
#4062=IFCCARTESIANPOINTLIST2D(((0.,0.),(0.,250.),(6000.,250.),(6000.,0.),(0.,0.)));
#4063=IFCINDEXEDPOLYCURVE(#4062,$,.F.);
#4064=IFCDIRECTION((0.,0.,1.));
#4065=IFCARBITRARYCLOSEDPROFILEDEF(.AREA.,$,#4063);
#4066=IFCCARTESIANPOINT((0.,0.,0.));
#4067=IFCDIRECTION((0.,0.,1.));
#4068=IFCDIRECTION((1.,0.,0.));
#4069=IFCAXIS2PLACEMENT3D(#4066,#4067,#4068);
#4070=IFCEXTRUDEDAREASOLID(#4065,#4069,#4064,-500.);
#4071=IFCSHAPEREPRESENTATION(#11,'Body','SweptSolid',(#4070));
#4072=IFCPRODUCTDEFINITIONSHAPE($,$,(#4071));
#4078=IFCCARTESIANPOINT((18000.,-125.,15000.));
#4079=IFCDIRECTION((0.,0.,1.));
#4080=IFCDIRECTION((1.,0.,0.));
#4081=IFCAXIS2PLACEMENT3D(#4078,#4079,#4080);
#4082=IFCLOCALPLACEMENT($,#4081);
#4083=IFCPROPERTYSET('05jegAPVDDeRHDAyd9cJmd',$,'Other',$,(#4085,#4086));
#4084=IFCRELDEFINESBYPROPERTIES('0o8jVXD_r1zP608mTCfQCJ',$,$,$,(#4061),#4083);
#4085=IFCPROPERTYSINGLEVALUE('Ax',$,IFCLABEL('0.001'),$);
#4086=IFCPROPERTYSINGLEVALUE('Ay',$,IFCLABEL('0.001'),$);
#4087=IFCBEAM('3639fJU4j369Z5o0P59E5h',$,$,$,$,#4108,#4098,$,$);
#4088=IFCCARTESIANPOINTLIST2D(((0.,0.),(0.,250.),(6000.,250.),(6000.,0.),(0.,0.)));
#4089=IFCINDEXEDPOLYCURVE(#4088,$,.F.);
#4090=IFCDIRECTION((0.,0.,1.));
#4091=IFCARBITRARYCLOSEDPROFILEDEF(.AREA.,$,#4089);
#4092=IFCCARTESIANPOINT((0.,0.,0.));
#4093=IFCDIRECTION((0.,0.,1.));
#4094=IFCDIRECTION((1.,0.,0.));
#4095=IFCAXIS2PLACEMENT3D(#4092,#4093,#4094);
#4096=IFCEXTRUDEDAREASOLID(#4091,#4095,#4090,-500.);
#4097=IFCSHAPEREPRESENTATION(#11,'Body','SweptSolid',(#4096));
#4098=IFCPRODUCTDEFINITIONSHAPE($,$,(#4097));
#4104=IFCCARTESIANPOINT((0.,5875.,15000.));
#4105=IFCDIRECTION((0.,0.,1.));
#4106=IFCDIRECTION((1.,0.,0.));
#4107=IFCAXIS2PLACEMENT3D(#4104,#4105,#4106);
#4108=IFCLOCALPLACEMENT($,#4107);
#4109=IFCPROPERTYSET('0fkp9fca9Aa9nGyS9s2Lxt',$,'Other',$,(#4111,#4112));
#4110=IFCRELDEFINESBYPROPERTIES('114ZxXtpXDYxC22CJc3tOp',$,$,$,(#4087),#4109);
#4111=IFCPROPERTYSINGLEVALUE('Ax',$,IFCLABEL('0.001'),$);
#4112=IFCPROPERTYSINGLEVALUE('Ay',$,IFCLABEL('0.001'),$);
#4113=IFCBEAM('2xoh$nGav2E9F$Gc9a3FNh',$,$,$,$,#4134,#4124,$,$);
#4114=IFCCARTESIANPOINTLIST2D(((0.,0.),(0.,250.),(6000.,250.),(6000.,0.),(0.,0.)));
#4115=IFCINDEXEDPOLYCURVE(#4114,$,.F.);
#4116=IFCDIRECTION((0.,0.,1.));
#4117=IFCARBITRARYCLOSEDPROFILEDEF(.AREA.,$,#4115);
#4118=IFCCARTESIANPOINT((0.,0.,0.));
#4119=IFCDIRECTION((0.,0.,1.));
#4120=IFCDIRECTION((1.,0.,0.));
#4121=IFCAXIS2PLACEMENT3D(#4118,#4119,#4120);
#4122=IFCEXTRUDEDAREASOLID(#4117,#4121,#4116,-500.);
#4123=IFCSHAPEREPRESENTATION(#11,'Body','SweptSolid',(#4122));
#4124=IFCPRODUCTDEFINITIONSHAPE($,$,(#4123));
#4130=IFCCARTESIANPOINT((6000.,5875.,15000.));
#4131=IFCDIRECTION((0.,0.,1.));
#4132=IFCDIRECTION((1.,0.,0.));
#4133=IFCAXIS2PLACEMENT3D(#4130,#4131,#4132);
#4134=IFCLOCALPLACEMENT($,#4133);
#4135=IFCPROPERTYSET('0dkkuR4sP0Ae62a0SkS8m6',$,'Other',$,(#4137,#4138));
#4136=IFCRELDEFINESBYPROPERTIES('0l0cpmr4HCYh9iMzbdtoP_',$,$,$,(#4113),#4135);
#4137=IFCPROPERTYSINGLEVALUE('Ax',$,IFCLABEL('0.001'),$);
#4138=IFCPROPERTYSINGLEVALUE('Ay',$,IFCLABEL('0.001'),$);
#4139=IFCBEAM('0$72tR9GDAMPA1RWgk52R9',$,$,$,$,#4160,#4150,$,$);
#4140=IFCCARTESIANPOINTLIST2D(((0.,0.),(0.,250.),(6000.,250.),(6000.,0.),(0.,0.)));
#4141=IFCINDEXEDPOLYCURVE(#4140,$,.F.);
#4142=IFCDIRECTION((0.,0.,1.));
#4143=IFCARBITRARYCLOSEDPROFILEDEF(.AREA.,$,#4141);
#4144=IFCCARTESIANPOINT((0.,0.,0.));
#4145=IFCDIRECTION((0.,0.,1.));
#4146=IFCDIRECTION((1.,0.,0.));
#4147=IFCAXIS2PLACEMENT3D(#4144,#4145,#4146);
#4148=IFCEXTRUDEDAREASOLID(#4143,#4147,#4142,-500.);
#4149=IFCSHAPEREPRESENTATION(#11,'Body','SweptSolid',(#4148));
#4150=IFCPRODUCTDEFINITIONSHAPE($,$,(#4149));
#4156=IFCCARTESIANPOINT((12000.,5875.,15000.));
#4157=IFCDIRECTION((0.,0.,1.));
#4158=IFCDIRECTION((1.,0.,0.));
#4159=IFCAXIS2PLACEMENT3D(#4156,#4157,#4158);
#4160=IFCLOCALPLACEMENT($,#4159);
#4161=IFCPROPERTYSET('1UujHfex5DKv8RMOpwT93r',$,'Other',$,(#4163,#4164));
#4162=IFCRELDEFINESBYPROPERTIES('1fIrTZkET0Q8HcPdPyEhI_',$,$,$,(#4139),#4161);
#4163=IFCPROPERTYSINGLEVALUE('Ax',$,IFCLABEL('0.001'),$);
#4164=IFCPROPERTYSINGLEVALUE('Ay',$,IFCLABEL('0.001'),$);
#4165=IFCBEAM('2lLbcqV_n0aufrZi2AYveM',$,$,$,$,#4186,#4176,$,$);
#4166=IFCCARTESIANPOINTLIST2D(((0.,0.),(0.,250.),(6000.,250.),(6000.,0.),(0.,0.)));
#4167=IFCINDEXEDPOLYCURVE(#4166,$,.F.);
#4168=IFCDIRECTION((0.,0.,1.));
#4169=IFCARBITRARYCLOSEDPROFILEDEF(.AREA.,$,#4167);
#4170=IFCCARTESIANPOINT((0.,0.,0.));
#4171=IFCDIRECTION((0.,0.,1.));
#4172=IFCDIRECTION((1.,0.,0.));
#4173=IFCAXIS2PLACEMENT3D(#4170,#4171,#4172);
#4174=IFCEXTRUDEDAREASOLID(#4169,#4173,#4168,-500.);
#4175=IFCSHAPEREPRESENTATION(#11,'Body','SweptSolid',(#4174));
#4176=IFCPRODUCTDEFINITIONSHAPE($,$,(#4175));
#4182=IFCCARTESIANPOINT((18000.,5875.,15000.));
#4183=IFCDIRECTION((0.,0.,1.));
#4184=IFCDIRECTION((1.,0.,0.));
#4185=IFCAXIS2PLACEMENT3D(#4182,#4183,#4184);
#4186=IFCLOCALPLACEMENT($,#4185);
#4187=IFCPROPERTYSET('1BhafEXbvCqhc3ZdLFJ5$z',$,'Other',$,(#4189,#4190));
#4188=IFCRELDEFINESBYPROPERTIES('3dg3cCIID0oeNLosiCJPwP',$,$,$,(#4165),#4187);
#4189=IFCPROPERTYSINGLEVALUE('Ax',$,IFCLABEL('0.001'),$);
#4190=IFCPROPERTYSINGLEVALUE('Ay',$,IFCLABEL('0.001'),$);
#4191=IFCBEAM('29FQoNq7b5Pfw8Vikgkdz_',$,$,$,$,#4212,#4202,$,$);
#4192=IFCCARTESIANPOINTLIST2D(((0.,0.),(0.,250.),(6000.,250.),(6000.,0.),(0.,0.)));
#4193=IFCINDEXEDPOLYCURVE(#4192,$,.F.);
#4194=IFCDIRECTION((0.,0.,1.));
#4195=IFCARBITRARYCLOSEDPROFILEDEF(.AREA.,$,#4193);
#4196=IFCCARTESIANPOINT((0.,0.,0.));
#4197=IFCDIRECTION((0.,0.,1.));
#4198=IFCDIRECTION((1.,0.,0.));
#4199=IFCAXIS2PLACEMENT3D(#4196,#4197,#4198);
#4200=IFCEXTRUDEDAREASOLID(#4195,#4199,#4194,-500.);
#4201=IFCSHAPEREPRESENTATION(#11,'Body','SweptSolid',(#4200));
#4202=IFCPRODUCTDEFINITIONSHAPE($,$,(#4201));
#4208=IFCCARTESIANPOINT((24000.,5875.,15000.));
#4209=IFCDIRECTION((0.,0.,1.));
#4210=IFCDIRECTION((1.,0.,0.));
#4211=IFCAXIS2PLACEMENT3D(#4208,#4209,#4210);
#4212=IFCLOCALPLACEMENT($,#4211);
#4213=IFCPROPERTYSET('1qCReG16XEmAojsz$k6a1q',$,'Other',$,(#4215,#4216));
#4214=IFCRELDEFINESBYPROPERTIES('2Sd7XXyoTDthVUI4z8iFZP',$,$,$,(#4191),#4213);
#4215=IFCPROPERTYSINGLEVALUE('Ax',$,IFCLABEL('0.001'),$);
#4216=IFCPROPERTYSINGLEVALUE('Ay',$,IFCLABEL('0.001'),$);
#4217=IFCBEAM('2onjOIkGvFhAN6dFVg6Ir8',$,$,$,$,#4238,#4228,$,$);
#4218=IFCCARTESIANPOINTLIST2D(((0.,0.),(0.,250.),(6000.,250.),(6000.,0.),(0.,0.)));
#4219=IFCINDEXEDPOLYCURVE(#4218,$,.F.);
#4220=IFCDIRECTION((0.,0.,1.));
#4221=IFCARBITRARYCLOSEDPROFILEDEF(.AREA.,$,#4219);
#4222=IFCCARTESIANPOINT((0.,0.,0.));
#4223=IFCDIRECTION((0.,0.,1.));
#4224=IFCDIRECTION((1.,0.,0.));
#4225=IFCAXIS2PLACEMENT3D(#4222,#4223,#4224);
#4226=IFCEXTRUDEDAREASOLID(#4221,#4225,#4220,-500.);
#4227=IFCSHAPEREPRESENTATION(#11,'Body','SweptSolid',(#4226));
#4228=IFCPRODUCTDEFINITIONSHAPE($,$,(#4227));
#4234=IFCCARTESIANPOINT((0.,11875.,15000.));
#4235=IFCDIRECTION((0.,0.,1.));
#4236=IFCDIRECTION((1.,0.,0.));
#4237=IFCAXIS2PLACEMENT3D(#4234,#4235,#4236);
#4238=IFCLOCALPLACEMENT($,#4237);
#4239=IFCPROPERTYSET('2Y$VpoLBD70Ab8M1c8evbk',$,'Other',$,(#4241,#4242));
#4240=IFCRELDEFINESBYPROPERTIES('1rhZ7N4QLCweCbkX1KCAca',$,$,$,(#4217),#4239);
#4241=IFCPROPERTYSINGLEVALUE('Ax',$,IFCLABEL('0.001'),$);
#4242=IFCPROPERTYSINGLEVALUE('Ay',$,IFCLABEL('0.001'),$);
#4243=IFCBEAM('0sooF4$Wf0lPpmKNtErr5s',$,$,$,$,#4264,#4254,$,$);
#4244=IFCCARTESIANPOINTLIST2D(((0.,0.),(0.,250.),(6000.,250.),(6000.,0.),(0.,0.)));
#4245=IFCINDEXEDPOLYCURVE(#4244,$,.F.);
#4246=IFCDIRECTION((0.,0.,1.));
#4247=IFCARBITRARYCLOSEDPROFILEDEF(.AREA.,$,#4245);
#4248=IFCCARTESIANPOINT((0.,0.,0.));
#4249=IFCDIRECTION((0.,0.,1.));
#4250=IFCDIRECTION((1.,0.,0.));
#4251=IFCAXIS2PLACEMENT3D(#4248,#4249,#4250);
#4252=IFCEXTRUDEDAREASOLID(#4247,#4251,#4246,-500.);
#4253=IFCSHAPEREPRESENTATION(#11,'Body','SweptSolid',(#4252));
#4254=IFCPRODUCTDEFINITIONSHAPE($,$,(#4253));
#4260=IFCCARTESIANPOINT((6000.,11875.,15000.));
#4261=IFCDIRECTION((0.,0.,1.));
#4262=IFCDIRECTION((1.,0.,0.));
#4263=IFCAXIS2PLACEMENT3D(#4260,#4261,#4262);
#4264=IFCLOCALPLACEMENT($,#4263);
#4265=IFCPROPERTYSET('3FcW$gBIP7yhPL1x5OLWe1',$,'Other',$,(#4267,#4268));
#4266=IFCRELDEFINESBYPROPERTIES('3dOpFoI5fCyxulIOW41ejI',$,$,$,(#4243),#4265);
#4267=IFCPROPERTYSINGLEVALUE('Ax',$,IFCLABEL('0.001'),$);
#4268=IFCPROPERTYSINGLEVALUE('Ay',$,IFCLABEL('0.001'),$);
#4269=IFCBEAM('3Aiwn9Pg9BWfVSKrwg7VhF',$,$,$,$,#4290,#4280,$,$);
#4270=IFCCARTESIANPOINTLIST2D(((0.,0.),(0.,250.),(6000.,250.),(6000.,0.),(0.,0.)));
#4271=IFCINDEXEDPOLYCURVE(#4270,$,.F.);
#4272=IFCDIRECTION((0.,0.,1.));
#4273=IFCARBITRARYCLOSEDPROFILEDEF(.AREA.,$,#4271);
#4274=IFCCARTESIANPOINT((0.,0.,0.));
#4275=IFCDIRECTION((0.,0.,1.));
#4276=IFCDIRECTION((1.,0.,0.));
#4277=IFCAXIS2PLACEMENT3D(#4274,#4275,#4276);
#4278=IFCEXTRUDEDAREASOLID(#4273,#4277,#4272,-500.);
#4279=IFCSHAPEREPRESENTATION(#11,'Body','SweptSolid',(#4278));
#4280=IFCPRODUCTDEFINITIONSHAPE($,$,(#4279));
#4286=IFCCARTESIANPOINT((12000.,11875.,15000.));
#4287=IFCDIRECTION((0.,0.,1.));
#4288=IFCDIRECTION((1.,0.,0.));
#4289=IFCAXIS2PLACEMENT3D(#4286,#4287,#4288);
#4290=IFCLOCALPLACEMENT($,#4289);
#4291=IFCPROPERTYSET('3Nce7gr3XCFRN647U7oVxL',$,'Other',$,(#4293,#4294));
#4292=IFCRELDEFINESBYPROPERTIES('2TjqqQKZr5rB1zbWGzwG6K',$,$,$,(#4269),#4291);
#4293=IFCPROPERTYSINGLEVALUE('Ax',$,IFCLABEL('0.001'),$);
#4294=IFCPROPERTYSINGLEVALUE('Ay',$,IFCLABEL('0.001'),$);
#4295=IFCBEAM('1HE5zCarj6tgquhD6ah0OK',$,$,$,$,#4316,#4306,$,$);
#4296=IFCCARTESIANPOINTLIST2D(((0.,0.),(0.,250.),(6000.,250.),(6000.,0.),(0.,0.)));
#4297=IFCINDEXEDPOLYCURVE(#4296,$,.F.);
#4298=IFCDIRECTION((0.,0.,1.));
#4299=IFCARBITRARYCLOSEDPROFILEDEF(.AREA.,$,#4297);
#4300=IFCCARTESIANPOINT((0.,0.,0.));
#4301=IFCDIRECTION((0.,0.,1.));
#4302=IFCDIRECTION((1.,0.,0.));
#4303=IFCAXIS2PLACEMENT3D(#4300,#4301,#4302);
#4304=IFCEXTRUDEDAREASOLID(#4299,#4303,#4298,-500.);
#4305=IFCSHAPEREPRESENTATION(#11,'Body','SweptSolid',(#4304));
#4306=IFCPRODUCTDEFINITIONSHAPE($,$,(#4305));
#4312=IFCCARTESIANPOINT((18000.,11875.,15000.));
#4313=IFCDIRECTION((0.,0.,1.));
#4314=IFCDIRECTION((1.,0.,0.));
#4315=IFCAXIS2PLACEMENT3D(#4312,#4313,#4314);
#4316=IFCLOCALPLACEMENT($,#4315);
#4317=IFCPROPERTYSET('34zVY0Y5n6d8Jf84t6KdMg',$,'Other',$,(#4319,#4320));
#4318=IFCRELDEFINESBYPROPERTIES('236iqVWt9BdB6w9tURJOsi',$,$,$,(#4295),#4317);
#4319=IFCPROPERTYSINGLEVALUE('Ax',$,IFCLABEL('0.001'),$);
#4320=IFCPROPERTYSINGLEVALUE('Ay',$,IFCLABEL('0.001'),$);
#4321=IFCBEAM('0YH3TfFwD6HueilXVYs2fj',$,$,$,$,#4342,#4332,$,$);
#4322=IFCCARTESIANPOINTLIST2D(((0.,0.),(0.,250.),(6000.,250.),(6000.,0.),(0.,0.)));
#4323=IFCINDEXEDPOLYCURVE(#4322,$,.F.);
#4324=IFCDIRECTION((0.,0.,1.));
#4325=IFCARBITRARYCLOSEDPROFILEDEF(.AREA.,$,#4323);
#4326=IFCCARTESIANPOINT((0.,0.,0.));
#4327=IFCDIRECTION((0.,0.,1.));
#4328=IFCDIRECTION((1.,0.,0.));
#4329=IFCAXIS2PLACEMENT3D(#4326,#4327,#4328);
#4330=IFCEXTRUDEDAREASOLID(#4325,#4329,#4324,-500.);
#4331=IFCSHAPEREPRESENTATION(#11,'Body','SweptSolid',(#4330));
#4332=IFCPRODUCTDEFINITIONSHAPE($,$,(#4331));
#4338=IFCCARTESIANPOINT((0.,17875.,15000.));
#4339=IFCDIRECTION((0.,0.,1.));
#4340=IFCDIRECTION((1.,0.,0.));
#4341=IFCAXIS2PLACEMENT3D(#4338,#4339,#4340);
#4342=IFCLOCALPLACEMENT($,#4341);
#4343=IFCPROPERTYSET('3Z_AXQ0V1FygwbS4LmOFXu',$,'Other',$,(#4345,#4346));
#4344=IFCRELDEFINESBYPROPERTIES('1$pXvvQ7D9uPE$994R5j9b',$,$,$,(#4321),#4343);
#4345=IFCPROPERTYSINGLEVALUE('Ax',$,IFCLABEL('0.001'),$);
#4346=IFCPROPERTYSINGLEVALUE('Ay',$,IFCLABEL('0.001'),$);
#4347=IFCBEAM('07Sues1fr1TQCzSa6YMlZ2',$,$,$,$,#4368,#4358,$,$);
#4348=IFCCARTESIANPOINTLIST2D(((0.,0.),(0.,250.),(6000.,250.),(6000.,0.),(0.,0.)));
#4349=IFCINDEXEDPOLYCURVE(#4348,$,.F.);
#4350=IFCDIRECTION((0.,0.,1.));
#4351=IFCARBITRARYCLOSEDPROFILEDEF(.AREA.,$,#4349);
#4352=IFCCARTESIANPOINT((0.,0.,0.));
#4353=IFCDIRECTION((0.,0.,1.));
#4354=IFCDIRECTION((1.,0.,0.));
#4355=IFCAXIS2PLACEMENT3D(#4352,#4353,#4354);
#4356=IFCEXTRUDEDAREASOLID(#4351,#4355,#4350,-500.);
#4357=IFCSHAPEREPRESENTATION(#11,'Body','SweptSolid',(#4356));
#4358=IFCPRODUCTDEFINITIONSHAPE($,$,(#4357));
#4364=IFCCARTESIANPOINT((6000.,17875.,15000.));
#4365=IFCDIRECTION((0.,0.,1.));
#4366=IFCDIRECTION((1.,0.,0.));
#4367=IFCAXIS2PLACEMENT3D(#4364,#4365,#4366);
#4368=IFCLOCALPLACEMENT($,#4367);
#4369=IFCPROPERTYSET('3$9C6ilcH7SRjFiuIXouTa',$,'Other',$,(#4371,#4372));
#4370=IFCRELDEFINESBYPROPERTIES('3uJhNn6RDEQvHnOCQe5LM4',$,$,$,(#4347),#4369);
#4371=IFCPROPERTYSINGLEVALUE('Ax',$,IFCLABEL('0.001'),$);
#4372=IFCPROPERTYSINGLEVALUE('Ay',$,IFCLABEL('0.001'),$);
#4373=IFCBEAM('12lUBu_8z51gZlcqQ4UYKI',$,$,$,$,#4394,#4384,$,$);
#4374=IFCCARTESIANPOINTLIST2D(((0.,0.),(0.,250.),(6000.,250.),(6000.,0.),(0.,0.)));
#4375=IFCINDEXEDPOLYCURVE(#4374,$,.F.);
#4376=IFCDIRECTION((0.,0.,1.));
#4377=IFCARBITRARYCLOSEDPROFILEDEF(.AREA.,$,#4375);
#4378=IFCCARTESIANPOINT((0.,0.,0.));
#4379=IFCDIRECTION((0.,0.,1.));
#4380=IFCDIRECTION((1.,0.,0.));
#4381=IFCAXIS2PLACEMENT3D(#4378,#4379,#4380);
#4382=IFCEXTRUDEDAREASOLID(#4377,#4381,#4376,-500.);
#4383=IFCSHAPEREPRESENTATION(#11,'Body','SweptSolid',(#4382));
#4384=IFCPRODUCTDEFINITIONSHAPE($,$,(#4383));
#4390=IFCCARTESIANPOINT((12000.,17875.,15000.));
#4391=IFCDIRECTION((0.,0.,1.));
#4392=IFCDIRECTION((1.,0.,0.));
#4393=IFCAXIS2PLACEMENT3D(#4390,#4391,#4392);
#4394=IFCLOCALPLACEMENT($,#4393);
#4395=IFCPROPERTYSET('3v_rgKNfbBvBQjvpRt8rj1',$,'Other',$,(#4397,#4398));
#4396=IFCRELDEFINESBYPROPERTIES('0ki7Gkl3D1CvywrSBIhykB',$,$,$,(#4373),#4395);
#4397=IFCPROPERTYSINGLEVALUE('Ax',$,IFCLABEL('0.001'),$);
#4398=IFCPROPERTYSINGLEVALUE('Ay',$,IFCLABEL('0.001'),$);
#4399=IFCBEAM('1hX2JIK_H4QBnmXZ_Pe3ez',$,$,$,$,#4420,#4410,$,$);
#4400=IFCCARTESIANPOINTLIST2D(((0.,0.),(0.,250.),(6000.,250.),(6000.,0.),(0.,0.)));
#4401=IFCINDEXEDPOLYCURVE(#4400,$,.F.);
#4402=IFCDIRECTION((0.,0.,1.));
#4403=IFCARBITRARYCLOSEDPROFILEDEF(.AREA.,$,#4401);
#4404=IFCCARTESIANPOINT((0.,0.,0.));
#4405=IFCDIRECTION((0.,0.,1.));
#4406=IFCDIRECTION((1.,0.,0.));
#4407=IFCAXIS2PLACEMENT3D(#4404,#4405,#4406);
#4408=IFCEXTRUDEDAREASOLID(#4403,#4407,#4402,-500.);
#4409=IFCSHAPEREPRESENTATION(#11,'Body','SweptSolid',(#4408));
#4410=IFCPRODUCTDEFINITIONSHAPE($,$,(#4409));
#4416=IFCCARTESIANPOINT((18000.,17875.,15000.));
#4417=IFCDIRECTION((0.,0.,1.));
#4418=IFCDIRECTION((1.,0.,0.));
#4419=IFCAXIS2PLACEMENT3D(#4416,#4417,#4418);
#4420=IFCLOCALPLACEMENT($,#4419);
#4421=IFCPROPERTYSET('0WxiYzTofDOxqshb8anPve',$,'Other',$,(#4423,#4424));
#4422=IFCRELDEFINESBYPROPERTIES('3SINzKmkLFLx4Gn7UxAu13',$,$,$,(#4399),#4421);
#4423=IFCPROPERTYSINGLEVALUE('Ax',$,IFCLABEL('0.001'),$);
#4424=IFCPROPERTYSINGLEVALUE('Ay',$,IFCLABEL('0.001'),$);
#4425=IFCBEAM('3FmTCk6IrBr9_8j0hYDHUk',$,$,$,$,#4446,#4436,$,$);
#4426=IFCCARTESIANPOINTLIST2D(((0.,0.),(0.,250.),(6000.,250.),(6000.,0.),(0.,0.)));
#4427=IFCINDEXEDPOLYCURVE(#4426,$,.F.);
#4428=IFCDIRECTION((0.,0.,1.));
#4429=IFCARBITRARYCLOSEDPROFILEDEF(.AREA.,$,#4427);
#4430=IFCCARTESIANPOINT((0.,0.,0.));
#4431=IFCDIRECTION((0.,0.,1.));
#4432=IFCDIRECTION((1.,0.,0.));
#4433=IFCAXIS2PLACEMENT3D(#4430,#4431,#4432);
#4434=IFCEXTRUDEDAREASOLID(#4429,#4433,#4428,-500.);
#4435=IFCSHAPEREPRESENTATION(#11,'Body','SweptSolid',(#4434));
#4436=IFCPRODUCTDEFINITIONSHAPE($,$,(#4435));
#4442=IFCCARTESIANPOINT((24000.,17875.,15000.));
#4443=IFCDIRECTION((0.,0.,1.));
#4444=IFCDIRECTION((1.,0.,0.));
#4445=IFCAXIS2PLACEMENT3D(#4442,#4443,#4444);
#4446=IFCLOCALPLACEMENT($,#4445);
#4447=IFCPROPERTYSET('3YCBRLjOL9hh14q0SsI7UG',$,'Other',$,(#4449,#4450));
#4448=IFCRELDEFINESBYPROPERTIES('056WJ$2rzD8uIdQryQjVHP',$,$,$,(#4425),#4447);
#4449=IFCPROPERTYSINGLEVALUE('Ax',$,IFCLABEL('0.001'),$);
#4450=IFCPROPERTYSINGLEVALUE('Ay',$,IFCLABEL('0.001'),$);
#4451=IFCBEAM('0WTGau0y90x94eWfqB_C69',$,$,$,$,#4472,#4462,$,$);
#4452=IFCCARTESIANPOINTLIST2D(((0.,0.),(0.,250.),(6000.,250.),(6000.,0.),(0.,0.)));
#4453=IFCINDEXEDPOLYCURVE(#4452,$,.F.);
#4454=IFCDIRECTION((0.,0.,1.));
#4455=IFCARBITRARYCLOSEDPROFILEDEF(.AREA.,$,#4453);
#4456=IFCCARTESIANPOINT((0.,0.,0.));
#4457=IFCDIRECTION((0.,0.,1.));
#4458=IFCDIRECTION((1.,0.,0.));
#4459=IFCAXIS2PLACEMENT3D(#4456,#4457,#4458);
#4460=IFCEXTRUDEDAREASOLID(#4455,#4459,#4454,-400.);
#4461=IFCSHAPEREPRESENTATION(#11,'Body','SweptSolid',(#4460));
#4462=IFCPRODUCTDEFINITIONSHAPE($,$,(#4461));
#4468=IFCCARTESIANPOINT((2875.,18000.,15000.));
#4469=IFCDIRECTION((0.,0.,1.));
#4470=IFCDIRECTION((-1.8369701987210297E-16,-1.,0.));
#4471=IFCAXIS2PLACEMENT3D(#4468,#4469,#4470);
#4472=IFCLOCALPLACEMENT($,#4471);
#4473=IFCPROPERTYSET('3D5zhpSO5FUQSEsPadTbFt',$,'Other',$,(#4475,#4476));
#4474=IFCRELDEFINESBYPROPERTIES('3JrJiOa_r4TR27L163Lsb7',$,$,$,(#4451),#4473);
#4475=IFCPROPERTYSINGLEVALUE('Ax',$,IFCLABEL('0.001'),$);
#4476=IFCPROPERTYSINGLEVALUE('Ay',$,IFCLABEL('0.001'),$);
#4477=IFCBEAM('3rPcnWcrzBoQ0vpoNlgREt',$,$,$,$,#4498,#4488,$,$);
#4478=IFCCARTESIANPOINTLIST2D(((0.,0.),(0.,250.),(6000.,250.),(6000.,0.),(0.,0.)));
#4479=IFCINDEXEDPOLYCURVE(#4478,$,.F.);
#4480=IFCDIRECTION((0.,0.,1.));
#4481=IFCARBITRARYCLOSEDPROFILEDEF(.AREA.,$,#4479);
#4482=IFCCARTESIANPOINT((0.,0.,0.));
#4483=IFCDIRECTION((0.,0.,1.));
#4484=IFCDIRECTION((1.,0.,0.));
#4485=IFCAXIS2PLACEMENT3D(#4482,#4483,#4484);
#4486=IFCEXTRUDEDAREASOLID(#4481,#4485,#4480,-400.);
#4487=IFCSHAPEREPRESENTATION(#11,'Body','SweptSolid',(#4486));
#4488=IFCPRODUCTDEFINITIONSHAPE($,$,(#4487));
#4494=IFCCARTESIANPOINT((2875.,12000.,15000.));
#4495=IFCDIRECTION((0.,0.,1.));
#4496=IFCDIRECTION((-1.8369701987210297E-16,-1.,0.));
#4497=IFCAXIS2PLACEMENT3D(#4494,#4495,#4496);
#4498=IFCLOCALPLACEMENT($,#4497);
#4499=IFCPROPERTYSET('27QrPRfwD3sfShgurJv1J8',$,'Other',$,(#4501,#4502));
#4500=IFCRELDEFINESBYPROPERTIES('2L3fB8twDBmPc4Ir4OYwI$',$,$,$,(#4477),#4499);
#4501=IFCPROPERTYSINGLEVALUE('Ax',$,IFCLABEL('0.001'),$);
#4502=IFCPROPERTYSINGLEVALUE('Ay',$,IFCLABEL('0.001'),$);
#4503=IFCBEAM('1GOyVh2BPEcgVnt3cfT_xx',$,$,$,$,#4524,#4514,$,$);
#4504=IFCCARTESIANPOINTLIST2D(((0.,0.),(0.,250.),(6000.,250.),(6000.,0.),(0.,0.)));
#4505=IFCINDEXEDPOLYCURVE(#4504,$,.F.);
#4506=IFCDIRECTION((0.,0.,1.));
#4507=IFCARBITRARYCLOSEDPROFILEDEF(.AREA.,$,#4505);
#4508=IFCCARTESIANPOINT((0.,0.,0.));
#4509=IFCDIRECTION((0.,0.,1.));
#4510=IFCDIRECTION((1.,0.,0.));
#4511=IFCAXIS2PLACEMENT3D(#4508,#4509,#4510);
#4512=IFCEXTRUDEDAREASOLID(#4507,#4511,#4506,-400.);
#4513=IFCSHAPEREPRESENTATION(#11,'Body','SweptSolid',(#4512));
#4514=IFCPRODUCTDEFINITIONSHAPE($,$,(#4513));
#4520=IFCCARTESIANPOINT((8875.,18000.,15000.));
#4521=IFCDIRECTION((0.,0.,1.));
#4522=IFCDIRECTION((-1.8369701987210297E-16,-1.,0.));
#4523=IFCAXIS2PLACEMENT3D(#4520,#4521,#4522);
#4524=IFCLOCALPLACEMENT($,#4523);
#4525=IFCPROPERTYSET('2PoqueFRD1PgN2835m6Qv9',$,'Other',$,(#4527,#4528));
#4526=IFCRELDEFINESBYPROPERTIES('0f2QvjY5v30v6U1e$OvDm8',$,$,$,(#4503),#4525);
#4527=IFCPROPERTYSINGLEVALUE('Ax',$,IFCLABEL('0.001'),$);
#4528=IFCPROPERTYSINGLEVALUE('Ay',$,IFCLABEL('0.001'),$);
#4529=IFCBEAM('20b9sdiC13NwqLlw8bXtMZ',$,$,$,$,#4550,#4540,$,$);
#4530=IFCCARTESIANPOINTLIST2D(((0.,0.),(0.,250.),(6000.,250.),(6000.,0.),(0.,0.)));
#4531=IFCINDEXEDPOLYCURVE(#4530,$,.F.);
#4532=IFCDIRECTION((0.,0.,1.));
#4533=IFCARBITRARYCLOSEDPROFILEDEF(.AREA.,$,#4531);
#4534=IFCCARTESIANPOINT((0.,0.,0.));
#4535=IFCDIRECTION((0.,0.,1.));
#4536=IFCDIRECTION((1.,0.,0.));
#4537=IFCAXIS2PLACEMENT3D(#4534,#4535,#4536);
#4538=IFCEXTRUDEDAREASOLID(#4533,#4537,#4532,-400.);
#4539=IFCSHAPEREPRESENTATION(#11,'Body','SweptSolid',(#4538));
#4540=IFCPRODUCTDEFINITIONSHAPE($,$,(#4539));
#4546=IFCCARTESIANPOINT((8875.,12000.,15000.));
#4547=IFCDIRECTION((0.,0.,1.));
#4548=IFCDIRECTION((-1.8369701987210297E-16,-1.,0.));
#4549=IFCAXIS2PLACEMENT3D(#4546,#4547,#4548);
#4550=IFCLOCALPLACEMENT($,#4549);
#4551=IFCPROPERTYSET('02WjujdBv7K9aC_Ps5MS_i',$,'Other',$,(#4553,#4554));
#4552=IFCRELDEFINESBYPROPERTIES('2djIRj2lH5$A3Sm0xwsaJP',$,$,$,(#4529),#4551);
#4553=IFCPROPERTYSINGLEVALUE('Ax',$,IFCLABEL('0.001'),$);
#4554=IFCPROPERTYSINGLEVALUE('Ay',$,IFCLABEL('0.001'),$);
#4555=IFCBEAM('3iWn9IRSrCNgJs2k0HxLDw',$,$,$,$,#4576,#4566,$,$);
#4556=IFCCARTESIANPOINTLIST2D(((0.,0.),(0.,250.),(6000.,250.),(6000.,0.),(0.,0.)));
#4557=IFCINDEXEDPOLYCURVE(#4556,$,.F.);
#4558=IFCDIRECTION((0.,0.,1.));
#4559=IFCARBITRARYCLOSEDPROFILEDEF(.AREA.,$,#4557);
#4560=IFCCARTESIANPOINT((0.,0.,0.));
#4561=IFCDIRECTION((0.,0.,1.));
#4562=IFCDIRECTION((1.,0.,0.));
#4563=IFCAXIS2PLACEMENT3D(#4560,#4561,#4562);
#4564=IFCEXTRUDEDAREASOLID(#4559,#4563,#4558,-400.);
#4565=IFCSHAPEREPRESENTATION(#11,'Body','SweptSolid',(#4564));
#4566=IFCPRODUCTDEFINITIONSHAPE($,$,(#4565));
#4572=IFCCARTESIANPOINT((14875.,18000.,15000.));
#4573=IFCDIRECTION((0.,0.,1.));
#4574=IFCDIRECTION((-1.8369701987210297E-16,-1.,0.));
#4575=IFCAXIS2PLACEMENT3D(#4572,#4573,#4574);
#4576=IFCLOCALPLACEMENT($,#4575);
#4577=IFCPROPERTYSET('05cFDTI0n0AwirbW5YhzCD',$,'Other',$,(#4579,#4580));
#4578=IFCRELDEFINESBYPROPERTIES('3x_GuIDoLDcBW9oWBHOPkG',$,$,$,(#4555),#4577);
#4579=IFCPROPERTYSINGLEVALUE('Ax',$,IFCLABEL('0.001'),$);
#4580=IFCPROPERTYSINGLEVALUE('Ay',$,IFCLABEL('0.001'),$);
#4581=IFCBEAM('0sM26Fu_X4FPSlBu_0vmMc',$,$,$,$,#4602,#4592,$,$);
#4582=IFCCARTESIANPOINTLIST2D(((0.,0.),(0.,250.),(6000.,250.),(6000.,0.),(0.,0.)));
#4583=IFCINDEXEDPOLYCURVE(#4582,$,.F.);
#4584=IFCDIRECTION((0.,0.,1.));
#4585=IFCARBITRARYCLOSEDPROFILEDEF(.AREA.,$,#4583);
#4586=IFCCARTESIANPOINT((0.,0.,0.));
#4587=IFCDIRECTION((0.,0.,1.));
#4588=IFCDIRECTION((1.,0.,0.));
#4589=IFCAXIS2PLACEMENT3D(#4586,#4587,#4588);
#4590=IFCEXTRUDEDAREASOLID(#4585,#4589,#4584,-400.);
#4591=IFCSHAPEREPRESENTATION(#11,'Body','SweptSolid',(#4590));
#4592=IFCPRODUCTDEFINITIONSHAPE($,$,(#4591));
#4598=IFCCARTESIANPOINT((14875.,12000.,15000.));
#4599=IFCDIRECTION((0.,0.,1.));
#4600=IFCDIRECTION((-1.8369701987210297E-16,-1.,0.));
#4601=IFCAXIS2PLACEMENT3D(#4598,#4599,#4600);
#4602=IFCLOCALPLACEMENT($,#4601);
#4603=IFCPROPERTYSET('0MCrFpfvXB_hoorEAFzHG7',$,'Other',$,(#4605,#4606));
#4604=IFCRELDEFINESBYPROPERTIES('36bsYYjsbDdPOmrE7H3Xfe',$,$,$,(#4581),#4603);
#4605=IFCPROPERTYSINGLEVALUE('Ax',$,IFCLABEL('0.001'),$);
#4606=IFCPROPERTYSINGLEVALUE('Ay',$,IFCLABEL('0.001'),$);
#4607=IFCBEAM('3luZb$FzP7bPIQqeYoV5wB',$,$,$,$,#4628,#4618,$,$);
#4608=IFCCARTESIANPOINTLIST2D(((0.,0.),(0.,250.),(6000.,250.),(6000.,0.),(0.,0.)));
#4609=IFCINDEXEDPOLYCURVE(#4608,$,.F.);
#4610=IFCDIRECTION((0.,0.,1.));
#4611=IFCARBITRARYCLOSEDPROFILEDEF(.AREA.,$,#4609);
#4612=IFCCARTESIANPOINT((0.,0.,0.));
#4613=IFCDIRECTION((0.,0.,1.));
#4614=IFCDIRECTION((1.,0.,0.));
#4615=IFCAXIS2PLACEMENT3D(#4612,#4613,#4614);
#4616=IFCEXTRUDEDAREASOLID(#4611,#4615,#4610,-400.);
#4617=IFCSHAPEREPRESENTATION(#11,'Body','SweptSolid',(#4616));
#4618=IFCPRODUCTDEFINITIONSHAPE($,$,(#4617));
#4624=IFCCARTESIANPOINT((14875.,6000.,15000.));
#4625=IFCDIRECTION((0.,0.,1.));
#4626=IFCDIRECTION((-1.8369701987210297E-16,-1.,0.));
#4627=IFCAXIS2PLACEMENT3D(#4624,#4625,#4626);
#4628=IFCLOCALPLACEMENT($,#4627);
#4629=IFCPROPERTYSET('3VwwEHsaD9CgLIkPKO17h0',$,'Other',$,(#4631,#4632));
#4630=IFCRELDEFINESBYPROPERTIES('2DU4Dd63jFvvfKUc3TdyrY',$,$,$,(#4607),#4629);
#4631=IFCPROPERTYSINGLEVALUE('Ax',$,IFCLABEL('0.001'),$);
#4632=IFCPROPERTYSINGLEVALUE('Ay',$,IFCLABEL('0.001'),$);
#4633=IFCBEAM('2GBYzreMXBSPS_SUehnjNU',$,$,$,$,#4654,#4644,$,$);
#4634=IFCCARTESIANPOINTLIST2D(((0.,0.),(0.,250.),(6000.,250.),(6000.,0.),(0.,0.)));
#4635=IFCINDEXEDPOLYCURVE(#4634,$,.F.);
#4636=IFCDIRECTION((0.,0.,1.));
#4637=IFCARBITRARYCLOSEDPROFILEDEF(.AREA.,$,#4635);
#4638=IFCCARTESIANPOINT((0.,0.,0.));
#4639=IFCDIRECTION((0.,0.,1.));
#4640=IFCDIRECTION((1.,0.,0.));
#4641=IFCAXIS2PLACEMENT3D(#4638,#4639,#4640);
#4642=IFCEXTRUDEDAREASOLID(#4637,#4641,#4636,-400.);
#4643=IFCSHAPEREPRESENTATION(#11,'Body','SweptSolid',(#4642));
#4644=IFCPRODUCTDEFINITIONSHAPE($,$,(#4643));
#4650=IFCCARTESIANPOINT((20875.,18000.,15000.));
#4651=IFCDIRECTION((0.,0.,1.));
#4652=IFCDIRECTION((-1.8369701987210297E-16,-1.,0.));
#4653=IFCAXIS2PLACEMENT3D(#4650,#4651,#4652);
#4654=IFCLOCALPLACEMENT($,#4653);
#4655=IFCPROPERTYSET('38Ir0YclrEQvrsNsT8yRh$',$,'Other',$,(#4657,#4658));
#4656=IFCRELDEFINESBYPROPERTIES('3MEu88vIT3dQye4afOnkOI',$,$,$,(#4633),#4655);
#4657=IFCPROPERTYSINGLEVALUE('Ax',$,IFCLABEL('0.001'),$);
#4658=IFCPROPERTYSINGLEVALUE('Ay',$,IFCLABEL('0.001'),$);
#4659=IFCBEAM('1rChLtiSD8agBwOMyuz_PC',$,$,$,$,#4680,#4670,$,$);
#4660=IFCCARTESIANPOINTLIST2D(((0.,0.),(0.,250.),(6000.,250.),(6000.,0.),(0.,0.)));
#4661=IFCINDEXEDPOLYCURVE(#4660,$,.F.);
#4662=IFCDIRECTION((0.,0.,1.));
#4663=IFCARBITRARYCLOSEDPROFILEDEF(.AREA.,$,#4661);
#4664=IFCCARTESIANPOINT((0.,0.,0.));
#4665=IFCDIRECTION((0.,0.,1.));
#4666=IFCDIRECTION((1.,0.,0.));
#4667=IFCAXIS2PLACEMENT3D(#4664,#4665,#4666);
#4668=IFCEXTRUDEDAREASOLID(#4663,#4667,#4662,-400.);
#4669=IFCSHAPEREPRESENTATION(#11,'Body','SweptSolid',(#4668));
#4670=IFCPRODUCTDEFINITIONSHAPE($,$,(#4669));
#4676=IFCCARTESIANPOINT((20875.,12000.,15000.));
#4677=IFCDIRECTION((0.,0.,1.));
#4678=IFCDIRECTION((-1.8369701987210297E-16,-1.,0.));
#4679=IFCAXIS2PLACEMENT3D(#4676,#4677,#4678);
#4680=IFCLOCALPLACEMENT($,#4679);
#4681=IFCPROPERTYSET('3L4LC9zu12NB82xrzRCS9G',$,'Other',$,(#4683,#4684));
#4682=IFCRELDEFINESBYPROPERTIES('2VkseoylHBz9ab8nvyXf6i',$,$,$,(#4659),#4681);
#4683=IFCPROPERTYSINGLEVALUE('Ax',$,IFCLABEL('0.001'),$);
#4684=IFCPROPERTYSINGLEVALUE('Ay',$,IFCLABEL('0.001'),$);
#4685=IFCBEAM('0joOJvqu9EIeFxsx_Kc0oN',$,$,$,$,#4706,#4696,$,$);
#4686=IFCCARTESIANPOINTLIST2D(((0.,0.),(0.,250.),(6000.,250.),(6000.,0.),(0.,0.)));
#4687=IFCINDEXEDPOLYCURVE(#4686,$,.F.);
#4688=IFCDIRECTION((0.,0.,1.));
#4689=IFCARBITRARYCLOSEDPROFILEDEF(.AREA.,$,#4687);
#4690=IFCCARTESIANPOINT((0.,0.,0.));
#4691=IFCDIRECTION((0.,0.,1.));
#4692=IFCDIRECTION((1.,0.,0.));
#4693=IFCAXIS2PLACEMENT3D(#4690,#4691,#4692);
#4694=IFCEXTRUDEDAREASOLID(#4689,#4693,#4688,-400.);
#4695=IFCSHAPEREPRESENTATION(#11,'Body','SweptSolid',(#4694));
#4696=IFCPRODUCTDEFINITIONSHAPE($,$,(#4695));
#4702=IFCCARTESIANPOINT((20875.,6000.,15000.));
#4703=IFCDIRECTION((0.,0.,1.));
#4704=IFCDIRECTION((-1.8369701987210297E-16,-1.,0.));
#4705=IFCAXIS2PLACEMENT3D(#4702,#4703,#4704);
#4706=IFCLOCALPLACEMENT($,#4705);
#4707=IFCPROPERTYSET('2m3178I7507fnhCBasPnpR',$,'Other',$,(#4709,#4710));
#4708=IFCRELDEFINESBYPROPERTIES('3BU$hUMRD4OfHjKKyYkaEv',$,$,$,(#4685),#4707);
#4709=IFCPROPERTYSINGLEVALUE('Ax',$,IFCLABEL('0.001'),$);
#4710=IFCPROPERTYSINGLEVALUE('Ay',$,IFCLABEL('0.001'),$);
#4711=IFCBEAM('0XIq0eVnfEtxJft1UvLVYo',$,$,$,$,#4732,#4722,$,$);
#4712=IFCCARTESIANPOINTLIST2D(((0.,0.),(0.,250.),(6000.,250.),(6000.,0.),(0.,0.)));
#4713=IFCINDEXEDPOLYCURVE(#4712,$,.F.);
#4714=IFCDIRECTION((0.,0.,1.));
#4715=IFCARBITRARYCLOSEDPROFILEDEF(.AREA.,$,#4713);
#4716=IFCCARTESIANPOINT((0.,0.,0.));
#4717=IFCDIRECTION((0.,0.,1.));
#4718=IFCDIRECTION((1.,0.,0.));
#4719=IFCAXIS2PLACEMENT3D(#4716,#4717,#4718);
#4720=IFCEXTRUDEDAREASOLID(#4715,#4719,#4714,-400.);
#4721=IFCSHAPEREPRESENTATION(#11,'Body','SweptSolid',(#4720));
#4722=IFCPRODUCTDEFINITIONSHAPE($,$,(#4721));
#4728=IFCCARTESIANPOINT((26875.,18000.,15000.));
#4729=IFCDIRECTION((0.,0.,1.));
#4730=IFCDIRECTION((-1.8369701987210297E-16,-1.,0.));
#4731=IFCAXIS2PLACEMENT3D(#4728,#4729,#4730);
#4732=IFCLOCALPLACEMENT($,#4731);
#4733=IFCPROPERTYSET('3w4j5zjLn7BecnA2DjbV6K',$,'Other',$,(#4735,#4736));
#4734=IFCRELDEFINESBYPROPERTIES('0SHB2FPB96nQWAxym2jfgg',$,$,$,(#4711),#4733);
#4735=IFCPROPERTYSINGLEVALUE('Ax',$,IFCLABEL('0.001'),$);
#4736=IFCPROPERTYSINGLEVALUE('Ay',$,IFCLABEL('0.001'),$);
#4737=IFCBEAM('1mTDuhdOz2RB6ceHy4$rzb',$,$,$,$,#4758,#4748,$,$);
#4738=IFCCARTESIANPOINTLIST2D(((0.,0.),(0.,250.),(6000.,250.),(6000.,0.),(0.,0.)));
#4739=IFCINDEXEDPOLYCURVE(#4738,$,.F.);
#4740=IFCDIRECTION((0.,0.,1.));
#4741=IFCARBITRARYCLOSEDPROFILEDEF(.AREA.,$,#4739);
#4742=IFCCARTESIANPOINT((0.,0.,0.));
#4743=IFCDIRECTION((0.,0.,1.));
#4744=IFCDIRECTION((1.,0.,0.));
#4745=IFCAXIS2PLACEMENT3D(#4742,#4743,#4744);
#4746=IFCEXTRUDEDAREASOLID(#4741,#4745,#4740,-400.);
#4747=IFCSHAPEREPRESENTATION(#11,'Body','SweptSolid',(#4746));
#4748=IFCPRODUCTDEFINITIONSHAPE($,$,(#4747));
#4754=IFCCARTESIANPOINT((8875.,6000.,15000.));
#4755=IFCDIRECTION((0.,0.,1.));
#4756=IFCDIRECTION((-1.8369701987210297E-16,-1.,0.));
#4757=IFCAXIS2PLACEMENT3D(#4754,#4755,#4756);
#4758=IFCLOCALPLACEMENT($,#4757);
#4759=IFCPROPERTYSET('3nskJSgAr7GvXHK0NO$iW8',$,'Other',$,(#4761,#4762));
#4760=IFCRELDEFINESBYPROPERTIES('1CM_CtI5f5gv4CmK$krSHD',$,$,$,(#4737),#4759);
#4761=IFCPROPERTYSINGLEVALUE('Ax',$,IFCLABEL('0.001'),$);
#4762=IFCPROPERTYSINGLEVALUE('Ay',$,IFCLABEL('0.001'),$);
#4763=IFCBEAM('28qgi$dLLDZxcOm0ZKJmSX',$,$,$,$,#4784,#4774,$,$);
#4764=IFCCARTESIANPOINTLIST2D(((0.,0.),(0.,250.),(6000.,250.),(6000.,0.),(0.,0.)));
#4765=IFCINDEXEDPOLYCURVE(#4764,$,.F.);
#4766=IFCDIRECTION((0.,0.,1.));
#4767=IFCARBITRARYCLOSEDPROFILEDEF(.AREA.,$,#4765);
#4768=IFCCARTESIANPOINT((0.,0.,0.));
#4769=IFCDIRECTION((0.,0.,1.));
#4770=IFCDIRECTION((1.,0.,0.));
#4771=IFCAXIS2PLACEMENT3D(#4768,#4769,#4770);
#4772=IFCEXTRUDEDAREASOLID(#4767,#4771,#4766,-400.);
#4773=IFCSHAPEREPRESENTATION(#11,'Body','SweptSolid',(#4772));
#4774=IFCPRODUCTDEFINITIONSHAPE($,$,(#4773));
#4780=IFCCARTESIANPOINT((2875.,6000.,15000.));
#4781=IFCDIRECTION((0.,0.,1.));
#4782=IFCDIRECTION((-1.8369701987210297E-16,-1.,0.));
#4783=IFCAXIS2PLACEMENT3D(#4780,#4781,#4782);
#4784=IFCLOCALPLACEMENT($,#4783);
#4785=IFCPROPERTYSET('1yegruS6fCWBiV0F_xwXEp',$,'Other',$,(#4787,#4788));
#4786=IFCRELDEFINESBYPROPERTIES('3PwPYYcGDAD9Fyvhvz7MGC',$,$,$,(#4763),#4785);
#4787=IFCPROPERTYSINGLEVALUE('Ax',$,IFCLABEL('0.001'),$);
#4788=IFCPROPERTYSINGLEVALUE('Ay',$,IFCLABEL('0.001'),$);
#4789=IFCBEAM('3QD21SdJX66w7C0P8_tXJA',$,$,$,$,#4810,#4800,$,$);
#4790=IFCCARTESIANPOINTLIST2D(((0.,0.),(0.,250.),(6000.,250.),(6000.,0.),(0.,0.)));
#4791=IFCINDEXEDPOLYCURVE(#4790,$,.F.);
#4792=IFCDIRECTION((0.,0.,1.));
#4793=IFCARBITRARYCLOSEDPROFILEDEF(.AREA.,$,#4791);
#4794=IFCCARTESIANPOINT((0.,0.,0.));
#4795=IFCDIRECTION((0.,0.,1.));
#4796=IFCDIRECTION((1.,0.,0.));
#4797=IFCAXIS2PLACEMENT3D(#4794,#4795,#4796);
#4798=IFCEXTRUDEDAREASOLID(#4793,#4797,#4792,-400.);
#4799=IFCSHAPEREPRESENTATION(#11,'Body','SweptSolid',(#4798));
#4800=IFCPRODUCTDEFINITIONSHAPE($,$,(#4799));
#4806=IFCCARTESIANPOINT((26875.,12000.,15000.));
#4807=IFCDIRECTION((0.,0.,1.));
#4808=IFCDIRECTION((-1.8369701987210297E-16,-1.,0.));
#4809=IFCAXIS2PLACEMENT3D(#4806,#4807,#4808);
#4810=IFCLOCALPLACEMENT($,#4809);
#4811=IFCPROPERTYSET('3lVYt_iLbAHgHQ4EFtQbok',$,'Other',$,(#4813,#4814));
#4812=IFCRELDEFINESBYPROPERTIES('3aZ_ZUAijBaxxS6t6N8KRe',$,$,$,(#4789),#4811);
#4813=IFCPROPERTYSINGLEVALUE('Ax',$,IFCLABEL('0.001'),$);
#4814=IFCPROPERTYSINGLEVALUE('Ay',$,IFCLABEL('0.001'),$);
#4815=IFCBEAM('1571ZPqPDC_9mKQv_jOTpC',$,$,$,$,#4836,#4826,$,$);
#4816=IFCCARTESIANPOINTLIST2D(((0.,0.),(0.,250.),(6000.,250.),(6000.,0.),(0.,0.)));
#4817=IFCINDEXEDPOLYCURVE(#4816,$,.F.);
#4818=IFCDIRECTION((0.,0.,1.));
#4819=IFCARBITRARYCLOSEDPROFILEDEF(.AREA.,$,#4817);
#4820=IFCCARTESIANPOINT((0.,0.,0.));
#4821=IFCDIRECTION((0.,0.,1.));
#4822=IFCDIRECTION((1.,0.,0.));
#4823=IFCAXIS2PLACEMENT3D(#4820,#4821,#4822);
#4824=IFCEXTRUDEDAREASOLID(#4819,#4823,#4818,-500.);
#4825=IFCSHAPEREPRESENTATION(#11,'Body','SweptSolid',(#4824));
#4826=IFCPRODUCTDEFINITIONSHAPE($,$,(#4825));
#4832=IFCCARTESIANPOINT((125.,6000.,12000.));
#4833=IFCDIRECTION((0.,0.,1.));
#4834=IFCDIRECTION((6.123233995736766E-17,1.,0.));
#4835=IFCAXIS2PLACEMENT3D(#4832,#4833,#4834);
#4836=IFCLOCALPLACEMENT($,#4835);
#4837=IFCPROPERTYSET('0KVjtE_Xv2WR1rMowO3IEh',$,'Other',$,(#4839,#4840));
#4838=IFCRELDEFINESBYPROPERTIES('1kLklNIKrEq95VFoXYdi5U',$,$,$,(#4815),#4837);
#4839=IFCPROPERTYSINGLEVALUE('Ax',$,IFCLABEL('0.001'),$);
#4840=IFCPROPERTYSINGLEVALUE('Ay',$,IFCLABEL('0.001'),$);
#4841=IFCBEAM('0Kwodhz1578xSi_PgMleQQ',$,$,$,$,#4862,#4852,$,$);
#4842=IFCCARTESIANPOINTLIST2D(((0.,0.),(0.,250.),(6000.,250.),(6000.,0.),(0.,0.)));
#4843=IFCINDEXEDPOLYCURVE(#4842,$,.F.);
#4844=IFCDIRECTION((0.,0.,1.));
#4845=IFCARBITRARYCLOSEDPROFILEDEF(.AREA.,$,#4843);
#4846=IFCCARTESIANPOINT((0.,0.,0.));
#4847=IFCDIRECTION((0.,0.,1.));
#4848=IFCDIRECTION((1.,0.,0.));
#4849=IFCAXIS2PLACEMENT3D(#4846,#4847,#4848);
#4850=IFCEXTRUDEDAREASOLID(#4845,#4849,#4844,-500.);
#4851=IFCSHAPEREPRESENTATION(#11,'Body','SweptSolid',(#4850));
#4852=IFCPRODUCTDEFINITIONSHAPE($,$,(#4851));
#4858=IFCCARTESIANPOINT((125.,12000.,12000.));
#4859=IFCDIRECTION((0.,0.,1.));
#4860=IFCDIRECTION((6.123233995736766E-17,1.,0.));
#4861=IFCAXIS2PLACEMENT3D(#4858,#4859,#4860);
#4862=IFCLOCALPLACEMENT($,#4861);
#4863=IFCPROPERTYSET('2cNe2cyX14Fxon2VQ4$h0B',$,'Other',$,(#4865,#4866));
#4864=IFCRELDEFINESBYPROPERTIES('0KITDtPynFfe8ekFa8UDkm',$,$,$,(#4841),#4863);
#4865=IFCPROPERTYSINGLEVALUE('Ax',$,IFCLABEL('0.001'),$);
#4866=IFCPROPERTYSINGLEVALUE('Ay',$,IFCLABEL('0.001'),$);
#4867=IFCBEAM('3rnGpb4zP4YusL7cVlWKYd',$,$,$,$,#4888,#4878,$,$);
#4868=IFCCARTESIANPOINTLIST2D(((0.,0.),(0.,250.),(6000.,250.),(6000.,0.),(0.,0.)));
#4869=IFCINDEXEDPOLYCURVE(#4868,$,.F.);
#4870=IFCDIRECTION((0.,0.,1.));
#4871=IFCARBITRARYCLOSEDPROFILEDEF(.AREA.,$,#4869);
#4872=IFCCARTESIANPOINT((0.,0.,0.));
#4873=IFCDIRECTION((0.,0.,1.));
#4874=IFCDIRECTION((1.,0.,0.));
#4875=IFCAXIS2PLACEMENT3D(#4872,#4873,#4874);
#4876=IFCEXTRUDEDAREASOLID(#4871,#4875,#4870,-500.);
#4877=IFCSHAPEREPRESENTATION(#11,'Body','SweptSolid',(#4876));
#4878=IFCPRODUCTDEFINITIONSHAPE($,$,(#4877));
#4884=IFCCARTESIANPOINT((6125.,6000.,12000.));
#4885=IFCDIRECTION((0.,0.,1.));
#4886=IFCDIRECTION((6.123233995736766E-17,1.,0.));
#4887=IFCAXIS2PLACEMENT3D(#4884,#4885,#4886);
#4888=IFCLOCALPLACEMENT($,#4887);
#4889=IFCPROPERTYSET('1FFXnYCPb7Ge1BAuzcPziV',$,'Other',$,(#4891,#4892));
#4890=IFCRELDEFINESBYPROPERTIES('19UvSnUgvD28iaM8DN2nC2',$,$,$,(#4867),#4889);
#4891=IFCPROPERTYSINGLEVALUE('Ax',$,IFCLABEL('0.001'),$);
#4892=IFCPROPERTYSINGLEVALUE('Ay',$,IFCLABEL('0.001'),$);
#4893=IFCBEAM('0M$EpTDuX2gxGyDqSjr4Yz',$,$,$,$,#4914,#4904,$,$);
#4894=IFCCARTESIANPOINTLIST2D(((0.,0.),(0.,250.),(6000.,250.),(6000.,0.),(0.,0.)));
#4895=IFCINDEXEDPOLYCURVE(#4894,$,.F.);
#4896=IFCDIRECTION((0.,0.,1.));
#4897=IFCARBITRARYCLOSEDPROFILEDEF(.AREA.,$,#4895);
#4898=IFCCARTESIANPOINT((0.,0.,0.));
#4899=IFCDIRECTION((0.,0.,1.));
#4900=IFCDIRECTION((1.,0.,0.));
#4901=IFCAXIS2PLACEMENT3D(#4898,#4899,#4900);
#4902=IFCEXTRUDEDAREASOLID(#4897,#4901,#4896,-500.);
#4903=IFCSHAPEREPRESENTATION(#11,'Body','SweptSolid',(#4902));
#4904=IFCPRODUCTDEFINITIONSHAPE($,$,(#4903));
#4910=IFCCARTESIANPOINT((6125.,12000.,12000.));
#4911=IFCDIRECTION((0.,0.,1.));
#4912=IFCDIRECTION((6.123233995736766E-17,1.,0.));
#4913=IFCAXIS2PLACEMENT3D(#4910,#4911,#4912);
#4914=IFCLOCALPLACEMENT($,#4913);
#4915=IFCPROPERTYSET('1855WL2FLBKBBUKf5hb7QL',$,'Other',$,(#4917,#4918));
#4916=IFCRELDEFINESBYPROPERTIES('0QM_L_n_fBg9DtE1kvjDjc',$,$,$,(#4893),#4915);
#4917=IFCPROPERTYSINGLEVALUE('Ax',$,IFCLABEL('0.001'),$);
#4918=IFCPROPERTYSINGLEVALUE('Ay',$,IFCLABEL('0.001'),$);
#4919=IFCBEAM('3wTnWnyB9ChBFoos3QEZA5',$,$,$,$,#4940,#4930,$,$);
#4920=IFCCARTESIANPOINTLIST2D(((0.,0.),(0.,250.),(6000.,250.),(6000.,0.),(0.,0.)));
#4921=IFCINDEXEDPOLYCURVE(#4920,$,.F.);
#4922=IFCDIRECTION((0.,0.,1.));
#4923=IFCARBITRARYCLOSEDPROFILEDEF(.AREA.,$,#4921);
#4924=IFCCARTESIANPOINT((0.,0.,0.));
#4925=IFCDIRECTION((0.,0.,1.));
#4926=IFCDIRECTION((1.,0.,0.));
#4927=IFCAXIS2PLACEMENT3D(#4924,#4925,#4926);
#4928=IFCEXTRUDEDAREASOLID(#4923,#4927,#4922,-500.);
#4929=IFCSHAPEREPRESENTATION(#11,'Body','SweptSolid',(#4928));
#4930=IFCPRODUCTDEFINITIONSHAPE($,$,(#4929));
#4936=IFCCARTESIANPOINT((12125.,-7.6540424946709578E-15,12000.));
#4937=IFCDIRECTION((0.,0.,1.));
#4938=IFCDIRECTION((6.123233995736766E-17,1.,0.));
#4939=IFCAXIS2PLACEMENT3D(#4936,#4937,#4938);
#4940=IFCLOCALPLACEMENT($,#4939);
#4941=IFCPROPERTYSET('1Uc1q_huf83x_gQF4HcEUP',$,'Other',$,(#4943,#4944));
#4942=IFCRELDEFINESBYPROPERTIES('1yLzBJCjX45Ru44pxOALFj',$,$,$,(#4919),#4941);
#4943=IFCPROPERTYSINGLEVALUE('Ax',$,IFCLABEL('0.001'),$);
#4944=IFCPROPERTYSINGLEVALUE('Ay',$,IFCLABEL('0.001'),$);
#4945=IFCBEAM('1rJ8C9cBX20PDZz5THM_Zd',$,$,$,$,#4966,#4956,$,$);
#4946=IFCCARTESIANPOINTLIST2D(((0.,0.),(0.,250.),(6000.,250.),(6000.,0.),(0.,0.)));
#4947=IFCINDEXEDPOLYCURVE(#4946,$,.F.);
#4948=IFCDIRECTION((0.,0.,1.));
#4949=IFCARBITRARYCLOSEDPROFILEDEF(.AREA.,$,#4947);
#4950=IFCCARTESIANPOINT((0.,0.,0.));
#4951=IFCDIRECTION((0.,0.,1.));
#4952=IFCDIRECTION((1.,0.,0.));
#4953=IFCAXIS2PLACEMENT3D(#4950,#4951,#4952);
#4954=IFCEXTRUDEDAREASOLID(#4949,#4953,#4948,-500.);
#4955=IFCSHAPEREPRESENTATION(#11,'Body','SweptSolid',(#4954));
#4956=IFCPRODUCTDEFINITIONSHAPE($,$,(#4955));
#4962=IFCCARTESIANPOINT((12125.,6000.,12000.));
#4963=IFCDIRECTION((0.,0.,1.));
#4964=IFCDIRECTION((6.123233995736766E-17,1.,0.));
#4965=IFCAXIS2PLACEMENT3D(#4962,#4963,#4964);
#4966=IFCLOCALPLACEMENT($,#4965);
#4967=IFCPROPERTYSET('3vGNtc9S1Bb8c8YbcZoV3J',$,'Other',$,(#4969,#4970));
#4968=IFCRELDEFINESBYPROPERTIES('1zfWN1nyj75gEPbOTbbNM4',$,$,$,(#4945),#4967);
#4969=IFCPROPERTYSINGLEVALUE('Ax',$,IFCLABEL('0.001'),$);
#4970=IFCPROPERTYSINGLEVALUE('Ay',$,IFCLABEL('0.001'),$);
#4971=IFCBEAM('3RrxFRbQL5Hx1DkOn3dHyN',$,$,$,$,#4992,#4982,$,$);
#4972=IFCCARTESIANPOINTLIST2D(((0.,0.),(0.,250.),(6000.,250.),(6000.,0.),(0.,0.)));
#4973=IFCINDEXEDPOLYCURVE(#4972,$,.F.);
#4974=IFCDIRECTION((0.,0.,1.));
#4975=IFCARBITRARYCLOSEDPROFILEDEF(.AREA.,$,#4973);
#4976=IFCCARTESIANPOINT((0.,0.,0.));
#4977=IFCDIRECTION((0.,0.,1.));
#4978=IFCDIRECTION((1.,0.,0.));
#4979=IFCAXIS2PLACEMENT3D(#4976,#4977,#4978);
#4980=IFCEXTRUDEDAREASOLID(#4975,#4979,#4974,-500.);
#4981=IFCSHAPEREPRESENTATION(#11,'Body','SweptSolid',(#4980));
#4982=IFCPRODUCTDEFINITIONSHAPE($,$,(#4981));
#4988=IFCCARTESIANPOINT((12125.,12000.,12000.));
#4989=IFCDIRECTION((0.,0.,1.));
#4990=IFCDIRECTION((6.123233995736766E-17,1.,0.));
#4991=IFCAXIS2PLACEMENT3D(#4988,#4989,#4990);
#4992=IFCLOCALPLACEMENT($,#4991);
#4993=IFCPROPERTYSET('1hYR4YKZzEdgkznI9X6ksP',$,'Other',$,(#4995,#4996));
#4994=IFCRELDEFINESBYPROPERTIES('0a_4LSppnCkBm5YwIsfILF',$,$,$,(#4971),#4993);
#4995=IFCPROPERTYSINGLEVALUE('Ax',$,IFCLABEL('0.001'),$);
#4996=IFCPROPERTYSINGLEVALUE('Ay',$,IFCLABEL('0.001'),$);
#4997=IFCBEAM('1vASjBGlL95hTJHL66Kooc',$,$,$,$,#5018,#5008,$,$);
#4998=IFCCARTESIANPOINTLIST2D(((0.,0.),(0.,250.),(6000.,250.),(6000.,0.),(0.,0.)));
#4999=IFCINDEXEDPOLYCURVE(#4998,$,.F.);
#5000=IFCDIRECTION((0.,0.,1.));
#5001=IFCARBITRARYCLOSEDPROFILEDEF(.AREA.,$,#4999);
#5002=IFCCARTESIANPOINT((0.,0.,0.));
#5003=IFCDIRECTION((0.,0.,1.));
#5004=IFCDIRECTION((1.,0.,0.));
#5005=IFCAXIS2PLACEMENT3D(#5002,#5003,#5004);
#5006=IFCEXTRUDEDAREASOLID(#5001,#5005,#5000,-500.);
#5007=IFCSHAPEREPRESENTATION(#11,'Body','SweptSolid',(#5006));
#5008=IFCPRODUCTDEFINITIONSHAPE($,$,(#5007));
#5014=IFCCARTESIANPOINT((18125.,-7.6540424946709578E-15,12000.));
#5015=IFCDIRECTION((0.,0.,1.));
#5016=IFCDIRECTION((6.123233995736766E-17,1.,0.));
#5017=IFCAXIS2PLACEMENT3D(#5014,#5015,#5016);
#5018=IFCLOCALPLACEMENT($,#5017);
#5019=IFCPROPERTYSET('264Ms3_Xz17AhZ45GJNOMC',$,'Other',$,(#5021,#5022));
#5020=IFCRELDEFINESBYPROPERTIES('1lRST48_X6h9ctoVG7rhMk',$,$,$,(#4997),#5019);
#5021=IFCPROPERTYSINGLEVALUE('Ax',$,IFCLABEL('0.001'),$);
#5022=IFCPROPERTYSINGLEVALUE('Ay',$,IFCLABEL('0.001'),$);
#5023=IFCBEAM('1RQFLQ1uX4aggBTK51H_A3',$,$,$,$,#5044,#5034,$,$);
#5024=IFCCARTESIANPOINTLIST2D(((0.,0.),(0.,250.),(6000.,250.),(6000.,0.),(0.,0.)));
#5025=IFCINDEXEDPOLYCURVE(#5024,$,.F.);
#5026=IFCDIRECTION((0.,0.,1.));
#5027=IFCARBITRARYCLOSEDPROFILEDEF(.AREA.,$,#5025);
#5028=IFCCARTESIANPOINT((0.,0.,0.));
#5029=IFCDIRECTION((0.,0.,1.));
#5030=IFCDIRECTION((1.,0.,0.));
#5031=IFCAXIS2PLACEMENT3D(#5028,#5029,#5030);
#5032=IFCEXTRUDEDAREASOLID(#5027,#5031,#5026,-500.);
#5033=IFCSHAPEREPRESENTATION(#11,'Body','SweptSolid',(#5032));
#5034=IFCPRODUCTDEFINITIONSHAPE($,$,(#5033));
#5040=IFCCARTESIANPOINT((18125.,6000.,12000.));
#5041=IFCDIRECTION((0.,0.,1.));
#5042=IFCDIRECTION((6.123233995736766E-17,1.,0.));
#5043=IFCAXIS2PLACEMENT3D(#5040,#5041,#5042);
#5044=IFCLOCALPLACEMENT($,#5043);
#5045=IFCPROPERTYSET('3EkbWGO8v9ROADuXv3WBeF',$,'Other',$,(#5047,#5048));
#5046=IFCRELDEFINESBYPROPERTIES('18f5MN2ej49OXL0N7GjiNx',$,$,$,(#5023),#5045);
#5047=IFCPROPERTYSINGLEVALUE('Ax',$,IFCLABEL('0.001'),$);
#5048=IFCPROPERTYSINGLEVALUE('Ay',$,IFCLABEL('0.001'),$);
#5049=IFCBEAM('2c2MIttfX598xRu80cMJi$',$,$,$,$,#5070,#5060,$,$);
#5050=IFCCARTESIANPOINTLIST2D(((0.,0.),(0.,250.),(6000.,250.),(6000.,0.),(0.,0.)));
#5051=IFCINDEXEDPOLYCURVE(#5050,$,.F.);
#5052=IFCDIRECTION((0.,0.,1.));
#5053=IFCARBITRARYCLOSEDPROFILEDEF(.AREA.,$,#5051);
#5054=IFCCARTESIANPOINT((0.,0.,0.));
#5055=IFCDIRECTION((0.,0.,1.));
#5056=IFCDIRECTION((1.,0.,0.));
#5057=IFCAXIS2PLACEMENT3D(#5054,#5055,#5056);
#5058=IFCEXTRUDEDAREASOLID(#5053,#5057,#5052,-500.);
#5059=IFCSHAPEREPRESENTATION(#11,'Body','SweptSolid',(#5058));
#5060=IFCPRODUCTDEFINITIONSHAPE($,$,(#5059));
#5066=IFCCARTESIANPOINT((18125.,12000.,12000.));
#5067=IFCDIRECTION((0.,0.,1.));
#5068=IFCDIRECTION((6.123233995736766E-17,1.,0.));
#5069=IFCAXIS2PLACEMENT3D(#5066,#5067,#5068);
#5070=IFCLOCALPLACEMENT($,#5069);
#5071=IFCPROPERTYSET('2o8cnm6KT6j96y7VHOzkJz',$,'Other',$,(#5073,#5074));
#5072=IFCRELDEFINESBYPROPERTIES('2deO$yw957IvJ1kgbZ5iAE',$,$,$,(#5049),#5071);
#5073=IFCPROPERTYSINGLEVALUE('Ax',$,IFCLABEL('0.001'),$);
#5074=IFCPROPERTYSINGLEVALUE('Ay',$,IFCLABEL('0.001'),$);
#5075=IFCBEAM('3l6W6Tpsv45PZwu08QLNGQ',$,$,$,$,#5096,#5086,$,$);
#5076=IFCCARTESIANPOINTLIST2D(((0.,0.),(0.,250.),(6000.,250.),(6000.,0.),(0.,0.)));
#5077=IFCINDEXEDPOLYCURVE(#5076,$,.F.);
#5078=IFCDIRECTION((0.,0.,1.));
#5079=IFCARBITRARYCLOSEDPROFILEDEF(.AREA.,$,#5077);
#5080=IFCCARTESIANPOINT((0.,0.,0.));
#5081=IFCDIRECTION((0.,0.,1.));
#5082=IFCDIRECTION((1.,0.,0.));
#5083=IFCAXIS2PLACEMENT3D(#5080,#5081,#5082);
#5084=IFCEXTRUDEDAREASOLID(#5079,#5083,#5078,-500.);
#5085=IFCSHAPEREPRESENTATION(#11,'Body','SweptSolid',(#5084));
#5086=IFCPRODUCTDEFINITIONSHAPE($,$,(#5085));
#5092=IFCCARTESIANPOINT((24125.,-7.6540424946709578E-15,12000.));
#5093=IFCDIRECTION((0.,0.,1.));
#5094=IFCDIRECTION((6.123233995736766E-17,1.,0.));
#5095=IFCAXIS2PLACEMENT3D(#5092,#5093,#5094);
#5096=IFCLOCALPLACEMENT($,#5095);
#5097=IFCPROPERTYSET('0btgoNj0v8u83ERXr9rjzE',$,'Other',$,(#5099,#5100));
#5098=IFCRELDEFINESBYPROPERTIES('07c$G0_Bj7zwy8a2dBBzl2',$,$,$,(#5075),#5097);
#5099=IFCPROPERTYSINGLEVALUE('Ax',$,IFCLABEL('0.001'),$);
#5100=IFCPROPERTYSINGLEVALUE('Ay',$,IFCLABEL('0.001'),$);
#5101=IFCBEAM('36wzl2X5D1lhCryyzrrz54',$,$,$,$,#5122,#5112,$,$);
#5102=IFCCARTESIANPOINTLIST2D(((0.,0.),(0.,250.),(6000.,250.),(6000.,0.),(0.,0.)));
#5103=IFCINDEXEDPOLYCURVE(#5102,$,.F.);
#5104=IFCDIRECTION((0.,0.,1.));
#5105=IFCARBITRARYCLOSEDPROFILEDEF(.AREA.,$,#5103);
#5106=IFCCARTESIANPOINT((0.,0.,0.));
#5107=IFCDIRECTION((0.,0.,1.));
#5108=IFCDIRECTION((1.,0.,0.));
#5109=IFCAXIS2PLACEMENT3D(#5106,#5107,#5108);
#5110=IFCEXTRUDEDAREASOLID(#5105,#5109,#5104,-500.);
#5111=IFCSHAPEREPRESENTATION(#11,'Body','SweptSolid',(#5110));
#5112=IFCPRODUCTDEFINITIONSHAPE($,$,(#5111));
#5118=IFCCARTESIANPOINT((24125.,6000.,12000.));
#5119=IFCDIRECTION((0.,0.,1.));
#5120=IFCDIRECTION((6.123233995736766E-17,1.,0.));
#5121=IFCAXIS2PLACEMENT3D(#5118,#5119,#5120);
#5122=IFCLOCALPLACEMENT($,#5121);
#5123=IFCPROPERTYSET('1DefuZKL5D5PUZJCli3_JK',$,'Other',$,(#5125,#5126));
#5124=IFCRELDEFINESBYPROPERTIES('1kuG_czyDEWA8Vfsh5Wqyz',$,$,$,(#5101),#5123);
#5125=IFCPROPERTYSINGLEVALUE('Ax',$,IFCLABEL('0.001'),$);
#5126=IFCPROPERTYSINGLEVALUE('Ay',$,IFCLABEL('0.001'),$);
#5127=IFCBEAM('2zQeJGpWr3TQwz_zV69nRE',$,$,$,$,#5148,#5138,$,$);
#5128=IFCCARTESIANPOINTLIST2D(((0.,0.),(0.,250.),(6000.,250.),(6000.,0.),(0.,0.)));
#5129=IFCINDEXEDPOLYCURVE(#5128,$,.F.);
#5130=IFCDIRECTION((0.,0.,1.));
#5131=IFCARBITRARYCLOSEDPROFILEDEF(.AREA.,$,#5129);
#5132=IFCCARTESIANPOINT((0.,0.,0.));
#5133=IFCDIRECTION((0.,0.,1.));
#5134=IFCDIRECTION((1.,0.,0.));
#5135=IFCAXIS2PLACEMENT3D(#5132,#5133,#5134);
#5136=IFCEXTRUDEDAREASOLID(#5131,#5135,#5130,-500.);
#5137=IFCSHAPEREPRESENTATION(#11,'Body','SweptSolid',(#5136));
#5138=IFCPRODUCTDEFINITIONSHAPE($,$,(#5137));
#5144=IFCCARTESIANPOINT((24125.,12000.,12000.));
#5145=IFCDIRECTION((0.,0.,1.));
#5146=IFCDIRECTION((6.123233995736766E-17,1.,0.));
#5147=IFCAXIS2PLACEMENT3D(#5144,#5145,#5146);
#5148=IFCLOCALPLACEMENT($,#5147);
#5149=IFCPROPERTYSET('23Ekuepmz5K9TZFEjyPZr2',$,'Other',$,(#5151,#5152));
#5150=IFCRELDEFINESBYPROPERTIES('2oLoTRJczBZ8KJnIRVZbhe',$,$,$,(#5127),#5149);
#5151=IFCPROPERTYSINGLEVALUE('Ax',$,IFCLABEL('0.001'),$);
#5152=IFCPROPERTYSINGLEVALUE('Ay',$,IFCLABEL('0.001'),$);
#5153=IFCBEAM('2e8PHaO5zB6PSGeNcTLxmJ',$,$,$,$,#5174,#5164,$,$);
#5154=IFCCARTESIANPOINTLIST2D(((0.,0.),(0.,250.),(6000.,250.),(6000.,0.),(0.,0.)));
#5155=IFCINDEXEDPOLYCURVE(#5154,$,.F.);
#5156=IFCDIRECTION((0.,0.,1.));
#5157=IFCARBITRARYCLOSEDPROFILEDEF(.AREA.,$,#5155);
#5158=IFCCARTESIANPOINT((0.,0.,0.));
#5159=IFCDIRECTION((0.,0.,1.));
#5160=IFCDIRECTION((1.,0.,0.));
#5161=IFCAXIS2PLACEMENT3D(#5158,#5159,#5160);
#5162=IFCEXTRUDEDAREASOLID(#5157,#5161,#5156,-400.);
#5163=IFCSHAPEREPRESENTATION(#11,'Body','SweptSolid',(#5162));
#5164=IFCPRODUCTDEFINITIONSHAPE($,$,(#5163));
#5170=IFCCARTESIANPOINT((30125.,12000.,12000.));
#5171=IFCDIRECTION((0.,0.,1.));
#5172=IFCDIRECTION((6.123233995736766E-17,1.,0.));
#5173=IFCAXIS2PLACEMENT3D(#5170,#5171,#5172);
#5174=IFCLOCALPLACEMENT($,#5173);
#5175=IFCPROPERTYSET('2UIHzoHwLFJ9mOR46LI_Fy',$,'Other',$,(#5177,#5178));
#5176=IFCRELDEFINESBYPROPERTIES('0z$JC4WlH92RYXaq_iFbeg',$,$,$,(#5153),#5175);
#5177=IFCPROPERTYSINGLEVALUE('Ax',$,IFCLABEL('0.001'),$);
#5178=IFCPROPERTYSINGLEVALUE('Ay',$,IFCLABEL('0.001'),$);
#5179=IFCBEAM('1Wqu87vnv3wP4HjVMyrHWH',$,$,$,$,#5200,#5190,$,$);
#5180=IFCCARTESIANPOINTLIST2D(((0.,0.),(0.,250.),(6000.,250.),(6000.,0.),(0.,0.)));
#5181=IFCINDEXEDPOLYCURVE(#5180,$,.F.);
#5182=IFCDIRECTION((0.,0.,1.));
#5183=IFCARBITRARYCLOSEDPROFILEDEF(.AREA.,$,#5181);
#5184=IFCCARTESIANPOINT((0.,0.,0.));
#5185=IFCDIRECTION((0.,0.,1.));
#5186=IFCDIRECTION((1.,0.,0.));
#5187=IFCAXIS2PLACEMENT3D(#5184,#5185,#5186);
#5188=IFCEXTRUDEDAREASOLID(#5183,#5187,#5182,-500.);
#5189=IFCSHAPEREPRESENTATION(#11,'Body','SweptSolid',(#5188));
#5190=IFCPRODUCTDEFINITIONSHAPE($,$,(#5189));
#5196=IFCCARTESIANPOINT((0.,-125.,12000.));
#5197=IFCDIRECTION((0.,0.,1.));
#5198=IFCDIRECTION((1.,0.,0.));
#5199=IFCAXIS2PLACEMENT3D(#5196,#5197,#5198);
#5200=IFCLOCALPLACEMENT($,#5199);
#5201=IFCPROPERTYSET('3vW5$BgJ16shPyalSilQsY',$,'Other',$,(#5203,#5204));
#5202=IFCRELDEFINESBYPROPERTIES('30INNhf$D1be07EZVYWZh2',$,$,$,(#5179),#5201);
#5203=IFCPROPERTYSINGLEVALUE('Ax',$,IFCLABEL('0.001'),$);
#5204=IFCPROPERTYSINGLEVALUE('Ay',$,IFCLABEL('0.001'),$);
#5205=IFCBEAM('2fsT3B_GXCfA3pUmoAGyKN',$,$,$,$,#5226,#5216,$,$);
#5206=IFCCARTESIANPOINTLIST2D(((0.,0.),(0.,250.),(6000.,250.),(6000.,0.),(0.,0.)));
#5207=IFCINDEXEDPOLYCURVE(#5206,$,.F.);
#5208=IFCDIRECTION((0.,0.,1.));
#5209=IFCARBITRARYCLOSEDPROFILEDEF(.AREA.,$,#5207);
#5210=IFCCARTESIANPOINT((0.,0.,0.));
#5211=IFCDIRECTION((0.,0.,1.));
#5212=IFCDIRECTION((1.,0.,0.));
#5213=IFCAXIS2PLACEMENT3D(#5210,#5211,#5212);
#5214=IFCEXTRUDEDAREASOLID(#5209,#5213,#5208,-500.);
#5215=IFCSHAPEREPRESENTATION(#11,'Body','SweptSolid',(#5214));
#5216=IFCPRODUCTDEFINITIONSHAPE($,$,(#5215));
#5222=IFCCARTESIANPOINT((6000.,-125.,12000.));
#5223=IFCDIRECTION((0.,0.,1.));
#5224=IFCDIRECTION((1.,0.,0.));
#5225=IFCAXIS2PLACEMENT3D(#5222,#5223,#5224);
#5226=IFCLOCALPLACEMENT($,#5225);
#5227=IFCPROPERTYSET('3PV26JYsfB2PezV2O$hvUj',$,'Other',$,(#5229,#5230));
#5228=IFCRELDEFINESBYPROPERTIES('3P1qPvocn1YQsf5iWCRyl7',$,$,$,(#5205),#5227);
#5229=IFCPROPERTYSINGLEVALUE('Ax',$,IFCLABEL('0.001'),$);
#5230=IFCPROPERTYSINGLEVALUE('Ay',$,IFCLABEL('0.001'),$);
#5231=IFCBEAM('0ycTOMtjzB_AXNDEoYZdeO',$,$,$,$,#5252,#5242,$,$);
#5232=IFCCARTESIANPOINTLIST2D(((0.,0.),(0.,250.),(6000.,250.),(6000.,0.),(0.,0.)));
#5233=IFCINDEXEDPOLYCURVE(#5232,$,.F.);
#5234=IFCDIRECTION((0.,0.,1.));
#5235=IFCARBITRARYCLOSEDPROFILEDEF(.AREA.,$,#5233);
#5236=IFCCARTESIANPOINT((0.,0.,0.));
#5237=IFCDIRECTION((0.,0.,1.));
#5238=IFCDIRECTION((1.,0.,0.));
#5239=IFCAXIS2PLACEMENT3D(#5236,#5237,#5238);
#5240=IFCEXTRUDEDAREASOLID(#5235,#5239,#5234,-500.);
#5241=IFCSHAPEREPRESENTATION(#11,'Body','SweptSolid',(#5240));
#5242=IFCPRODUCTDEFINITIONSHAPE($,$,(#5241));
#5248=IFCCARTESIANPOINT((12000.,-125.,12000.));
#5249=IFCDIRECTION((0.,0.,1.));
#5250=IFCDIRECTION((1.,0.,0.));
#5251=IFCAXIS2PLACEMENT3D(#5248,#5249,#5250);
#5252=IFCLOCALPLACEMENT($,#5251);
#5253=IFCPROPERTYSET('0JdqPPgc188RxB7W69xn7A',$,'Other',$,(#5255,#5256));
#5254=IFCRELDEFINESBYPROPERTIES('1UhadCDhH3P8VKVWzf4vpi',$,$,$,(#5231),#5253);
#5255=IFCPROPERTYSINGLEVALUE('Ax',$,IFCLABEL('0.001'),$);
#5256=IFCPROPERTYSINGLEVALUE('Ay',$,IFCLABEL('0.001'),$);
#5257=IFCBEAM('0fvQX9DBX7dht8yyIO0mOi',$,$,$,$,#5278,#5268,$,$);
#5258=IFCCARTESIANPOINTLIST2D(((0.,0.),(0.,250.),(6000.,250.),(6000.,0.),(0.,0.)));
#5259=IFCINDEXEDPOLYCURVE(#5258,$,.F.);
#5260=IFCDIRECTION((0.,0.,1.));
#5261=IFCARBITRARYCLOSEDPROFILEDEF(.AREA.,$,#5259);
#5262=IFCCARTESIANPOINT((0.,0.,0.));
#5263=IFCDIRECTION((0.,0.,1.));
#5264=IFCDIRECTION((1.,0.,0.));
#5265=IFCAXIS2PLACEMENT3D(#5262,#5263,#5264);
#5266=IFCEXTRUDEDAREASOLID(#5261,#5265,#5260,-500.);
#5267=IFCSHAPEREPRESENTATION(#11,'Body','SweptSolid',(#5266));
#5268=IFCPRODUCTDEFINITIONSHAPE($,$,(#5267));
#5274=IFCCARTESIANPOINT((18000.,-125.,12000.));
#5275=IFCDIRECTION((0.,0.,1.));
#5276=IFCDIRECTION((1.,0.,0.));
#5277=IFCAXIS2PLACEMENT3D(#5274,#5275,#5276);
#5278=IFCLOCALPLACEMENT($,#5277);
#5279=IFCPROPERTYSET('3E8jx_4iXBgRBcDs7CxPHn',$,'Other',$,(#5281,#5282));
#5280=IFCRELDEFINESBYPROPERTIES('2ALQ8htbr7$BXNoRa3dukK',$,$,$,(#5257),#5279);
#5281=IFCPROPERTYSINGLEVALUE('Ax',$,IFCLABEL('0.001'),$);
#5282=IFCPROPERTYSINGLEVALUE('Ay',$,IFCLABEL('0.001'),$);
#5283=IFCBEAM('0iJONJAO5CT9xo0zrIFxnY',$,$,$,$,#5304,#5294,$,$);
#5284=IFCCARTESIANPOINTLIST2D(((0.,0.),(0.,250.),(6000.,250.),(6000.,0.),(0.,0.)));
#5285=IFCINDEXEDPOLYCURVE(#5284,$,.F.);
#5286=IFCDIRECTION((0.,0.,1.));
#5287=IFCARBITRARYCLOSEDPROFILEDEF(.AREA.,$,#5285);
#5288=IFCCARTESIANPOINT((0.,0.,0.));
#5289=IFCDIRECTION((0.,0.,1.));
#5290=IFCDIRECTION((1.,0.,0.));
#5291=IFCAXIS2PLACEMENT3D(#5288,#5289,#5290);
#5292=IFCEXTRUDEDAREASOLID(#5287,#5291,#5286,-500.);
#5293=IFCSHAPEREPRESENTATION(#11,'Body','SweptSolid',(#5292));
#5294=IFCPRODUCTDEFINITIONSHAPE($,$,(#5293));
#5300=IFCCARTESIANPOINT((0.,5875.,12000.));
#5301=IFCDIRECTION((0.,0.,1.));
#5302=IFCDIRECTION((1.,0.,0.));
#5303=IFCAXIS2PLACEMENT3D(#5300,#5301,#5302);
#5304=IFCLOCALPLACEMENT($,#5303);
#5305=IFCPROPERTYSET('0MwneuwP1FcfQuA8Nw87$J',$,'Other',$,(#5307,#5308));
#5306=IFCRELDEFINESBYPROPERTIES('1$u5r2kgH0QgBvlVTg$7ZX',$,$,$,(#5283),#5305);
#5307=IFCPROPERTYSINGLEVALUE('Ax',$,IFCLABEL('0.001'),$);
#5308=IFCPROPERTYSINGLEVALUE('Ay',$,IFCLABEL('0.001'),$);
#5309=IFCBEAM('2uZHQe6jHCsR5jHrcOayvA',$,$,$,$,#5330,#5320,$,$);
#5310=IFCCARTESIANPOINTLIST2D(((0.,0.),(0.,250.),(6000.,250.),(6000.,0.),(0.,0.)));
#5311=IFCINDEXEDPOLYCURVE(#5310,$,.F.);
#5312=IFCDIRECTION((0.,0.,1.));
#5313=IFCARBITRARYCLOSEDPROFILEDEF(.AREA.,$,#5311);
#5314=IFCCARTESIANPOINT((0.,0.,0.));
#5315=IFCDIRECTION((0.,0.,1.));
#5316=IFCDIRECTION((1.,0.,0.));
#5317=IFCAXIS2PLACEMENT3D(#5314,#5315,#5316);
#5318=IFCEXTRUDEDAREASOLID(#5313,#5317,#5312,-500.);
#5319=IFCSHAPEREPRESENTATION(#11,'Body','SweptSolid',(#5318));
#5320=IFCPRODUCTDEFINITIONSHAPE($,$,(#5319));
#5326=IFCCARTESIANPOINT((6000.,5875.,12000.));
#5327=IFCDIRECTION((0.,0.,1.));
#5328=IFCDIRECTION((1.,0.,0.));
#5329=IFCAXIS2PLACEMENT3D(#5326,#5327,#5328);
#5330=IFCLOCALPLACEMENT($,#5329);
#5331=IFCPROPERTYSET('1qUhuNLJ5FDQvn8MdtRfhh',$,'Other',$,(#5333,#5334));
#5332=IFCRELDEFINESBYPROPERTIES('2J9mFc7DLBUuK4NL9OX5ZW',$,$,$,(#5309),#5331);
#5333=IFCPROPERTYSINGLEVALUE('Ax',$,IFCLABEL('0.001'),$);
#5334=IFCPROPERTYSINGLEVALUE('Ay',$,IFCLABEL('0.001'),$);
#5335=IFCBEAM('1g9R1RJyvAYAr75Gc9kyVl',$,$,$,$,#5356,#5346,$,$);
#5336=IFCCARTESIANPOINTLIST2D(((0.,0.),(0.,250.),(6000.,250.),(6000.,0.),(0.,0.)));
#5337=IFCINDEXEDPOLYCURVE(#5336,$,.F.);
#5338=IFCDIRECTION((0.,0.,1.));
#5339=IFCARBITRARYCLOSEDPROFILEDEF(.AREA.,$,#5337);
#5340=IFCCARTESIANPOINT((0.,0.,0.));
#5341=IFCDIRECTION((0.,0.,1.));
#5342=IFCDIRECTION((1.,0.,0.));
#5343=IFCAXIS2PLACEMENT3D(#5340,#5341,#5342);
#5344=IFCEXTRUDEDAREASOLID(#5339,#5343,#5338,-500.);
#5345=IFCSHAPEREPRESENTATION(#11,'Body','SweptSolid',(#5344));
#5346=IFCPRODUCTDEFINITIONSHAPE($,$,(#5345));
#5352=IFCCARTESIANPOINT((12000.,5875.,12000.));
#5353=IFCDIRECTION((0.,0.,1.));
#5354=IFCDIRECTION((1.,0.,0.));
#5355=IFCAXIS2PLACEMENT3D(#5352,#5353,#5354);
#5356=IFCLOCALPLACEMENT($,#5355);
#5357=IFCPROPERTYSET('2UjNIbRvPBCxPP37dSkXbD',$,'Other',$,(#5359,#5360));
#5358=IFCRELDEFINESBYPROPERTIES('2itwXn7yTE7u9ST2msdReF',$,$,$,(#5335),#5357);
#5359=IFCPROPERTYSINGLEVALUE('Ax',$,IFCLABEL('0.001'),$);
#5360=IFCPROPERTYSINGLEVALUE('Ay',$,IFCLABEL('0.001'),$);
#5361=IFCBEAM('13jwzAvtb17xYWxXwgpAL9',$,$,$,$,#5382,#5372,$,$);
#5362=IFCCARTESIANPOINTLIST2D(((0.,0.),(0.,250.),(6000.,250.),(6000.,0.),(0.,0.)));
#5363=IFCINDEXEDPOLYCURVE(#5362,$,.F.);
#5364=IFCDIRECTION((0.,0.,1.));
#5365=IFCARBITRARYCLOSEDPROFILEDEF(.AREA.,$,#5363);
#5366=IFCCARTESIANPOINT((0.,0.,0.));
#5367=IFCDIRECTION((0.,0.,1.));
#5368=IFCDIRECTION((1.,0.,0.));
#5369=IFCAXIS2PLACEMENT3D(#5366,#5367,#5368);
#5370=IFCEXTRUDEDAREASOLID(#5365,#5369,#5364,-500.);
#5371=IFCSHAPEREPRESENTATION(#11,'Body','SweptSolid',(#5370));
#5372=IFCPRODUCTDEFINITIONSHAPE($,$,(#5371));
#5378=IFCCARTESIANPOINT((18000.,5875.,12000.));
#5379=IFCDIRECTION((0.,0.,1.));
#5380=IFCDIRECTION((1.,0.,0.));
#5381=IFCAXIS2PLACEMENT3D(#5378,#5379,#5380);
#5382=IFCLOCALPLACEMENT($,#5381);
#5383=IFCPROPERTYSET('1cXQ3YChjF7AtnfIsz3dHY',$,'Other',$,(#5385,#5386));
#5384=IFCRELDEFINESBYPROPERTIES('3XjFCO34n5nRMMmgF4oZrN',$,$,$,(#5361),#5383);
#5385=IFCPROPERTYSINGLEVALUE('Ax',$,IFCLABEL('0.001'),$);
#5386=IFCPROPERTYSINGLEVALUE('Ay',$,IFCLABEL('0.001'),$);
#5387=IFCBEAM('1FEVbBYxX0wQfuhANwvP9S',$,$,$,$,#5408,#5398,$,$);
#5388=IFCCARTESIANPOINTLIST2D(((0.,0.),(0.,250.),(6000.,250.),(6000.,0.),(0.,0.)));
#5389=IFCINDEXEDPOLYCURVE(#5388,$,.F.);
#5390=IFCDIRECTION((0.,0.,1.));
#5391=IFCARBITRARYCLOSEDPROFILEDEF(.AREA.,$,#5389);
#5392=IFCCARTESIANPOINT((0.,0.,0.));
#5393=IFCDIRECTION((0.,0.,1.));
#5394=IFCDIRECTION((1.,0.,0.));
#5395=IFCAXIS2PLACEMENT3D(#5392,#5393,#5394);
#5396=IFCEXTRUDEDAREASOLID(#5391,#5395,#5390,-500.);
#5397=IFCSHAPEREPRESENTATION(#11,'Body','SweptSolid',(#5396));
#5398=IFCPRODUCTDEFINITIONSHAPE($,$,(#5397));
#5404=IFCCARTESIANPOINT((24000.,5875.,12000.));
#5405=IFCDIRECTION((0.,0.,1.));
#5406=IFCDIRECTION((1.,0.,0.));
#5407=IFCAXIS2PLACEMENT3D(#5404,#5405,#5406);
#5408=IFCLOCALPLACEMENT($,#5407);
#5409=IFCPROPERTYSET('0KJiGGeN5EufIjX7q7BI52',$,'Other',$,(#5411,#5412));
#5410=IFCRELDEFINESBYPROPERTIES('0RYJqXCpj2EBWNAyy0ZxHn',$,$,$,(#5387),#5409);
#5411=IFCPROPERTYSINGLEVALUE('Ax',$,IFCLABEL('0.001'),$);
#5412=IFCPROPERTYSINGLEVALUE('Ay',$,IFCLABEL('0.001'),$);
#5413=IFCBEAM('1Sj_00RwD50A9p33VA___k',$,$,$,$,#5434,#5424,$,$);
#5414=IFCCARTESIANPOINTLIST2D(((0.,0.),(0.,250.),(6000.,250.),(6000.,0.),(0.,0.)));
#5415=IFCINDEXEDPOLYCURVE(#5414,$,.F.);
#5416=IFCDIRECTION((0.,0.,1.));
#5417=IFCARBITRARYCLOSEDPROFILEDEF(.AREA.,$,#5415);
#5418=IFCCARTESIANPOINT((0.,0.,0.));
#5419=IFCDIRECTION((0.,0.,1.));
#5420=IFCDIRECTION((1.,0.,0.));
#5421=IFCAXIS2PLACEMENT3D(#5418,#5419,#5420);
#5422=IFCEXTRUDEDAREASOLID(#5417,#5421,#5416,-500.);
#5423=IFCSHAPEREPRESENTATION(#11,'Body','SweptSolid',(#5422));
#5424=IFCPRODUCTDEFINITIONSHAPE($,$,(#5423));
#5430=IFCCARTESIANPOINT((0.,11875.,12000.));
#5431=IFCDIRECTION((0.,0.,1.));
#5432=IFCDIRECTION((1.,0.,0.));
#5433=IFCAXIS2PLACEMENT3D(#5430,#5431,#5432);
#5434=IFCLOCALPLACEMENT($,#5433);
#5435=IFCPROPERTYSET('1K2PwnrX96r9zpySASV0$B',$,'Other',$,(#5437,#5438));
#5436=IFCRELDEFINESBYPROPERTIES('0XqF2Vkbv68f6BmrF66212',$,$,$,(#5413),#5435);
#5437=IFCPROPERTYSINGLEVALUE('Ax',$,IFCLABEL('0.001'),$);
#5438=IFCPROPERTYSINGLEVALUE('Ay',$,IFCLABEL('0.001'),$);
#5439=IFCBEAM('0T2rw1NKv6qhfnzVg5hd14',$,$,$,$,#5460,#5450,$,$);
#5440=IFCCARTESIANPOINTLIST2D(((0.,0.),(0.,250.),(6000.,250.),(6000.,0.),(0.,0.)));
#5441=IFCINDEXEDPOLYCURVE(#5440,$,.F.);
#5442=IFCDIRECTION((0.,0.,1.));
#5443=IFCARBITRARYCLOSEDPROFILEDEF(.AREA.,$,#5441);
#5444=IFCCARTESIANPOINT((0.,0.,0.));
#5445=IFCDIRECTION((0.,0.,1.));
#5446=IFCDIRECTION((1.,0.,0.));
#5447=IFCAXIS2PLACEMENT3D(#5444,#5445,#5446);
#5448=IFCEXTRUDEDAREASOLID(#5443,#5447,#5442,-500.);
#5449=IFCSHAPEREPRESENTATION(#11,'Body','SweptSolid',(#5448));
#5450=IFCPRODUCTDEFINITIONSHAPE($,$,(#5449));
#5456=IFCCARTESIANPOINT((6000.,11875.,12000.));
#5457=IFCDIRECTION((0.,0.,1.));
#5458=IFCDIRECTION((1.,0.,0.));
#5459=IFCAXIS2PLACEMENT3D(#5456,#5457,#5458);
#5460=IFCLOCALPLACEMENT($,#5459);
#5461=IFCPROPERTYSET('3TL_Q2TvzAhBa7IfY6rLZ8',$,'Other',$,(#5463,#5464));
#5462=IFCRELDEFINESBYPROPERTIES('0irEHRdR97Cv19igZSlBkR',$,$,$,(#5439),#5461);
#5463=IFCPROPERTYSINGLEVALUE('Ax',$,IFCLABEL('0.001'),$);
#5464=IFCPROPERTYSINGLEVALUE('Ay',$,IFCLABEL('0.001'),$);
#5465=IFCBEAM('1aVJW1E5nFjx1pjKYppN2s',$,$,$,$,#5486,#5476,$,$);
#5466=IFCCARTESIANPOINTLIST2D(((0.,0.),(0.,250.),(6000.,250.),(6000.,0.),(0.,0.)));
#5467=IFCINDEXEDPOLYCURVE(#5466,$,.F.);
#5468=IFCDIRECTION((0.,0.,1.));
#5469=IFCARBITRARYCLOSEDPROFILEDEF(.AREA.,$,#5467);
#5470=IFCCARTESIANPOINT((0.,0.,0.));
#5471=IFCDIRECTION((0.,0.,1.));
#5472=IFCDIRECTION((1.,0.,0.));
#5473=IFCAXIS2PLACEMENT3D(#5470,#5471,#5472);
#5474=IFCEXTRUDEDAREASOLID(#5469,#5473,#5468,-500.);
#5475=IFCSHAPEREPRESENTATION(#11,'Body','SweptSolid',(#5474));
#5476=IFCPRODUCTDEFINITIONSHAPE($,$,(#5475));
#5482=IFCCARTESIANPOINT((12000.,11875.,12000.));
#5483=IFCDIRECTION((0.,0.,1.));
#5484=IFCDIRECTION((1.,0.,0.));
#5485=IFCAXIS2PLACEMENT3D(#5482,#5483,#5484);
#5486=IFCLOCALPLACEMENT($,#5485);
#5487=IFCPROPERTYSET('0nkkzMHU57yv8m3HtNHmA7',$,'Other',$,(#5489,#5490));
#5488=IFCRELDEFINESBYPROPERTIES('3zuUnrQDz2G9PVUv$Sy9mR',$,$,$,(#5465),#5487);
#5489=IFCPROPERTYSINGLEVALUE('Ax',$,IFCLABEL('0.001'),$);
#5490=IFCPROPERTYSINGLEVALUE('Ay',$,IFCLABEL('0.001'),$);
#5491=IFCBEAM('2cPvc$juP9cxFFAm9XSTIW',$,$,$,$,#5512,#5502,$,$);
#5492=IFCCARTESIANPOINTLIST2D(((0.,0.),(0.,250.),(6000.,250.),(6000.,0.),(0.,0.)));
#5493=IFCINDEXEDPOLYCURVE(#5492,$,.F.);
#5494=IFCDIRECTION((0.,0.,1.));
#5495=IFCARBITRARYCLOSEDPROFILEDEF(.AREA.,$,#5493);
#5496=IFCCARTESIANPOINT((0.,0.,0.));
#5497=IFCDIRECTION((0.,0.,1.));
#5498=IFCDIRECTION((1.,0.,0.));
#5499=IFCAXIS2PLACEMENT3D(#5496,#5497,#5498);
#5500=IFCEXTRUDEDAREASOLID(#5495,#5499,#5494,-500.);
#5501=IFCSHAPEREPRESENTATION(#11,'Body','SweptSolid',(#5500));
#5502=IFCPRODUCTDEFINITIONSHAPE($,$,(#5501));
#5508=IFCCARTESIANPOINT((18000.,11875.,12000.));
#5509=IFCDIRECTION((0.,0.,1.));
#5510=IFCDIRECTION((1.,0.,0.));
#5511=IFCAXIS2PLACEMENT3D(#5508,#5509,#5510);
#5512=IFCLOCALPLACEMENT($,#5511);
#5513=IFCPROPERTYSET('2nHsu$uV5BKumEUlqJsrTv',$,'Other',$,(#5515,#5516));
#5514=IFCRELDEFINESBYPROPERTIES('1Y1teAmt15XR4bYvOdC1zn',$,$,$,(#5491),#5513);
#5515=IFCPROPERTYSINGLEVALUE('Ax',$,IFCLABEL('0.001'),$);
#5516=IFCPROPERTYSINGLEVALUE('Ay',$,IFCLABEL('0.001'),$);
#5517=IFCBEAM('22t27mS3z2SOdWqYBchoIg',$,$,$,$,#5538,#5528,$,$);
#5518=IFCCARTESIANPOINTLIST2D(((0.,0.),(0.,250.),(6000.,250.),(6000.,0.),(0.,0.)));
#5519=IFCINDEXEDPOLYCURVE(#5518,$,.F.);
#5520=IFCDIRECTION((0.,0.,1.));
#5521=IFCARBITRARYCLOSEDPROFILEDEF(.AREA.,$,#5519);
#5522=IFCCARTESIANPOINT((0.,0.,0.));
#5523=IFCDIRECTION((0.,0.,1.));
#5524=IFCDIRECTION((1.,0.,0.));
#5525=IFCAXIS2PLACEMENT3D(#5522,#5523,#5524);
#5526=IFCEXTRUDEDAREASOLID(#5521,#5525,#5520,-500.);
#5527=IFCSHAPEREPRESENTATION(#11,'Body','SweptSolid',(#5526));
#5528=IFCPRODUCTDEFINITIONSHAPE($,$,(#5527));
#5534=IFCCARTESIANPOINT((6000.,17875.,12000.));
#5535=IFCDIRECTION((0.,0.,1.));
#5536=IFCDIRECTION((1.,0.,0.));
#5537=IFCAXIS2PLACEMENT3D(#5534,#5535,#5536);
#5538=IFCLOCALPLACEMENT($,#5537);
#5539=IFCPROPERTYSET('0c$GEyjRH2lwFtGkRluQ3q',$,'Other',$,(#5541,#5542));
#5540=IFCRELDEFINESBYPROPERTIES('2lGQRsv$HDPhl6VzLb9atd',$,$,$,(#5517),#5539);
#5541=IFCPROPERTYSINGLEVALUE('Ax',$,IFCLABEL('0.001'),$);
#5542=IFCPROPERTYSINGLEVALUE('Ay',$,IFCLABEL('0.001'),$);
#5543=IFCBEAM('3ZOJjj9gn6OgyVdtC4lD12',$,$,$,$,#5564,#5554,$,$);
#5544=IFCCARTESIANPOINTLIST2D(((0.,0.),(0.,250.),(6000.,250.),(6000.,0.),(0.,0.)));
#5545=IFCINDEXEDPOLYCURVE(#5544,$,.F.);
#5546=IFCDIRECTION((0.,0.,1.));
#5547=IFCARBITRARYCLOSEDPROFILEDEF(.AREA.,$,#5545);
#5548=IFCCARTESIANPOINT((0.,0.,0.));
#5549=IFCDIRECTION((0.,0.,1.));
#5550=IFCDIRECTION((1.,0.,0.));
#5551=IFCAXIS2PLACEMENT3D(#5548,#5549,#5550);
#5552=IFCEXTRUDEDAREASOLID(#5547,#5551,#5546,-500.);
#5553=IFCSHAPEREPRESENTATION(#11,'Body','SweptSolid',(#5552));
#5554=IFCPRODUCTDEFINITIONSHAPE($,$,(#5553));
#5560=IFCCARTESIANPOINT((12000.,17875.,12000.));
#5561=IFCDIRECTION((0.,0.,1.));
#5562=IFCDIRECTION((1.,0.,0.));
#5563=IFCAXIS2PLACEMENT3D(#5560,#5561,#5562);
#5564=IFCLOCALPLACEMENT($,#5563);
#5565=IFCPROPERTYSET('0WKoZkoYfDSfwSlQu1byjs',$,'Other',$,(#5567,#5568));
#5566=IFCRELDEFINESBYPROPERTIES('0c1Wr5TSL2Dxkf1jFIDnwa',$,$,$,(#5543),#5565);
#5567=IFCPROPERTYSINGLEVALUE('Ax',$,IFCLABEL('0.001'),$);
#5568=IFCPROPERTYSINGLEVALUE('Ay',$,IFCLABEL('0.001'),$);
#5569=IFCBEAM('2QdtI3Vc10NeVjDjGu62Xe',$,$,$,$,#5590,#5580,$,$);
#5570=IFCCARTESIANPOINTLIST2D(((0.,0.),(0.,250.),(6000.,250.),(6000.,0.),(0.,0.)));
#5571=IFCINDEXEDPOLYCURVE(#5570,$,.F.);
#5572=IFCDIRECTION((0.,0.,1.));
#5573=IFCARBITRARYCLOSEDPROFILEDEF(.AREA.,$,#5571);
#5574=IFCCARTESIANPOINT((0.,0.,0.));
#5575=IFCDIRECTION((0.,0.,1.));
#5576=IFCDIRECTION((1.,0.,0.));
#5577=IFCAXIS2PLACEMENT3D(#5574,#5575,#5576);
#5578=IFCEXTRUDEDAREASOLID(#5573,#5577,#5572,-500.);
#5579=IFCSHAPEREPRESENTATION(#11,'Body','SweptSolid',(#5578));
#5580=IFCPRODUCTDEFINITIONSHAPE($,$,(#5579));
#5586=IFCCARTESIANPOINT((18000.,17875.,12000.));
#5587=IFCDIRECTION((0.,0.,1.));
#5588=IFCDIRECTION((1.,0.,0.));
#5589=IFCAXIS2PLACEMENT3D(#5586,#5587,#5588);
#5590=IFCLOCALPLACEMENT($,#5589);
#5591=IFCPROPERTYSET('3K4po9ypf3mg34tmOc3Ke4',$,'Other',$,(#5593,#5594));
#5592=IFCRELDEFINESBYPROPERTIES('12ghplgZrE88pMMZgWuyvD',$,$,$,(#5569),#5591);
#5593=IFCPROPERTYSINGLEVALUE('Ax',$,IFCLABEL('0.001'),$);
#5594=IFCPROPERTYSINGLEVALUE('Ay',$,IFCLABEL('0.001'),$);
#5595=IFCBEAM('0fcOvsE1DF8PgFcM3_3Wtp',$,$,$,$,#5616,#5606,$,$);
#5596=IFCCARTESIANPOINTLIST2D(((0.,0.),(0.,250.),(6000.,250.),(6000.,0.),(0.,0.)));
#5597=IFCINDEXEDPOLYCURVE(#5596,$,.F.);
#5598=IFCDIRECTION((0.,0.,1.));
#5599=IFCARBITRARYCLOSEDPROFILEDEF(.AREA.,$,#5597);
#5600=IFCCARTESIANPOINT((0.,0.,0.));
#5601=IFCDIRECTION((0.,0.,1.));
#5602=IFCDIRECTION((1.,0.,0.));
#5603=IFCAXIS2PLACEMENT3D(#5600,#5601,#5602);
#5604=IFCEXTRUDEDAREASOLID(#5599,#5603,#5598,-500.);
#5605=IFCSHAPEREPRESENTATION(#11,'Body','SweptSolid',(#5604));
#5606=IFCPRODUCTDEFINITIONSHAPE($,$,(#5605));
#5612=IFCCARTESIANPOINT((24000.,17875.,12000.));
#5613=IFCDIRECTION((0.,0.,1.));
#5614=IFCDIRECTION((1.,0.,0.));
#5615=IFCAXIS2PLACEMENT3D(#5612,#5613,#5614);
#5616=IFCLOCALPLACEMENT($,#5615);
#5617=IFCPROPERTYSET('1_6eyEzNzCNfbzsiGGhMzk',$,'Other',$,(#5619,#5620));
#5618=IFCRELDEFINESBYPROPERTIES('3jklcWO1XE98wu7uweha6f',$,$,$,(#5595),#5617);
#5619=IFCPROPERTYSINGLEVALUE('Ax',$,IFCLABEL('0.001'),$);
#5620=IFCPROPERTYSINGLEVALUE('Ay',$,IFCLABEL('0.001'),$);
#5621=IFCBEAM('11v1CUArH8lQwmIpdSpq$z',$,$,$,$,#5642,#5632,$,$);
#5622=IFCCARTESIANPOINTLIST2D(((0.,0.),(0.,250.),(6000.,250.),(6000.,0.),(0.,0.)));
#5623=IFCINDEXEDPOLYCURVE(#5622,$,.F.);
#5624=IFCDIRECTION((0.,0.,1.));
#5625=IFCARBITRARYCLOSEDPROFILEDEF(.AREA.,$,#5623);
#5626=IFCCARTESIANPOINT((0.,0.,0.));
#5627=IFCDIRECTION((0.,0.,1.));
#5628=IFCDIRECTION((1.,0.,0.));
#5629=IFCAXIS2PLACEMENT3D(#5626,#5627,#5628);
#5630=IFCEXTRUDEDAREASOLID(#5625,#5629,#5624,-400.);
#5631=IFCSHAPEREPRESENTATION(#11,'Body','SweptSolid',(#5630));
#5632=IFCPRODUCTDEFINITIONSHAPE($,$,(#5631));
#5638=IFCCARTESIANPOINT((2875.,18000.,12000.));
#5639=IFCDIRECTION((0.,0.,1.));
#5640=IFCDIRECTION((-1.8369701987210297E-16,-1.,0.));
#5641=IFCAXIS2PLACEMENT3D(#5638,#5639,#5640);
#5642=IFCLOCALPLACEMENT($,#5641);
#5643=IFCPROPERTYSET('1sFPqh4NP70B5PCa6jdYV_',$,'Other',$,(#5645,#5646));
#5644=IFCRELDEFINESBYPROPERTIES('2vzA5VWbH17wE9vx4bB4_L',$,$,$,(#5621),#5643);
#5645=IFCPROPERTYSINGLEVALUE('Ax',$,IFCLABEL('0.001'),$);
#5646=IFCPROPERTYSINGLEVALUE('Ay',$,IFCLABEL('0.001'),$);
#5647=IFCBEAM('3YZESLkrTAAO887ToE8Ww0',$,$,$,$,#5668,#5658,$,$);
#5648=IFCCARTESIANPOINTLIST2D(((0.,0.),(0.,250.),(6000.,250.),(6000.,0.),(0.,0.)));
#5649=IFCINDEXEDPOLYCURVE(#5648,$,.F.);
#5650=IFCDIRECTION((0.,0.,1.));
#5651=IFCARBITRARYCLOSEDPROFILEDEF(.AREA.,$,#5649);
#5652=IFCCARTESIANPOINT((0.,0.,0.));
#5653=IFCDIRECTION((0.,0.,1.));
#5654=IFCDIRECTION((1.,0.,0.));
#5655=IFCAXIS2PLACEMENT3D(#5652,#5653,#5654);
#5656=IFCEXTRUDEDAREASOLID(#5651,#5655,#5650,-400.);
#5657=IFCSHAPEREPRESENTATION(#11,'Body','SweptSolid',(#5656));
#5658=IFCPRODUCTDEFINITIONSHAPE($,$,(#5657));
#5664=IFCCARTESIANPOINT((2875.,12000.,12000.));
#5665=IFCDIRECTION((0.,0.,1.));
#5666=IFCDIRECTION((-1.8369701987210297E-16,-1.,0.));
#5667=IFCAXIS2PLACEMENT3D(#5664,#5665,#5666);
#5668=IFCLOCALPLACEMENT($,#5667);
#5669=IFCPROPERTYSET('2shXkMMLfCtfNYtGFSRugs',$,'Other',$,(#5671,#5672));
#5670=IFCRELDEFINESBYPROPERTIES('3vQLfJR_fFJhznsVM1G_3J',$,$,$,(#5647),#5669);
#5671=IFCPROPERTYSINGLEVALUE('Ax',$,IFCLABEL('0.001'),$);
#5672=IFCPROPERTYSINGLEVALUE('Ay',$,IFCLABEL('0.001'),$);
#5673=IFCBEAM('2nMKN5w_D9sxNBbZ19MPvC',$,$,$,$,#5694,#5684,$,$);
#5674=IFCCARTESIANPOINTLIST2D(((0.,0.),(0.,250.),(6000.,250.),(6000.,0.),(0.,0.)));
#5675=IFCINDEXEDPOLYCURVE(#5674,$,.F.);
#5676=IFCDIRECTION((0.,0.,1.));
#5677=IFCARBITRARYCLOSEDPROFILEDEF(.AREA.,$,#5675);
#5678=IFCCARTESIANPOINT((0.,0.,0.));
#5679=IFCDIRECTION((0.,0.,1.));
#5680=IFCDIRECTION((1.,0.,0.));
#5681=IFCAXIS2PLACEMENT3D(#5678,#5679,#5680);
#5682=IFCEXTRUDEDAREASOLID(#5677,#5681,#5676,-400.);
#5683=IFCSHAPEREPRESENTATION(#11,'Body','SweptSolid',(#5682));
#5684=IFCPRODUCTDEFINITIONSHAPE($,$,(#5683));
#5690=IFCCARTESIANPOINT((8875.,18000.,12000.));
#5691=IFCDIRECTION((0.,0.,1.));
#5692=IFCDIRECTION((-1.8369701987210297E-16,-1.,0.));
#5693=IFCAXIS2PLACEMENT3D(#5690,#5691,#5692);
#5694=IFCLOCALPLACEMENT($,#5693);
#5695=IFCPROPERTYSET('2Y4K1aotz5Ixv54ECi2C0m',$,'Other',$,(#5697,#5698));
#5696=IFCRELDEFINESBYPROPERTIES('37vK1iq7r3p811DPXhQlZ8',$,$,$,(#5673),#5695);
#5697=IFCPROPERTYSINGLEVALUE('Ax',$,IFCLABEL('0.001'),$);
#5698=IFCPROPERTYSINGLEVALUE('Ay',$,IFCLABEL('0.001'),$);
#5699=IFCBEAM('0ky7b8HQHFD8gaCRK9b$8e',$,$,$,$,#5720,#5710,$,$);
#5700=IFCCARTESIANPOINTLIST2D(((0.,0.),(0.,250.),(6000.,250.),(6000.,0.),(0.,0.)));
#5701=IFCINDEXEDPOLYCURVE(#5700,$,.F.);
#5702=IFCDIRECTION((0.,0.,1.));
#5703=IFCARBITRARYCLOSEDPROFILEDEF(.AREA.,$,#5701);
#5704=IFCCARTESIANPOINT((0.,0.,0.));
#5705=IFCDIRECTION((0.,0.,1.));
#5706=IFCDIRECTION((1.,0.,0.));
#5707=IFCAXIS2PLACEMENT3D(#5704,#5705,#5706);
#5708=IFCEXTRUDEDAREASOLID(#5703,#5707,#5702,-400.);
#5709=IFCSHAPEREPRESENTATION(#11,'Body','SweptSolid',(#5708));
#5710=IFCPRODUCTDEFINITIONSHAPE($,$,(#5709));
#5716=IFCCARTESIANPOINT((8875.,12000.,12000.));
#5717=IFCDIRECTION((0.,0.,1.));
#5718=IFCDIRECTION((-1.8369701987210297E-16,-1.,0.));
#5719=IFCAXIS2PLACEMENT3D(#5716,#5717,#5718);
#5720=IFCLOCALPLACEMENT($,#5719);
#5721=IFCPROPERTYSET('0IpgMmMIb9agdzKFVWclZL',$,'Other',$,(#5723,#5724));
#5722=IFCRELDEFINESBYPROPERTIES('29kKeE9WDF_uun7FEp7ucb',$,$,$,(#5699),#5721);
#5723=IFCPROPERTYSINGLEVALUE('Ax',$,IFCLABEL('0.001'),$);
#5724=IFCPROPERTYSINGLEVALUE('Ay',$,IFCLABEL('0.001'),$);
#5725=IFCBEAM('2Ia_CjUFb8VQY7_c_IDQs4',$,$,$,$,#5746,#5736,$,$);
#5726=IFCCARTESIANPOINTLIST2D(((0.,0.),(0.,250.),(6000.,250.),(6000.,0.),(0.,0.)));
#5727=IFCINDEXEDPOLYCURVE(#5726,$,.F.);
#5728=IFCDIRECTION((0.,0.,1.));
#5729=IFCARBITRARYCLOSEDPROFILEDEF(.AREA.,$,#5727);
#5730=IFCCARTESIANPOINT((0.,0.,0.));
#5731=IFCDIRECTION((0.,0.,1.));
#5732=IFCDIRECTION((1.,0.,0.));
#5733=IFCAXIS2PLACEMENT3D(#5730,#5731,#5732);
#5734=IFCEXTRUDEDAREASOLID(#5729,#5733,#5728,-400.);
#5735=IFCSHAPEREPRESENTATION(#11,'Body','SweptSolid',(#5734));
#5736=IFCPRODUCTDEFINITIONSHAPE($,$,(#5735));
#5742=IFCCARTESIANPOINT((14875.,18000.,12000.));
#5743=IFCDIRECTION((0.,0.,1.));
#5744=IFCDIRECTION((-1.8369701987210297E-16,-1.,0.));
#5745=IFCAXIS2PLACEMENT3D(#5742,#5743,#5744);
#5746=IFCLOCALPLACEMENT($,#5745);
#5747=IFCPROPERTYSET('3ihWLD0JHFMQS3vza7_Ngg',$,'Other',$,(#5749,#5750));
#5748=IFCRELDEFINESBYPROPERTIES('1N94gWT1z4CvGVkruPFi0f',$,$,$,(#5725),#5747);
#5749=IFCPROPERTYSINGLEVALUE('Ax',$,IFCLABEL('0.001'),$);
#5750=IFCPROPERTYSINGLEVALUE('Ay',$,IFCLABEL('0.001'),$);
#5751=IFCBEAM('3QeV_95vr6yQ7T$KrbEMOn',$,$,$,$,#5772,#5762,$,$);
#5752=IFCCARTESIANPOINTLIST2D(((0.,0.),(0.,250.),(6000.,250.),(6000.,0.),(0.,0.)));
#5753=IFCINDEXEDPOLYCURVE(#5752,$,.F.);
#5754=IFCDIRECTION((0.,0.,1.));
#5755=IFCARBITRARYCLOSEDPROFILEDEF(.AREA.,$,#5753);
#5756=IFCCARTESIANPOINT((0.,0.,0.));
#5757=IFCDIRECTION((0.,0.,1.));
#5758=IFCDIRECTION((1.,0.,0.));
#5759=IFCAXIS2PLACEMENT3D(#5756,#5757,#5758);
#5760=IFCEXTRUDEDAREASOLID(#5755,#5759,#5754,-400.);
#5761=IFCSHAPEREPRESENTATION(#11,'Body','SweptSolid',(#5760));
#5762=IFCPRODUCTDEFINITIONSHAPE($,$,(#5761));
#5768=IFCCARTESIANPOINT((14875.,12000.,12000.));
#5769=IFCDIRECTION((0.,0.,1.));
#5770=IFCDIRECTION((-1.8369701987210297E-16,-1.,0.));
#5771=IFCAXIS2PLACEMENT3D(#5768,#5769,#5770);
#5772=IFCLOCALPLACEMENT($,#5771);
#5773=IFCPROPERTYSET('3ae1FfwwHFJgfoDPGnNpbW',$,'Other',$,(#5775,#5776));
#5774=IFCRELDEFINESBYPROPERTIES('1w8UEbl591QhYvJz20Wx3K',$,$,$,(#5751),#5773);
#5775=IFCPROPERTYSINGLEVALUE('Ax',$,IFCLABEL('0.001'),$);
#5776=IFCPROPERTYSINGLEVALUE('Ay',$,IFCLABEL('0.001'),$);
#5777=IFCBEAM('20ZfIRQLD4k8aANsYngKlw',$,$,$,$,#5798,#5788,$,$);
#5778=IFCCARTESIANPOINTLIST2D(((0.,0.),(0.,250.),(6000.,250.),(6000.,0.),(0.,0.)));
#5779=IFCINDEXEDPOLYCURVE(#5778,$,.F.);
#5780=IFCDIRECTION((0.,0.,1.));
#5781=IFCARBITRARYCLOSEDPROFILEDEF(.AREA.,$,#5779);
#5782=IFCCARTESIANPOINT((0.,0.,0.));
#5783=IFCDIRECTION((0.,0.,1.));
#5784=IFCDIRECTION((1.,0.,0.));
#5785=IFCAXIS2PLACEMENT3D(#5782,#5783,#5784);
#5786=IFCEXTRUDEDAREASOLID(#5781,#5785,#5780,-400.);
#5787=IFCSHAPEREPRESENTATION(#11,'Body','SweptSolid',(#5786));
#5788=IFCPRODUCTDEFINITIONSHAPE($,$,(#5787));
#5794=IFCCARTESIANPOINT((14875.,6000.,12000.));
#5795=IFCDIRECTION((0.,0.,1.));
#5796=IFCDIRECTION((-1.8369701987210297E-16,-1.,0.));
#5797=IFCAXIS2PLACEMENT3D(#5794,#5795,#5796);
#5798=IFCLOCALPLACEMENT($,#5797);
#5799=IFCPROPERTYSET('0y$9HOTCTD$wRNGaNJZDZH',$,'Other',$,(#5801,#5802));
#5800=IFCRELDEFINESBYPROPERTIES('3Up5Vn7_50ch3NzCQDu4iS',$,$,$,(#5777),#5799);
#5801=IFCPROPERTYSINGLEVALUE('Ax',$,IFCLABEL('0.001'),$);
#5802=IFCPROPERTYSINGLEVALUE('Ay',$,IFCLABEL('0.001'),$);
#5803=IFCBEAM('36ooCqrBfE1Ro6TVCRcBVg',$,$,$,$,#5824,#5814,$,$);
#5804=IFCCARTESIANPOINTLIST2D(((0.,0.),(0.,250.),(6000.,250.),(6000.,0.),(0.,0.)));
#5805=IFCINDEXEDPOLYCURVE(#5804,$,.F.);
#5806=IFCDIRECTION((0.,0.,1.));
#5807=IFCARBITRARYCLOSEDPROFILEDEF(.AREA.,$,#5805);
#5808=IFCCARTESIANPOINT((0.,0.,0.));
#5809=IFCDIRECTION((0.,0.,1.));
#5810=IFCDIRECTION((1.,0.,0.));
#5811=IFCAXIS2PLACEMENT3D(#5808,#5809,#5810);
#5812=IFCEXTRUDEDAREASOLID(#5807,#5811,#5806,-400.);
#5813=IFCSHAPEREPRESENTATION(#11,'Body','SweptSolid',(#5812));
#5814=IFCPRODUCTDEFINITIONSHAPE($,$,(#5813));
#5820=IFCCARTESIANPOINT((20875.,18000.,12000.));
#5821=IFCDIRECTION((0.,0.,1.));
#5822=IFCDIRECTION((-1.8369701987210297E-16,-1.,0.));
#5823=IFCAXIS2PLACEMENT3D(#5820,#5821,#5822);
#5824=IFCLOCALPLACEMENT($,#5823);
#5825=IFCPROPERTYSET('3VD3sperj6sQh0TesLq7Lv',$,'Other',$,(#5827,#5828));
#5826=IFCRELDEFINESBYPROPERTIES('1kY3Aw5eH9FAbve86dz2Cz',$,$,$,(#5803),#5825);
#5827=IFCPROPERTYSINGLEVALUE('Ax',$,IFCLABEL('0.001'),$);
#5828=IFCPROPERTYSINGLEVALUE('Ay',$,IFCLABEL('0.001'),$);
#5829=IFCBEAM('1HliMfocjEegvZYkJ9rasI',$,$,$,$,#5850,#5840,$,$);
#5830=IFCCARTESIANPOINTLIST2D(((0.,0.),(0.,250.),(6000.,250.),(6000.,0.),(0.,0.)));
#5831=IFCINDEXEDPOLYCURVE(#5830,$,.F.);
#5832=IFCDIRECTION((0.,0.,1.));
#5833=IFCARBITRARYCLOSEDPROFILEDEF(.AREA.,$,#5831);
#5834=IFCCARTESIANPOINT((0.,0.,0.));
#5835=IFCDIRECTION((0.,0.,1.));
#5836=IFCDIRECTION((1.,0.,0.));
#5837=IFCAXIS2PLACEMENT3D(#5834,#5835,#5836);
#5838=IFCEXTRUDEDAREASOLID(#5833,#5837,#5832,-400.);
#5839=IFCSHAPEREPRESENTATION(#11,'Body','SweptSolid',(#5838));
#5840=IFCPRODUCTDEFINITIONSHAPE($,$,(#5839));
#5846=IFCCARTESIANPOINT((20875.,12000.,12000.));
#5847=IFCDIRECTION((0.,0.,1.));
#5848=IFCDIRECTION((-1.8369701987210297E-16,-1.,0.));
#5849=IFCAXIS2PLACEMENT3D(#5846,#5847,#5848);
#5850=IFCLOCALPLACEMENT($,#5849);
#5851=IFCPROPERTYSET('0fgZqXvuXAdx2XS5V77cVv',$,'Other',$,(#5853,#5854));
#5852=IFCRELDEFINESBYPROPERTIES('0ZoNF4aDb3ifzWwVkXsmtr',$,$,$,(#5829),#5851);
#5853=IFCPROPERTYSINGLEVALUE('Ax',$,IFCLABEL('0.001'),$);
#5854=IFCPROPERTYSINGLEVALUE('Ay',$,IFCLABEL('0.001'),$);
#5855=IFCBEAM('0Fme4hVb1BVxLLaFMffbqG',$,$,$,$,#5876,#5866,$,$);
#5856=IFCCARTESIANPOINTLIST2D(((0.,0.),(0.,250.),(6000.,250.),(6000.,0.),(0.,0.)));
#5857=IFCINDEXEDPOLYCURVE(#5856,$,.F.);
#5858=IFCDIRECTION((0.,0.,1.));
#5859=IFCARBITRARYCLOSEDPROFILEDEF(.AREA.,$,#5857);
#5860=IFCCARTESIANPOINT((0.,0.,0.));
#5861=IFCDIRECTION((0.,0.,1.));
#5862=IFCDIRECTION((1.,0.,0.));
#5863=IFCAXIS2PLACEMENT3D(#5860,#5861,#5862);
#5864=IFCEXTRUDEDAREASOLID(#5859,#5863,#5858,-400.);
#5865=IFCSHAPEREPRESENTATION(#11,'Body','SweptSolid',(#5864));
#5866=IFCPRODUCTDEFINITIONSHAPE($,$,(#5865));
#5872=IFCCARTESIANPOINT((20875.,6000.,12000.));
#5873=IFCDIRECTION((0.,0.,1.));
#5874=IFCDIRECTION((-1.8369701987210297E-16,-1.,0.));
#5875=IFCAXIS2PLACEMENT3D(#5872,#5873,#5874);
#5876=IFCLOCALPLACEMENT($,#5875);
#5877=IFCPROPERTYSET('0H9w9AqnXAaA53y9HB0evu',$,'Other',$,(#5879,#5880));
#5878=IFCRELDEFINESBYPROPERTIES('1KtYRK8_z19RBJzNxLGcBY',$,$,$,(#5855),#5877);
#5879=IFCPROPERTYSINGLEVALUE('Ax',$,IFCLABEL('0.001'),$);
#5880=IFCPROPERTYSINGLEVALUE('Ay',$,IFCLABEL('0.001'),$);
#5881=IFCBEAM('02d$gQPhX3oO6bWsPoUDCZ',$,$,$,$,#5902,#5892,$,$);
#5882=IFCCARTESIANPOINTLIST2D(((0.,0.),(0.,250.),(6000.,250.),(6000.,0.),(0.,0.)));
#5883=IFCINDEXEDPOLYCURVE(#5882,$,.F.);
#5884=IFCDIRECTION((0.,0.,1.));
#5885=IFCARBITRARYCLOSEDPROFILEDEF(.AREA.,$,#5883);
#5886=IFCCARTESIANPOINT((0.,0.,0.));
#5887=IFCDIRECTION((0.,0.,1.));
#5888=IFCDIRECTION((1.,0.,0.));
#5889=IFCAXIS2PLACEMENT3D(#5886,#5887,#5888);
#5890=IFCEXTRUDEDAREASOLID(#5885,#5889,#5884,-400.);
#5891=IFCSHAPEREPRESENTATION(#11,'Body','SweptSolid',(#5890));
#5892=IFCPRODUCTDEFINITIONSHAPE($,$,(#5891));
#5898=IFCCARTESIANPOINT((8875.,6000.,12000.));
#5899=IFCDIRECTION((0.,0.,1.));
#5900=IFCDIRECTION((-1.8369701987210297E-16,-1.,0.));
#5901=IFCAXIS2PLACEMENT3D(#5898,#5899,#5900);
#5902=IFCLOCALPLACEMENT($,#5901);
#5903=IFCPROPERTYSET('3boumTV2r3RfBWjie713yo',$,'Other',$,(#5905,#5906));
#5904=IFCRELDEFINESBYPROPERTIES('3TRLEmhAD6ZwZF6HNVCK6L',$,$,$,(#5881),#5903);
#5905=IFCPROPERTYSINGLEVALUE('Ax',$,IFCLABEL('0.001'),$);
#5906=IFCPROPERTYSINGLEVALUE('Ay',$,IFCLABEL('0.001'),$);
#5907=IFCBEAM('2lku5VTW93EgfGkq6_Ng04',$,$,$,$,#5928,#5918,$,$);
#5908=IFCCARTESIANPOINTLIST2D(((0.,0.),(0.,250.),(6000.,250.),(6000.,0.),(0.,0.)));
#5909=IFCINDEXEDPOLYCURVE(#5908,$,.F.);
#5910=IFCDIRECTION((0.,0.,1.));
#5911=IFCARBITRARYCLOSEDPROFILEDEF(.AREA.,$,#5909);
#5912=IFCCARTESIANPOINT((0.,0.,0.));
#5913=IFCDIRECTION((0.,0.,1.));
#5914=IFCDIRECTION((1.,0.,0.));
#5915=IFCAXIS2PLACEMENT3D(#5912,#5913,#5914);
#5916=IFCEXTRUDEDAREASOLID(#5911,#5915,#5910,-400.);
#5917=IFCSHAPEREPRESENTATION(#11,'Body','SweptSolid',(#5916));
#5918=IFCPRODUCTDEFINITIONSHAPE($,$,(#5917));
#5924=IFCCARTESIANPOINT((2875.,6000.,12000.));
#5925=IFCDIRECTION((0.,0.,1.));
#5926=IFCDIRECTION((-1.8369701987210297E-16,-1.,0.));
#5927=IFCAXIS2PLACEMENT3D(#5924,#5925,#5926);
#5928=IFCLOCALPLACEMENT($,#5927);
#5929=IFCPROPERTYSET('1gjuwXnbDCBAlh7ki9xG$V',$,'Other',$,(#5931,#5932));
#5930=IFCRELDEFINESBYPROPERTIES('10y5waDePB3f_PyswCWIge',$,$,$,(#5907),#5929);
#5931=IFCPROPERTYSINGLEVALUE('Ax',$,IFCLABEL('0.001'),$);
#5932=IFCPROPERTYSINGLEVALUE('Ay',$,IFCLABEL('0.001'),$);
#5933=IFCBEAM('2k77e6LMD8e9rBCXI6SwaQ',$,$,$,$,#5954,#5944,$,$);
#5934=IFCCARTESIANPOINTLIST2D(((0.,0.),(0.,250.),(6000.,250.),(6000.,0.),(0.,0.)));
#5935=IFCINDEXEDPOLYCURVE(#5934,$,.F.);
#5936=IFCDIRECTION((0.,0.,1.));
#5937=IFCARBITRARYCLOSEDPROFILEDEF(.AREA.,$,#5935);
#5938=IFCCARTESIANPOINT((0.,0.,0.));
#5939=IFCDIRECTION((0.,0.,1.));
#5940=IFCDIRECTION((1.,0.,0.));
#5941=IFCAXIS2PLACEMENT3D(#5938,#5939,#5940);
#5942=IFCEXTRUDEDAREASOLID(#5937,#5941,#5936,-400.);
#5943=IFCSHAPEREPRESENTATION(#11,'Body','SweptSolid',(#5942));
#5944=IFCPRODUCTDEFINITIONSHAPE($,$,(#5943));
#5950=IFCCARTESIANPOINT((26875.,12000.,12000.));
#5951=IFCDIRECTION((0.,0.,1.));
#5952=IFCDIRECTION((-1.8369701987210297E-16,-1.,0.));
#5953=IFCAXIS2PLACEMENT3D(#5950,#5951,#5952);
#5954=IFCLOCALPLACEMENT($,#5953);
#5955=IFCPROPERTYSET('34Vb9YNsb1dR04_7JG6GJ2',$,'Other',$,(#5957,#5958));
#5956=IFCRELDEFINESBYPROPERTIES('0nED$NLrfEFh0Nyk0bDQxY',$,$,$,(#5933),#5955);
#5957=IFCPROPERTYSINGLEVALUE('Ax',$,IFCLABEL('0.001'),$);
#5958=IFCPROPERTYSINGLEVALUE('Ay',$,IFCLABEL('0.001'),$);
#5959=IFCBEAM('0arEjrI750PwnuMy4x0LSg',$,$,$,$,#5980,#5970,$,$);
#5960=IFCCARTESIANPOINTLIST2D(((0.,0.),(0.,250.),(6000.,250.),(6000.,0.),(0.,0.)));
#5961=IFCINDEXEDPOLYCURVE(#5960,$,.F.);
#5962=IFCDIRECTION((0.,0.,1.));
#5963=IFCARBITRARYCLOSEDPROFILEDEF(.AREA.,$,#5961);
#5964=IFCCARTESIANPOINT((0.,0.,0.));
#5965=IFCDIRECTION((0.,0.,1.));
#5966=IFCDIRECTION((1.,0.,0.));
#5967=IFCAXIS2PLACEMENT3D(#5964,#5965,#5966);
#5968=IFCEXTRUDEDAREASOLID(#5963,#5967,#5962,-500.);
#5969=IFCSHAPEREPRESENTATION(#11,'Body','SweptSolid',(#5968));
#5970=IFCPRODUCTDEFINITIONSHAPE($,$,(#5969));
#5976=IFCCARTESIANPOINT((125.,6000.,9000.));
#5977=IFCDIRECTION((0.,0.,1.));
#5978=IFCDIRECTION((6.123233995736766E-17,1.,0.));
#5979=IFCAXIS2PLACEMENT3D(#5976,#5977,#5978);
#5980=IFCLOCALPLACEMENT($,#5979);
#5981=IFCPROPERTYSET('3j82xB9Lf6GeJGEg7Vhk2Q',$,'Other',$,(#5983,#5984));
#5982=IFCRELDEFINESBYPROPERTIES('3gEm4evTf5IAtgpEKH264o',$,$,$,(#5959),#5981);
#5983=IFCPROPERTYSINGLEVALUE('Ax',$,IFCLABEL('0.001'),$);
#5984=IFCPROPERTYSINGLEVALUE('Ay',$,IFCLABEL('0.001'),$);
#5985=IFCBEAM('1Scs9XYAv5qxEzW5e1udIA',$,$,$,$,#6006,#5996,$,$);
#5986=IFCCARTESIANPOINTLIST2D(((0.,0.),(0.,250.),(6000.,250.),(6000.,0.),(0.,0.)));
#5987=IFCINDEXEDPOLYCURVE(#5986,$,.F.);
#5988=IFCDIRECTION((0.,0.,1.));
#5989=IFCARBITRARYCLOSEDPROFILEDEF(.AREA.,$,#5987);
#5990=IFCCARTESIANPOINT((0.,0.,0.));
#5991=IFCDIRECTION((0.,0.,1.));
#5992=IFCDIRECTION((1.,0.,0.));
#5993=IFCAXIS2PLACEMENT3D(#5990,#5991,#5992);
#5994=IFCEXTRUDEDAREASOLID(#5989,#5993,#5988,-500.);
#5995=IFCSHAPEREPRESENTATION(#11,'Body','SweptSolid',(#5994));
#5996=IFCPRODUCTDEFINITIONSHAPE($,$,(#5995));
#6002=IFCCARTESIANPOINT((125.,12000.,9000.));
#6003=IFCDIRECTION((0.,0.,1.));
#6004=IFCDIRECTION((6.123233995736766E-17,1.,0.));
#6005=IFCAXIS2PLACEMENT3D(#6002,#6003,#6004);
#6006=IFCLOCALPLACEMENT($,#6005);
#6007=IFCPROPERTYSET('29oLW$FNf21O50ppy2CRjU',$,'Other',$,(#6009,#6010));
#6008=IFCRELDEFINESBYPROPERTIES('0vc7TyvPT30w69StzRiMcu',$,$,$,(#5985),#6007);
#6009=IFCPROPERTYSINGLEVALUE('Ax',$,IFCLABEL('0.001'),$);
#6010=IFCPROPERTYSINGLEVALUE('Ay',$,IFCLABEL('0.001'),$);
#6011=IFCBEAM('3hqOcaSt50JBc8LtuS3XVO',$,$,$,$,#6032,#6022,$,$);
#6012=IFCCARTESIANPOINTLIST2D(((0.,0.),(0.,250.),(6000.,250.),(6000.,0.),(0.,0.)));
#6013=IFCINDEXEDPOLYCURVE(#6012,$,.F.);
#6014=IFCDIRECTION((0.,0.,1.));
#6015=IFCARBITRARYCLOSEDPROFILEDEF(.AREA.,$,#6013);
#6016=IFCCARTESIANPOINT((0.,0.,0.));
#6017=IFCDIRECTION((0.,0.,1.));
#6018=IFCDIRECTION((1.,0.,0.));
#6019=IFCAXIS2PLACEMENT3D(#6016,#6017,#6018);
#6020=IFCEXTRUDEDAREASOLID(#6015,#6019,#6014,-500.);
#6021=IFCSHAPEREPRESENTATION(#11,'Body','SweptSolid',(#6020));
#6022=IFCPRODUCTDEFINITIONSHAPE($,$,(#6021));
#6028=IFCCARTESIANPOINT((6125.,6000.,9000.));
#6029=IFCDIRECTION((0.,0.,1.));
#6030=IFCDIRECTION((6.123233995736766E-17,1.,0.));
#6031=IFCAXIS2PLACEMENT3D(#6028,#6029,#6030);
#6032=IFCLOCALPLACEMENT($,#6031);
#6033=IFCPROPERTYSET('0CdyraB_jFMu7iWTF5TC9n',$,'Other',$,(#6035,#6036));
#6034=IFCRELDEFINESBYPROPERTIES('1zrXu7SCHCswliL7QUXujX',$,$,$,(#6011),#6033);
#6035=IFCPROPERTYSINGLEVALUE('Ax',$,IFCLABEL('0.001'),$);
#6036=IFCPROPERTYSINGLEVALUE('Ay',$,IFCLABEL('0.001'),$);
#6037=IFCBEAM('1vOioG3Rn8wu4QcZetKK3g',$,$,$,$,#6058,#6048,$,$);
#6038=IFCCARTESIANPOINTLIST2D(((0.,0.),(0.,250.),(6000.,250.),(6000.,0.),(0.,0.)));
#6039=IFCINDEXEDPOLYCURVE(#6038,$,.F.);
#6040=IFCDIRECTION((0.,0.,1.));
#6041=IFCARBITRARYCLOSEDPROFILEDEF(.AREA.,$,#6039);
#6042=IFCCARTESIANPOINT((0.,0.,0.));
#6043=IFCDIRECTION((0.,0.,1.));
#6044=IFCDIRECTION((1.,0.,0.));
#6045=IFCAXIS2PLACEMENT3D(#6042,#6043,#6044);
#6046=IFCEXTRUDEDAREASOLID(#6041,#6045,#6040,-500.);
#6047=IFCSHAPEREPRESENTATION(#11,'Body','SweptSolid',(#6046));
#6048=IFCPRODUCTDEFINITIONSHAPE($,$,(#6047));
#6054=IFCCARTESIANPOINT((6125.,12000.,9000.));
#6055=IFCDIRECTION((0.,0.,1.));
#6056=IFCDIRECTION((6.123233995736766E-17,1.,0.));
#6057=IFCAXIS2PLACEMENT3D(#6054,#6055,#6056);
#6058=IFCLOCALPLACEMENT($,#6057);
#6059=IFCPROPERTYSET('1Nwf5D9XPAqf$slYr_zpO9',$,'Other',$,(#6061,#6062));
#6060=IFCRELDEFINESBYPROPERTIES('3k7stXVD92h9S10uLnU_ZA',$,$,$,(#6037),#6059);
#6061=IFCPROPERTYSINGLEVALUE('Ax',$,IFCLABEL('0.001'),$);
#6062=IFCPROPERTYSINGLEVALUE('Ay',$,IFCLABEL('0.001'),$);
#6063=IFCBEAM('1iCrhOGHH4SRwaGbn44QkL',$,$,$,$,#6084,#6074,$,$);
#6064=IFCCARTESIANPOINTLIST2D(((0.,0.),(0.,250.),(6000.,250.),(6000.,0.),(0.,0.)));
#6065=IFCINDEXEDPOLYCURVE(#6064,$,.F.);
#6066=IFCDIRECTION((0.,0.,1.));
#6067=IFCARBITRARYCLOSEDPROFILEDEF(.AREA.,$,#6065);
#6068=IFCCARTESIANPOINT((0.,0.,0.));
#6069=IFCDIRECTION((0.,0.,1.));
#6070=IFCDIRECTION((1.,0.,0.));
#6071=IFCAXIS2PLACEMENT3D(#6068,#6069,#6070);
#6072=IFCEXTRUDEDAREASOLID(#6067,#6071,#6066,-500.);
#6073=IFCSHAPEREPRESENTATION(#11,'Body','SweptSolid',(#6072));
#6074=IFCPRODUCTDEFINITIONSHAPE($,$,(#6073));
#6080=IFCCARTESIANPOINT((12125.,-7.6540424946709578E-15,9000.));
#6081=IFCDIRECTION((0.,0.,1.));
#6082=IFCDIRECTION((6.123233995736766E-17,1.,0.));
#6083=IFCAXIS2PLACEMENT3D(#6080,#6081,#6082);
#6084=IFCLOCALPLACEMENT($,#6083);
#6085=IFCPROPERTYSET('2BKmG_JkvDIwRSw2gKp_du',$,'Other',$,(#6087,#6088));
#6086=IFCRELDEFINESBYPROPERTIES('29ubh2Fs11wu2s5z$qxXLi',$,$,$,(#6063),#6085);
#6087=IFCPROPERTYSINGLEVALUE('Ax',$,IFCLABEL('0.001'),$);
#6088=IFCPROPERTYSINGLEVALUE('Ay',$,IFCLABEL('0.001'),$);
#6089=IFCBEAM('2IGSg3aK90svMo_w3_W5_6',$,$,$,$,#6110,#6100,$,$);
#6090=IFCCARTESIANPOINTLIST2D(((0.,0.),(0.,250.),(6000.,250.),(6000.,0.),(0.,0.)));
#6091=IFCINDEXEDPOLYCURVE(#6090,$,.F.);
#6092=IFCDIRECTION((0.,0.,1.));
#6093=IFCARBITRARYCLOSEDPROFILEDEF(.AREA.,$,#6091);
#6094=IFCCARTESIANPOINT((0.,0.,0.));
#6095=IFCDIRECTION((0.,0.,1.));
#6096=IFCDIRECTION((1.,0.,0.));
#6097=IFCAXIS2PLACEMENT3D(#6094,#6095,#6096);
#6098=IFCEXTRUDEDAREASOLID(#6093,#6097,#6092,-500.);
#6099=IFCSHAPEREPRESENTATION(#11,'Body','SweptSolid',(#6098));
#6100=IFCPRODUCTDEFINITIONSHAPE($,$,(#6099));
#6106=IFCCARTESIANPOINT((12125.,6000.,9000.));
#6107=IFCDIRECTION((0.,0.,1.));
#6108=IFCDIRECTION((6.123233995736766E-17,1.,0.));
#6109=IFCAXIS2PLACEMENT3D(#6106,#6107,#6108);
#6110=IFCLOCALPLACEMENT($,#6109);
#6111=IFCPROPERTYSET('1K7opnCeD40hstG3aHOqqb',$,'Other',$,(#6113,#6114));
#6112=IFCRELDEFINESBYPROPERTIES('2TvXmD6fL8pg3BJVMEUV6q',$,$,$,(#6089),#6111);
#6113=IFCPROPERTYSINGLEVALUE('Ax',$,IFCLABEL('0.001'),$);
#6114=IFCPROPERTYSINGLEVALUE('Ay',$,IFCLABEL('0.001'),$);
#6115=IFCBEAM('0EIYjGjzn8xOp4GqPUSbXZ',$,$,$,$,#6136,#6126,$,$);
#6116=IFCCARTESIANPOINTLIST2D(((0.,0.),(0.,250.),(6000.,250.),(6000.,0.),(0.,0.)));
#6117=IFCINDEXEDPOLYCURVE(#6116,$,.F.);
#6118=IFCDIRECTION((0.,0.,1.));
#6119=IFCARBITRARYCLOSEDPROFILEDEF(.AREA.,$,#6117);
#6120=IFCCARTESIANPOINT((0.,0.,0.));
#6121=IFCDIRECTION((0.,0.,1.));
#6122=IFCDIRECTION((1.,0.,0.));
#6123=IFCAXIS2PLACEMENT3D(#6120,#6121,#6122);
#6124=IFCEXTRUDEDAREASOLID(#6119,#6123,#6118,-500.);
#6125=IFCSHAPEREPRESENTATION(#11,'Body','SweptSolid',(#6124));
#6126=IFCPRODUCTDEFINITIONSHAPE($,$,(#6125));
#6132=IFCCARTESIANPOINT((12125.,12000.,9000.));
#6133=IFCDIRECTION((0.,0.,1.));
#6134=IFCDIRECTION((6.123233995736766E-17,1.,0.));
#6135=IFCAXIS2PLACEMENT3D(#6132,#6133,#6134);
#6136=IFCLOCALPLACEMENT($,#6135);
#6137=IFCPROPERTYSET('28wTAS3ZL0cfiPvgqAVSf_',$,'Other',$,(#6139,#6140));
#6138=IFCRELDEFINESBYPROPERTIES('3oA_EMx0PBr8fanBhRnm42',$,$,$,(#6115),#6137);
#6139=IFCPROPERTYSINGLEVALUE('Ax',$,IFCLABEL('0.001'),$);
#6140=IFCPROPERTYSINGLEVALUE('Ay',$,IFCLABEL('0.001'),$);
#6141=IFCBEAM('2$$NMhGlHFTfFvrtUpsaYC',$,$,$,$,#6162,#6152,$,$);
#6142=IFCCARTESIANPOINTLIST2D(((0.,0.),(0.,250.),(6000.,250.),(6000.,0.),(0.,0.)));
#6143=IFCINDEXEDPOLYCURVE(#6142,$,.F.);
#6144=IFCDIRECTION((0.,0.,1.));
#6145=IFCARBITRARYCLOSEDPROFILEDEF(.AREA.,$,#6143);
#6146=IFCCARTESIANPOINT((0.,0.,0.));
#6147=IFCDIRECTION((0.,0.,1.));
#6148=IFCDIRECTION((1.,0.,0.));
#6149=IFCAXIS2PLACEMENT3D(#6146,#6147,#6148);
#6150=IFCEXTRUDEDAREASOLID(#6145,#6149,#6144,-500.);
#6151=IFCSHAPEREPRESENTATION(#11,'Body','SweptSolid',(#6150));
#6152=IFCPRODUCTDEFINITIONSHAPE($,$,(#6151));
#6158=IFCCARTESIANPOINT((18125.,-7.6540424946709578E-15,9000.));
#6159=IFCDIRECTION((0.,0.,1.));
#6160=IFCDIRECTION((6.123233995736766E-17,1.,0.));
#6161=IFCAXIS2PLACEMENT3D(#6158,#6159,#6160);
#6162=IFCLOCALPLACEMENT($,#6161);
#6163=IFCPROPERTYSET('1mfQZ4aeDBURdxKm69BLGC',$,'Other',$,(#6165,#6166));
#6164=IFCRELDEFINESBYPROPERTIES('2Gkq4WDYT9s8glHk4K90Fs',$,$,$,(#6141),#6163);
#6165=IFCPROPERTYSINGLEVALUE('Ax',$,IFCLABEL('0.001'),$);
#6166=IFCPROPERTYSINGLEVALUE('Ay',$,IFCLABEL('0.001'),$);
#6167=IFCBEAM('0WJBuVCOfEXQjSaAEAclRT',$,$,$,$,#6188,#6178,$,$);
#6168=IFCCARTESIANPOINTLIST2D(((0.,0.),(0.,250.),(6000.,250.),(6000.,0.),(0.,0.)));
#6169=IFCINDEXEDPOLYCURVE(#6168,$,.F.);
#6170=IFCDIRECTION((0.,0.,1.));
#6171=IFCARBITRARYCLOSEDPROFILEDEF(.AREA.,$,#6169);
#6172=IFCCARTESIANPOINT((0.,0.,0.));
#6173=IFCDIRECTION((0.,0.,1.));
#6174=IFCDIRECTION((1.,0.,0.));
#6175=IFCAXIS2PLACEMENT3D(#6172,#6173,#6174);
#6176=IFCEXTRUDEDAREASOLID(#6171,#6175,#6170,-500.);
#6177=IFCSHAPEREPRESENTATION(#11,'Body','SweptSolid',(#6176));
#6178=IFCPRODUCTDEFINITIONSHAPE($,$,(#6177));
#6184=IFCCARTESIANPOINT((18125.,6000.,9000.));
#6185=IFCDIRECTION((0.,0.,1.));
#6186=IFCDIRECTION((6.123233995736766E-17,1.,0.));
#6187=IFCAXIS2PLACEMENT3D(#6184,#6185,#6186);
#6188=IFCLOCALPLACEMENT($,#6187);
#6189=IFCPROPERTYSET('0snwXeaQr47e$E4rwVl35k',$,'Other',$,(#6191,#6192));
#6190=IFCRELDEFINESBYPROPERTIES('0M_hcsy$zEeQbBkXZ1wYmN',$,$,$,(#6167),#6189);
#6191=IFCPROPERTYSINGLEVALUE('Ax',$,IFCLABEL('0.001'),$);
#6192=IFCPROPERTYSINGLEVALUE('Ay',$,IFCLABEL('0.001'),$);
#6193=IFCBEAM('2eIVFzMRr3lxF8QG$LMahY',$,$,$,$,#6214,#6204,$,$);
#6194=IFCCARTESIANPOINTLIST2D(((0.,0.),(0.,250.),(6000.,250.),(6000.,0.),(0.,0.)));
#6195=IFCINDEXEDPOLYCURVE(#6194,$,.F.);
#6196=IFCDIRECTION((0.,0.,1.));
#6197=IFCARBITRARYCLOSEDPROFILEDEF(.AREA.,$,#6195);
#6198=IFCCARTESIANPOINT((0.,0.,0.));
#6199=IFCDIRECTION((0.,0.,1.));
#6200=IFCDIRECTION((1.,0.,0.));
#6201=IFCAXIS2PLACEMENT3D(#6198,#6199,#6200);
#6202=IFCEXTRUDEDAREASOLID(#6197,#6201,#6196,-500.);
#6203=IFCSHAPEREPRESENTATION(#11,'Body','SweptSolid',(#6202));
#6204=IFCPRODUCTDEFINITIONSHAPE($,$,(#6203));
#6210=IFCCARTESIANPOINT((18125.,12000.,9000.));
#6211=IFCDIRECTION((0.,0.,1.));
#6212=IFCDIRECTION((6.123233995736766E-17,1.,0.));
#6213=IFCAXIS2PLACEMENT3D(#6210,#6211,#6212);
#6214=IFCLOCALPLACEMENT($,#6213);
#6215=IFCPROPERTYSET('3Ee_8N0T52_RSpxXOeXSeu',$,'Other',$,(#6217,#6218));
#6216=IFCRELDEFINESBYPROPERTIES('2IrP5aKyf2yxv_fWSzN3iM',$,$,$,(#6193),#6215);
#6217=IFCPROPERTYSINGLEVALUE('Ax',$,IFCLABEL('0.001'),$);
#6218=IFCPROPERTYSINGLEVALUE('Ay',$,IFCLABEL('0.001'),$);
#6219=IFCBEAM('3od40OKGLADw2$MKfS75Px',$,$,$,$,#6240,#6230,$,$);
#6220=IFCCARTESIANPOINTLIST2D(((0.,0.),(0.,250.),(6000.,250.),(6000.,0.),(0.,0.)));
#6221=IFCINDEXEDPOLYCURVE(#6220,$,.F.);
#6222=IFCDIRECTION((0.,0.,1.));
#6223=IFCARBITRARYCLOSEDPROFILEDEF(.AREA.,$,#6221);
#6224=IFCCARTESIANPOINT((0.,0.,0.));
#6225=IFCDIRECTION((0.,0.,1.));
#6226=IFCDIRECTION((1.,0.,0.));
#6227=IFCAXIS2PLACEMENT3D(#6224,#6225,#6226);
#6228=IFCEXTRUDEDAREASOLID(#6223,#6227,#6222,-500.);
#6229=IFCSHAPEREPRESENTATION(#11,'Body','SweptSolid',(#6228));
#6230=IFCPRODUCTDEFINITIONSHAPE($,$,(#6229));
#6236=IFCCARTESIANPOINT((24125.,-7.6540424946709578E-15,9000.));
#6237=IFCDIRECTION((0.,0.,1.));
#6238=IFCDIRECTION((6.123233995736766E-17,1.,0.));
#6239=IFCAXIS2PLACEMENT3D(#6236,#6237,#6238);
#6240=IFCLOCALPLACEMENT($,#6239);
#6241=IFCPROPERTYSET('3bOGwEa2T1GO16pmA$ux$O',$,'Other',$,(#6243,#6244));
#6242=IFCRELDEFINESBYPROPERTIES('38Pg44_mL5hx3yy3z6oTyL',$,$,$,(#6219),#6241);
#6243=IFCPROPERTYSINGLEVALUE('Ax',$,IFCLABEL('0.001'),$);
#6244=IFCPROPERTYSINGLEVALUE('Ay',$,IFCLABEL('0.001'),$);
#6245=IFCBEAM('3vxxdZQiTARPk4ktwIGyjg',$,$,$,$,#6266,#6256,$,$);
#6246=IFCCARTESIANPOINTLIST2D(((0.,0.),(0.,250.),(6000.,250.),(6000.,0.),(0.,0.)));
#6247=IFCINDEXEDPOLYCURVE(#6246,$,.F.);
#6248=IFCDIRECTION((0.,0.,1.));
#6249=IFCARBITRARYCLOSEDPROFILEDEF(.AREA.,$,#6247);
#6250=IFCCARTESIANPOINT((0.,0.,0.));
#6251=IFCDIRECTION((0.,0.,1.));
#6252=IFCDIRECTION((1.,0.,0.));
#6253=IFCAXIS2PLACEMENT3D(#6250,#6251,#6252);
#6254=IFCEXTRUDEDAREASOLID(#6249,#6253,#6248,-500.);
#6255=IFCSHAPEREPRESENTATION(#11,'Body','SweptSolid',(#6254));
#6256=IFCPRODUCTDEFINITIONSHAPE($,$,(#6255));
#6262=IFCCARTESIANPOINT((24125.,6000.,9000.));
#6263=IFCDIRECTION((0.,0.,1.));
#6264=IFCDIRECTION((6.123233995736766E-17,1.,0.));
#6265=IFCAXIS2PLACEMENT3D(#6262,#6263,#6264);
#6266=IFCLOCALPLACEMENT($,#6265);
#6267=IFCPROPERTYSET('2GdBchL9LDPfKfemXz06O9',$,'Other',$,(#6269,#6270));
#6268=IFCRELDEFINESBYPROPERTIES('0Jtn3Ay496$PSThlcfhZOV',$,$,$,(#6245),#6267);
#6269=IFCPROPERTYSINGLEVALUE('Ax',$,IFCLABEL('0.001'),$);
#6270=IFCPROPERTYSINGLEVALUE('Ay',$,IFCLABEL('0.001'),$);
#6271=IFCBEAM('0mJ7DKpc55Lw5YCtClaBYZ',$,$,$,$,#6292,#6282,$,$);
#6272=IFCCARTESIANPOINTLIST2D(((0.,0.),(0.,250.),(6000.,250.),(6000.,0.),(0.,0.)));
#6273=IFCINDEXEDPOLYCURVE(#6272,$,.F.);
#6274=IFCDIRECTION((0.,0.,1.));
#6275=IFCARBITRARYCLOSEDPROFILEDEF(.AREA.,$,#6273);
#6276=IFCCARTESIANPOINT((0.,0.,0.));
#6277=IFCDIRECTION((0.,0.,1.));
#6278=IFCDIRECTION((1.,0.,0.));
#6279=IFCAXIS2PLACEMENT3D(#6276,#6277,#6278);
#6280=IFCEXTRUDEDAREASOLID(#6275,#6279,#6274,-500.);
#6281=IFCSHAPEREPRESENTATION(#11,'Body','SweptSolid',(#6280));
#6282=IFCPRODUCTDEFINITIONSHAPE($,$,(#6281));
#6288=IFCCARTESIANPOINT((24125.,12000.,9000.));
#6289=IFCDIRECTION((0.,0.,1.));
#6290=IFCDIRECTION((6.123233995736766E-17,1.,0.));
#6291=IFCAXIS2PLACEMENT3D(#6288,#6289,#6290);
#6292=IFCLOCALPLACEMENT($,#6291);
#6293=IFCPROPERTYSET('0aHe5g8h5BBQ2_btMWWmUQ',$,'Other',$,(#6295,#6296));
#6294=IFCRELDEFINESBYPROPERTIES('1GMw7zURv7RuEO3UwWrjzK',$,$,$,(#6271),#6293);
#6295=IFCPROPERTYSINGLEVALUE('Ax',$,IFCLABEL('0.001'),$);
#6296=IFCPROPERTYSINGLEVALUE('Ay',$,IFCLABEL('0.001'),$);
#6297=IFCBEAM('1CkLpeXMz3gevI6_WYcny5',$,$,$,$,#6318,#6308,$,$);
#6298=IFCCARTESIANPOINTLIST2D(((0.,0.),(0.,250.),(6000.,250.),(6000.,0.),(0.,0.)));
#6299=IFCINDEXEDPOLYCURVE(#6298,$,.F.);
#6300=IFCDIRECTION((0.,0.,1.));
#6301=IFCARBITRARYCLOSEDPROFILEDEF(.AREA.,$,#6299);
#6302=IFCCARTESIANPOINT((0.,0.,0.));
#6303=IFCDIRECTION((0.,0.,1.));
#6304=IFCDIRECTION((1.,0.,0.));
#6305=IFCAXIS2PLACEMENT3D(#6302,#6303,#6304);
#6306=IFCEXTRUDEDAREASOLID(#6301,#6305,#6300,-400.);
#6307=IFCSHAPEREPRESENTATION(#11,'Body','SweptSolid',(#6306));
#6308=IFCPRODUCTDEFINITIONSHAPE($,$,(#6307));
#6314=IFCCARTESIANPOINT((30125.,12000.,9000.));
#6315=IFCDIRECTION((0.,0.,1.));
#6316=IFCDIRECTION((6.123233995736766E-17,1.,0.));
#6317=IFCAXIS2PLACEMENT3D(#6314,#6315,#6316);
#6318=IFCLOCALPLACEMENT($,#6317);
#6319=IFCPROPERTYSET('0F6oRAqBX2ZxyNpzuyIBKi',$,'Other',$,(#6321,#6322));
#6320=IFCRELDEFINESBYPROPERTIES('3MruKN5dz5kf5SQ1ucmzqV',$,$,$,(#6297),#6319);
#6321=IFCPROPERTYSINGLEVALUE('Ax',$,IFCLABEL('0.001'),$);
#6322=IFCPROPERTYSINGLEVALUE('Ay',$,IFCLABEL('0.001'),$);
#6323=IFCBEAM('2qpTshbOf5YP19QTqTa$43',$,$,$,$,#6344,#6334,$,$);
#6324=IFCCARTESIANPOINTLIST2D(((0.,0.),(0.,250.),(6000.,250.),(6000.,0.),(0.,0.)));
#6325=IFCINDEXEDPOLYCURVE(#6324,$,.F.);
#6326=IFCDIRECTION((0.,0.,1.));
#6327=IFCARBITRARYCLOSEDPROFILEDEF(.AREA.,$,#6325);
#6328=IFCCARTESIANPOINT((0.,0.,0.));
#6329=IFCDIRECTION((0.,0.,1.));
#6330=IFCDIRECTION((1.,0.,0.));
#6331=IFCAXIS2PLACEMENT3D(#6328,#6329,#6330);
#6332=IFCEXTRUDEDAREASOLID(#6327,#6331,#6326,-500.);
#6333=IFCSHAPEREPRESENTATION(#11,'Body','SweptSolid',(#6332));
#6334=IFCPRODUCTDEFINITIONSHAPE($,$,(#6333));
#6340=IFCCARTESIANPOINT((0.,-125.,9000.));
#6341=IFCDIRECTION((0.,0.,1.));
#6342=IFCDIRECTION((1.,0.,0.));
#6343=IFCAXIS2PLACEMENT3D(#6340,#6341,#6342);
#6344=IFCLOCALPLACEMENT($,#6343);
#6345=IFCPROPERTYSET('0JukAlpo1FFuy0k9V6jqE5',$,'Other',$,(#6347,#6348));
#6346=IFCRELDEFINESBYPROPERTIES('2Nz4iAU4L7TflvUj2NwAsf',$,$,$,(#6323),#6345);
#6347=IFCPROPERTYSINGLEVALUE('Ax',$,IFCLABEL('0.001'),$);
#6348=IFCPROPERTYSINGLEVALUE('Ay',$,IFCLABEL('0.001'),$);
#6349=IFCBEAM('1MXMxySAz0eOIXe2SEUPvd',$,$,$,$,#6370,#6360,$,$);
#6350=IFCCARTESIANPOINTLIST2D(((0.,0.),(0.,250.),(6000.,250.),(6000.,0.),(0.,0.)));
#6351=IFCINDEXEDPOLYCURVE(#6350,$,.F.);
#6352=IFCDIRECTION((0.,0.,1.));
#6353=IFCARBITRARYCLOSEDPROFILEDEF(.AREA.,$,#6351);
#6354=IFCCARTESIANPOINT((0.,0.,0.));
#6355=IFCDIRECTION((0.,0.,1.));
#6356=IFCDIRECTION((1.,0.,0.));
#6357=IFCAXIS2PLACEMENT3D(#6354,#6355,#6356);
#6358=IFCEXTRUDEDAREASOLID(#6353,#6357,#6352,-500.);
#6359=IFCSHAPEREPRESENTATION(#11,'Body','SweptSolid',(#6358));
#6360=IFCPRODUCTDEFINITIONSHAPE($,$,(#6359));
#6366=IFCCARTESIANPOINT((6000.,-125.,9000.));
#6367=IFCDIRECTION((0.,0.,1.));
#6368=IFCDIRECTION((1.,0.,0.));
#6369=IFCAXIS2PLACEMENT3D(#6366,#6367,#6368);
#6370=IFCLOCALPLACEMENT($,#6369);
#6371=IFCPROPERTYSET('1F2xM7plvDxwZGnC0gKCEn',$,'Other',$,(#6373,#6374));
#6372=IFCRELDEFINESBYPROPERTIES('0ItNKzr518HA8ENAGqkNJw',$,$,$,(#6349),#6371);
#6373=IFCPROPERTYSINGLEVALUE('Ax',$,IFCLABEL('0.001'),$);
#6374=IFCPROPERTYSINGLEVALUE('Ay',$,IFCLABEL('0.001'),$);
#6375=IFCBEAM('0NcawkGnfCS8z2cvqW44mQ',$,$,$,$,#6396,#6386,$,$);
#6376=IFCCARTESIANPOINTLIST2D(((0.,0.),(0.,250.),(6000.,250.),(6000.,0.),(0.,0.)));
#6377=IFCINDEXEDPOLYCURVE(#6376,$,.F.);
#6378=IFCDIRECTION((0.,0.,1.));
#6379=IFCARBITRARYCLOSEDPROFILEDEF(.AREA.,$,#6377);
#6380=IFCCARTESIANPOINT((0.,0.,0.));
#6381=IFCDIRECTION((0.,0.,1.));
#6382=IFCDIRECTION((1.,0.,0.));
#6383=IFCAXIS2PLACEMENT3D(#6380,#6381,#6382);
#6384=IFCEXTRUDEDAREASOLID(#6379,#6383,#6378,-500.);
#6385=IFCSHAPEREPRESENTATION(#11,'Body','SweptSolid',(#6384));
#6386=IFCPRODUCTDEFINITIONSHAPE($,$,(#6385));
#6392=IFCCARTESIANPOINT((12000.,-125.,9000.));
#6393=IFCDIRECTION((0.,0.,1.));
#6394=IFCDIRECTION((1.,0.,0.));
#6395=IFCAXIS2PLACEMENT3D(#6392,#6393,#6394);
#6396=IFCLOCALPLACEMENT($,#6395);
#6397=IFCPROPERTYSET('1jROJoiOjBk8rObYwtsdFv',$,'Other',$,(#6399,#6400));
#6398=IFCRELDEFINESBYPROPERTIES('2cW2i3TNz28RhmW4uSdd4s',$,$,$,(#6375),#6397);
#6399=IFCPROPERTYSINGLEVALUE('Ax',$,IFCLABEL('0.001'),$);
#6400=IFCPROPERTYSINGLEVALUE('Ay',$,IFCLABEL('0.001'),$);
#6401=IFCBEAM('37RtxOFKXDtxvyy7BtrqlB',$,$,$,$,#6422,#6412,$,$);
#6402=IFCCARTESIANPOINTLIST2D(((0.,0.),(0.,250.),(6000.,250.),(6000.,0.),(0.,0.)));
#6403=IFCINDEXEDPOLYCURVE(#6402,$,.F.);
#6404=IFCDIRECTION((0.,0.,1.));
#6405=IFCARBITRARYCLOSEDPROFILEDEF(.AREA.,$,#6403);
#6406=IFCCARTESIANPOINT((0.,0.,0.));
#6407=IFCDIRECTION((0.,0.,1.));
#6408=IFCDIRECTION((1.,0.,0.));
#6409=IFCAXIS2PLACEMENT3D(#6406,#6407,#6408);
#6410=IFCEXTRUDEDAREASOLID(#6405,#6409,#6404,-500.);
#6411=IFCSHAPEREPRESENTATION(#11,'Body','SweptSolid',(#6410));
#6412=IFCPRODUCTDEFINITIONSHAPE($,$,(#6411));
#6418=IFCCARTESIANPOINT((18000.,-125.,9000.));
#6419=IFCDIRECTION((0.,0.,1.));
#6420=IFCDIRECTION((1.,0.,0.));
#6421=IFCAXIS2PLACEMENT3D(#6418,#6419,#6420);
#6422=IFCLOCALPLACEMENT($,#6421);
#6423=IFCPROPERTYSET('0zSmkezb55pwEap1F4QL5r',$,'Other',$,(#6425,#6426));
#6424=IFCRELDEFINESBYPROPERTIES('3onIBi5Er5OATfwfvcp6jh',$,$,$,(#6401),#6423);
#6425=IFCPROPERTYSINGLEVALUE('Ax',$,IFCLABEL('0.001'),$);
#6426=IFCPROPERTYSINGLEVALUE('Ay',$,IFCLABEL('0.001'),$);
#6427=IFCBEAM('3jY2WFJ2j13vA4ggTnB1oz',$,$,$,$,#6448,#6438,$,$);
#6428=IFCCARTESIANPOINTLIST2D(((0.,0.),(0.,250.),(6000.,250.),(6000.,0.),(0.,0.)));
#6429=IFCINDEXEDPOLYCURVE(#6428,$,.F.);
#6430=IFCDIRECTION((0.,0.,1.));
#6431=IFCARBITRARYCLOSEDPROFILEDEF(.AREA.,$,#6429);
#6432=IFCCARTESIANPOINT((0.,0.,0.));
#6433=IFCDIRECTION((0.,0.,1.));
#6434=IFCDIRECTION((1.,0.,0.));
#6435=IFCAXIS2PLACEMENT3D(#6432,#6433,#6434);
#6436=IFCEXTRUDEDAREASOLID(#6431,#6435,#6430,-500.);
#6437=IFCSHAPEREPRESENTATION(#11,'Body','SweptSolid',(#6436));
#6438=IFCPRODUCTDEFINITIONSHAPE($,$,(#6437));
#6444=IFCCARTESIANPOINT((0.,5875.,9000.));
#6445=IFCDIRECTION((0.,0.,1.));
#6446=IFCDIRECTION((1.,0.,0.));
#6447=IFCAXIS2PLACEMENT3D(#6444,#6445,#6446);
#6448=IFCLOCALPLACEMENT($,#6447);
#6449=IFCPROPERTYSET('3V6fcTMvf6OPPi2dGn_kLV',$,'Other',$,(#6451,#6452));
#6450=IFCRELDEFINESBYPROPERTIES('27jblOvHrAcvEHxm1hhlxl',$,$,$,(#6427),#6449);
#6451=IFCPROPERTYSINGLEVALUE('Ax',$,IFCLABEL('0.001'),$);
#6452=IFCPROPERTYSINGLEVALUE('Ay',$,IFCLABEL('0.001'),$);
#6453=IFCBEAM('2PrkfPymfBdOBUgnxuN1nD',$,$,$,$,#6474,#6464,$,$);
#6454=IFCCARTESIANPOINTLIST2D(((0.,0.),(0.,250.),(6000.,250.),(6000.,0.),(0.,0.)));
#6455=IFCINDEXEDPOLYCURVE(#6454,$,.F.);
#6456=IFCDIRECTION((0.,0.,1.));
#6457=IFCARBITRARYCLOSEDPROFILEDEF(.AREA.,$,#6455);
#6458=IFCCARTESIANPOINT((0.,0.,0.));
#6459=IFCDIRECTION((0.,0.,1.));
#6460=IFCDIRECTION((1.,0.,0.));
#6461=IFCAXIS2PLACEMENT3D(#6458,#6459,#6460);
#6462=IFCEXTRUDEDAREASOLID(#6457,#6461,#6456,-500.);
#6463=IFCSHAPEREPRESENTATION(#11,'Body','SweptSolid',(#6462));
#6464=IFCPRODUCTDEFINITIONSHAPE($,$,(#6463));
#6470=IFCCARTESIANPOINT((6000.,5875.,9000.));
#6471=IFCDIRECTION((0.,0.,1.));
#6472=IFCDIRECTION((1.,0.,0.));
#6473=IFCAXIS2PLACEMENT3D(#6470,#6471,#6472);
#6474=IFCLOCALPLACEMENT($,#6473);
#6475=IFCPROPERTYSET('1g4Qc8D6n8GO0yIkF7B3UM',$,'Other',$,(#6477,#6478));
#6476=IFCRELDEFINESBYPROPERTIES('167KVKCYP6YQg1kGhJiWuK',$,$,$,(#6453),#6475);
#6477=IFCPROPERTYSINGLEVALUE('Ax',$,IFCLABEL('0.001'),$);
#6478=IFCPROPERTYSINGLEVALUE('Ay',$,IFCLABEL('0.001'),$);
#6479=IFCBEAM('22Yihtsz1DqOtt4jJVSDwo',$,$,$,$,#6500,#6490,$,$);
#6480=IFCCARTESIANPOINTLIST2D(((0.,0.),(0.,250.),(6000.,250.),(6000.,0.),(0.,0.)));
#6481=IFCINDEXEDPOLYCURVE(#6480,$,.F.);
#6482=IFCDIRECTION((0.,0.,1.));
#6483=IFCARBITRARYCLOSEDPROFILEDEF(.AREA.,$,#6481);
#6484=IFCCARTESIANPOINT((0.,0.,0.));
#6485=IFCDIRECTION((0.,0.,1.));
#6486=IFCDIRECTION((1.,0.,0.));
#6487=IFCAXIS2PLACEMENT3D(#6484,#6485,#6486);
#6488=IFCEXTRUDEDAREASOLID(#6483,#6487,#6482,-500.);
#6489=IFCSHAPEREPRESENTATION(#11,'Body','SweptSolid',(#6488));
#6490=IFCPRODUCTDEFINITIONSHAPE($,$,(#6489));
#6496=IFCCARTESIANPOINT((12000.,5875.,9000.));
#6497=IFCDIRECTION((0.,0.,1.));
#6498=IFCDIRECTION((1.,0.,0.));
#6499=IFCAXIS2PLACEMENT3D(#6496,#6497,#6498);
#6500=IFCLOCALPLACEMENT($,#6499);
#6501=IFCPROPERTYSET('3Kwh_IQcnC6BS_dqCLc4AD',$,'Other',$,(#6503,#6504));
#6502=IFCRELDEFINESBYPROPERTIES('2luZ9478H7l8nvnvkivxI2',$,$,$,(#6479),#6501);
#6503=IFCPROPERTYSINGLEVALUE('Ax',$,IFCLABEL('0.001'),$);
#6504=IFCPROPERTYSINGLEVALUE('Ay',$,IFCLABEL('0.001'),$);
#6505=IFCBEAM('0KuVV6i9j8OevMxccz$0kw',$,$,$,$,#6526,#6516,$,$);
#6506=IFCCARTESIANPOINTLIST2D(((0.,0.),(0.,250.),(6000.,250.),(6000.,0.),(0.,0.)));
#6507=IFCINDEXEDPOLYCURVE(#6506,$,.F.);
#6508=IFCDIRECTION((0.,0.,1.));
#6509=IFCARBITRARYCLOSEDPROFILEDEF(.AREA.,$,#6507);
#6510=IFCCARTESIANPOINT((0.,0.,0.));
#6511=IFCDIRECTION((0.,0.,1.));
#6512=IFCDIRECTION((1.,0.,0.));
#6513=IFCAXIS2PLACEMENT3D(#6510,#6511,#6512);
#6514=IFCEXTRUDEDAREASOLID(#6509,#6513,#6508,-500.);
#6515=IFCSHAPEREPRESENTATION(#11,'Body','SweptSolid',(#6514));
#6516=IFCPRODUCTDEFINITIONSHAPE($,$,(#6515));
#6522=IFCCARTESIANPOINT((18000.,5875.,9000.));
#6523=IFCDIRECTION((0.,0.,1.));
#6524=IFCDIRECTION((1.,0.,0.));
#6525=IFCAXIS2PLACEMENT3D(#6522,#6523,#6524);
#6526=IFCLOCALPLACEMENT($,#6525);
#6527=IFCPROPERTYSET('2X3pu3JEz0kO9yoPKDWOVm',$,'Other',$,(#6529,#6530));
#6528=IFCRELDEFINESBYPROPERTIES('33WopSo4n6dwD8YA_H0TAE',$,$,$,(#6505),#6527);
#6529=IFCPROPERTYSINGLEVALUE('Ax',$,IFCLABEL('0.001'),$);
#6530=IFCPROPERTYSINGLEVALUE('Ay',$,IFCLABEL('0.001'),$);
#6531=IFCBEAM('1ahWtgO_fBRvx_YbXRUoIt',$,$,$,$,#6552,#6542,$,$);
#6532=IFCCARTESIANPOINTLIST2D(((0.,0.),(0.,250.),(6000.,250.),(6000.,0.),(0.,0.)));
#6533=IFCINDEXEDPOLYCURVE(#6532,$,.F.);
#6534=IFCDIRECTION((0.,0.,1.));
#6535=IFCARBITRARYCLOSEDPROFILEDEF(.AREA.,$,#6533);
#6536=IFCCARTESIANPOINT((0.,0.,0.));
#6537=IFCDIRECTION((0.,0.,1.));
#6538=IFCDIRECTION((1.,0.,0.));
#6539=IFCAXIS2PLACEMENT3D(#6536,#6537,#6538);
#6540=IFCEXTRUDEDAREASOLID(#6535,#6539,#6534,-500.);
#6541=IFCSHAPEREPRESENTATION(#11,'Body','SweptSolid',(#6540));
#6542=IFCPRODUCTDEFINITIONSHAPE($,$,(#6541));
#6548=IFCCARTESIANPOINT((24000.,5875.,9000.));
#6549=IFCDIRECTION((0.,0.,1.));
#6550=IFCDIRECTION((1.,0.,0.));
#6551=IFCAXIS2PLACEMENT3D(#6548,#6549,#6550);
#6552=IFCLOCALPLACEMENT($,#6551);
#6553=IFCPROPERTYSET('1tf3KA6Wn1jOZWWuXa9_Qx',$,'Other',$,(#6555,#6556));
#6554=IFCRELDEFINESBYPROPERTIES('3dyTPNM59CKQZsWSr17Sqa',$,$,$,(#6531),#6553);
#6555=IFCPROPERTYSINGLEVALUE('Ax',$,IFCLABEL('0.001'),$);
#6556=IFCPROPERTYSINGLEVALUE('Ay',$,IFCLABEL('0.001'),$);
#6557=IFCBEAM('2HmtZTroPBABNFyeITxQNA',$,$,$,$,#6578,#6568,$,$);
#6558=IFCCARTESIANPOINTLIST2D(((0.,0.),(0.,250.),(6000.,250.),(6000.,0.),(0.,0.)));
#6559=IFCINDEXEDPOLYCURVE(#6558,$,.F.);
#6560=IFCDIRECTION((0.,0.,1.));
#6561=IFCARBITRARYCLOSEDPROFILEDEF(.AREA.,$,#6559);
#6562=IFCCARTESIANPOINT((0.,0.,0.));
#6563=IFCDIRECTION((0.,0.,1.));
#6564=IFCDIRECTION((1.,0.,0.));
#6565=IFCAXIS2PLACEMENT3D(#6562,#6563,#6564);
#6566=IFCEXTRUDEDAREASOLID(#6561,#6565,#6560,-500.);
#6567=IFCSHAPEREPRESENTATION(#11,'Body','SweptSolid',(#6566));
#6568=IFCPRODUCTDEFINITIONSHAPE($,$,(#6567));
#6574=IFCCARTESIANPOINT((0.,11875.,9000.));
#6575=IFCDIRECTION((0.,0.,1.));
#6576=IFCDIRECTION((1.,0.,0.));
#6577=IFCAXIS2PLACEMENT3D(#6574,#6575,#6576);
#6578=IFCLOCALPLACEMENT($,#6577);
#6579=IFCPROPERTYSET('06$at6YajAS8qs0UQar8Lt',$,'Other',$,(#6581,#6582));
#6580=IFCRELDEFINESBYPROPERTIES('2eMUTblJnCnepeBLu_mp8c',$,$,$,(#6557),#6579);
#6581=IFCPROPERTYSINGLEVALUE('Ax',$,IFCLABEL('0.001'),$);
#6582=IFCPROPERTYSINGLEVALUE('Ay',$,IFCLABEL('0.001'),$);
#6583=IFCBEAM('31yK8oFIb0GvS_Zx_uw$hB',$,$,$,$,#6604,#6594,$,$);
#6584=IFCCARTESIANPOINTLIST2D(((0.,0.),(0.,250.),(6000.,250.),(6000.,0.),(0.,0.)));
#6585=IFCINDEXEDPOLYCURVE(#6584,$,.F.);
#6586=IFCDIRECTION((0.,0.,1.));
#6587=IFCARBITRARYCLOSEDPROFILEDEF(.AREA.,$,#6585);
#6588=IFCCARTESIANPOINT((0.,0.,0.));
#6589=IFCDIRECTION((0.,0.,1.));
#6590=IFCDIRECTION((1.,0.,0.));
#6591=IFCAXIS2PLACEMENT3D(#6588,#6589,#6590);
#6592=IFCEXTRUDEDAREASOLID(#6587,#6591,#6586,-500.);
#6593=IFCSHAPEREPRESENTATION(#11,'Body','SweptSolid',(#6592));
#6594=IFCPRODUCTDEFINITIONSHAPE($,$,(#6593));
#6600=IFCCARTESIANPOINT((6000.,11875.,9000.));
#6601=IFCDIRECTION((0.,0.,1.));
#6602=IFCDIRECTION((1.,0.,0.));
#6603=IFCAXIS2PLACEMENT3D(#6600,#6601,#6602);
#6604=IFCLOCALPLACEMENT($,#6603);
#6605=IFCPROPERTYSET('1F_nFe4Qb32888SSvbV4H8',$,'Other',$,(#6607,#6608));
#6606=IFCRELDEFINESBYPROPERTIES('3BjezyQOP3MeMie849lVRI',$,$,$,(#6583),#6605);
#6607=IFCPROPERTYSINGLEVALUE('Ax',$,IFCLABEL('0.001'),$);
#6608=IFCPROPERTYSINGLEVALUE('Ay',$,IFCLABEL('0.001'),$);
#6609=IFCBEAM('2Lmp9fqpj92RpRo2JLelC$',$,$,$,$,#6630,#6620,$,$);
#6610=IFCCARTESIANPOINTLIST2D(((0.,0.),(0.,250.),(6000.,250.),(6000.,0.),(0.,0.)));
#6611=IFCINDEXEDPOLYCURVE(#6610,$,.F.);
#6612=IFCDIRECTION((0.,0.,1.));
#6613=IFCARBITRARYCLOSEDPROFILEDEF(.AREA.,$,#6611);
#6614=IFCCARTESIANPOINT((0.,0.,0.));
#6615=IFCDIRECTION((0.,0.,1.));
#6616=IFCDIRECTION((1.,0.,0.));
#6617=IFCAXIS2PLACEMENT3D(#6614,#6615,#6616);
#6618=IFCEXTRUDEDAREASOLID(#6613,#6617,#6612,-500.);
#6619=IFCSHAPEREPRESENTATION(#11,'Body','SweptSolid',(#6618));
#6620=IFCPRODUCTDEFINITIONSHAPE($,$,(#6619));
#6626=IFCCARTESIANPOINT((12000.,11875.,9000.));
#6627=IFCDIRECTION((0.,0.,1.));
#6628=IFCDIRECTION((1.,0.,0.));
#6629=IFCAXIS2PLACEMENT3D(#6626,#6627,#6628);
#6630=IFCLOCALPLACEMENT($,#6629);
#6631=IFCPROPERTYSET('0AwfyJiKP6_9VJi_rE9qzY',$,'Other',$,(#6633,#6634));
#6632=IFCRELDEFINESBYPROPERTIES('0FW5LUBFnFQfWjoB4HUxf_',$,$,$,(#6609),#6631);
#6633=IFCPROPERTYSINGLEVALUE('Ax',$,IFCLABEL('0.001'),$);
#6634=IFCPROPERTYSINGLEVALUE('Ay',$,IFCLABEL('0.001'),$);
#6635=IFCBEAM('0nlD45fS97lejOWHb6jBqt',$,$,$,$,#6656,#6646,$,$);
#6636=IFCCARTESIANPOINTLIST2D(((0.,0.),(0.,250.),(6000.,250.),(6000.,0.),(0.,0.)));
#6637=IFCINDEXEDPOLYCURVE(#6636,$,.F.);
#6638=IFCDIRECTION((0.,0.,1.));
#6639=IFCARBITRARYCLOSEDPROFILEDEF(.AREA.,$,#6637);
#6640=IFCCARTESIANPOINT((0.,0.,0.));
#6641=IFCDIRECTION((0.,0.,1.));
#6642=IFCDIRECTION((1.,0.,0.));
#6643=IFCAXIS2PLACEMENT3D(#6640,#6641,#6642);
#6644=IFCEXTRUDEDAREASOLID(#6639,#6643,#6638,-500.);
#6645=IFCSHAPEREPRESENTATION(#11,'Body','SweptSolid',(#6644));
#6646=IFCPRODUCTDEFINITIONSHAPE($,$,(#6645));
#6652=IFCCARTESIANPOINT((18000.,11875.,9000.));
#6653=IFCDIRECTION((0.,0.,1.));
#6654=IFCDIRECTION((1.,0.,0.));
#6655=IFCAXIS2PLACEMENT3D(#6652,#6653,#6654);
#6656=IFCLOCALPLACEMENT($,#6655);
#6657=IFCPROPERTYSET('2r1yB819zFhgQM9_WuNLgC',$,'Other',$,(#6659,#6660));
#6658=IFCRELDEFINESBYPROPERTIES('0n5_ZCR7z7VgKWy3ND5IAA',$,$,$,(#6635),#6657);
#6659=IFCPROPERTYSINGLEVALUE('Ax',$,IFCLABEL('0.001'),$);
#6660=IFCPROPERTYSINGLEVALUE('Ay',$,IFCLABEL('0.001'),$);
#6661=IFCBEAM('0B1HmAN2T7fRe4gAEmBGLt',$,$,$,$,#6682,#6672,$,$);
#6662=IFCCARTESIANPOINTLIST2D(((0.,0.),(0.,250.),(6000.,250.),(6000.,0.),(0.,0.)));
#6663=IFCINDEXEDPOLYCURVE(#6662,$,.F.);
#6664=IFCDIRECTION((0.,0.,1.));
#6665=IFCARBITRARYCLOSEDPROFILEDEF(.AREA.,$,#6663);
#6666=IFCCARTESIANPOINT((0.,0.,0.));
#6667=IFCDIRECTION((0.,0.,1.));
#6668=IFCDIRECTION((1.,0.,0.));
#6669=IFCAXIS2PLACEMENT3D(#6666,#6667,#6668);
#6670=IFCEXTRUDEDAREASOLID(#6665,#6669,#6664,-500.);
#6671=IFCSHAPEREPRESENTATION(#11,'Body','SweptSolid',(#6670));
#6672=IFCPRODUCTDEFINITIONSHAPE($,$,(#6671));
#6678=IFCCARTESIANPOINT((0.,17875.,9000.));
#6679=IFCDIRECTION((0.,0.,1.));
#6680=IFCDIRECTION((1.,0.,0.));
#6681=IFCAXIS2PLACEMENT3D(#6678,#6679,#6680);
#6682=IFCLOCALPLACEMENT($,#6681);
#6683=IFCPROPERTYSET('3xLiKO1iL4X9ppSycvY4ds',$,'Other',$,(#6685,#6686));
#6684=IFCRELDEFINESBYPROPERTIES('1d5lyuYKj5KwGBzgGkgF1v',$,$,$,(#6661),#6683);
#6685=IFCPROPERTYSINGLEVALUE('Ax',$,IFCLABEL('0.001'),$);
#6686=IFCPROPERTYSINGLEVALUE('Ay',$,IFCLABEL('0.001'),$);
#6687=IFCBEAM('1$bvdSfEHDIvDzzXTGGfY6',$,$,$,$,#6708,#6698,$,$);
#6688=IFCCARTESIANPOINTLIST2D(((0.,0.),(0.,250.),(6000.,250.),(6000.,0.),(0.,0.)));
#6689=IFCINDEXEDPOLYCURVE(#6688,$,.F.);
#6690=IFCDIRECTION((0.,0.,1.));
#6691=IFCARBITRARYCLOSEDPROFILEDEF(.AREA.,$,#6689);
#6692=IFCCARTESIANPOINT((0.,0.,0.));
#6693=IFCDIRECTION((0.,0.,1.));
#6694=IFCDIRECTION((1.,0.,0.));
#6695=IFCAXIS2PLACEMENT3D(#6692,#6693,#6694);
#6696=IFCEXTRUDEDAREASOLID(#6691,#6695,#6690,-500.);
#6697=IFCSHAPEREPRESENTATION(#11,'Body','SweptSolid',(#6696));
#6698=IFCPRODUCTDEFINITIONSHAPE($,$,(#6697));
#6704=IFCCARTESIANPOINT((6000.,17875.,9000.));
#6705=IFCDIRECTION((0.,0.,1.));
#6706=IFCDIRECTION((1.,0.,0.));
#6707=IFCAXIS2PLACEMENT3D(#6704,#6705,#6706);
#6708=IFCLOCALPLACEMENT($,#6707);
#6709=IFCPROPERTYSET('3x3koy9_HDOPLxZv$lag1T',$,'Other',$,(#6711,#6712));
#6710=IFCRELDEFINESBYPROPERTIES('1hMTI46RvE29xaREaKo1Fx',$,$,$,(#6687),#6709);
#6711=IFCPROPERTYSINGLEVALUE('Ax',$,IFCLABEL('0.001'),$);
#6712=IFCPROPERTYSINGLEVALUE('Ay',$,IFCLABEL('0.001'),$);
#6713=IFCBEAM('0xmRF91tH9m9NKE6jEUN4A',$,$,$,$,#6734,#6724,$,$);
#6714=IFCCARTESIANPOINTLIST2D(((0.,0.),(0.,250.),(6000.,250.),(6000.,0.),(0.,0.)));
#6715=IFCINDEXEDPOLYCURVE(#6714,$,.F.);
#6716=IFCDIRECTION((0.,0.,1.));
#6717=IFCARBITRARYCLOSEDPROFILEDEF(.AREA.,$,#6715);
#6718=IFCCARTESIANPOINT((0.,0.,0.));
#6719=IFCDIRECTION((0.,0.,1.));
#6720=IFCDIRECTION((1.,0.,0.));
#6721=IFCAXIS2PLACEMENT3D(#6718,#6719,#6720);
#6722=IFCEXTRUDEDAREASOLID(#6717,#6721,#6716,-500.);
#6723=IFCSHAPEREPRESENTATION(#11,'Body','SweptSolid',(#6722));
#6724=IFCPRODUCTDEFINITIONSHAPE($,$,(#6723));
#6730=IFCCARTESIANPOINT((12000.,17875.,9000.));
#6731=IFCDIRECTION((0.,0.,1.));
#6732=IFCDIRECTION((1.,0.,0.));
#6733=IFCAXIS2PLACEMENT3D(#6730,#6731,#6732);
#6734=IFCLOCALPLACEMENT($,#6733);
#6735=IFCPROPERTYSET('0hWJszX6nCJBSeTZ4_DbGq',$,'Other',$,(#6737,#6738));
#6736=IFCRELDEFINESBYPROPERTIES('1PdSNHLSf8nfS3rBZ$9Mma',$,$,$,(#6713),#6735);
#6737=IFCPROPERTYSINGLEVALUE('Ax',$,IFCLABEL('0.001'),$);
#6738=IFCPROPERTYSINGLEVALUE('Ay',$,IFCLABEL('0.001'),$);
#6739=IFCBEAM('0Mr0BG16z2FfVKXzKpy7cv',$,$,$,$,#6760,#6750,$,$);
#6740=IFCCARTESIANPOINTLIST2D(((0.,0.),(0.,250.),(6000.,250.),(6000.,0.),(0.,0.)));
#6741=IFCINDEXEDPOLYCURVE(#6740,$,.F.);
#6742=IFCDIRECTION((0.,0.,1.));
#6743=IFCARBITRARYCLOSEDPROFILEDEF(.AREA.,$,#6741);
#6744=IFCCARTESIANPOINT((0.,0.,0.));
#6745=IFCDIRECTION((0.,0.,1.));
#6746=IFCDIRECTION((1.,0.,0.));
#6747=IFCAXIS2PLACEMENT3D(#6744,#6745,#6746);
#6748=IFCEXTRUDEDAREASOLID(#6743,#6747,#6742,-500.);
#6749=IFCSHAPEREPRESENTATION(#11,'Body','SweptSolid',(#6748));
#6750=IFCPRODUCTDEFINITIONSHAPE($,$,(#6749));
#6756=IFCCARTESIANPOINT((18000.,17875.,9000.));
#6757=IFCDIRECTION((0.,0.,1.));
#6758=IFCDIRECTION((1.,0.,0.));
#6759=IFCAXIS2PLACEMENT3D(#6756,#6757,#6758);
#6760=IFCLOCALPLACEMENT($,#6759);
#6761=IFCPROPERTYSET('1VRVvunDfF4RGjrO5egwbe',$,'Other',$,(#6763,#6764));
#6762=IFCRELDEFINESBYPROPERTIES('0jJNhLlgj4le7J4aMY1IDb',$,$,$,(#6739),#6761);
#6763=IFCPROPERTYSINGLEVALUE('Ax',$,IFCLABEL('0.001'),$);
#6764=IFCPROPERTYSINGLEVALUE('Ay',$,IFCLABEL('0.001'),$);
#6765=IFCBEAM('1RWtuHflDChOrh5aSt_kxR',$,$,$,$,#6786,#6776,$,$);
#6766=IFCCARTESIANPOINTLIST2D(((0.,0.),(0.,250.),(6000.,250.),(6000.,0.),(0.,0.)));
#6767=IFCINDEXEDPOLYCURVE(#6766,$,.F.);
#6768=IFCDIRECTION((0.,0.,1.));
#6769=IFCARBITRARYCLOSEDPROFILEDEF(.AREA.,$,#6767);
#6770=IFCCARTESIANPOINT((0.,0.,0.));
#6771=IFCDIRECTION((0.,0.,1.));
#6772=IFCDIRECTION((1.,0.,0.));
#6773=IFCAXIS2PLACEMENT3D(#6770,#6771,#6772);
#6774=IFCEXTRUDEDAREASOLID(#6769,#6773,#6768,-500.);
#6775=IFCSHAPEREPRESENTATION(#11,'Body','SweptSolid',(#6774));
#6776=IFCPRODUCTDEFINITIONSHAPE($,$,(#6775));
#6782=IFCCARTESIANPOINT((24000.,17875.,9000.));
#6783=IFCDIRECTION((0.,0.,1.));
#6784=IFCDIRECTION((1.,0.,0.));
#6785=IFCAXIS2PLACEMENT3D(#6782,#6783,#6784);
#6786=IFCLOCALPLACEMENT($,#6785);
#6787=IFCPROPERTYSET('36KcL4gtDAbPxhHJ3idavG',$,'Other',$,(#6789,#6790));
#6788=IFCRELDEFINESBYPROPERTIES('14e1s3oxTB2xelzuliOgAH',$,$,$,(#6765),#6787);
#6789=IFCPROPERTYSINGLEVALUE('Ax',$,IFCLABEL('0.001'),$);
#6790=IFCPROPERTYSINGLEVALUE('Ay',$,IFCLABEL('0.001'),$);
#6791=IFCBEAM('0K3k1JS1b6lvzFh3xxehJn',$,$,$,$,#6812,#6802,$,$);
#6792=IFCCARTESIANPOINTLIST2D(((0.,0.),(0.,250.),(6000.,250.),(6000.,0.),(0.,0.)));
#6793=IFCINDEXEDPOLYCURVE(#6792,$,.F.);
#6794=IFCDIRECTION((0.,0.,1.));
#6795=IFCARBITRARYCLOSEDPROFILEDEF(.AREA.,$,#6793);
#6796=IFCCARTESIANPOINT((0.,0.,0.));
#6797=IFCDIRECTION((0.,0.,1.));
#6798=IFCDIRECTION((1.,0.,0.));
#6799=IFCAXIS2PLACEMENT3D(#6796,#6797,#6798);
#6800=IFCEXTRUDEDAREASOLID(#6795,#6799,#6794,-400.);
#6801=IFCSHAPEREPRESENTATION(#11,'Body','SweptSolid',(#6800));
#6802=IFCPRODUCTDEFINITIONSHAPE($,$,(#6801));
#6808=IFCCARTESIANPOINT((2875.,18000.,9000.));
#6809=IFCDIRECTION((0.,0.,1.));
#6810=IFCDIRECTION((-1.8369701987210297E-16,-1.,0.));
#6811=IFCAXIS2PLACEMENT3D(#6808,#6809,#6810);
#6812=IFCLOCALPLACEMENT($,#6811);
#6813=IFCPROPERTYSET('1_VjNrMgH4mQzfdfN_tePY',$,'Other',$,(#6815,#6816));
#6814=IFCRELDEFINESBYPROPERTIES('2lhQRtv6j7h8G1VHSb4ouW',$,$,$,(#6791),#6813);
#6815=IFCPROPERTYSINGLEVALUE('Ax',$,IFCLABEL('0.001'),$);
#6816=IFCPROPERTYSINGLEVALUE('Ay',$,IFCLABEL('0.001'),$);
#6817=IFCBEAM('1nh4ThfLDFIwiMrG3OslPs',$,$,$,$,#6838,#6828,$,$);
#6818=IFCCARTESIANPOINTLIST2D(((0.,0.),(0.,250.),(6000.,250.),(6000.,0.),(0.,0.)));
#6819=IFCINDEXEDPOLYCURVE(#6818,$,.F.);
#6820=IFCDIRECTION((0.,0.,1.));
#6821=IFCARBITRARYCLOSEDPROFILEDEF(.AREA.,$,#6819);
#6822=IFCCARTESIANPOINT((0.,0.,0.));
#6823=IFCDIRECTION((0.,0.,1.));
#6824=IFCDIRECTION((1.,0.,0.));
#6825=IFCAXIS2PLACEMENT3D(#6822,#6823,#6824);
#6826=IFCEXTRUDEDAREASOLID(#6821,#6825,#6820,-400.);
#6827=IFCSHAPEREPRESENTATION(#11,'Body','SweptSolid',(#6826));
#6828=IFCPRODUCTDEFINITIONSHAPE($,$,(#6827));
#6834=IFCCARTESIANPOINT((2875.,12000.,9000.));
#6835=IFCDIRECTION((0.,0.,1.));
#6836=IFCDIRECTION((-1.8369701987210297E-16,-1.,0.));
#6837=IFCAXIS2PLACEMENT3D(#6834,#6835,#6836);
#6838=IFCLOCALPLACEMENT($,#6837);
#6839=IFCPROPERTYSET('3WsX0kqen0BuTo$pNdyV1b',$,'Other',$,(#6841,#6842));
#6840=IFCRELDEFINESBYPROPERTIES('0e9cWjlkvEqP8_49z$BN39',$,$,$,(#6817),#6839);
#6841=IFCPROPERTYSINGLEVALUE('Ax',$,IFCLABEL('0.001'),$);
#6842=IFCPROPERTYSINGLEVALUE('Ay',$,IFCLABEL('0.001'),$);
#6843=IFCBEAM('0zJC2KfsjBA9LtgElm43bw',$,$,$,$,#6864,#6854,$,$);
#6844=IFCCARTESIANPOINTLIST2D(((0.,0.),(0.,250.),(6000.,250.),(6000.,0.),(0.,0.)));
#6845=IFCINDEXEDPOLYCURVE(#6844,$,.F.);
#6846=IFCDIRECTION((0.,0.,1.));
#6847=IFCARBITRARYCLOSEDPROFILEDEF(.AREA.,$,#6845);
#6848=IFCCARTESIANPOINT((0.,0.,0.));
#6849=IFCDIRECTION((0.,0.,1.));
#6850=IFCDIRECTION((1.,0.,0.));
#6851=IFCAXIS2PLACEMENT3D(#6848,#6849,#6850);
#6852=IFCEXTRUDEDAREASOLID(#6847,#6851,#6846,-400.);
#6853=IFCSHAPEREPRESENTATION(#11,'Body','SweptSolid',(#6852));
#6854=IFCPRODUCTDEFINITIONSHAPE($,$,(#6853));
#6860=IFCCARTESIANPOINT((8875.,18000.,9000.));
#6861=IFCDIRECTION((0.,0.,1.));
#6862=IFCDIRECTION((-1.8369701987210297E-16,-1.,0.));
#6863=IFCAXIS2PLACEMENT3D(#6860,#6861,#6862);
#6864=IFCLOCALPLACEMENT($,#6863);
#6865=IFCPROPERTYSET('15N5LpXGTEBuSTnrEZqO$L',$,'Other',$,(#6867,#6868));
#6866=IFCRELDEFINESBYPROPERTIES('3pLQynNS9DW912twyNxDf9',$,$,$,(#6843),#6865);
#6867=IFCPROPERTYSINGLEVALUE('Ax',$,IFCLABEL('0.001'),$);
#6868=IFCPROPERTYSINGLEVALUE('Ay',$,IFCLABEL('0.001'),$);
#6869=IFCBEAM('1wZAV_Ejj4CvCEhpPkKvYG',$,$,$,$,#6890,#6880,$,$);
#6870=IFCCARTESIANPOINTLIST2D(((0.,0.),(0.,250.),(6000.,250.),(6000.,0.),(0.,0.)));
#6871=IFCINDEXEDPOLYCURVE(#6870,$,.F.);
#6872=IFCDIRECTION((0.,0.,1.));
#6873=IFCARBITRARYCLOSEDPROFILEDEF(.AREA.,$,#6871);
#6874=IFCCARTESIANPOINT((0.,0.,0.));
#6875=IFCDIRECTION((0.,0.,1.));
#6876=IFCDIRECTION((1.,0.,0.));
#6877=IFCAXIS2PLACEMENT3D(#6874,#6875,#6876);
#6878=IFCEXTRUDEDAREASOLID(#6873,#6877,#6872,-400.);
#6879=IFCSHAPEREPRESENTATION(#11,'Body','SweptSolid',(#6878));
#6880=IFCPRODUCTDEFINITIONSHAPE($,$,(#6879));
#6886=IFCCARTESIANPOINT((8875.,12000.,9000.));
#6887=IFCDIRECTION((0.,0.,1.));
#6888=IFCDIRECTION((-1.8369701987210297E-16,-1.,0.));
#6889=IFCAXIS2PLACEMENT3D(#6886,#6887,#6888);
#6890=IFCLOCALPLACEMENT($,#6889);
#6891=IFCPROPERTYSET('31G79HBVXABhI5xJr9_Y7v',$,'Other',$,(#6893,#6894));
#6892=IFCRELDEFINESBYPROPERTIES('3DzB1fPk51VvU_RYXfaHyB',$,$,$,(#6869),#6891);
#6893=IFCPROPERTYSINGLEVALUE('Ax',$,IFCLABEL('0.001'),$);
#6894=IFCPROPERTYSINGLEVALUE('Ay',$,IFCLABEL('0.001'),$);
#6895=IFCBEAM('0rfudcOp54OfqIebr6zjK6',$,$,$,$,#6916,#6906,$,$);
#6896=IFCCARTESIANPOINTLIST2D(((0.,0.),(0.,250.),(6000.,250.),(6000.,0.),(0.,0.)));
#6897=IFCINDEXEDPOLYCURVE(#6896,$,.F.);
#6898=IFCDIRECTION((0.,0.,1.));
#6899=IFCARBITRARYCLOSEDPROFILEDEF(.AREA.,$,#6897);
#6900=IFCCARTESIANPOINT((0.,0.,0.));
#6901=IFCDIRECTION((0.,0.,1.));
#6902=IFCDIRECTION((1.,0.,0.));
#6903=IFCAXIS2PLACEMENT3D(#6900,#6901,#6902);
#6904=IFCEXTRUDEDAREASOLID(#6899,#6903,#6898,-400.);
#6905=IFCSHAPEREPRESENTATION(#11,'Body','SweptSolid',(#6904));
#6906=IFCPRODUCTDEFINITIONSHAPE($,$,(#6905));
#6912=IFCCARTESIANPOINT((14875.,18000.,9000.));
#6913=IFCDIRECTION((0.,0.,1.));
#6914=IFCDIRECTION((-1.8369701987210297E-16,-1.,0.));
#6915=IFCAXIS2PLACEMENT3D(#6912,#6913,#6914);
#6916=IFCLOCALPLACEMENT($,#6915);
#6917=IFCPROPERTYSET('0ahttf5g94OfHbTN8tNFOj',$,'Other',$,(#6919,#6920));
#6918=IFCRELDEFINESBYPROPERTIES('3ko1w6HmLFnu9vgc7HQtbV',$,$,$,(#6895),#6917);
#6919=IFCPROPERTYSINGLEVALUE('Ax',$,IFCLABEL('0.001'),$);
#6920=IFCPROPERTYSINGLEVALUE('Ay',$,IFCLABEL('0.001'),$);
#6921=IFCBEAM('2r6NpugizEnOk5rH829tSL',$,$,$,$,#6942,#6932,$,$);
#6922=IFCCARTESIANPOINTLIST2D(((0.,0.),(0.,250.),(6000.,250.),(6000.,0.),(0.,0.)));
#6923=IFCINDEXEDPOLYCURVE(#6922,$,.F.);
#6924=IFCDIRECTION((0.,0.,1.));
#6925=IFCARBITRARYCLOSEDPROFILEDEF(.AREA.,$,#6923);
#6926=IFCCARTESIANPOINT((0.,0.,0.));
#6927=IFCDIRECTION((0.,0.,1.));
#6928=IFCDIRECTION((1.,0.,0.));
#6929=IFCAXIS2PLACEMENT3D(#6926,#6927,#6928);
#6930=IFCEXTRUDEDAREASOLID(#6925,#6929,#6924,-400.);
#6931=IFCSHAPEREPRESENTATION(#11,'Body','SweptSolid',(#6930));
#6932=IFCPRODUCTDEFINITIONSHAPE($,$,(#6931));
#6938=IFCCARTESIANPOINT((14875.,12000.,9000.));
#6939=IFCDIRECTION((0.,0.,1.));
#6940=IFCDIRECTION((-1.8369701987210297E-16,-1.,0.));
#6941=IFCAXIS2PLACEMENT3D(#6938,#6939,#6940);
#6942=IFCLOCALPLACEMENT($,#6941);
#6943=IFCPROPERTYSET('2sC5N7lfz1puwUaRkNIkWk',$,'Other',$,(#6945,#6946));
#6944=IFCRELDEFINESBYPROPERTIES('0qKdw0TfnEGO1up_xblYTg',$,$,$,(#6921),#6943);
#6945=IFCPROPERTYSINGLEVALUE('Ax',$,IFCLABEL('0.001'),$);
#6946=IFCPROPERTYSINGLEVALUE('Ay',$,IFCLABEL('0.001'),$);
#6947=IFCBEAM('1VU8q9gonFNw6c9y6HVz0N',$,$,$,$,#6968,#6958,$,$);
#6948=IFCCARTESIANPOINTLIST2D(((0.,0.),(0.,250.),(6000.,250.),(6000.,0.),(0.,0.)));
#6949=IFCINDEXEDPOLYCURVE(#6948,$,.F.);
#6950=IFCDIRECTION((0.,0.,1.));
#6951=IFCARBITRARYCLOSEDPROFILEDEF(.AREA.,$,#6949);
#6952=IFCCARTESIANPOINT((0.,0.,0.));
#6953=IFCDIRECTION((0.,0.,1.));
#6954=IFCDIRECTION((1.,0.,0.));
#6955=IFCAXIS2PLACEMENT3D(#6952,#6953,#6954);
#6956=IFCEXTRUDEDAREASOLID(#6951,#6955,#6950,-400.);
#6957=IFCSHAPEREPRESENTATION(#11,'Body','SweptSolid',(#6956));
#6958=IFCPRODUCTDEFINITIONSHAPE($,$,(#6957));
#6964=IFCCARTESIANPOINT((14875.,6000.,9000.));
#6965=IFCDIRECTION((0.,0.,1.));
#6966=IFCDIRECTION((-1.8369701987210297E-16,-1.,0.));
#6967=IFCAXIS2PLACEMENT3D(#6964,#6965,#6966);
#6968=IFCLOCALPLACEMENT($,#6967);
#6969=IFCPROPERTYSET('3ZFwI9gYn5LgyEA5LR2ewZ',$,'Other',$,(#6971,#6972));
#6970=IFCRELDEFINESBYPROPERTIES('3AbD1Q$KnF0uYKxed4eEL_',$,$,$,(#6947),#6969);
#6971=IFCPROPERTYSINGLEVALUE('Ax',$,IFCLABEL('0.001'),$);
#6972=IFCPROPERTYSINGLEVALUE('Ay',$,IFCLABEL('0.001'),$);
#6973=IFCBEAM('2a1M0$rqfDd9FA6xDTeZBF',$,$,$,$,#6994,#6984,$,$);
#6974=IFCCARTESIANPOINTLIST2D(((0.,0.),(0.,250.),(6000.,250.),(6000.,0.),(0.,0.)));
#6975=IFCINDEXEDPOLYCURVE(#6974,$,.F.);
#6976=IFCDIRECTION((0.,0.,1.));
#6977=IFCARBITRARYCLOSEDPROFILEDEF(.AREA.,$,#6975);
#6978=IFCCARTESIANPOINT((0.,0.,0.));
#6979=IFCDIRECTION((0.,0.,1.));
#6980=IFCDIRECTION((1.,0.,0.));
#6981=IFCAXIS2PLACEMENT3D(#6978,#6979,#6980);
#6982=IFCEXTRUDEDAREASOLID(#6977,#6981,#6976,-400.);
#6983=IFCSHAPEREPRESENTATION(#11,'Body','SweptSolid',(#6982));
#6984=IFCPRODUCTDEFINITIONSHAPE($,$,(#6983));
#6990=IFCCARTESIANPOINT((20875.,18000.,9000.));
#6991=IFCDIRECTION((0.,0.,1.));
#6992=IFCDIRECTION((-1.8369701987210297E-16,-1.,0.));
#6993=IFCAXIS2PLACEMENT3D(#6990,#6991,#6992);
#6994=IFCLOCALPLACEMENT($,#6993);
#6995=IFCPROPERTYSET('1I__ZQh2vBMAtQSMRqop4u',$,'Other',$,(#6997,#6998));
#6996=IFCRELDEFINESBYPROPERTIES('1V6YeK141EfQggLRraX57t',$,$,$,(#6973),#6995);
#6997=IFCPROPERTYSINGLEVALUE('Ax',$,IFCLABEL('0.001'),$);
#6998=IFCPROPERTYSINGLEVALUE('Ay',$,IFCLABEL('0.001'),$);
#6999=IFCBEAM('0INhhoVeb3NOreNcxnGDVZ',$,$,$,$,#7020,#7010,$,$);
#7000=IFCCARTESIANPOINTLIST2D(((0.,0.),(0.,250.),(6000.,250.),(6000.,0.),(0.,0.)));
#7001=IFCINDEXEDPOLYCURVE(#7000,$,.F.);
#7002=IFCDIRECTION((0.,0.,1.));
#7003=IFCARBITRARYCLOSEDPROFILEDEF(.AREA.,$,#7001);
#7004=IFCCARTESIANPOINT((0.,0.,0.));
#7005=IFCDIRECTION((0.,0.,1.));
#7006=IFCDIRECTION((1.,0.,0.));
#7007=IFCAXIS2PLACEMENT3D(#7004,#7005,#7006);
#7008=IFCEXTRUDEDAREASOLID(#7003,#7007,#7002,-400.);
#7009=IFCSHAPEREPRESENTATION(#11,'Body','SweptSolid',(#7008));
#7010=IFCPRODUCTDEFINITIONSHAPE($,$,(#7009));
#7016=IFCCARTESIANPOINT((20875.,12000.,9000.));
#7017=IFCDIRECTION((0.,0.,1.));
#7018=IFCDIRECTION((-1.8369701987210297E-16,-1.,0.));
#7019=IFCAXIS2PLACEMENT3D(#7016,#7017,#7018);
#7020=IFCLOCALPLACEMENT($,#7019);
#7021=IFCPROPERTYSET('2JMJO1f359uhGpg6NzrxvF',$,'Other',$,(#7023,#7024));
#7022=IFCRELDEFINESBYPROPERTIES('1tE517njb9nAcLqH70ZHe6',$,$,$,(#6999),#7021);
#7023=IFCPROPERTYSINGLEVALUE('Ax',$,IFCLABEL('0.001'),$);
#7024=IFCPROPERTYSINGLEVALUE('Ay',$,IFCLABEL('0.001'),$);
#7025=IFCBEAM('1Qy9u33BvAIwRaA66fxGWh',$,$,$,$,#7046,#7036,$,$);
#7026=IFCCARTESIANPOINTLIST2D(((0.,0.),(0.,250.),(6000.,250.),(6000.,0.),(0.,0.)));
#7027=IFCINDEXEDPOLYCURVE(#7026,$,.F.);
#7028=IFCDIRECTION((0.,0.,1.));
#7029=IFCARBITRARYCLOSEDPROFILEDEF(.AREA.,$,#7027);
#7030=IFCCARTESIANPOINT((0.,0.,0.));
#7031=IFCDIRECTION((0.,0.,1.));
#7032=IFCDIRECTION((1.,0.,0.));
#7033=IFCAXIS2PLACEMENT3D(#7030,#7031,#7032);
#7034=IFCEXTRUDEDAREASOLID(#7029,#7033,#7028,-400.);
#7035=IFCSHAPEREPRESENTATION(#11,'Body','SweptSolid',(#7034));
#7036=IFCPRODUCTDEFINITIONSHAPE($,$,(#7035));
#7042=IFCCARTESIANPOINT((20875.,6000.,9000.));
#7043=IFCDIRECTION((0.,0.,1.));
#7044=IFCDIRECTION((-1.8369701987210297E-16,-1.,0.));
#7045=IFCAXIS2PLACEMENT3D(#7042,#7043,#7044);
#7046=IFCLOCALPLACEMENT($,#7045);
#7047=IFCPROPERTYSET('0pdg_cJhb71Okjeg4z3V1X',$,'Other',$,(#7049,#7050));
#7048=IFCRELDEFINESBYPROPERTIES('1v4EFFSAb368xbirglBRJZ',$,$,$,(#7025),#7047);
#7049=IFCPROPERTYSINGLEVALUE('Ax',$,IFCLABEL('0.001'),$);
#7050=IFCPROPERTYSINGLEVALUE('Ay',$,IFCLABEL('0.001'),$);
#7051=IFCBEAM('0pE0r7cJ5FTvP$u6Y2iWuY',$,$,$,$,#7072,#7062,$,$);
#7052=IFCCARTESIANPOINTLIST2D(((0.,0.),(0.,250.),(6000.,250.),(6000.,0.),(0.,0.)));
#7053=IFCINDEXEDPOLYCURVE(#7052,$,.F.);
#7054=IFCDIRECTION((0.,0.,1.));
#7055=IFCARBITRARYCLOSEDPROFILEDEF(.AREA.,$,#7053);
#7056=IFCCARTESIANPOINT((0.,0.,0.));
#7057=IFCDIRECTION((0.,0.,1.));
#7058=IFCDIRECTION((1.,0.,0.));
#7059=IFCAXIS2PLACEMENT3D(#7056,#7057,#7058);
#7060=IFCEXTRUDEDAREASOLID(#7055,#7059,#7054,-400.);
#7061=IFCSHAPEREPRESENTATION(#11,'Body','SweptSolid',(#7060));
#7062=IFCPRODUCTDEFINITIONSHAPE($,$,(#7061));
#7068=IFCCARTESIANPOINT((26875.,18000.,9000.));
#7069=IFCDIRECTION((0.,0.,1.));
#7070=IFCDIRECTION((-1.8369701987210297E-16,-1.,0.));
#7071=IFCAXIS2PLACEMENT3D(#7068,#7069,#7070);
#7072=IFCLOCALPLACEMENT($,#7071);
#7073=IFCPROPERTYSET('3w37153fzDThnxIY89lk$2',$,'Other',$,(#7075,#7076));
#7074=IFCRELDEFINESBYPROPERTIES('1uc4hGEVn2OQ$fdQOWL2Cx',$,$,$,(#7051),#7073);
#7075=IFCPROPERTYSINGLEVALUE('Ax',$,IFCLABEL('0.001'),$);
#7076=IFCPROPERTYSINGLEVALUE('Ay',$,IFCLABEL('0.001'),$);
#7077=IFCBEAM('36mzF04Zf1y9$r9KKtY$SF',$,$,$,$,#7098,#7088,$,$);
#7078=IFCCARTESIANPOINTLIST2D(((0.,0.),(0.,250.),(6000.,250.),(6000.,0.),(0.,0.)));
#7079=IFCINDEXEDPOLYCURVE(#7078,$,.F.);
#7080=IFCDIRECTION((0.,0.,1.));
#7081=IFCARBITRARYCLOSEDPROFILEDEF(.AREA.,$,#7079);
#7082=IFCCARTESIANPOINT((0.,0.,0.));
#7083=IFCDIRECTION((0.,0.,1.));
#7084=IFCDIRECTION((1.,0.,0.));
#7085=IFCAXIS2PLACEMENT3D(#7082,#7083,#7084);
#7086=IFCEXTRUDEDAREASOLID(#7081,#7085,#7080,-400.);
#7087=IFCSHAPEREPRESENTATION(#11,'Body','SweptSolid',(#7086));
#7088=IFCPRODUCTDEFINITIONSHAPE($,$,(#7087));
#7094=IFCCARTESIANPOINT((8875.,6000.,9000.));
#7095=IFCDIRECTION((0.,0.,1.));
#7096=IFCDIRECTION((-1.8369701987210297E-16,-1.,0.));
#7097=IFCAXIS2PLACEMENT3D(#7094,#7095,#7096);
#7098=IFCLOCALPLACEMENT($,#7097);
#7099=IFCPROPERTYSET('2oe8YJEfn3DfCDsPz26InL',$,'Other',$,(#7101,#7102));
#7100=IFCRELDEFINESBYPROPERTIES('1Eni4ntMD9$hThUw_nSQ$s',$,$,$,(#7077),#7099);
#7101=IFCPROPERTYSINGLEVALUE('Ax',$,IFCLABEL('0.001'),$);
#7102=IFCPROPERTYSINGLEVALUE('Ay',$,IFCLABEL('0.001'),$);
#7103=IFCBEAM('1trNTisfz7zOyKi2O8sNHw',$,$,$,$,#7124,#7114,$,$);
#7104=IFCCARTESIANPOINTLIST2D(((0.,0.),(0.,250.),(6000.,250.),(6000.,0.),(0.,0.)));
#7105=IFCINDEXEDPOLYCURVE(#7104,$,.F.);
#7106=IFCDIRECTION((0.,0.,1.));
#7107=IFCARBITRARYCLOSEDPROFILEDEF(.AREA.,$,#7105);
#7108=IFCCARTESIANPOINT((0.,0.,0.));
#7109=IFCDIRECTION((0.,0.,1.));
#7110=IFCDIRECTION((1.,0.,0.));
#7111=IFCAXIS2PLACEMENT3D(#7108,#7109,#7110);
#7112=IFCEXTRUDEDAREASOLID(#7107,#7111,#7106,-400.);
#7113=IFCSHAPEREPRESENTATION(#11,'Body','SweptSolid',(#7112));
#7114=IFCPRODUCTDEFINITIONSHAPE($,$,(#7113));
#7120=IFCCARTESIANPOINT((2875.,6000.,9000.));
#7121=IFCDIRECTION((0.,0.,1.));
#7122=IFCDIRECTION((-1.8369701987210297E-16,-1.,0.));
#7123=IFCAXIS2PLACEMENT3D(#7120,#7121,#7122);
#7124=IFCLOCALPLACEMENT($,#7123);
#7125=IFCPROPERTYSET('14cYKVx4DAOQjIomBAGhNI',$,'Other',$,(#7127,#7128));
#7126=IFCRELDEFINESBYPROPERTIES('3s4OkSk4z6BOYLUxWO$Lrd',$,$,$,(#7103),#7125);
#7127=IFCPROPERTYSINGLEVALUE('Ax',$,IFCLABEL('0.001'),$);
#7128=IFCPROPERTYSINGLEVALUE('Ay',$,IFCLABEL('0.001'),$);
#7129=IFCBEAM('26VR6bBmP5_eTQ_iRUMNnj',$,$,$,$,#7150,#7140,$,$);
#7130=IFCCARTESIANPOINTLIST2D(((0.,0.),(0.,250.),(6000.,250.),(6000.,0.),(0.,0.)));
#7131=IFCINDEXEDPOLYCURVE(#7130,$,.F.);
#7132=IFCDIRECTION((0.,0.,1.));
#7133=IFCARBITRARYCLOSEDPROFILEDEF(.AREA.,$,#7131);
#7134=IFCCARTESIANPOINT((0.,0.,0.));
#7135=IFCDIRECTION((0.,0.,1.));
#7136=IFCDIRECTION((1.,0.,0.));
#7137=IFCAXIS2PLACEMENT3D(#7134,#7135,#7136);
#7138=IFCEXTRUDEDAREASOLID(#7133,#7137,#7132,-400.);
#7139=IFCSHAPEREPRESENTATION(#11,'Body','SweptSolid',(#7138));
#7140=IFCPRODUCTDEFINITIONSHAPE($,$,(#7139));
#7146=IFCCARTESIANPOINT((26875.,12000.,9000.));
#7147=IFCDIRECTION((0.,0.,1.));
#7148=IFCDIRECTION((-1.8369701987210297E-16,-1.,0.));
#7149=IFCAXIS2PLACEMENT3D(#7146,#7147,#7148);
#7150=IFCLOCALPLACEMENT($,#7149);
#7151=IFCPROPERTYSET('2dyS3iUAH3O9hOuKVDESoA',$,'Other',$,(#7153,#7154));
#7152=IFCRELDEFINESBYPROPERTIES('37_1p$6Kr5r9t5OaJofaTh',$,$,$,(#7129),#7151);
#7153=IFCPROPERTYSINGLEVALUE('Ax',$,IFCLABEL('0.001'),$);
#7154=IFCPROPERTYSINGLEVALUE('Ay',$,IFCLABEL('0.001'),$);
#7155=IFCBEAM('0rl_nMrsP6_BPFpyYet5XF',$,$,$,$,#7176,#7166,$,$);
#7156=IFCCARTESIANPOINTLIST2D(((0.,0.),(0.,250.),(6000.,250.),(6000.,0.),(0.,0.)));
#7157=IFCINDEXEDPOLYCURVE(#7156,$,.F.);
#7158=IFCDIRECTION((0.,0.,1.));
#7159=IFCARBITRARYCLOSEDPROFILEDEF(.AREA.,$,#7157);
#7160=IFCCARTESIANPOINT((0.,0.,0.));
#7161=IFCDIRECTION((0.,0.,1.));
#7162=IFCDIRECTION((1.,0.,0.));
#7163=IFCAXIS2PLACEMENT3D(#7160,#7161,#7162);
#7164=IFCEXTRUDEDAREASOLID(#7159,#7163,#7158,-500.);
#7165=IFCSHAPEREPRESENTATION(#11,'Body','SweptSolid',(#7164));
#7166=IFCPRODUCTDEFINITIONSHAPE($,$,(#7165));
#7172=IFCCARTESIANPOINT((125.,6000.,6000.));
#7173=IFCDIRECTION((0.,0.,1.));
#7174=IFCDIRECTION((6.123233995736766E-17,1.,0.));
#7175=IFCAXIS2PLACEMENT3D(#7172,#7173,#7174);
#7176=IFCLOCALPLACEMENT($,#7175);
#7177=IFCPROPERTYSET('290grX50T3Xewg6BtaP5mL',$,'Other',$,(#7179,#7180));
#7178=IFCRELDEFINESBYPROPERTIES('0nAsdBN8f2RgTOfdLqGiD1',$,$,$,(#7155),#7177);
#7179=IFCPROPERTYSINGLEVALUE('Ax',$,IFCLABEL('0.001'),$);
#7180=IFCPROPERTYSINGLEVALUE('Ay',$,IFCLABEL('0.001'),$);
#7181=IFCBEAM('0q04_ntmfCc8SK$WFqoW1V',$,$,$,$,#7202,#7192,$,$);
#7182=IFCCARTESIANPOINTLIST2D(((0.,0.),(0.,250.),(6000.,250.),(6000.,0.),(0.,0.)));
#7183=IFCINDEXEDPOLYCURVE(#7182,$,.F.);
#7184=IFCDIRECTION((0.,0.,1.));
#7185=IFCARBITRARYCLOSEDPROFILEDEF(.AREA.,$,#7183);
#7186=IFCCARTESIANPOINT((0.,0.,0.));
#7187=IFCDIRECTION((0.,0.,1.));
#7188=IFCDIRECTION((1.,0.,0.));
#7189=IFCAXIS2PLACEMENT3D(#7186,#7187,#7188);
#7190=IFCEXTRUDEDAREASOLID(#7185,#7189,#7184,-500.);
#7191=IFCSHAPEREPRESENTATION(#11,'Body','SweptSolid',(#7190));
#7192=IFCPRODUCTDEFINITIONSHAPE($,$,(#7191));
#7198=IFCCARTESIANPOINT((125.,12000.,6000.));
#7199=IFCDIRECTION((0.,0.,1.));
#7200=IFCDIRECTION((6.123233995736766E-17,1.,0.));
#7201=IFCAXIS2PLACEMENT3D(#7198,#7199,#7200);
#7202=IFCLOCALPLACEMENT($,#7201);
#7203=IFCPROPERTYSET('3I4zQNHO9DbfOQKQFNUYd8',$,'Other',$,(#7205,#7206));
#7204=IFCRELDEFINESBYPROPERTIES('1HqXIm69z8hhquTgsitN5O',$,$,$,(#7181),#7203);
#7205=IFCPROPERTYSINGLEVALUE('Ax',$,IFCLABEL('0.001'),$);
#7206=IFCPROPERTYSINGLEVALUE('Ay',$,IFCLABEL('0.001'),$);
#7207=IFCBEAM('0JHAzxzgz1Fg6RZQbOM6Fh',$,$,$,$,#7228,#7218,$,$);
#7208=IFCCARTESIANPOINTLIST2D(((0.,0.),(0.,250.),(6000.,250.),(6000.,0.),(0.,0.)));
#7209=IFCINDEXEDPOLYCURVE(#7208,$,.F.);
#7210=IFCDIRECTION((0.,0.,1.));
#7211=IFCARBITRARYCLOSEDPROFILEDEF(.AREA.,$,#7209);
#7212=IFCCARTESIANPOINT((0.,0.,0.));
#7213=IFCDIRECTION((0.,0.,1.));
#7214=IFCDIRECTION((1.,0.,0.));
#7215=IFCAXIS2PLACEMENT3D(#7212,#7213,#7214);
#7216=IFCEXTRUDEDAREASOLID(#7211,#7215,#7210,-500.);
#7217=IFCSHAPEREPRESENTATION(#11,'Body','SweptSolid',(#7216));
#7218=IFCPRODUCTDEFINITIONSHAPE($,$,(#7217));
#7224=IFCCARTESIANPOINT((6125.,6000.,6000.));
#7225=IFCDIRECTION((0.,0.,1.));
#7226=IFCDIRECTION((6.123233995736766E-17,1.,0.));
#7227=IFCAXIS2PLACEMENT3D(#7224,#7225,#7226);
#7228=IFCLOCALPLACEMENT($,#7227);
#7229=IFCPROPERTYSET('0pwu_vYZP3WAAZamu9zvCS',$,'Other',$,(#7231,#7232));
#7230=IFCRELDEFINESBYPROPERTIES('1BVga04BX01hlc0U_1z85I',$,$,$,(#7207),#7229);
#7231=IFCPROPERTYSINGLEVALUE('Ax',$,IFCLABEL('0.001'),$);
#7232=IFCPROPERTYSINGLEVALUE('Ay',$,IFCLABEL('0.001'),$);
#7233=IFCBEAM('0SZfX$6RT2CuDsq4Jf0f3X',$,$,$,$,#7254,#7244,$,$);
#7234=IFCCARTESIANPOINTLIST2D(((0.,0.),(0.,250.),(6000.,250.),(6000.,0.),(0.,0.)));
#7235=IFCINDEXEDPOLYCURVE(#7234,$,.F.);
#7236=IFCDIRECTION((0.,0.,1.));
#7237=IFCARBITRARYCLOSEDPROFILEDEF(.AREA.,$,#7235);
#7238=IFCCARTESIANPOINT((0.,0.,0.));
#7239=IFCDIRECTION((0.,0.,1.));
#7240=IFCDIRECTION((1.,0.,0.));
#7241=IFCAXIS2PLACEMENT3D(#7238,#7239,#7240);
#7242=IFCEXTRUDEDAREASOLID(#7237,#7241,#7236,-500.);
#7243=IFCSHAPEREPRESENTATION(#11,'Body','SweptSolid',(#7242));
#7244=IFCPRODUCTDEFINITIONSHAPE($,$,(#7243));
#7250=IFCCARTESIANPOINT((6125.,12000.,6000.));
#7251=IFCDIRECTION((0.,0.,1.));
#7252=IFCDIRECTION((6.123233995736766E-17,1.,0.));
#7253=IFCAXIS2PLACEMENT3D(#7250,#7251,#7252);
#7254=IFCLOCALPLACEMENT($,#7253);
#7255=IFCPROPERTYSET('3UJXwu6Cf4dPCIZ1pQdfCO',$,'Other',$,(#7257,#7258));
#7256=IFCRELDEFINESBYPROPERTIES('1pWPH3uvnA$wVmN$EZYjLN',$,$,$,(#7233),#7255);
#7257=IFCPROPERTYSINGLEVALUE('Ax',$,IFCLABEL('0.001'),$);
#7258=IFCPROPERTYSINGLEVALUE('Ay',$,IFCLABEL('0.001'),$);
#7259=IFCBEAM('1OtfzYWUj1ife5YRnyU1C3',$,$,$,$,#7280,#7270,$,$);
#7260=IFCCARTESIANPOINTLIST2D(((0.,0.),(0.,250.),(6000.,250.),(6000.,0.),(0.,0.)));
#7261=IFCINDEXEDPOLYCURVE(#7260,$,.F.);
#7262=IFCDIRECTION((0.,0.,1.));
#7263=IFCARBITRARYCLOSEDPROFILEDEF(.AREA.,$,#7261);
#7264=IFCCARTESIANPOINT((0.,0.,0.));
#7265=IFCDIRECTION((0.,0.,1.));
#7266=IFCDIRECTION((1.,0.,0.));
#7267=IFCAXIS2PLACEMENT3D(#7264,#7265,#7266);
#7268=IFCEXTRUDEDAREASOLID(#7263,#7267,#7262,-500.);
#7269=IFCSHAPEREPRESENTATION(#11,'Body','SweptSolid',(#7268));
#7270=IFCPRODUCTDEFINITIONSHAPE($,$,(#7269));
#7276=IFCCARTESIANPOINT((12125.,-7.6540424946709578E-15,6000.));
#7277=IFCDIRECTION((0.,0.,1.));
#7278=IFCDIRECTION((6.123233995736766E-17,1.,0.));
#7279=IFCAXIS2PLACEMENT3D(#7276,#7277,#7278);
#7280=IFCLOCALPLACEMENT($,#7279);
#7281=IFCPROPERTYSET('11BML7oTD8BuXqjY63iGM3',$,'Other',$,(#7283,#7284));
#7282=IFCRELDEFINESBYPROPERTIES('3liqwFsVj3lwbMQBddh15G',$,$,$,(#7259),#7281);
#7283=IFCPROPERTYSINGLEVALUE('Ax',$,IFCLABEL('0.001'),$);
#7284=IFCPROPERTYSINGLEVALUE('Ay',$,IFCLABEL('0.001'),$);
#7285=IFCBEAM('3zD8noEwXALAAPStLpyxC6',$,$,$,$,#7306,#7296,$,$);
#7286=IFCCARTESIANPOINTLIST2D(((0.,0.),(0.,250.),(6000.,250.),(6000.,0.),(0.,0.)));
#7287=IFCINDEXEDPOLYCURVE(#7286,$,.F.);
#7288=IFCDIRECTION((0.,0.,1.));
#7289=IFCARBITRARYCLOSEDPROFILEDEF(.AREA.,$,#7287);
#7290=IFCCARTESIANPOINT((0.,0.,0.));
#7291=IFCDIRECTION((0.,0.,1.));
#7292=IFCDIRECTION((1.,0.,0.));
#7293=IFCAXIS2PLACEMENT3D(#7290,#7291,#7292);
#7294=IFCEXTRUDEDAREASOLID(#7289,#7293,#7288,-500.);
#7295=IFCSHAPEREPRESENTATION(#11,'Body','SweptSolid',(#7294));
#7296=IFCPRODUCTDEFINITIONSHAPE($,$,(#7295));
#7302=IFCCARTESIANPOINT((12125.,6000.,6000.));
#7303=IFCDIRECTION((0.,0.,1.));
#7304=IFCDIRECTION((6.123233995736766E-17,1.,0.));
#7305=IFCAXIS2PLACEMENT3D(#7302,#7303,#7304);
#7306=IFCLOCALPLACEMENT($,#7305);
#7307=IFCPROPERTYSET('2Qr1yyn6P5HBjRBLeMo0sd',$,'Other',$,(#7309,#7310));
#7308=IFCRELDEFINESBYPROPERTIES('2q$pdgEOn52wOKAcM0DfjO',$,$,$,(#7285),#7307);
#7309=IFCPROPERTYSINGLEVALUE('Ax',$,IFCLABEL('0.001'),$);
#7310=IFCPROPERTYSINGLEVALUE('Ay',$,IFCLABEL('0.001'),$);
#7311=IFCBEAM('0TkvxHmNbDW9CKMKjIoZHj',$,$,$,$,#7332,#7322,$,$);
#7312=IFCCARTESIANPOINTLIST2D(((0.,0.),(0.,250.),(6000.,250.),(6000.,0.),(0.,0.)));
#7313=IFCINDEXEDPOLYCURVE(#7312,$,.F.);
#7314=IFCDIRECTION((0.,0.,1.));
#7315=IFCARBITRARYCLOSEDPROFILEDEF(.AREA.,$,#7313);
#7316=IFCCARTESIANPOINT((0.,0.,0.));
#7317=IFCDIRECTION((0.,0.,1.));
#7318=IFCDIRECTION((1.,0.,0.));
#7319=IFCAXIS2PLACEMENT3D(#7316,#7317,#7318);
#7320=IFCEXTRUDEDAREASOLID(#7315,#7319,#7314,-500.);
#7321=IFCSHAPEREPRESENTATION(#11,'Body','SweptSolid',(#7320));
#7322=IFCPRODUCTDEFINITIONSHAPE($,$,(#7321));
#7328=IFCCARTESIANPOINT((12125.,12000.,6000.));
#7329=IFCDIRECTION((0.,0.,1.));
#7330=IFCDIRECTION((6.123233995736766E-17,1.,0.));
#7331=IFCAXIS2PLACEMENT3D(#7328,#7329,#7330);
#7332=IFCLOCALPLACEMENT($,#7331);
#7333=IFCPROPERTYSET('16KuSN2rvA9wy3O0YnGaXH',$,'Other',$,(#7335,#7336));
#7334=IFCRELDEFINESBYPROPERTIES('1dlxF0a3b2WeSo2VjV3iRV',$,$,$,(#7311),#7333);
#7335=IFCPROPERTYSINGLEVALUE('Ax',$,IFCLABEL('0.001'),$);
#7336=IFCPROPERTYSINGLEVALUE('Ay',$,IFCLABEL('0.001'),$);
#7337=IFCBEAM('3s$WNsRa53iOUtji0JznsK',$,$,$,$,#7358,#7348,$,$);
#7338=IFCCARTESIANPOINTLIST2D(((0.,0.),(0.,250.),(6000.,250.),(6000.,0.),(0.,0.)));
#7339=IFCINDEXEDPOLYCURVE(#7338,$,.F.);
#7340=IFCDIRECTION((0.,0.,1.));
#7341=IFCARBITRARYCLOSEDPROFILEDEF(.AREA.,$,#7339);
#7342=IFCCARTESIANPOINT((0.,0.,0.));
#7343=IFCDIRECTION((0.,0.,1.));
#7344=IFCDIRECTION((1.,0.,0.));
#7345=IFCAXIS2PLACEMENT3D(#7342,#7343,#7344);
#7346=IFCEXTRUDEDAREASOLID(#7341,#7345,#7340,-500.);
#7347=IFCSHAPEREPRESENTATION(#11,'Body','SweptSolid',(#7346));
#7348=IFCPRODUCTDEFINITIONSHAPE($,$,(#7347));
#7354=IFCCARTESIANPOINT((18125.,-7.6540424946709578E-15,6000.));
#7355=IFCDIRECTION((0.,0.,1.));
#7356=IFCDIRECTION((6.123233995736766E-17,1.,0.));
#7357=IFCAXIS2PLACEMENT3D(#7354,#7355,#7356);
#7358=IFCLOCALPLACEMENT($,#7357);
#7359=IFCPROPERTYSET('3qI_UakMn9xus$x1cyUx9Q',$,'Other',$,(#7361,#7362));
#7360=IFCRELDEFINESBYPROPERTIES('2hG2zShNLDLxiRyWsAgHH0',$,$,$,(#7337),#7359);
#7361=IFCPROPERTYSINGLEVALUE('Ax',$,IFCLABEL('0.001'),$);
#7362=IFCPROPERTYSINGLEVALUE('Ay',$,IFCLABEL('0.001'),$);
#7363=IFCBEAM('2Noa$0vgn73OsnOLjWpLgT',$,$,$,$,#7384,#7374,$,$);
#7364=IFCCARTESIANPOINTLIST2D(((0.,0.),(0.,250.),(6000.,250.),(6000.,0.),(0.,0.)));
#7365=IFCINDEXEDPOLYCURVE(#7364,$,.F.);
#7366=IFCDIRECTION((0.,0.,1.));
#7367=IFCARBITRARYCLOSEDPROFILEDEF(.AREA.,$,#7365);
#7368=IFCCARTESIANPOINT((0.,0.,0.));
#7369=IFCDIRECTION((0.,0.,1.));
#7370=IFCDIRECTION((1.,0.,0.));
#7371=IFCAXIS2PLACEMENT3D(#7368,#7369,#7370);
#7372=IFCEXTRUDEDAREASOLID(#7367,#7371,#7366,-500.);
#7373=IFCSHAPEREPRESENTATION(#11,'Body','SweptSolid',(#7372));
#7374=IFCPRODUCTDEFINITIONSHAPE($,$,(#7373));
#7380=IFCCARTESIANPOINT((18125.,6000.,6000.));
#7381=IFCDIRECTION((0.,0.,1.));
#7382=IFCDIRECTION((6.123233995736766E-17,1.,0.));
#7383=IFCAXIS2PLACEMENT3D(#7380,#7381,#7382);
#7384=IFCLOCALPLACEMENT($,#7383);
#7385=IFCPROPERTYSET('06AC$K6Db2kfQ57rA4GOV8',$,'Other',$,(#7387,#7388));
#7386=IFCRELDEFINESBYPROPERTIES('0mL9Eh_YrCagTDdFpvmG6e',$,$,$,(#7363),#7385);
#7387=IFCPROPERTYSINGLEVALUE('Ax',$,IFCLABEL('0.001'),$);
#7388=IFCPROPERTYSINGLEVALUE('Ay',$,IFCLABEL('0.001'),$);
#7389=IFCBEAM('38mfqaErj0IwgaSa99qka9',$,$,$,$,#7410,#7400,$,$);
#7390=IFCCARTESIANPOINTLIST2D(((0.,0.),(0.,250.),(6000.,250.),(6000.,0.),(0.,0.)));
#7391=IFCINDEXEDPOLYCURVE(#7390,$,.F.);
#7392=IFCDIRECTION((0.,0.,1.));
#7393=IFCARBITRARYCLOSEDPROFILEDEF(.AREA.,$,#7391);
#7394=IFCCARTESIANPOINT((0.,0.,0.));
#7395=IFCDIRECTION((0.,0.,1.));
#7396=IFCDIRECTION((1.,0.,0.));
#7397=IFCAXIS2PLACEMENT3D(#7394,#7395,#7396);
#7398=IFCEXTRUDEDAREASOLID(#7393,#7397,#7392,-500.);
#7399=IFCSHAPEREPRESENTATION(#11,'Body','SweptSolid',(#7398));
#7400=IFCPRODUCTDEFINITIONSHAPE($,$,(#7399));
#7406=IFCCARTESIANPOINT((18125.,12000.,6000.));
#7407=IFCDIRECTION((0.,0.,1.));
#7408=IFCDIRECTION((6.123233995736766E-17,1.,0.));
#7409=IFCAXIS2PLACEMENT3D(#7406,#7407,#7408);
#7410=IFCLOCALPLACEMENT($,#7409);
#7411=IFCPROPERTYSET('38SUrwrcj8bhizto6oNs3i',$,'Other',$,(#7413,#7414));
#7412=IFCRELDEFINESBYPROPERTIES('3YnAOshmD5s9jtCbStM6rY',$,$,$,(#7389),#7411);
#7413=IFCPROPERTYSINGLEVALUE('Ax',$,IFCLABEL('0.001'),$);
#7414=IFCPROPERTYSINGLEVALUE('Ay',$,IFCLABEL('0.001'),$);
#7415=IFCBEAM('3fWRAmhDrDR9DkGR1Na6mw',$,$,$,$,#7436,#7426,$,$);
#7416=IFCCARTESIANPOINTLIST2D(((0.,0.),(0.,250.),(6000.,250.),(6000.,0.),(0.,0.)));
#7417=IFCINDEXEDPOLYCURVE(#7416,$,.F.);
#7418=IFCDIRECTION((0.,0.,1.));
#7419=IFCARBITRARYCLOSEDPROFILEDEF(.AREA.,$,#7417);
#7420=IFCCARTESIANPOINT((0.,0.,0.));
#7421=IFCDIRECTION((0.,0.,1.));
#7422=IFCDIRECTION((1.,0.,0.));
#7423=IFCAXIS2PLACEMENT3D(#7420,#7421,#7422);
#7424=IFCEXTRUDEDAREASOLID(#7419,#7423,#7418,-500.);
#7425=IFCSHAPEREPRESENTATION(#11,'Body','SweptSolid',(#7424));
#7426=IFCPRODUCTDEFINITIONSHAPE($,$,(#7425));
#7432=IFCCARTESIANPOINT((24125.,-7.6540424946709578E-15,6000.));
#7433=IFCDIRECTION((0.,0.,1.));
#7434=IFCDIRECTION((6.123233995736766E-17,1.,0.));
#7435=IFCAXIS2PLACEMENT3D(#7432,#7433,#7434);
#7436=IFCLOCALPLACEMENT($,#7435);
#7437=IFCPROPERTYSET('0eRZ4lUnf1qPzAccH7nMQf',$,'Other',$,(#7439,#7440));
#7438=IFCRELDEFINESBYPROPERTIES('2mHlKSIWL5zhn3e2YcaOCV',$,$,$,(#7415),#7437);
#7439=IFCPROPERTYSINGLEVALUE('Ax',$,IFCLABEL('0.001'),$);
#7440=IFCPROPERTYSINGLEVALUE('Ay',$,IFCLABEL('0.001'),$);
#7441=IFCBEAM('3JCVepcpzDGRbt_$9qecOi',$,$,$,$,#7462,#7452,$,$);
#7442=IFCCARTESIANPOINTLIST2D(((0.,0.),(0.,250.),(6000.,250.),(6000.,0.),(0.,0.)));
#7443=IFCINDEXEDPOLYCURVE(#7442,$,.F.);
#7444=IFCDIRECTION((0.,0.,1.));
#7445=IFCARBITRARYCLOSEDPROFILEDEF(.AREA.,$,#7443);
#7446=IFCCARTESIANPOINT((0.,0.,0.));
#7447=IFCDIRECTION((0.,0.,1.));
#7448=IFCDIRECTION((1.,0.,0.));
#7449=IFCAXIS2PLACEMENT3D(#7446,#7447,#7448);
#7450=IFCEXTRUDEDAREASOLID(#7445,#7449,#7444,-500.);
#7451=IFCSHAPEREPRESENTATION(#11,'Body','SweptSolid',(#7450));
#7452=IFCPRODUCTDEFINITIONSHAPE($,$,(#7451));
#7458=IFCCARTESIANPOINT((24125.,6000.,6000.));
#7459=IFCDIRECTION((0.,0.,1.));
#7460=IFCDIRECTION((6.123233995736766E-17,1.,0.));
#7461=IFCAXIS2PLACEMENT3D(#7458,#7459,#7460);
#7462=IFCLOCALPLACEMENT($,#7461);
#7463=IFCPROPERTYSET('3xSyHyeJD4ERGeN4z$FWdx',$,'Other',$,(#7465,#7466));
#7464=IFCRELDEFINESBYPROPERTIES('3rdrijJw14kvhVxlxTp5Z0',$,$,$,(#7441),#7463);
#7465=IFCPROPERTYSINGLEVALUE('Ax',$,IFCLABEL('0.001'),$);
#7466=IFCPROPERTYSINGLEVALUE('Ay',$,IFCLABEL('0.001'),$);
#7467=IFCBEAM('3YXXHplOn8cPEKngWx_ays',$,$,$,$,#7488,#7478,$,$);
#7468=IFCCARTESIANPOINTLIST2D(((0.,0.),(0.,250.),(6000.,250.),(6000.,0.),(0.,0.)));
#7469=IFCINDEXEDPOLYCURVE(#7468,$,.F.);
#7470=IFCDIRECTION((0.,0.,1.));
#7471=IFCARBITRARYCLOSEDPROFILEDEF(.AREA.,$,#7469);
#7472=IFCCARTESIANPOINT((0.,0.,0.));
#7473=IFCDIRECTION((0.,0.,1.));
#7474=IFCDIRECTION((1.,0.,0.));
#7475=IFCAXIS2PLACEMENT3D(#7472,#7473,#7474);
#7476=IFCEXTRUDEDAREASOLID(#7471,#7475,#7470,-500.);
#7477=IFCSHAPEREPRESENTATION(#11,'Body','SweptSolid',(#7476));
#7478=IFCPRODUCTDEFINITIONSHAPE($,$,(#7477));
#7484=IFCCARTESIANPOINT((24125.,12000.,6000.));
#7485=IFCDIRECTION((0.,0.,1.));
#7486=IFCDIRECTION((6.123233995736766E-17,1.,0.));
#7487=IFCAXIS2PLACEMENT3D(#7484,#7485,#7486);
#7488=IFCLOCALPLACEMENT($,#7487);
#7489=IFCPROPERTYSET('3lOsq_Vmj9AQPqWpQbcCfr',$,'Other',$,(#7491,#7492));
#7490=IFCRELDEFINESBYPROPERTIES('12IpJTlGn7aREafU8yFizT',$,$,$,(#7467),#7489);
#7491=IFCPROPERTYSINGLEVALUE('Ax',$,IFCLABEL('0.001'),$);
#7492=IFCPROPERTYSINGLEVALUE('Ay',$,IFCLABEL('0.001'),$);
#7493=IFCBEAM('0knnl6zmTEXPHaDNttFudM',$,$,$,$,#7514,#7504,$,$);
#7494=IFCCARTESIANPOINTLIST2D(((0.,0.),(0.,250.),(6000.,250.),(6000.,0.),(0.,0.)));
#7495=IFCINDEXEDPOLYCURVE(#7494,$,.F.);
#7496=IFCDIRECTION((0.,0.,1.));
#7497=IFCARBITRARYCLOSEDPROFILEDEF(.AREA.,$,#7495);
#7498=IFCCARTESIANPOINT((0.,0.,0.));
#7499=IFCDIRECTION((0.,0.,1.));
#7500=IFCDIRECTION((1.,0.,0.));
#7501=IFCAXIS2PLACEMENT3D(#7498,#7499,#7500);
#7502=IFCEXTRUDEDAREASOLID(#7497,#7501,#7496,-400.);
#7503=IFCSHAPEREPRESENTATION(#11,'Body','SweptSolid',(#7502));
#7504=IFCPRODUCTDEFINITIONSHAPE($,$,(#7503));
#7510=IFCCARTESIANPOINT((30125.,12000.,6000.));
#7511=IFCDIRECTION((0.,0.,1.));
#7512=IFCDIRECTION((6.123233995736766E-17,1.,0.));
#7513=IFCAXIS2PLACEMENT3D(#7510,#7511,#7512);
#7514=IFCLOCALPLACEMENT($,#7513);
#7515=IFCPROPERTYSET('2mBP6gmq1EawQhp5$9au1r',$,'Other',$,(#7517,#7518));
#7516=IFCRELDEFINESBYPROPERTIES('2PlrSDU755LAW6LWeYPpH1',$,$,$,(#7493),#7515);
#7517=IFCPROPERTYSINGLEVALUE('Ax',$,IFCLABEL('0.001'),$);
#7518=IFCPROPERTYSINGLEVALUE('Ay',$,IFCLABEL('0.001'),$);
#7519=IFCBEAM('3lIJ1hPbj9Axo8EWBm3QgK',$,$,$,$,#7540,#7530,$,$);
#7520=IFCCARTESIANPOINTLIST2D(((0.,0.),(0.,250.),(6000.,250.),(6000.,0.),(0.,0.)));
#7521=IFCINDEXEDPOLYCURVE(#7520,$,.F.);
#7522=IFCDIRECTION((0.,0.,1.));
#7523=IFCARBITRARYCLOSEDPROFILEDEF(.AREA.,$,#7521);
#7524=IFCCARTESIANPOINT((0.,0.,0.));
#7525=IFCDIRECTION((0.,0.,1.));
#7526=IFCDIRECTION((1.,0.,0.));
#7527=IFCAXIS2PLACEMENT3D(#7524,#7525,#7526);
#7528=IFCEXTRUDEDAREASOLID(#7523,#7527,#7522,-500.);
#7529=IFCSHAPEREPRESENTATION(#11,'Body','SweptSolid',(#7528));
#7530=IFCPRODUCTDEFINITIONSHAPE($,$,(#7529));
#7536=IFCCARTESIANPOINT((0.,-125.,6000.));
#7537=IFCDIRECTION((0.,0.,1.));
#7538=IFCDIRECTION((1.,0.,0.));
#7539=IFCAXIS2PLACEMENT3D(#7536,#7537,#7538);
#7540=IFCLOCALPLACEMENT($,#7539);
#7541=IFCPROPERTYSET('0_cA3UKx91igPYG75JpjBR',$,'Other',$,(#7543,#7544));
#7542=IFCRELDEFINESBYPROPERTIES('25e5CnuLH67A1rN8UQExdw',$,$,$,(#7519),#7541);
#7543=IFCPROPERTYSINGLEVALUE('Ax',$,IFCLABEL('0.001'),$);
#7544=IFCPROPERTYSINGLEVALUE('Ay',$,IFCLABEL('0.001'),$);
#7545=IFCBEAM('1ByL2JMrb6$fNEm180b08H',$,$,$,$,#7566,#7556,$,$);
#7546=IFCCARTESIANPOINTLIST2D(((0.,0.),(0.,250.),(6000.,250.),(6000.,0.),(0.,0.)));
#7547=IFCINDEXEDPOLYCURVE(#7546,$,.F.);
#7548=IFCDIRECTION((0.,0.,1.));
#7549=IFCARBITRARYCLOSEDPROFILEDEF(.AREA.,$,#7547);
#7550=IFCCARTESIANPOINT((0.,0.,0.));
#7551=IFCDIRECTION((0.,0.,1.));
#7552=IFCDIRECTION((1.,0.,0.));
#7553=IFCAXIS2PLACEMENT3D(#7550,#7551,#7552);
#7554=IFCEXTRUDEDAREASOLID(#7549,#7553,#7548,-500.);
#7555=IFCSHAPEREPRESENTATION(#11,'Body','SweptSolid',(#7554));
#7556=IFCPRODUCTDEFINITIONSHAPE($,$,(#7555));
#7562=IFCCARTESIANPOINT((6000.,-125.,6000.));
#7563=IFCDIRECTION((0.,0.,1.));
#7564=IFCDIRECTION((1.,0.,0.));
#7565=IFCAXIS2PLACEMENT3D(#7562,#7563,#7564);
#7566=IFCLOCALPLACEMENT($,#7565);
#7567=IFCPROPERTYSET('00cBMk6fT8FBuulL7tBZQf',$,'Other',$,(#7569,#7570));
#7568=IFCRELDEFINESBYPROPERTIES('2N1KFLR8T6HBcMaypOBkkK',$,$,$,(#7545),#7567);
#7569=IFCPROPERTYSINGLEVALUE('Ax',$,IFCLABEL('0.001'),$);
#7570=IFCPROPERTYSINGLEVALUE('Ay',$,IFCLABEL('0.001'),$);
#7571=IFCBEAM('0rRMzl5T13svI6du1esCA5',$,$,$,$,#7592,#7582,$,$);
#7572=IFCCARTESIANPOINTLIST2D(((0.,0.),(0.,250.),(6000.,250.),(6000.,0.),(0.,0.)));
#7573=IFCINDEXEDPOLYCURVE(#7572,$,.F.);
#7574=IFCDIRECTION((0.,0.,1.));
#7575=IFCARBITRARYCLOSEDPROFILEDEF(.AREA.,$,#7573);
#7576=IFCCARTESIANPOINT((0.,0.,0.));
#7577=IFCDIRECTION((0.,0.,1.));
#7578=IFCDIRECTION((1.,0.,0.));
#7579=IFCAXIS2PLACEMENT3D(#7576,#7577,#7578);
#7580=IFCEXTRUDEDAREASOLID(#7575,#7579,#7574,-500.);
#7581=IFCSHAPEREPRESENTATION(#11,'Body','SweptSolid',(#7580));
#7582=IFCPRODUCTDEFINITIONSHAPE($,$,(#7581));
#7588=IFCCARTESIANPOINT((12000.,-125.,6000.));
#7589=IFCDIRECTION((0.,0.,1.));
#7590=IFCDIRECTION((1.,0.,0.));
#7591=IFCAXIS2PLACEMENT3D(#7588,#7589,#7590);
#7592=IFCLOCALPLACEMENT($,#7591);
#7593=IFCPROPERTYSET('0brYk_x$PCif1YxZOS8hs8',$,'Other',$,(#7595,#7596));
#7594=IFCRELDEFINESBYPROPERTIES('0Q7l_tpmLFEBoF41XttpiG',$,$,$,(#7571),#7593);
#7595=IFCPROPERTYSINGLEVALUE('Ax',$,IFCLABEL('0.001'),$);
#7596=IFCPROPERTYSINGLEVALUE('Ay',$,IFCLABEL('0.001'),$);
#7597=IFCBEAM('2uhjYEjX18TAwzLx6XieAK',$,$,$,$,#7618,#7608,$,$);
#7598=IFCCARTESIANPOINTLIST2D(((0.,0.),(0.,250.),(6000.,250.),(6000.,0.),(0.,0.)));
#7599=IFCINDEXEDPOLYCURVE(#7598,$,.F.);
#7600=IFCDIRECTION((0.,0.,1.));
#7601=IFCARBITRARYCLOSEDPROFILEDEF(.AREA.,$,#7599);
#7602=IFCCARTESIANPOINT((0.,0.,0.));
#7603=IFCDIRECTION((0.,0.,1.));
#7604=IFCDIRECTION((1.,0.,0.));
#7605=IFCAXIS2PLACEMENT3D(#7602,#7603,#7604);
#7606=IFCEXTRUDEDAREASOLID(#7601,#7605,#7600,-500.);
#7607=IFCSHAPEREPRESENTATION(#11,'Body','SweptSolid',(#7606));
#7608=IFCPRODUCTDEFINITIONSHAPE($,$,(#7607));
#7614=IFCCARTESIANPOINT((18000.,-125.,6000.));
#7615=IFCDIRECTION((0.,0.,1.));
#7616=IFCDIRECTION((1.,0.,0.));
#7617=IFCAXIS2PLACEMENT3D(#7614,#7615,#7616);
#7618=IFCLOCALPLACEMENT($,#7617);
#7619=IFCPROPERTYSET('3EX7DR$1DEkPD4jeEEAFLK',$,'Other',$,(#7621,#7622));
#7620=IFCRELDEFINESBYPROPERTIES('1X82DK3lz1ruDRFub0xBvL',$,$,$,(#7597),#7619);
#7621=IFCPROPERTYSINGLEVALUE('Ax',$,IFCLABEL('0.001'),$);
#7622=IFCPROPERTYSINGLEVALUE('Ay',$,IFCLABEL('0.001'),$);
#7623=IFCBEAM('0_yIa$LBP4SgRNC3UuntIq',$,$,$,$,#7644,#7634,$,$);
#7624=IFCCARTESIANPOINTLIST2D(((0.,0.),(0.,250.),(6000.,250.),(6000.,0.),(0.,0.)));
#7625=IFCINDEXEDPOLYCURVE(#7624,$,.F.);
#7626=IFCDIRECTION((0.,0.,1.));
#7627=IFCARBITRARYCLOSEDPROFILEDEF(.AREA.,$,#7625);
#7628=IFCCARTESIANPOINT((0.,0.,0.));
#7629=IFCDIRECTION((0.,0.,1.));
#7630=IFCDIRECTION((1.,0.,0.));
#7631=IFCAXIS2PLACEMENT3D(#7628,#7629,#7630);
#7632=IFCEXTRUDEDAREASOLID(#7627,#7631,#7626,-500.);
#7633=IFCSHAPEREPRESENTATION(#11,'Body','SweptSolid',(#7632));
#7634=IFCPRODUCTDEFINITIONSHAPE($,$,(#7633));
#7640=IFCCARTESIANPOINT((0.,5875.,6000.));
#7641=IFCDIRECTION((0.,0.,1.));
#7642=IFCDIRECTION((1.,0.,0.));
#7643=IFCAXIS2PLACEMENT3D(#7640,#7641,#7642);
#7644=IFCLOCALPLACEMENT($,#7643);
#7645=IFCPROPERTYSET('2wk1NIdWr8x9BQfy_B_LTG',$,'Other',$,(#7647,#7648));
#7646=IFCRELDEFINESBYPROPERTIES('33GzFQqxzD78QRyQxgT9E1',$,$,$,(#7623),#7645);
#7647=IFCPROPERTYSINGLEVALUE('Ax',$,IFCLABEL('0.001'),$);
#7648=IFCPROPERTYSINGLEVALUE('Ay',$,IFCLABEL('0.001'),$);
#7649=IFCBEAM('303OrBjLz9Bv2ud0to7Q$g',$,$,$,$,#7670,#7660,$,$);
#7650=IFCCARTESIANPOINTLIST2D(((0.,0.),(0.,250.),(6000.,250.),(6000.,0.),(0.,0.)));
#7651=IFCINDEXEDPOLYCURVE(#7650,$,.F.);
#7652=IFCDIRECTION((0.,0.,1.));
#7653=IFCARBITRARYCLOSEDPROFILEDEF(.AREA.,$,#7651);
#7654=IFCCARTESIANPOINT((0.,0.,0.));
#7655=IFCDIRECTION((0.,0.,1.));
#7656=IFCDIRECTION((1.,0.,0.));
#7657=IFCAXIS2PLACEMENT3D(#7654,#7655,#7656);
#7658=IFCEXTRUDEDAREASOLID(#7653,#7657,#7652,-500.);
#7659=IFCSHAPEREPRESENTATION(#11,'Body','SweptSolid',(#7658));
#7660=IFCPRODUCTDEFINITIONSHAPE($,$,(#7659));
#7666=IFCCARTESIANPOINT((6000.,5875.,6000.));
#7667=IFCDIRECTION((0.,0.,1.));
#7668=IFCDIRECTION((1.,0.,0.));
#7669=IFCAXIS2PLACEMENT3D(#7666,#7667,#7668);
#7670=IFCLOCALPLACEMENT($,#7669);
#7671=IFCPROPERTYSET('0jhcnjXZH7GwkdvfhTpRJx',$,'Other',$,(#7673,#7674));
#7672=IFCRELDEFINESBYPROPERTIES('1_cuUZx9X9Oxh7YRn0idez',$,$,$,(#7649),#7671);
#7673=IFCPROPERTYSINGLEVALUE('Ax',$,IFCLABEL('0.001'),$);
#7674=IFCPROPERTYSINGLEVALUE('Ay',$,IFCLABEL('0.001'),$);
#7675=IFCBEAM('25JIZW6gbCAfhke5Orge_9',$,$,$,$,#7696,#7686,$,$);
#7676=IFCCARTESIANPOINTLIST2D(((0.,0.),(0.,250.),(6000.,250.),(6000.,0.),(0.,0.)));
#7677=IFCINDEXEDPOLYCURVE(#7676,$,.F.);
#7678=IFCDIRECTION((0.,0.,1.));
#7679=IFCARBITRARYCLOSEDPROFILEDEF(.AREA.,$,#7677);
#7680=IFCCARTESIANPOINT((0.,0.,0.));
#7681=IFCDIRECTION((0.,0.,1.));
#7682=IFCDIRECTION((1.,0.,0.));
#7683=IFCAXIS2PLACEMENT3D(#7680,#7681,#7682);
#7684=IFCEXTRUDEDAREASOLID(#7679,#7683,#7678,-500.);
#7685=IFCSHAPEREPRESENTATION(#11,'Body','SweptSolid',(#7684));
#7686=IFCPRODUCTDEFINITIONSHAPE($,$,(#7685));
#7692=IFCCARTESIANPOINT((12000.,5875.,6000.));
#7693=IFCDIRECTION((0.,0.,1.));
#7694=IFCDIRECTION((1.,0.,0.));
#7695=IFCAXIS2PLACEMENT3D(#7692,#7693,#7694);
#7696=IFCLOCALPLACEMENT($,#7695);
#7697=IFCPROPERTYSET('0gdKr9aYL4Kvipjf6Bw1l3',$,'Other',$,(#7699,#7700));
#7698=IFCRELDEFINESBYPROPERTIES('2oltPgyv50IvxP5t2Vt0TN',$,$,$,(#7675),#7697);
#7699=IFCPROPERTYSINGLEVALUE('Ax',$,IFCLABEL('0.001'),$);
#7700=IFCPROPERTYSINGLEVALUE('Ay',$,IFCLABEL('0.001'),$);
#7701=IFCBEAM('3RcP8Gg4v0SR06Eu_P657n',$,$,$,$,#7722,#7712,$,$);
#7702=IFCCARTESIANPOINTLIST2D(((0.,0.),(0.,250.),(6000.,250.),(6000.,0.),(0.,0.)));
#7703=IFCINDEXEDPOLYCURVE(#7702,$,.F.);
#7704=IFCDIRECTION((0.,0.,1.));
#7705=IFCARBITRARYCLOSEDPROFILEDEF(.AREA.,$,#7703);
#7706=IFCCARTESIANPOINT((0.,0.,0.));
#7707=IFCDIRECTION((0.,0.,1.));
#7708=IFCDIRECTION((1.,0.,0.));
#7709=IFCAXIS2PLACEMENT3D(#7706,#7707,#7708);
#7710=IFCEXTRUDEDAREASOLID(#7705,#7709,#7704,-500.);
#7711=IFCSHAPEREPRESENTATION(#11,'Body','SweptSolid',(#7710));
#7712=IFCPRODUCTDEFINITIONSHAPE($,$,(#7711));
#7718=IFCCARTESIANPOINT((18000.,5875.,6000.));
#7719=IFCDIRECTION((0.,0.,1.));
#7720=IFCDIRECTION((1.,0.,0.));
#7721=IFCAXIS2PLACEMENT3D(#7718,#7719,#7720);
#7722=IFCLOCALPLACEMENT($,#7721);
#7723=IFCPROPERTYSET('3hs5S8tKbCWf5oYcpoYLpc',$,'Other',$,(#7725,#7726));
#7724=IFCRELDEFINESBYPROPERTIES('25ncqJsar9Ph$nK9LW5Bzz',$,$,$,(#7701),#7723);
#7725=IFCPROPERTYSINGLEVALUE('Ax',$,IFCLABEL('0.001'),$);
#7726=IFCPROPERTYSINGLEVALUE('Ay',$,IFCLABEL('0.001'),$);
#7727=IFCBEAM('0fIaUdV$HCxAGsl0ULHxfI',$,$,$,$,#7748,#7738,$,$);
#7728=IFCCARTESIANPOINTLIST2D(((0.,0.),(0.,250.),(6000.,250.),(6000.,0.),(0.,0.)));
#7729=IFCINDEXEDPOLYCURVE(#7728,$,.F.);
#7730=IFCDIRECTION((0.,0.,1.));
#7731=IFCARBITRARYCLOSEDPROFILEDEF(.AREA.,$,#7729);
#7732=IFCCARTESIANPOINT((0.,0.,0.));
#7733=IFCDIRECTION((0.,0.,1.));
#7734=IFCDIRECTION((1.,0.,0.));
#7735=IFCAXIS2PLACEMENT3D(#7732,#7733,#7734);
#7736=IFCEXTRUDEDAREASOLID(#7731,#7735,#7730,-500.);
#7737=IFCSHAPEREPRESENTATION(#11,'Body','SweptSolid',(#7736));
#7738=IFCPRODUCTDEFINITIONSHAPE($,$,(#7737));
#7744=IFCCARTESIANPOINT((24000.,5875.,6000.));
#7745=IFCDIRECTION((0.,0.,1.));
#7746=IFCDIRECTION((1.,0.,0.));
#7747=IFCAXIS2PLACEMENT3D(#7744,#7745,#7746);
#7748=IFCLOCALPLACEMENT($,#7747);
#7749=IFCPROPERTYSET('1ubo3Ou8f9qAz4vLq6uT0S',$,'Other',$,(#7751,#7752));
#7750=IFCRELDEFINESBYPROPERTIES('2WlrOe_Rv869si8df8YxaZ',$,$,$,(#7727),#7749);
#7751=IFCPROPERTYSINGLEVALUE('Ax',$,IFCLABEL('0.001'),$);
#7752=IFCPROPERTYSINGLEVALUE('Ay',$,IFCLABEL('0.001'),$);
#7753=IFCBEAM('2FxLGrHBfBIxRNYACoqNET',$,$,$,$,#7774,#7764,$,$);
#7754=IFCCARTESIANPOINTLIST2D(((0.,0.),(0.,250.),(6000.,250.),(6000.,0.),(0.,0.)));
#7755=IFCINDEXEDPOLYCURVE(#7754,$,.F.);
#7756=IFCDIRECTION((0.,0.,1.));
#7757=IFCARBITRARYCLOSEDPROFILEDEF(.AREA.,$,#7755);
#7758=IFCCARTESIANPOINT((0.,0.,0.));
#7759=IFCDIRECTION((0.,0.,1.));
#7760=IFCDIRECTION((1.,0.,0.));
#7761=IFCAXIS2PLACEMENT3D(#7758,#7759,#7760);
#7762=IFCEXTRUDEDAREASOLID(#7757,#7761,#7756,-500.);
#7763=IFCSHAPEREPRESENTATION(#11,'Body','SweptSolid',(#7762));
#7764=IFCPRODUCTDEFINITIONSHAPE($,$,(#7763));
#7770=IFCCARTESIANPOINT((0.,11875.,6000.));
#7771=IFCDIRECTION((0.,0.,1.));
#7772=IFCDIRECTION((1.,0.,0.));
#7773=IFCAXIS2PLACEMENT3D(#7770,#7771,#7772);
#7774=IFCLOCALPLACEMENT($,#7773);
#7775=IFCPROPERTYSET('2VVMJCHP99IRj9dz3BS7Jt',$,'Other',$,(#7777,#7778));
#7776=IFCRELDEFINESBYPROPERTIES('1PMg1VGjzDvhEIEfMv5p5z',$,$,$,(#7753),#7775);
#7777=IFCPROPERTYSINGLEVALUE('Ax',$,IFCLABEL('0.001'),$);
#7778=IFCPROPERTYSINGLEVALUE('Ay',$,IFCLABEL('0.001'),$);
#7779=IFCBEAM('2d3H7biNbBZB8YwPj1iqzM',$,$,$,$,#7800,#7790,$,$);
#7780=IFCCARTESIANPOINTLIST2D(((0.,0.),(0.,250.),(6000.,250.),(6000.,0.),(0.,0.)));
#7781=IFCINDEXEDPOLYCURVE(#7780,$,.F.);
#7782=IFCDIRECTION((0.,0.,1.));
#7783=IFCARBITRARYCLOSEDPROFILEDEF(.AREA.,$,#7781);
#7784=IFCCARTESIANPOINT((0.,0.,0.));
#7785=IFCDIRECTION((0.,0.,1.));
#7786=IFCDIRECTION((1.,0.,0.));
#7787=IFCAXIS2PLACEMENT3D(#7784,#7785,#7786);
#7788=IFCEXTRUDEDAREASOLID(#7783,#7787,#7782,-500.);
#7789=IFCSHAPEREPRESENTATION(#11,'Body','SweptSolid',(#7788));
#7790=IFCPRODUCTDEFINITIONSHAPE($,$,(#7789));
#7796=IFCCARTESIANPOINT((6000.,11875.,6000.));
#7797=IFCDIRECTION((0.,0.,1.));
#7798=IFCDIRECTION((1.,0.,0.));
#7799=IFCAXIS2PLACEMENT3D(#7796,#7797,#7798);
#7800=IFCLOCALPLACEMENT($,#7799);
#7801=IFCPROPERTYSET('1w2sCAIWvFsxI8jC_rDN2g',$,'Other',$,(#7803,#7804));
#7802=IFCRELDEFINESBYPROPERTIES('04lUG4Yc98lBQqgpPKLnTe',$,$,$,(#7779),#7801);
#7803=IFCPROPERTYSINGLEVALUE('Ax',$,IFCLABEL('0.001'),$);
#7804=IFCPROPERTYSINGLEVALUE('Ay',$,IFCLABEL('0.001'),$);
#7805=IFCBEAM('3IB64XjRz9Ehlqhl$9VKcl',$,$,$,$,#7826,#7816,$,$);
#7806=IFCCARTESIANPOINTLIST2D(((0.,0.),(0.,250.),(6000.,250.),(6000.,0.),(0.,0.)));
#7807=IFCINDEXEDPOLYCURVE(#7806,$,.F.);
#7808=IFCDIRECTION((0.,0.,1.));
#7809=IFCARBITRARYCLOSEDPROFILEDEF(.AREA.,$,#7807);
#7810=IFCCARTESIANPOINT((0.,0.,0.));
#7811=IFCDIRECTION((0.,0.,1.));
#7812=IFCDIRECTION((1.,0.,0.));
#7813=IFCAXIS2PLACEMENT3D(#7810,#7811,#7812);
#7814=IFCEXTRUDEDAREASOLID(#7809,#7813,#7808,-500.);
#7815=IFCSHAPEREPRESENTATION(#11,'Body','SweptSolid',(#7814));
#7816=IFCPRODUCTDEFINITIONSHAPE($,$,(#7815));
#7822=IFCCARTESIANPOINT((12000.,11875.,6000.));
#7823=IFCDIRECTION((0.,0.,1.));
#7824=IFCDIRECTION((1.,0.,0.));
#7825=IFCAXIS2PLACEMENT3D(#7822,#7823,#7824);
#7826=IFCLOCALPLACEMENT($,#7825);
#7827=IFCPROPERTYSET('3whbdm4l95RBKuI3zNjWjT',$,'Other',$,(#7829,#7830));
#7828=IFCRELDEFINESBYPROPERTIES('1tY5VZmb59ZRoYUVducjGb',$,$,$,(#7805),#7827);
#7829=IFCPROPERTYSINGLEVALUE('Ax',$,IFCLABEL('0.001'),$);
#7830=IFCPROPERTYSINGLEVALUE('Ay',$,IFCLABEL('0.001'),$);
#7831=IFCBEAM('1nFnKxnGDEmw18knNEreg$',$,$,$,$,#7852,#7842,$,$);
#7832=IFCCARTESIANPOINTLIST2D(((0.,0.),(0.,250.),(6000.,250.),(6000.,0.),(0.,0.)));
#7833=IFCINDEXEDPOLYCURVE(#7832,$,.F.);
#7834=IFCDIRECTION((0.,0.,1.));
#7835=IFCARBITRARYCLOSEDPROFILEDEF(.AREA.,$,#7833);
#7836=IFCCARTESIANPOINT((0.,0.,0.));
#7837=IFCDIRECTION((0.,0.,1.));
#7838=IFCDIRECTION((1.,0.,0.));
#7839=IFCAXIS2PLACEMENT3D(#7836,#7837,#7838);
#7840=IFCEXTRUDEDAREASOLID(#7835,#7839,#7834,-500.);
#7841=IFCSHAPEREPRESENTATION(#11,'Body','SweptSolid',(#7840));
#7842=IFCPRODUCTDEFINITIONSHAPE($,$,(#7841));
#7848=IFCCARTESIANPOINT((18000.,11875.,6000.));
#7849=IFCDIRECTION((0.,0.,1.));
#7850=IFCDIRECTION((1.,0.,0.));
#7851=IFCAXIS2PLACEMENT3D(#7848,#7849,#7850);
#7852=IFCLOCALPLACEMENT($,#7851);
#7853=IFCPROPERTYSET('2_ZhwgLYT8CBPoyAKtDC5U',$,'Other',$,(#7855,#7856));
#7854=IFCRELDEFINESBYPROPERTIES('1nrb157cTEhvYwfOALSViv',$,$,$,(#7831),#7853);
#7855=IFCPROPERTYSINGLEVALUE('Ax',$,IFCLABEL('0.001'),$);
#7856=IFCPROPERTYSINGLEVALUE('Ay',$,IFCLABEL('0.001'),$);
#7857=IFCBEAM('3_O3LnlwX98RCLiisuM1WP',$,$,$,$,#7878,#7868,$,$);
#7858=IFCCARTESIANPOINTLIST2D(((0.,0.),(0.,250.),(6000.,250.),(6000.,0.),(0.,0.)));
#7859=IFCINDEXEDPOLYCURVE(#7858,$,.F.);
#7860=IFCDIRECTION((0.,0.,1.));
#7861=IFCARBITRARYCLOSEDPROFILEDEF(.AREA.,$,#7859);
#7862=IFCCARTESIANPOINT((0.,0.,0.));
#7863=IFCDIRECTION((0.,0.,1.));
#7864=IFCDIRECTION((1.,0.,0.));
#7865=IFCAXIS2PLACEMENT3D(#7862,#7863,#7864);
#7866=IFCEXTRUDEDAREASOLID(#7861,#7865,#7860,-500.);
#7867=IFCSHAPEREPRESENTATION(#11,'Body','SweptSolid',(#7866));
#7868=IFCPRODUCTDEFINITIONSHAPE($,$,(#7867));
#7874=IFCCARTESIANPOINT((0.,17875.,6000.));
#7875=IFCDIRECTION((0.,0.,1.));
#7876=IFCDIRECTION((1.,0.,0.));
#7877=IFCAXIS2PLACEMENT3D(#7874,#7875,#7876);
#7878=IFCLOCALPLACEMENT($,#7877);
#7879=IFCPROPERTYSET('0L$k5GoSX5UO8XzzQee6Co',$,'Other',$,(#7881,#7882));
#7880=IFCRELDEFINESBYPROPERTIES('1kRFcY1or1XxazTITbjeZh',$,$,$,(#7857),#7879);
#7881=IFCPROPERTYSINGLEVALUE('Ax',$,IFCLABEL('0.001'),$);
#7882=IFCPROPERTYSINGLEVALUE('Ay',$,IFCLABEL('0.001'),$);
#7883=IFCBEAM('1HS$yVgan3ph$Mwm_C3FMP',$,$,$,$,#7904,#7894,$,$);
#7884=IFCCARTESIANPOINTLIST2D(((0.,0.),(0.,250.),(6000.,250.),(6000.,0.),(0.,0.)));
#7885=IFCINDEXEDPOLYCURVE(#7884,$,.F.);
#7886=IFCDIRECTION((0.,0.,1.));
#7887=IFCARBITRARYCLOSEDPROFILEDEF(.AREA.,$,#7885);
#7888=IFCCARTESIANPOINT((0.,0.,0.));
#7889=IFCDIRECTION((0.,0.,1.));
#7890=IFCDIRECTION((1.,0.,0.));
#7891=IFCAXIS2PLACEMENT3D(#7888,#7889,#7890);
#7892=IFCEXTRUDEDAREASOLID(#7887,#7891,#7886,-500.);
#7893=IFCSHAPEREPRESENTATION(#11,'Body','SweptSolid',(#7892));
#7894=IFCPRODUCTDEFINITIONSHAPE($,$,(#7893));
#7900=IFCCARTESIANPOINT((6000.,17875.,6000.));
#7901=IFCDIRECTION((0.,0.,1.));
#7902=IFCDIRECTION((1.,0.,0.));
#7903=IFCAXIS2PLACEMENT3D(#7900,#7901,#7902);
#7904=IFCLOCALPLACEMENT($,#7903);
#7905=IFCPROPERTYSET('3amH68VLz0VABdH6yw4Ujt',$,'Other',$,(#7907,#7908));
#7906=IFCRELDEFINESBYPROPERTIES('0hENTBxlLDYB8JUZ33Q9Ll',$,$,$,(#7883),#7905);
#7907=IFCPROPERTYSINGLEVALUE('Ax',$,IFCLABEL('0.001'),$);
#7908=IFCPROPERTYSINGLEVALUE('Ay',$,IFCLABEL('0.001'),$);
#7909=IFCBEAM('3wFOwgarzDbQCqHOc2rAAR',$,$,$,$,#7930,#7920,$,$);
#7910=IFCCARTESIANPOINTLIST2D(((0.,0.),(0.,250.),(6000.,250.),(6000.,0.),(0.,0.)));
#7911=IFCINDEXEDPOLYCURVE(#7910,$,.F.);
#7912=IFCDIRECTION((0.,0.,1.));
#7913=IFCARBITRARYCLOSEDPROFILEDEF(.AREA.,$,#7911);
#7914=IFCCARTESIANPOINT((0.,0.,0.));
#7915=IFCDIRECTION((0.,0.,1.));
#7916=IFCDIRECTION((1.,0.,0.));
#7917=IFCAXIS2PLACEMENT3D(#7914,#7915,#7916);
#7918=IFCEXTRUDEDAREASOLID(#7913,#7917,#7912,-500.);
#7919=IFCSHAPEREPRESENTATION(#11,'Body','SweptSolid',(#7918));
#7920=IFCPRODUCTDEFINITIONSHAPE($,$,(#7919));
#7926=IFCCARTESIANPOINT((12000.,17875.,6000.));
#7927=IFCDIRECTION((0.,0.,1.));
#7928=IFCDIRECTION((1.,0.,0.));
#7929=IFCAXIS2PLACEMENT3D(#7926,#7927,#7928);
#7930=IFCLOCALPLACEMENT($,#7929);
#7931=IFCPROPERTYSET('27w0L8ek5FRAOOeJDiaCZq',$,'Other',$,(#7933,#7934));
#7932=IFCRELDEFINESBYPROPERTIES('3cLaU8J3b9JA9hrQpkIbBK',$,$,$,(#7909),#7931);
#7933=IFCPROPERTYSINGLEVALUE('Ax',$,IFCLABEL('0.001'),$);
#7934=IFCPROPERTYSINGLEVALUE('Ay',$,IFCLABEL('0.001'),$);
#7935=IFCBEAM('1lLRKiclrF7QTh3L7WhBN7',$,$,$,$,#7956,#7946,$,$);
#7936=IFCCARTESIANPOINTLIST2D(((0.,0.),(0.,250.),(6000.,250.),(6000.,0.),(0.,0.)));
#7937=IFCINDEXEDPOLYCURVE(#7936,$,.F.);
#7938=IFCDIRECTION((0.,0.,1.));
#7939=IFCARBITRARYCLOSEDPROFILEDEF(.AREA.,$,#7937);
#7940=IFCCARTESIANPOINT((0.,0.,0.));
#7941=IFCDIRECTION((0.,0.,1.));
#7942=IFCDIRECTION((1.,0.,0.));
#7943=IFCAXIS2PLACEMENT3D(#7940,#7941,#7942);
#7944=IFCEXTRUDEDAREASOLID(#7939,#7943,#7938,-500.);
#7945=IFCSHAPEREPRESENTATION(#11,'Body','SweptSolid',(#7944));
#7946=IFCPRODUCTDEFINITIONSHAPE($,$,(#7945));
#7952=IFCCARTESIANPOINT((18000.,17875.,6000.));
#7953=IFCDIRECTION((0.,0.,1.));
#7954=IFCDIRECTION((1.,0.,0.));
#7955=IFCAXIS2PLACEMENT3D(#7952,#7953,#7954);
#7956=IFCLOCALPLACEMENT($,#7955);
#7957=IFCPROPERTYSET('2oAymBv6r9$OxIO3b98Zl9',$,'Other',$,(#7959,#7960));
#7958=IFCRELDEFINESBYPROPERTIES('2p_YAmh8v7XuTKhmYZ2X_8',$,$,$,(#7935),#7957);
#7959=IFCPROPERTYSINGLEVALUE('Ax',$,IFCLABEL('0.001'),$);
#7960=IFCPROPERTYSINGLEVALUE('Ay',$,IFCLABEL('0.001'),$);
#7961=IFCBEAM('3nKdLeA4T3tA10aF4mJWzf',$,$,$,$,#7982,#7972,$,$);
#7962=IFCCARTESIANPOINTLIST2D(((0.,0.),(0.,250.),(6000.,250.),(6000.,0.),(0.,0.)));
#7963=IFCINDEXEDPOLYCURVE(#7962,$,.F.);
#7964=IFCDIRECTION((0.,0.,1.));
#7965=IFCARBITRARYCLOSEDPROFILEDEF(.AREA.,$,#7963);
#7966=IFCCARTESIANPOINT((0.,0.,0.));
#7967=IFCDIRECTION((0.,0.,1.));
#7968=IFCDIRECTION((1.,0.,0.));
#7969=IFCAXIS2PLACEMENT3D(#7966,#7967,#7968);
#7970=IFCEXTRUDEDAREASOLID(#7965,#7969,#7964,-500.);
#7971=IFCSHAPEREPRESENTATION(#11,'Body','SweptSolid',(#7970));
#7972=IFCPRODUCTDEFINITIONSHAPE($,$,(#7971));
#7978=IFCCARTESIANPOINT((24000.,17875.,6000.));
#7979=IFCDIRECTION((0.,0.,1.));
#7980=IFCDIRECTION((1.,0.,0.));
#7981=IFCAXIS2PLACEMENT3D(#7978,#7979,#7980);
#7982=IFCLOCALPLACEMENT($,#7981);
#7983=IFCPROPERTYSET('1ijyNcHuL7B9$OWOt31oXi',$,'Other',$,(#7985,#7986));
#7984=IFCRELDEFINESBYPROPERTIES('1tW$N$7oL7E8f5WCI7k4fs',$,$,$,(#7961),#7983);
#7985=IFCPROPERTYSINGLEVALUE('Ax',$,IFCLABEL('0.001'),$);
#7986=IFCPROPERTYSINGLEVALUE('Ay',$,IFCLABEL('0.001'),$);
#7987=IFCBEAM('1YRyaNMor0xx0RjSZBFncN',$,$,$,$,#8008,#7998,$,$);
#7988=IFCCARTESIANPOINTLIST2D(((0.,0.),(0.,250.),(6000.,250.),(6000.,0.),(0.,0.)));
#7989=IFCINDEXEDPOLYCURVE(#7988,$,.F.);
#7990=IFCDIRECTION((0.,0.,1.));
#7991=IFCARBITRARYCLOSEDPROFILEDEF(.AREA.,$,#7989);
#7992=IFCCARTESIANPOINT((0.,0.,0.));
#7993=IFCDIRECTION((0.,0.,1.));
#7994=IFCDIRECTION((1.,0.,0.));
#7995=IFCAXIS2PLACEMENT3D(#7992,#7993,#7994);
#7996=IFCEXTRUDEDAREASOLID(#7991,#7995,#7990,-400.);
#7997=IFCSHAPEREPRESENTATION(#11,'Body','SweptSolid',(#7996));
#7998=IFCPRODUCTDEFINITIONSHAPE($,$,(#7997));
#8004=IFCCARTESIANPOINT((2875.,18000.,6000.));
#8005=IFCDIRECTION((0.,0.,1.));
#8006=IFCDIRECTION((-1.8369701987210297E-16,-1.,0.));
#8007=IFCAXIS2PLACEMENT3D(#8004,#8005,#8006);
#8008=IFCLOCALPLACEMENT($,#8007);
#8009=IFCPROPERTYSET('2sDz7Z09P6BRW2UlcJ2Ybs',$,'Other',$,(#8011,#8012));
#8010=IFCRELDEFINESBYPROPERTIES('0I2wi6Ukv1jONpPsD6yxwl',$,$,$,(#7987),#8009);
#8011=IFCPROPERTYSINGLEVALUE('Ax',$,IFCLABEL('0.001'),$);
#8012=IFCPROPERTYSINGLEVALUE('Ay',$,IFCLABEL('0.001'),$);
#8013=IFCBEAM('0EP0oGi6n0fQY3$Z4cGhXN',$,$,$,$,#8034,#8024,$,$);
#8014=IFCCARTESIANPOINTLIST2D(((0.,0.),(0.,250.),(6000.,250.),(6000.,0.),(0.,0.)));
#8015=IFCINDEXEDPOLYCURVE(#8014,$,.F.);
#8016=IFCDIRECTION((0.,0.,1.));
#8017=IFCARBITRARYCLOSEDPROFILEDEF(.AREA.,$,#8015);
#8018=IFCCARTESIANPOINT((0.,0.,0.));
#8019=IFCDIRECTION((0.,0.,1.));
#8020=IFCDIRECTION((1.,0.,0.));
#8021=IFCAXIS2PLACEMENT3D(#8018,#8019,#8020);
#8022=IFCEXTRUDEDAREASOLID(#8017,#8021,#8016,-400.);
#8023=IFCSHAPEREPRESENTATION(#11,'Body','SweptSolid',(#8022));
#8024=IFCPRODUCTDEFINITIONSHAPE($,$,(#8023));
#8030=IFCCARTESIANPOINT((2875.,12000.,6000.));
#8031=IFCDIRECTION((0.,0.,1.));
#8032=IFCDIRECTION((-1.8369701987210297E-16,-1.,0.));
#8033=IFCAXIS2PLACEMENT3D(#8030,#8031,#8032);
#8034=IFCLOCALPLACEMENT($,#8033);
#8035=IFCPROPERTYSET('332uxv2LDCDwfMG3WJ8dSH',$,'Other',$,(#8037,#8038));
#8036=IFCRELDEFINESBYPROPERTIES('1r4KUnD6f6vRJrAF4pYhid',$,$,$,(#8013),#8035);
#8037=IFCPROPERTYSINGLEVALUE('Ax',$,IFCLABEL('0.001'),$);
#8038=IFCPROPERTYSINGLEVALUE('Ay',$,IFCLABEL('0.001'),$);
#8039=IFCBEAM('0sXXIYpEfFFP$dk3oV9_Y9',$,$,$,$,#8060,#8050,$,$);
#8040=IFCCARTESIANPOINTLIST2D(((0.,0.),(0.,250.),(6000.,250.),(6000.,0.),(0.,0.)));
#8041=IFCINDEXEDPOLYCURVE(#8040,$,.F.);
#8042=IFCDIRECTION((0.,0.,1.));
#8043=IFCARBITRARYCLOSEDPROFILEDEF(.AREA.,$,#8041);
#8044=IFCCARTESIANPOINT((0.,0.,0.));
#8045=IFCDIRECTION((0.,0.,1.));
#8046=IFCDIRECTION((1.,0.,0.));
#8047=IFCAXIS2PLACEMENT3D(#8044,#8045,#8046);
#8048=IFCEXTRUDEDAREASOLID(#8043,#8047,#8042,-400.);
#8049=IFCSHAPEREPRESENTATION(#11,'Body','SweptSolid',(#8048));
#8050=IFCPRODUCTDEFINITIONSHAPE($,$,(#8049));
#8056=IFCCARTESIANPOINT((8875.,18000.,6000.));
#8057=IFCDIRECTION((0.,0.,1.));
#8058=IFCDIRECTION((-1.8369701987210297E-16,-1.,0.));
#8059=IFCAXIS2PLACEMENT3D(#8056,#8057,#8058);
#8060=IFCLOCALPLACEMENT($,#8059);
#8061=IFCPROPERTYSET('1hpP1_hVz2Yw8bbyb7obPA',$,'Other',$,(#8063,#8064));
#8062=IFCRELDEFINESBYPROPERTIES('1ObRAn4vXDAhvEAZ8I3D0Y',$,$,$,(#8039),#8061);
#8063=IFCPROPERTYSINGLEVALUE('Ax',$,IFCLABEL('0.001'),$);
#8064=IFCPROPERTYSINGLEVALUE('Ay',$,IFCLABEL('0.001'),$);
#8065=IFCBEAM('0Q4BRk5gDCf9ROyxdM7gJW',$,$,$,$,#8086,#8076,$,$);
#8066=IFCCARTESIANPOINTLIST2D(((0.,0.),(0.,250.),(6000.,250.),(6000.,0.),(0.,0.)));
#8067=IFCINDEXEDPOLYCURVE(#8066,$,.F.);
#8068=IFCDIRECTION((0.,0.,1.));
#8069=IFCARBITRARYCLOSEDPROFILEDEF(.AREA.,$,#8067);
#8070=IFCCARTESIANPOINT((0.,0.,0.));
#8071=IFCDIRECTION((0.,0.,1.));
#8072=IFCDIRECTION((1.,0.,0.));
#8073=IFCAXIS2PLACEMENT3D(#8070,#8071,#8072);
#8074=IFCEXTRUDEDAREASOLID(#8069,#8073,#8068,-400.);
#8075=IFCSHAPEREPRESENTATION(#11,'Body','SweptSolid',(#8074));
#8076=IFCPRODUCTDEFINITIONSHAPE($,$,(#8075));
#8082=IFCCARTESIANPOINT((8875.,12000.,6000.));
#8083=IFCDIRECTION((0.,0.,1.));
#8084=IFCDIRECTION((-1.8369701987210297E-16,-1.,0.));
#8085=IFCAXIS2PLACEMENT3D(#8082,#8083,#8084);
#8086=IFCLOCALPLACEMENT($,#8085);
#8087=IFCPROPERTYSET('3ia$aFt_v7RfsHH7mhxeik',$,'Other',$,(#8089,#8090));
#8088=IFCRELDEFINESBYPROPERTIES('3gAx0WHyT06vkzCPD$6bCX',$,$,$,(#8065),#8087);
#8089=IFCPROPERTYSINGLEVALUE('Ax',$,IFCLABEL('0.001'),$);
#8090=IFCPROPERTYSINGLEVALUE('Ay',$,IFCLABEL('0.001'),$);
#8091=IFCBEAM('3jHMvrfv5998GsBJSU2CMm',$,$,$,$,#8112,#8102,$,$);
#8092=IFCCARTESIANPOINTLIST2D(((0.,0.),(0.,250.),(6000.,250.),(6000.,0.),(0.,0.)));
#8093=IFCINDEXEDPOLYCURVE(#8092,$,.F.);
#8094=IFCDIRECTION((0.,0.,1.));
#8095=IFCARBITRARYCLOSEDPROFILEDEF(.AREA.,$,#8093);
#8096=IFCCARTESIANPOINT((0.,0.,0.));
#8097=IFCDIRECTION((0.,0.,1.));
#8098=IFCDIRECTION((1.,0.,0.));
#8099=IFCAXIS2PLACEMENT3D(#8096,#8097,#8098);
#8100=IFCEXTRUDEDAREASOLID(#8095,#8099,#8094,-400.);
#8101=IFCSHAPEREPRESENTATION(#11,'Body','SweptSolid',(#8100));
#8102=IFCPRODUCTDEFINITIONSHAPE($,$,(#8101));
#8108=IFCCARTESIANPOINT((14875.,18000.,6000.));
#8109=IFCDIRECTION((0.,0.,1.));
#8110=IFCDIRECTION((-1.8369701987210297E-16,-1.,0.));
#8111=IFCAXIS2PLACEMENT3D(#8108,#8109,#8110);
#8112=IFCLOCALPLACEMENT($,#8111);
#8113=IFCPROPERTYSET('1rcV3ER$f4WwVT0aI5mSPu',$,'Other',$,(#8115,#8116));
#8114=IFCRELDEFINESBYPROPERTIES('2SGqYbu0H0cOBIC5lixmVG',$,$,$,(#8091),#8113);
#8115=IFCPROPERTYSINGLEVALUE('Ax',$,IFCLABEL('0.001'),$);
#8116=IFCPROPERTYSINGLEVALUE('Ay',$,IFCLABEL('0.001'),$);
#8117=IFCBEAM('3GGCoPgZb8FwPtvUP3NrPJ',$,$,$,$,#8138,#8128,$,$);
#8118=IFCCARTESIANPOINTLIST2D(((0.,0.),(0.,250.),(6000.,250.),(6000.,0.),(0.,0.)));
#8119=IFCINDEXEDPOLYCURVE(#8118,$,.F.);
#8120=IFCDIRECTION((0.,0.,1.));
#8121=IFCARBITRARYCLOSEDPROFILEDEF(.AREA.,$,#8119);
#8122=IFCCARTESIANPOINT((0.,0.,0.));
#8123=IFCDIRECTION((0.,0.,1.));
#8124=IFCDIRECTION((1.,0.,0.));
#8125=IFCAXIS2PLACEMENT3D(#8122,#8123,#8124);
#8126=IFCEXTRUDEDAREASOLID(#8121,#8125,#8120,-400.);
#8127=IFCSHAPEREPRESENTATION(#11,'Body','SweptSolid',(#8126));
#8128=IFCPRODUCTDEFINITIONSHAPE($,$,(#8127));
#8134=IFCCARTESIANPOINT((14875.,12000.,6000.));
#8135=IFCDIRECTION((0.,0.,1.));
#8136=IFCDIRECTION((-1.8369701987210297E-16,-1.,0.));
#8137=IFCAXIS2PLACEMENT3D(#8134,#8135,#8136);
#8138=IFCLOCALPLACEMENT($,#8137);
#8139=IFCPROPERTYSET('1TGlkpkFv9zwZi1v5Lsb1c',$,'Other',$,(#8141,#8142));
#8140=IFCRELDEFINESBYPROPERTIES('0ZSCuYlC1Fx8fNvPq5Gua6',$,$,$,(#8117),#8139);
#8141=IFCPROPERTYSINGLEVALUE('Ax',$,IFCLABEL('0.001'),$);
#8142=IFCPROPERTYSINGLEVALUE('Ay',$,IFCLABEL('0.001'),$);
#8143=IFCBEAM('0GlzUqONX93eszF0wztrIJ',$,$,$,$,#8164,#8154,$,$);
#8144=IFCCARTESIANPOINTLIST2D(((0.,0.),(0.,250.),(6000.,250.),(6000.,0.),(0.,0.)));
#8145=IFCINDEXEDPOLYCURVE(#8144,$,.F.);
#8146=IFCDIRECTION((0.,0.,1.));
#8147=IFCARBITRARYCLOSEDPROFILEDEF(.AREA.,$,#8145);
#8148=IFCCARTESIANPOINT((0.,0.,0.));
#8149=IFCDIRECTION((0.,0.,1.));
#8150=IFCDIRECTION((1.,0.,0.));
#8151=IFCAXIS2PLACEMENT3D(#8148,#8149,#8150);
#8152=IFCEXTRUDEDAREASOLID(#8147,#8151,#8146,-400.);
#8153=IFCSHAPEREPRESENTATION(#11,'Body','SweptSolid',(#8152));
#8154=IFCPRODUCTDEFINITIONSHAPE($,$,(#8153));
#8160=IFCCARTESIANPOINT((14875.,6000.,6000.));
#8161=IFCDIRECTION((0.,0.,1.));
#8162=IFCDIRECTION((-1.8369701987210297E-16,-1.,0.));
#8163=IFCAXIS2PLACEMENT3D(#8160,#8161,#8162);
#8164=IFCLOCALPLACEMENT($,#8163);
#8165=IFCPROPERTYSET('3gVNCXuUv8Oe1DtUN_Vl29',$,'Other',$,(#8167,#8168));
#8166=IFCRELDEFINESBYPROPERTIES('1L8ilvAnj07wSuPKwqbELG',$,$,$,(#8143),#8165);
#8167=IFCPROPERTYSINGLEVALUE('Ax',$,IFCLABEL('0.001'),$);
#8168=IFCPROPERTYSINGLEVALUE('Ay',$,IFCLABEL('0.001'),$);
#8169=IFCBEAM('2Fdn2enu99bxDPwoYEtn7g',$,$,$,$,#8190,#8180,$,$);
#8170=IFCCARTESIANPOINTLIST2D(((0.,0.),(0.,250.),(6000.,250.),(6000.,0.),(0.,0.)));
#8171=IFCINDEXEDPOLYCURVE(#8170,$,.F.);
#8172=IFCDIRECTION((0.,0.,1.));
#8173=IFCARBITRARYCLOSEDPROFILEDEF(.AREA.,$,#8171);
#8174=IFCCARTESIANPOINT((0.,0.,0.));
#8175=IFCDIRECTION((0.,0.,1.));
#8176=IFCDIRECTION((1.,0.,0.));
#8177=IFCAXIS2PLACEMENT3D(#8174,#8175,#8176);
#8178=IFCEXTRUDEDAREASOLID(#8173,#8177,#8172,-400.);
#8179=IFCSHAPEREPRESENTATION(#11,'Body','SweptSolid',(#8178));
#8180=IFCPRODUCTDEFINITIONSHAPE($,$,(#8179));
#8186=IFCCARTESIANPOINT((20875.,18000.,6000.));
#8187=IFCDIRECTION((0.,0.,1.));
#8188=IFCDIRECTION((-1.8369701987210297E-16,-1.,0.));
#8189=IFCAXIS2PLACEMENT3D(#8186,#8187,#8188);
#8190=IFCLOCALPLACEMENT($,#8189);
#8191=IFCPROPERTYSET('3xNd6GpOr39RukU$EYeZDX',$,'Other',$,(#8193,#8194));
#8192=IFCRELDEFINESBYPROPERTIES('0GFvrnKGrBWQkgF2vVfxg9',$,$,$,(#8169),#8191);
#8193=IFCPROPERTYSINGLEVALUE('Ax',$,IFCLABEL('0.001'),$);
#8194=IFCPROPERTYSINGLEVALUE('Ay',$,IFCLABEL('0.001'),$);
#8195=IFCBEAM('2_X6tKboj4Bf60oN1rTmSZ',$,$,$,$,#8216,#8206,$,$);
#8196=IFCCARTESIANPOINTLIST2D(((0.,0.),(0.,250.),(6000.,250.),(6000.,0.),(0.,0.)));
#8197=IFCINDEXEDPOLYCURVE(#8196,$,.F.);
#8198=IFCDIRECTION((0.,0.,1.));
#8199=IFCARBITRARYCLOSEDPROFILEDEF(.AREA.,$,#8197);
#8200=IFCCARTESIANPOINT((0.,0.,0.));
#8201=IFCDIRECTION((0.,0.,1.));
#8202=IFCDIRECTION((1.,0.,0.));
#8203=IFCAXIS2PLACEMENT3D(#8200,#8201,#8202);
#8204=IFCEXTRUDEDAREASOLID(#8199,#8203,#8198,-400.);
#8205=IFCSHAPEREPRESENTATION(#11,'Body','SweptSolid',(#8204));
#8206=IFCPRODUCTDEFINITIONSHAPE($,$,(#8205));
#8212=IFCCARTESIANPOINT((20875.,12000.,6000.));
#8213=IFCDIRECTION((0.,0.,1.));
#8214=IFCDIRECTION((-1.8369701987210297E-16,-1.,0.));
#8215=IFCAXIS2PLACEMENT3D(#8212,#8213,#8214);
#8216=IFCLOCALPLACEMENT($,#8215);
#8217=IFCPROPERTYSET('3ZLmgvKx18QxBGOjeB26ga',$,'Other',$,(#8219,#8220));
#8218=IFCRELDEFINESBYPROPERTIES('0OA7DSNXL53OgcI5pbbiNb',$,$,$,(#8195),#8217);
#8219=IFCPROPERTYSINGLEVALUE('Ax',$,IFCLABEL('0.001'),$);
#8220=IFCPROPERTYSINGLEVALUE('Ay',$,IFCLABEL('0.001'),$);
#8221=IFCBEAM('3va$I0AdX6swUDPt5tjARb',$,$,$,$,#8242,#8232,$,$);
#8222=IFCCARTESIANPOINTLIST2D(((0.,0.),(0.,250.),(6000.,250.),(6000.,0.),(0.,0.)));
#8223=IFCINDEXEDPOLYCURVE(#8222,$,.F.);
#8224=IFCDIRECTION((0.,0.,1.));
#8225=IFCARBITRARYCLOSEDPROFILEDEF(.AREA.,$,#8223);
#8226=IFCCARTESIANPOINT((0.,0.,0.));
#8227=IFCDIRECTION((0.,0.,1.));
#8228=IFCDIRECTION((1.,0.,0.));
#8229=IFCAXIS2PLACEMENT3D(#8226,#8227,#8228);
#8230=IFCEXTRUDEDAREASOLID(#8225,#8229,#8224,-400.);
#8231=IFCSHAPEREPRESENTATION(#11,'Body','SweptSolid',(#8230));
#8232=IFCPRODUCTDEFINITIONSHAPE($,$,(#8231));
#8238=IFCCARTESIANPOINT((20875.,6000.,6000.));
#8239=IFCDIRECTION((0.,0.,1.));
#8240=IFCDIRECTION((-1.8369701987210297E-16,-1.,0.));
#8241=IFCAXIS2PLACEMENT3D(#8238,#8239,#8240);
#8242=IFCLOCALPLACEMENT($,#8241);
#8243=IFCPROPERTYSET('11BwZd4TL1KQMAEkfyoRGP',$,'Other',$,(#8245,#8246));
#8244=IFCRELDEFINESBYPROPERTIES('1VDEuOX2zEDhS80j34sOXN',$,$,$,(#8221),#8243);
#8245=IFCPROPERTYSINGLEVALUE('Ax',$,IFCLABEL('0.001'),$);
#8246=IFCPROPERTYSINGLEVALUE('Ay',$,IFCLABEL('0.001'),$);
#8247=IFCBEAM('1j_xGRejbBFwBXS1zgWAK1',$,$,$,$,#8268,#8258,$,$);
#8248=IFCCARTESIANPOINTLIST2D(((0.,0.),(0.,250.),(6000.,250.),(6000.,0.),(0.,0.)));
#8249=IFCINDEXEDPOLYCURVE(#8248,$,.F.);
#8250=IFCDIRECTION((0.,0.,1.));
#8251=IFCARBITRARYCLOSEDPROFILEDEF(.AREA.,$,#8249);
#8252=IFCCARTESIANPOINT((0.,0.,0.));
#8253=IFCDIRECTION((0.,0.,1.));
#8254=IFCDIRECTION((1.,0.,0.));
#8255=IFCAXIS2PLACEMENT3D(#8252,#8253,#8254);
#8256=IFCEXTRUDEDAREASOLID(#8251,#8255,#8250,-400.);
#8257=IFCSHAPEREPRESENTATION(#11,'Body','SweptSolid',(#8256));
#8258=IFCPRODUCTDEFINITIONSHAPE($,$,(#8257));
#8264=IFCCARTESIANPOINT((26875.,18000.,6000.));
#8265=IFCDIRECTION((0.,0.,1.));
#8266=IFCDIRECTION((-1.8369701987210297E-16,-1.,0.));
#8267=IFCAXIS2PLACEMENT3D(#8264,#8265,#8266);
#8268=IFCLOCALPLACEMENT($,#8267);
#8269=IFCPROPERTYSET('3zvEQKrYj7oO4oBU1GBRQb',$,'Other',$,(#8271,#8272));
#8270=IFCRELDEFINESBYPROPERTIES('0j7I1DZqP6TgsXSvfNPWui',$,$,$,(#8247),#8269);
#8271=IFCPROPERTYSINGLEVALUE('Ax',$,IFCLABEL('0.001'),$);
#8272=IFCPROPERTYSINGLEVALUE('Ay',$,IFCLABEL('0.001'),$);
#8273=IFCBEAM('0wQ2PSx6jBU8okcVu2kc2C',$,$,$,$,#8294,#8284,$,$);
#8274=IFCCARTESIANPOINTLIST2D(((0.,0.),(0.,250.),(6000.,250.),(6000.,0.),(0.,0.)));
#8275=IFCINDEXEDPOLYCURVE(#8274,$,.F.);
#8276=IFCDIRECTION((0.,0.,1.));
#8277=IFCARBITRARYCLOSEDPROFILEDEF(.AREA.,$,#8275);
#8278=IFCCARTESIANPOINT((0.,0.,0.));
#8279=IFCDIRECTION((0.,0.,1.));
#8280=IFCDIRECTION((1.,0.,0.));
#8281=IFCAXIS2PLACEMENT3D(#8278,#8279,#8280);
#8282=IFCEXTRUDEDAREASOLID(#8277,#8281,#8276,-400.);
#8283=IFCSHAPEREPRESENTATION(#11,'Body','SweptSolid',(#8282));
#8284=IFCPRODUCTDEFINITIONSHAPE($,$,(#8283));
#8290=IFCCARTESIANPOINT((8875.,6000.,6000.));
#8291=IFCDIRECTION((0.,0.,1.));
#8292=IFCDIRECTION((-1.8369701987210297E-16,-1.,0.));
#8293=IFCAXIS2PLACEMENT3D(#8290,#8291,#8292);
#8294=IFCLOCALPLACEMENT($,#8293);
#8295=IFCPROPERTYSET('2FXirT9DX9reV8rk$dSSxH',$,'Other',$,(#8297,#8298));
#8296=IFCRELDEFINESBYPROPERTIES('0Vq76mzAf68PnC31t2lk1K',$,$,$,(#8273),#8295);
#8297=IFCPROPERTYSINGLEVALUE('Ax',$,IFCLABEL('0.001'),$);
#8298=IFCPROPERTYSINGLEVALUE('Ay',$,IFCLABEL('0.001'),$);
#8299=IFCBEAM('2sZtaimVf0ova4xhVg_gy$',$,$,$,$,#8320,#8310,$,$);
#8300=IFCCARTESIANPOINTLIST2D(((0.,0.),(0.,250.),(6000.,250.),(6000.,0.),(0.,0.)));
#8301=IFCINDEXEDPOLYCURVE(#8300,$,.F.);
#8302=IFCDIRECTION((0.,0.,1.));
#8303=IFCARBITRARYCLOSEDPROFILEDEF(.AREA.,$,#8301);
#8304=IFCCARTESIANPOINT((0.,0.,0.));
#8305=IFCDIRECTION((0.,0.,1.));
#8306=IFCDIRECTION((1.,0.,0.));
#8307=IFCAXIS2PLACEMENT3D(#8304,#8305,#8306);
#8308=IFCEXTRUDEDAREASOLID(#8303,#8307,#8302,-400.);
#8309=IFCSHAPEREPRESENTATION(#11,'Body','SweptSolid',(#8308));
#8310=IFCPRODUCTDEFINITIONSHAPE($,$,(#8309));
#8316=IFCCARTESIANPOINT((2875.,6000.,6000.));
#8317=IFCDIRECTION((0.,0.,1.));
#8318=IFCDIRECTION((-1.8369701987210297E-16,-1.,0.));
#8319=IFCAXIS2PLACEMENT3D(#8316,#8317,#8318);
#8320=IFCLOCALPLACEMENT($,#8319);
#8321=IFCPROPERTYSET('1JPO6Nn6DDxPha2xJObWoR',$,'Other',$,(#8323,#8324));
#8322=IFCRELDEFINESBYPROPERTIES('3VXYMDzzb5EAwxru6XlmpP',$,$,$,(#8299),#8321);
#8323=IFCPROPERTYSINGLEVALUE('Ax',$,IFCLABEL('0.001'),$);
#8324=IFCPROPERTYSINGLEVALUE('Ay',$,IFCLABEL('0.001'),$);
#8325=IFCBEAM('2zRWpzIjP6axKxq1cWVeP3',$,$,$,$,#8346,#8336,$,$);
#8326=IFCCARTESIANPOINTLIST2D(((0.,0.),(0.,250.),(6000.,250.),(6000.,0.),(0.,0.)));
#8327=IFCINDEXEDPOLYCURVE(#8326,$,.F.);
#8328=IFCDIRECTION((0.,0.,1.));
#8329=IFCARBITRARYCLOSEDPROFILEDEF(.AREA.,$,#8327);
#8330=IFCCARTESIANPOINT((0.,0.,0.));
#8331=IFCDIRECTION((0.,0.,1.));
#8332=IFCDIRECTION((1.,0.,0.));
#8333=IFCAXIS2PLACEMENT3D(#8330,#8331,#8332);
#8334=IFCEXTRUDEDAREASOLID(#8329,#8333,#8328,-400.);
#8335=IFCSHAPEREPRESENTATION(#11,'Body','SweptSolid',(#8334));
#8336=IFCPRODUCTDEFINITIONSHAPE($,$,(#8335));
#8342=IFCCARTESIANPOINT((26875.,12000.,6000.));
#8343=IFCDIRECTION((0.,0.,1.));
#8344=IFCDIRECTION((-1.8369701987210297E-16,-1.,0.));
#8345=IFCAXIS2PLACEMENT3D(#8342,#8343,#8344);
#8346=IFCLOCALPLACEMENT($,#8345);
#8347=IFCPROPERTYSET('1mGsSgTgj58vVnFRp4Jr07',$,'Other',$,(#8349,#8350));
#8348=IFCRELDEFINESBYPROPERTIES('2jlSeh2o9Au8_NKT8I5I1J',$,$,$,(#8325),#8347);
#8349=IFCPROPERTYSINGLEVALUE('Ax',$,IFCLABEL('0.001'),$);
#8350=IFCPROPERTYSINGLEVALUE('Ay',$,IFCLABEL('0.001'),$);
#8351=IFCBEAM('0VdzELCW1E5xLNGF5w8$9J',$,$,$,$,#8372,#8362,$,$);
#8352=IFCCARTESIANPOINTLIST2D(((0.,0.),(0.,250.),(6000.,250.),(6000.,0.),(0.,0.)));
#8353=IFCINDEXEDPOLYCURVE(#8352,$,.F.);
#8354=IFCDIRECTION((0.,0.,1.));
#8355=IFCARBITRARYCLOSEDPROFILEDEF(.AREA.,$,#8353);
#8356=IFCCARTESIANPOINT((0.,0.,0.));
#8357=IFCDIRECTION((0.,0.,1.));
#8358=IFCDIRECTION((1.,0.,0.));
#8359=IFCAXIS2PLACEMENT3D(#8356,#8357,#8358);
#8360=IFCEXTRUDEDAREASOLID(#8355,#8359,#8354,-500.);
#8361=IFCSHAPEREPRESENTATION(#11,'Body','SweptSolid',(#8360));
#8362=IFCPRODUCTDEFINITIONSHAPE($,$,(#8361));
#8368=IFCCARTESIANPOINT((125.,6000.,3000.));
#8369=IFCDIRECTION((0.,0.,1.));
#8370=IFCDIRECTION((6.123233995736766E-17,1.,0.));
#8371=IFCAXIS2PLACEMENT3D(#8368,#8369,#8370);
#8372=IFCLOCALPLACEMENT($,#8371);
#8373=IFCPROPERTYSET('2ZYD5f2rb1IRioWrZdYMeR',$,'Other',$,(#8375,#8376));
#8374=IFCRELDEFINESBYPROPERTIES('0uP18DzQf98BDtD_jdTJ1M',$,$,$,(#8351),#8373);
#8375=IFCPROPERTYSINGLEVALUE('Ax',$,IFCLABEL('0.001'),$);
#8376=IFCPROPERTYSINGLEVALUE('Ay',$,IFCLABEL('0.001'),$);
#8377=IFCBEAM('39Q3YQkWH5kReZgaXkwgq_',$,$,$,$,#8398,#8388,$,$);
#8378=IFCCARTESIANPOINTLIST2D(((0.,0.),(0.,250.),(6000.,250.),(6000.,0.),(0.,0.)));
#8379=IFCINDEXEDPOLYCURVE(#8378,$,.F.);
#8380=IFCDIRECTION((0.,0.,1.));
#8381=IFCARBITRARYCLOSEDPROFILEDEF(.AREA.,$,#8379);
#8382=IFCCARTESIANPOINT((0.,0.,0.));
#8383=IFCDIRECTION((0.,0.,1.));
#8384=IFCDIRECTION((1.,0.,0.));
#8385=IFCAXIS2PLACEMENT3D(#8382,#8383,#8384);
#8386=IFCEXTRUDEDAREASOLID(#8381,#8385,#8380,-500.);
#8387=IFCSHAPEREPRESENTATION(#11,'Body','SweptSolid',(#8386));
#8388=IFCPRODUCTDEFINITIONSHAPE($,$,(#8387));
#8394=IFCCARTESIANPOINT((125.,12000.,3000.));
#8395=IFCDIRECTION((0.,0.,1.));
#8396=IFCDIRECTION((6.123233995736766E-17,1.,0.));
#8397=IFCAXIS2PLACEMENT3D(#8394,#8395,#8396);
#8398=IFCLOCALPLACEMENT($,#8397);
#8399=IFCPROPERTYSET('10b$Shy1fEdh$uhdfIrmoD',$,'Other',$,(#8401,#8402));
#8400=IFCRELDEFINESBYPROPERTIES('27_H6z1NX2ngEUCPJnQMjI',$,$,$,(#8377),#8399);
#8401=IFCPROPERTYSINGLEVALUE('Ax',$,IFCLABEL('0.001'),$);
#8402=IFCPROPERTYSINGLEVALUE('Ay',$,IFCLABEL('0.001'),$);
#8403=IFCBEAM('0U5QrVTATBaBy8Tt4t2Vok',$,$,$,$,#8424,#8414,$,$);
#8404=IFCCARTESIANPOINTLIST2D(((0.,0.),(0.,250.),(6000.,250.),(6000.,0.),(0.,0.)));
#8405=IFCINDEXEDPOLYCURVE(#8404,$,.F.);
#8406=IFCDIRECTION((0.,0.,1.));
#8407=IFCARBITRARYCLOSEDPROFILEDEF(.AREA.,$,#8405);
#8408=IFCCARTESIANPOINT((0.,0.,0.));
#8409=IFCDIRECTION((0.,0.,1.));
#8410=IFCDIRECTION((1.,0.,0.));
#8411=IFCAXIS2PLACEMENT3D(#8408,#8409,#8410);
#8412=IFCEXTRUDEDAREASOLID(#8407,#8411,#8406,-500.);
#8413=IFCSHAPEREPRESENTATION(#11,'Body','SweptSolid',(#8412));
#8414=IFCPRODUCTDEFINITIONSHAPE($,$,(#8413));
#8420=IFCCARTESIANPOINT((6125.,6000.,3000.));
#8421=IFCDIRECTION((0.,0.,1.));
#8422=IFCDIRECTION((6.123233995736766E-17,1.,0.));
#8423=IFCAXIS2PLACEMENT3D(#8420,#8421,#8422);
#8424=IFCLOCALPLACEMENT($,#8423);
#8425=IFCPROPERTYSET('2Jm_PlPaP5_w7TwtwH31wv',$,'Other',$,(#8427,#8428));
#8426=IFCRELDEFINESBYPROPERTIES('1N85YUNCX3bOd0jpCC27sc',$,$,$,(#8403),#8425);
#8427=IFCPROPERTYSINGLEVALUE('Ax',$,IFCLABEL('0.001'),$);
#8428=IFCPROPERTYSINGLEVALUE('Ay',$,IFCLABEL('0.001'),$);
#8429=IFCBEAM('0jtFt8ysv1MetIWpt8dJ6j',$,$,$,$,#8450,#8440,$,$);
#8430=IFCCARTESIANPOINTLIST2D(((0.,0.),(0.,250.),(6000.,250.),(6000.,0.),(0.,0.)));
#8431=IFCINDEXEDPOLYCURVE(#8430,$,.F.);
#8432=IFCDIRECTION((0.,0.,1.));
#8433=IFCARBITRARYCLOSEDPROFILEDEF(.AREA.,$,#8431);
#8434=IFCCARTESIANPOINT((0.,0.,0.));
#8435=IFCDIRECTION((0.,0.,1.));
#8436=IFCDIRECTION((1.,0.,0.));
#8437=IFCAXIS2PLACEMENT3D(#8434,#8435,#8436);
#8438=IFCEXTRUDEDAREASOLID(#8433,#8437,#8432,-500.);
#8439=IFCSHAPEREPRESENTATION(#11,'Body','SweptSolid',(#8438));
#8440=IFCPRODUCTDEFINITIONSHAPE($,$,(#8439));
#8446=IFCCARTESIANPOINT((6125.,12000.,3000.));
#8447=IFCDIRECTION((0.,0.,1.));
#8448=IFCDIRECTION((6.123233995736766E-17,1.,0.));
#8449=IFCAXIS2PLACEMENT3D(#8446,#8447,#8448);
#8450=IFCLOCALPLACEMENT($,#8449);
#8451=IFCPROPERTYSET('3JE3zcT7n2oPnj8anRJ4dG',$,'Other',$,(#8453,#8454));
#8452=IFCRELDEFINESBYPROPERTIES('2u7jtKwJbCme38hd94O1z1',$,$,$,(#8429),#8451);
#8453=IFCPROPERTYSINGLEVALUE('Ax',$,IFCLABEL('0.001'),$);
#8454=IFCPROPERTYSINGLEVALUE('Ay',$,IFCLABEL('0.001'),$);
#8455=IFCBEAM('0Res861Z90CQXsbXFSenxr',$,$,$,$,#8476,#8466,$,$);
#8456=IFCCARTESIANPOINTLIST2D(((0.,0.),(0.,250.),(6000.,250.),(6000.,0.),(0.,0.)));
#8457=IFCINDEXEDPOLYCURVE(#8456,$,.F.);
#8458=IFCDIRECTION((0.,0.,1.));
#8459=IFCARBITRARYCLOSEDPROFILEDEF(.AREA.,$,#8457);
#8460=IFCCARTESIANPOINT((0.,0.,0.));
#8461=IFCDIRECTION((0.,0.,1.));
#8462=IFCDIRECTION((1.,0.,0.));
#8463=IFCAXIS2PLACEMENT3D(#8460,#8461,#8462);
#8464=IFCEXTRUDEDAREASOLID(#8459,#8463,#8458,-500.);
#8465=IFCSHAPEREPRESENTATION(#11,'Body','SweptSolid',(#8464));
#8466=IFCPRODUCTDEFINITIONSHAPE($,$,(#8465));
#8472=IFCCARTESIANPOINT((12125.,-7.6540424946709578E-15,3000.));
#8473=IFCDIRECTION((0.,0.,1.));
#8474=IFCDIRECTION((6.123233995736766E-17,1.,0.));
#8475=IFCAXIS2PLACEMENT3D(#8472,#8473,#8474);
#8476=IFCLOCALPLACEMENT($,#8475);
#8477=IFCPROPERTYSET('2qUewlXFf5sw55o5hXk5J3',$,'Other',$,(#8479,#8480));
#8478=IFCRELDEFINESBYPROPERTIES('2XletG9SP3ggYRF_iiimjD',$,$,$,(#8455),#8477);
#8479=IFCPROPERTYSINGLEVALUE('Ax',$,IFCLABEL('0.001'),$);
#8480=IFCPROPERTYSINGLEVALUE('Ay',$,IFCLABEL('0.001'),$);
#8481=IFCBEAM('3_OMkP8QT9TPqXeEyzoToN',$,$,$,$,#8502,#8492,$,$);
#8482=IFCCARTESIANPOINTLIST2D(((0.,0.),(0.,250.),(6000.,250.),(6000.,0.),(0.,0.)));
#8483=IFCINDEXEDPOLYCURVE(#8482,$,.F.);
#8484=IFCDIRECTION((0.,0.,1.));
#8485=IFCARBITRARYCLOSEDPROFILEDEF(.AREA.,$,#8483);
#8486=IFCCARTESIANPOINT((0.,0.,0.));
#8487=IFCDIRECTION((0.,0.,1.));
#8488=IFCDIRECTION((1.,0.,0.));
#8489=IFCAXIS2PLACEMENT3D(#8486,#8487,#8488);
#8490=IFCEXTRUDEDAREASOLID(#8485,#8489,#8484,-500.);
#8491=IFCSHAPEREPRESENTATION(#11,'Body','SweptSolid',(#8490));
#8492=IFCPRODUCTDEFINITIONSHAPE($,$,(#8491));
#8498=IFCCARTESIANPOINT((12125.,6000.,3000.));
#8499=IFCDIRECTION((0.,0.,1.));
#8500=IFCDIRECTION((6.123233995736766E-17,1.,0.));
#8501=IFCAXIS2PLACEMENT3D(#8498,#8499,#8500);
#8502=IFCLOCALPLACEMENT($,#8501);
#8503=IFCPROPERTYSET('3GWyVd4654SfXX_fb3Juos',$,'Other',$,(#8505,#8506));
#8504=IFCRELDEFINESBYPROPERTIES('1unyNVEPrFEx3TAcGutLtI',$,$,$,(#8481),#8503);
#8505=IFCPROPERTYSINGLEVALUE('Ax',$,IFCLABEL('0.001'),$);
#8506=IFCPROPERTYSINGLEVALUE('Ay',$,IFCLABEL('0.001'),$);
#8507=IFCBEAM('1tbgF41sH3YfLEYo5UdoTu',$,$,$,$,#8528,#8518,$,$);
#8508=IFCCARTESIANPOINTLIST2D(((0.,0.),(0.,250.),(6000.,250.),(6000.,0.),(0.,0.)));
#8509=IFCINDEXEDPOLYCURVE(#8508,$,.F.);
#8510=IFCDIRECTION((0.,0.,1.));
#8511=IFCARBITRARYCLOSEDPROFILEDEF(.AREA.,$,#8509);
#8512=IFCCARTESIANPOINT((0.,0.,0.));
#8513=IFCDIRECTION((0.,0.,1.));
#8514=IFCDIRECTION((1.,0.,0.));
#8515=IFCAXIS2PLACEMENT3D(#8512,#8513,#8514);
#8516=IFCEXTRUDEDAREASOLID(#8511,#8515,#8510,-500.);
#8517=IFCSHAPEREPRESENTATION(#11,'Body','SweptSolid',(#8516));
#8518=IFCPRODUCTDEFINITIONSHAPE($,$,(#8517));
#8524=IFCCARTESIANPOINT((12125.,12000.,3000.));
#8525=IFCDIRECTION((0.,0.,1.));
#8526=IFCDIRECTION((6.123233995736766E-17,1.,0.));
#8527=IFCAXIS2PLACEMENT3D(#8524,#8525,#8526);
#8528=IFCLOCALPLACEMENT($,#8527);
#8529=IFCPROPERTYSET('1ET5SiRdD6FB0eZOEJNmtv',$,'Other',$,(#8531,#8532));
#8530=IFCRELDEFINESBYPROPERTIES('2f3i1TbOD1IgZRvXw$lyJE',$,$,$,(#8507),#8529);
#8531=IFCPROPERTYSINGLEVALUE('Ax',$,IFCLABEL('0.001'),$);
#8532=IFCPROPERTYSINGLEVALUE('Ay',$,IFCLABEL('0.001'),$);
#8533=IFCBEAM('2e$yYLGPvAHu_r6BI0zaPu',$,$,$,$,#8554,#8544,$,$);
#8534=IFCCARTESIANPOINTLIST2D(((0.,0.),(0.,250.),(6000.,250.),(6000.,0.),(0.,0.)));
#8535=IFCINDEXEDPOLYCURVE(#8534,$,.F.);
#8536=IFCDIRECTION((0.,0.,1.));
#8537=IFCARBITRARYCLOSEDPROFILEDEF(.AREA.,$,#8535);
#8538=IFCCARTESIANPOINT((0.,0.,0.));
#8539=IFCDIRECTION((0.,0.,1.));
#8540=IFCDIRECTION((1.,0.,0.));
#8541=IFCAXIS2PLACEMENT3D(#8538,#8539,#8540);
#8542=IFCEXTRUDEDAREASOLID(#8537,#8541,#8536,-500.);
#8543=IFCSHAPEREPRESENTATION(#11,'Body','SweptSolid',(#8542));
#8544=IFCPRODUCTDEFINITIONSHAPE($,$,(#8543));
#8550=IFCCARTESIANPOINT((18125.,-7.6540424946709578E-15,3000.));
#8551=IFCDIRECTION((0.,0.,1.));
#8552=IFCDIRECTION((6.123233995736766E-17,1.,0.));
#8553=IFCAXIS2PLACEMENT3D(#8550,#8551,#8552);
#8554=IFCLOCALPLACEMENT($,#8553);
#8555=IFCPROPERTYSET('0GMPniSHv2WAKruZNhz94I',$,'Other',$,(#8557,#8558));
#8556=IFCRELDEFINESBYPROPERTIES('2_LD$YyRf6qAe7dZBdCg9$',$,$,$,(#8533),#8555);
#8557=IFCPROPERTYSINGLEVALUE('Ax',$,IFCLABEL('0.001'),$);
#8558=IFCPROPERTYSINGLEVALUE('Ay',$,IFCLABEL('0.001'),$);
#8559=IFCBEAM('0vrU_lckHDlOGCN4qHC_iG',$,$,$,$,#8580,#8570,$,$);
#8560=IFCCARTESIANPOINTLIST2D(((0.,0.),(0.,250.),(6000.,250.),(6000.,0.),(0.,0.)));
#8561=IFCINDEXEDPOLYCURVE(#8560,$,.F.);
#8562=IFCDIRECTION((0.,0.,1.));
#8563=IFCARBITRARYCLOSEDPROFILEDEF(.AREA.,$,#8561);
#8564=IFCCARTESIANPOINT((0.,0.,0.));
#8565=IFCDIRECTION((0.,0.,1.));
#8566=IFCDIRECTION((1.,0.,0.));
#8567=IFCAXIS2PLACEMENT3D(#8564,#8565,#8566);
#8568=IFCEXTRUDEDAREASOLID(#8563,#8567,#8562,-500.);
#8569=IFCSHAPEREPRESENTATION(#11,'Body','SweptSolid',(#8568));
#8570=IFCPRODUCTDEFINITIONSHAPE($,$,(#8569));
#8576=IFCCARTESIANPOINT((18125.,6000.,3000.));
#8577=IFCDIRECTION((0.,0.,1.));
#8578=IFCDIRECTION((6.123233995736766E-17,1.,0.));
#8579=IFCAXIS2PLACEMENT3D(#8576,#8577,#8578);
#8580=IFCLOCALPLACEMENT($,#8579);
#8581=IFCPROPERTYSET('23$WL1xS51Bhjf2kXOikLw',$,'Other',$,(#8583,#8584));
#8582=IFCRELDEFINESBYPROPERTIES('2$DklUYVX9C96GnNKElMnI',$,$,$,(#8559),#8581);
#8583=IFCPROPERTYSINGLEVALUE('Ax',$,IFCLABEL('0.001'),$);
#8584=IFCPROPERTYSINGLEVALUE('Ay',$,IFCLABEL('0.001'),$);
#8585=IFCBEAM('1LMbiuPmnBrRb6gpMCoESa',$,$,$,$,#8606,#8596,$,$);
#8586=IFCCARTESIANPOINTLIST2D(((0.,0.),(0.,250.),(6000.,250.),(6000.,0.),(0.,0.)));
#8587=IFCINDEXEDPOLYCURVE(#8586,$,.F.);
#8588=IFCDIRECTION((0.,0.,1.));
#8589=IFCARBITRARYCLOSEDPROFILEDEF(.AREA.,$,#8587);
#8590=IFCCARTESIANPOINT((0.,0.,0.));
#8591=IFCDIRECTION((0.,0.,1.));
#8592=IFCDIRECTION((1.,0.,0.));
#8593=IFCAXIS2PLACEMENT3D(#8590,#8591,#8592);
#8594=IFCEXTRUDEDAREASOLID(#8589,#8593,#8588,-500.);
#8595=IFCSHAPEREPRESENTATION(#11,'Body','SweptSolid',(#8594));
#8596=IFCPRODUCTDEFINITIONSHAPE($,$,(#8595));
#8602=IFCCARTESIANPOINT((18125.,12000.,3000.));
#8603=IFCDIRECTION((0.,0.,1.));
#8604=IFCDIRECTION((6.123233995736766E-17,1.,0.));
#8605=IFCAXIS2PLACEMENT3D(#8602,#8603,#8604);
#8606=IFCLOCALPLACEMENT($,#8605);
#8607=IFCPROPERTYSET('28ZkDuWYL8J8L6BGVzqnY5',$,'Other',$,(#8609,#8610));
#8608=IFCRELDEFINESBYPROPERTIES('0y1VIO3dDDCRIr5_sh2eka',$,$,$,(#8585),#8607);
#8609=IFCPROPERTYSINGLEVALUE('Ax',$,IFCLABEL('0.001'),$);
#8610=IFCPROPERTYSINGLEVALUE('Ay',$,IFCLABEL('0.001'),$);
#8611=IFCBEAM('00oTHnYN1FDvwnY2B_FfCR',$,$,$,$,#8632,#8622,$,$);
#8612=IFCCARTESIANPOINTLIST2D(((0.,0.),(0.,250.),(6000.,250.),(6000.,0.),(0.,0.)));
#8613=IFCINDEXEDPOLYCURVE(#8612,$,.F.);
#8614=IFCDIRECTION((0.,0.,1.));
#8615=IFCARBITRARYCLOSEDPROFILEDEF(.AREA.,$,#8613);
#8616=IFCCARTESIANPOINT((0.,0.,0.));
#8617=IFCDIRECTION((0.,0.,1.));
#8618=IFCDIRECTION((1.,0.,0.));
#8619=IFCAXIS2PLACEMENT3D(#8616,#8617,#8618);
#8620=IFCEXTRUDEDAREASOLID(#8615,#8619,#8614,-500.);
#8621=IFCSHAPEREPRESENTATION(#11,'Body','SweptSolid',(#8620));
#8622=IFCPRODUCTDEFINITIONSHAPE($,$,(#8621));
#8628=IFCCARTESIANPOINT((24125.,-7.6540424946709578E-15,3000.));
#8629=IFCDIRECTION((0.,0.,1.));
#8630=IFCDIRECTION((6.123233995736766E-17,1.,0.));
#8631=IFCAXIS2PLACEMENT3D(#8628,#8629,#8630);
#8632=IFCLOCALPLACEMENT($,#8631);
#8633=IFCPROPERTYSET('1Ppl_$rUnALQzikhIm1ejv',$,'Other',$,(#8635,#8636));
#8634=IFCRELDEFINESBYPROPERTIES('1CslQotvn5Le1wme07vK9N',$,$,$,(#8611),#8633);
#8635=IFCPROPERTYSINGLEVALUE('Ax',$,IFCLABEL('0.001'),$);
#8636=IFCPROPERTYSINGLEVALUE('Ay',$,IFCLABEL('0.001'),$);
#8637=IFCBEAM('3OWmdyBqXDwfD4C1tMD6HM',$,$,$,$,#8658,#8648,$,$);
#8638=IFCCARTESIANPOINTLIST2D(((0.,0.),(0.,250.),(6000.,250.),(6000.,0.),(0.,0.)));
#8639=IFCINDEXEDPOLYCURVE(#8638,$,.F.);
#8640=IFCDIRECTION((0.,0.,1.));
#8641=IFCARBITRARYCLOSEDPROFILEDEF(.AREA.,$,#8639);
#8642=IFCCARTESIANPOINT((0.,0.,0.));
#8643=IFCDIRECTION((0.,0.,1.));
#8644=IFCDIRECTION((1.,0.,0.));
#8645=IFCAXIS2PLACEMENT3D(#8642,#8643,#8644);
#8646=IFCEXTRUDEDAREASOLID(#8641,#8645,#8640,-500.);
#8647=IFCSHAPEREPRESENTATION(#11,'Body','SweptSolid',(#8646));
#8648=IFCPRODUCTDEFINITIONSHAPE($,$,(#8647));
#8654=IFCCARTESIANPOINT((24125.,6000.,3000.));
#8655=IFCDIRECTION((0.,0.,1.));
#8656=IFCDIRECTION((6.123233995736766E-17,1.,0.));
#8657=IFCAXIS2PLACEMENT3D(#8654,#8655,#8656);
#8658=IFCLOCALPLACEMENT($,#8657);
#8659=IFCPROPERTYSET('1$uoMxi4r2Duz1p4pASK3n',$,'Other',$,(#8661,#8662));
#8660=IFCRELDEFINESBYPROPERTIES('1wJygWKtPFtPkdP2ZUFLGP',$,$,$,(#8637),#8659);
#8661=IFCPROPERTYSINGLEVALUE('Ax',$,IFCLABEL('0.001'),$);
#8662=IFCPROPERTYSINGLEVALUE('Ay',$,IFCLABEL('0.001'),$);
#8663=IFCBEAM('3BZJpXIY56V95I791CefsC',$,$,$,$,#8684,#8674,$,$);
#8664=IFCCARTESIANPOINTLIST2D(((0.,0.),(0.,250.),(6000.,250.),(6000.,0.),(0.,0.)));
#8665=IFCINDEXEDPOLYCURVE(#8664,$,.F.);
#8666=IFCDIRECTION((0.,0.,1.));
#8667=IFCARBITRARYCLOSEDPROFILEDEF(.AREA.,$,#8665);
#8668=IFCCARTESIANPOINT((0.,0.,0.));
#8669=IFCDIRECTION((0.,0.,1.));
#8670=IFCDIRECTION((1.,0.,0.));
#8671=IFCAXIS2PLACEMENT3D(#8668,#8669,#8670);
#8672=IFCEXTRUDEDAREASOLID(#8667,#8671,#8666,-500.);
#8673=IFCSHAPEREPRESENTATION(#11,'Body','SweptSolid',(#8672));
#8674=IFCPRODUCTDEFINITIONSHAPE($,$,(#8673));
#8680=IFCCARTESIANPOINT((24125.,12000.,3000.));
#8681=IFCDIRECTION((0.,0.,1.));
#8682=IFCDIRECTION((6.123233995736766E-17,1.,0.));
#8683=IFCAXIS2PLACEMENT3D(#8680,#8681,#8682);
#8684=IFCLOCALPLACEMENT($,#8683);
#8685=IFCPROPERTYSET('0YMSd4aR9ECOiaUP9bm8V1',$,'Other',$,(#8687,#8688));
#8686=IFCRELDEFINESBYPROPERTIES('3M$1vbtKjDJBdLfrtsfc59',$,$,$,(#8663),#8685);
#8687=IFCPROPERTYSINGLEVALUE('Ax',$,IFCLABEL('0.001'),$);
#8688=IFCPROPERTYSINGLEVALUE('Ay',$,IFCLABEL('0.001'),$);
#8689=IFCBEAM('1inxxFRefBnvkT6jWtjREd',$,$,$,$,#8710,#8700,$,$);
#8690=IFCCARTESIANPOINTLIST2D(((0.,0.),(0.,250.),(6000.,250.),(6000.,0.),(0.,0.)));
#8691=IFCINDEXEDPOLYCURVE(#8690,$,.F.);
#8692=IFCDIRECTION((0.,0.,1.));
#8693=IFCARBITRARYCLOSEDPROFILEDEF(.AREA.,$,#8691);
#8694=IFCCARTESIANPOINT((0.,0.,0.));
#8695=IFCDIRECTION((0.,0.,1.));
#8696=IFCDIRECTION((1.,0.,0.));
#8697=IFCAXIS2PLACEMENT3D(#8694,#8695,#8696);
#8698=IFCEXTRUDEDAREASOLID(#8693,#8697,#8692,-500.);
#8699=IFCSHAPEREPRESENTATION(#11,'Body','SweptSolid',(#8698));
#8700=IFCPRODUCTDEFINITIONSHAPE($,$,(#8699));
#8706=IFCCARTESIANPOINT((0.,-125.,3000.));
#8707=IFCDIRECTION((0.,0.,1.));
#8708=IFCDIRECTION((1.,0.,0.));
#8709=IFCAXIS2PLACEMENT3D(#8706,#8707,#8708);
#8710=IFCLOCALPLACEMENT($,#8709);
#8711=IFCPROPERTYSET('2gvJwq3$P52w3sI4RUH69W',$,'Other',$,(#8713,#8714));
#8712=IFCRELDEFINESBYPROPERTIES('16t_7fCO59fhlgOR4FQw_8',$,$,$,(#8689),#8711);
#8713=IFCPROPERTYSINGLEVALUE('Ax',$,IFCLABEL('0.001'),$);
#8714=IFCPROPERTYSINGLEVALUE('Ay',$,IFCLABEL('0.001'),$);
#8715=IFCBEAM('3BvhUaj09Cqw6RJ9Oh9zRV',$,$,$,$,#8736,#8726,$,$);
#8716=IFCCARTESIANPOINTLIST2D(((0.,0.),(0.,250.),(6000.,250.),(6000.,0.),(0.,0.)));
#8717=IFCINDEXEDPOLYCURVE(#8716,$,.F.);
#8718=IFCDIRECTION((0.,0.,1.));
#8719=IFCARBITRARYCLOSEDPROFILEDEF(.AREA.,$,#8717);
#8720=IFCCARTESIANPOINT((0.,0.,0.));
#8721=IFCDIRECTION((0.,0.,1.));
#8722=IFCDIRECTION((1.,0.,0.));
#8723=IFCAXIS2PLACEMENT3D(#8720,#8721,#8722);
#8724=IFCEXTRUDEDAREASOLID(#8719,#8723,#8718,-500.);
#8725=IFCSHAPEREPRESENTATION(#11,'Body','SweptSolid',(#8724));
#8726=IFCPRODUCTDEFINITIONSHAPE($,$,(#8725));
#8732=IFCCARTESIANPOINT((6000.,-125.,3000.));
#8733=IFCDIRECTION((0.,0.,1.));
#8734=IFCDIRECTION((1.,0.,0.));
#8735=IFCAXIS2PLACEMENT3D(#8732,#8733,#8734);
#8736=IFCLOCALPLACEMENT($,#8735);
#8737=IFCPROPERTYSET('3UucTGNiv4xwTtqZF6wYM9',$,'Other',$,(#8739,#8740));
#8738=IFCRELDEFINESBYPROPERTIES('1CRzGBFXfCMgEK9jxQc$y8',$,$,$,(#8715),#8737);
#8739=IFCPROPERTYSINGLEVALUE('Ax',$,IFCLABEL('0.001'),$);
#8740=IFCPROPERTYSINGLEVALUE('Ay',$,IFCLABEL('0.001'),$);
#8741=IFCBEAM('3wW1Llq5z28P0ghh0rwmus',$,$,$,$,#8762,#8752,$,$);
#8742=IFCCARTESIANPOINTLIST2D(((0.,0.),(0.,250.),(6000.,250.),(6000.,0.),(0.,0.)));
#8743=IFCINDEXEDPOLYCURVE(#8742,$,.F.);
#8744=IFCDIRECTION((0.,0.,1.));
#8745=IFCARBITRARYCLOSEDPROFILEDEF(.AREA.,$,#8743);
#8746=IFCCARTESIANPOINT((0.,0.,0.));
#8747=IFCDIRECTION((0.,0.,1.));
#8748=IFCDIRECTION((1.,0.,0.));
#8749=IFCAXIS2PLACEMENT3D(#8746,#8747,#8748);
#8750=IFCEXTRUDEDAREASOLID(#8745,#8749,#8744,-500.);
#8751=IFCSHAPEREPRESENTATION(#11,'Body','SweptSolid',(#8750));
#8752=IFCPRODUCTDEFINITIONSHAPE($,$,(#8751));
#8758=IFCCARTESIANPOINT((12000.,-125.,3000.));
#8759=IFCDIRECTION((0.,0.,1.));
#8760=IFCDIRECTION((1.,0.,0.));
#8761=IFCAXIS2PLACEMENT3D(#8758,#8759,#8760);
#8762=IFCLOCALPLACEMENT($,#8761);
#8763=IFCPROPERTYSET('3lSwCvD$jCTO0rY3T6rrWi',$,'Other',$,(#8765,#8766));
#8764=IFCRELDEFINESBYPROPERTIES('3pjOF3Le1C4e5H8JJsSRDk',$,$,$,(#8741),#8763);
#8765=IFCPROPERTYSINGLEVALUE('Ax',$,IFCLABEL('0.001'),$);
#8766=IFCPROPERTYSINGLEVALUE('Ay',$,IFCLABEL('0.001'),$);
#8767=IFCBEAM('2Qej6LfPb7BPad$I_1KQf1',$,$,$,$,#8788,#8778,$,$);
#8768=IFCCARTESIANPOINTLIST2D(((0.,0.),(0.,250.),(6000.,250.),(6000.,0.),(0.,0.)));
#8769=IFCINDEXEDPOLYCURVE(#8768,$,.F.);
#8770=IFCDIRECTION((0.,0.,1.));
#8771=IFCARBITRARYCLOSEDPROFILEDEF(.AREA.,$,#8769);
#8772=IFCCARTESIANPOINT((0.,0.,0.));
#8773=IFCDIRECTION((0.,0.,1.));
#8774=IFCDIRECTION((1.,0.,0.));
#8775=IFCAXIS2PLACEMENT3D(#8772,#8773,#8774);
#8776=IFCEXTRUDEDAREASOLID(#8771,#8775,#8770,-500.);
#8777=IFCSHAPEREPRESENTATION(#11,'Body','SweptSolid',(#8776));
#8778=IFCPRODUCTDEFINITIONSHAPE($,$,(#8777));
#8784=IFCCARTESIANPOINT((18000.,-125.,3000.));
#8785=IFCDIRECTION((0.,0.,1.));
#8786=IFCDIRECTION((1.,0.,0.));
#8787=IFCAXIS2PLACEMENT3D(#8784,#8785,#8786);
#8788=IFCLOCALPLACEMENT($,#8787);
#8789=IFCPROPERTYSET('0e1GtMeML1M8Mum3kt6p27',$,'Other',$,(#8791,#8792));
#8790=IFCRELDEFINESBYPROPERTIES('18UFlOMFr8WxZ8CMgi1VuA',$,$,$,(#8767),#8789);
#8791=IFCPROPERTYSINGLEVALUE('Ax',$,IFCLABEL('0.001'),$);
#8792=IFCPROPERTYSINGLEVALUE('Ay',$,IFCLABEL('0.001'),$);
#8793=IFCBEAM('25IjrdHNz9SuqsQtrTuX7F',$,$,$,$,#8814,#8804,$,$);
#8794=IFCCARTESIANPOINTLIST2D(((0.,0.),(0.,250.),(6000.,250.),(6000.,0.),(0.,0.)));
#8795=IFCINDEXEDPOLYCURVE(#8794,$,.F.);
#8796=IFCDIRECTION((0.,0.,1.));
#8797=IFCARBITRARYCLOSEDPROFILEDEF(.AREA.,$,#8795);
#8798=IFCCARTESIANPOINT((0.,0.,0.));
#8799=IFCDIRECTION((0.,0.,1.));
#8800=IFCDIRECTION((1.,0.,0.));
#8801=IFCAXIS2PLACEMENT3D(#8798,#8799,#8800);
#8802=IFCEXTRUDEDAREASOLID(#8797,#8801,#8796,-500.);
#8803=IFCSHAPEREPRESENTATION(#11,'Body','SweptSolid',(#8802));
#8804=IFCPRODUCTDEFINITIONSHAPE($,$,(#8803));
#8810=IFCCARTESIANPOINT((0.,5875.,3000.));
#8811=IFCDIRECTION((0.,0.,1.));
#8812=IFCDIRECTION((1.,0.,0.));
#8813=IFCAXIS2PLACEMENT3D(#8810,#8811,#8812);
#8814=IFCLOCALPLACEMENT($,#8813);
#8815=IFCPROPERTYSET('3kPk1$XWLC1RbXjQx_mQBj',$,'Other',$,(#8817,#8818));
#8816=IFCRELDEFINESBYPROPERTIES('1NymMtIMP6avJpoXwhZ6qL',$,$,$,(#8793),#8815);
#8817=IFCPROPERTYSINGLEVALUE('Ax',$,IFCLABEL('0.001'),$);
#8818=IFCPROPERTYSINGLEVALUE('Ay',$,IFCLABEL('0.001'),$);
#8819=IFCBEAM('07$FCKuRzD9wr1Kc8wlJYz',$,$,$,$,#8840,#8830,$,$);
#8820=IFCCARTESIANPOINTLIST2D(((0.,0.),(0.,250.),(6000.,250.),(6000.,0.),(0.,0.)));
#8821=IFCINDEXEDPOLYCURVE(#8820,$,.F.);
#8822=IFCDIRECTION((0.,0.,1.));
#8823=IFCARBITRARYCLOSEDPROFILEDEF(.AREA.,$,#8821);
#8824=IFCCARTESIANPOINT((0.,0.,0.));
#8825=IFCDIRECTION((0.,0.,1.));
#8826=IFCDIRECTION((1.,0.,0.));
#8827=IFCAXIS2PLACEMENT3D(#8824,#8825,#8826);
#8828=IFCEXTRUDEDAREASOLID(#8823,#8827,#8822,-500.);
#8829=IFCSHAPEREPRESENTATION(#11,'Body','SweptSolid',(#8828));
#8830=IFCPRODUCTDEFINITIONSHAPE($,$,(#8829));
#8836=IFCCARTESIANPOINT((6000.,5875.,3000.));
#8837=IFCDIRECTION((0.,0.,1.));
#8838=IFCDIRECTION((1.,0.,0.));
#8839=IFCAXIS2PLACEMENT3D(#8836,#8837,#8838);
#8840=IFCLOCALPLACEMENT($,#8839);
#8841=IFCPROPERTYSET('0zBVlcNbL6rOsWmo$jsHGk',$,'Other',$,(#8843,#8844));
#8842=IFCRELDEFINESBYPROPERTIES('27DD5SPAb48xZyRhdC_vlE',$,$,$,(#8819),#8841);
#8843=IFCPROPERTYSINGLEVALUE('Ax',$,IFCLABEL('0.001'),$);
#8844=IFCPROPERTYSINGLEVALUE('Ay',$,IFCLABEL('0.001'),$);
#8845=IFCBEAM('2_4unFOs54Ngy4gjp_$HIh',$,$,$,$,#8866,#8856,$,$);
#8846=IFCCARTESIANPOINTLIST2D(((0.,0.),(0.,250.),(6000.,250.),(6000.,0.),(0.,0.)));
#8847=IFCINDEXEDPOLYCURVE(#8846,$,.F.);
#8848=IFCDIRECTION((0.,0.,1.));
#8849=IFCARBITRARYCLOSEDPROFILEDEF(.AREA.,$,#8847);
#8850=IFCCARTESIANPOINT((0.,0.,0.));
#8851=IFCDIRECTION((0.,0.,1.));
#8852=IFCDIRECTION((1.,0.,0.));
#8853=IFCAXIS2PLACEMENT3D(#8850,#8851,#8852);
#8854=IFCEXTRUDEDAREASOLID(#8849,#8853,#8848,-500.);
#8855=IFCSHAPEREPRESENTATION(#11,'Body','SweptSolid',(#8854));
#8856=IFCPRODUCTDEFINITIONSHAPE($,$,(#8855));
#8862=IFCCARTESIANPOINT((12000.,5875.,3000.));
#8863=IFCDIRECTION((0.,0.,1.));
#8864=IFCDIRECTION((1.,0.,0.));
#8865=IFCAXIS2PLACEMENT3D(#8862,#8863,#8864);
#8866=IFCLOCALPLACEMENT($,#8865);
#8867=IFCPROPERTYSET('2wQ21B1u5ATPAm40mc6aab',$,'Other',$,(#8869,#8870));
#8868=IFCRELDEFINESBYPROPERTIES('0ddQ8$rWv3T8L4rJ$DA9U9',$,$,$,(#8845),#8867);
#8869=IFCPROPERTYSINGLEVALUE('Ax',$,IFCLABEL('0.001'),$);
#8870=IFCPROPERTYSINGLEVALUE('Ay',$,IFCLABEL('0.001'),$);
#8871=IFCBEAM('3jtg4fn6jFMgzYtBdDKGCK',$,$,$,$,#8892,#8882,$,$);
#8872=IFCCARTESIANPOINTLIST2D(((0.,0.),(0.,250.),(6000.,250.),(6000.,0.),(0.,0.)));
#8873=IFCINDEXEDPOLYCURVE(#8872,$,.F.);
#8874=IFCDIRECTION((0.,0.,1.));
#8875=IFCARBITRARYCLOSEDPROFILEDEF(.AREA.,$,#8873);
#8876=IFCCARTESIANPOINT((0.,0.,0.));
#8877=IFCDIRECTION((0.,0.,1.));
#8878=IFCDIRECTION((1.,0.,0.));
#8879=IFCAXIS2PLACEMENT3D(#8876,#8877,#8878);
#8880=IFCEXTRUDEDAREASOLID(#8875,#8879,#8874,-500.);
#8881=IFCSHAPEREPRESENTATION(#11,'Body','SweptSolid',(#8880));
#8882=IFCPRODUCTDEFINITIONSHAPE($,$,(#8881));
#8888=IFCCARTESIANPOINT((18000.,5875.,3000.));
#8889=IFCDIRECTION((0.,0.,1.));
#8890=IFCDIRECTION((1.,0.,0.));
#8891=IFCAXIS2PLACEMENT3D(#8888,#8889,#8890);
#8892=IFCLOCALPLACEMENT($,#8891);
#8893=IFCPROPERTYSET('1xgCeTYWP6aeWPgRu2hL45',$,'Other',$,(#8895,#8896));
#8894=IFCRELDEFINESBYPROPERTIES('19pdbyvzn7dRzKqG4oQ3wl',$,$,$,(#8871),#8893);
#8895=IFCPROPERTYSINGLEVALUE('Ax',$,IFCLABEL('0.001'),$);
#8896=IFCPROPERTYSINGLEVALUE('Ay',$,IFCLABEL('0.001'),$);
#8897=IFCBEAM('2DKPiBs5H9JQucaevA4D1J',$,$,$,$,#8918,#8908,$,$);
#8898=IFCCARTESIANPOINTLIST2D(((0.,0.),(0.,250.),(6000.,250.),(6000.,0.),(0.,0.)));
#8899=IFCINDEXEDPOLYCURVE(#8898,$,.F.);
#8900=IFCDIRECTION((0.,0.,1.));
#8901=IFCARBITRARYCLOSEDPROFILEDEF(.AREA.,$,#8899);
#8902=IFCCARTESIANPOINT((0.,0.,0.));
#8903=IFCDIRECTION((0.,0.,1.));
#8904=IFCDIRECTION((1.,0.,0.));
#8905=IFCAXIS2PLACEMENT3D(#8902,#8903,#8904);
#8906=IFCEXTRUDEDAREASOLID(#8901,#8905,#8900,-500.);
#8907=IFCSHAPEREPRESENTATION(#11,'Body','SweptSolid',(#8906));
#8908=IFCPRODUCTDEFINITIONSHAPE($,$,(#8907));
#8914=IFCCARTESIANPOINT((24000.,5875.,3000.));
#8915=IFCDIRECTION((0.,0.,1.));
#8916=IFCDIRECTION((1.,0.,0.));
#8917=IFCAXIS2PLACEMENT3D(#8914,#8915,#8916);
#8918=IFCLOCALPLACEMENT($,#8917);
#8919=IFCPROPERTYSET('3hyIeno6f43ud4lkMtJeZr',$,'Other',$,(#8921,#8922));
#8920=IFCRELDEFINESBYPROPERTIES('07YW8YrFrEJeLq2JcQZFA7',$,$,$,(#8897),#8919);
#8921=IFCPROPERTYSINGLEVALUE('Ax',$,IFCLABEL('0.001'),$);
#8922=IFCPROPERTYSINGLEVALUE('Ay',$,IFCLABEL('0.001'),$);
#8923=IFCBEAM('2NgJVBTbb4tuVRjmAjclo$',$,$,$,$,#8944,#8934,$,$);
#8924=IFCCARTESIANPOINTLIST2D(((0.,0.),(0.,250.),(6000.,250.),(6000.,0.),(0.,0.)));
#8925=IFCINDEXEDPOLYCURVE(#8924,$,.F.);
#8926=IFCDIRECTION((0.,0.,1.));
#8927=IFCARBITRARYCLOSEDPROFILEDEF(.AREA.,$,#8925);
#8928=IFCCARTESIANPOINT((0.,0.,0.));
#8929=IFCDIRECTION((0.,0.,1.));
#8930=IFCDIRECTION((1.,0.,0.));
#8931=IFCAXIS2PLACEMENT3D(#8928,#8929,#8930);
#8932=IFCEXTRUDEDAREASOLID(#8927,#8931,#8926,-500.);
#8933=IFCSHAPEREPRESENTATION(#11,'Body','SweptSolid',(#8932));
#8934=IFCPRODUCTDEFINITIONSHAPE($,$,(#8933));
#8940=IFCCARTESIANPOINT((0.,11875.,3000.));
#8941=IFCDIRECTION((0.,0.,1.));
#8942=IFCDIRECTION((1.,0.,0.));
#8943=IFCAXIS2PLACEMENT3D(#8940,#8941,#8942);
#8944=IFCLOCALPLACEMENT($,#8943);
#8945=IFCPROPERTYSET('02kdGpWeL92gHcllDzBwO8',$,'Other',$,(#8947,#8948));
#8946=IFCRELDEFINESBYPROPERTIES('26PTD8hzX3UvBmPfwF_SUu',$,$,$,(#8923),#8945);
#8947=IFCPROPERTYSINGLEVALUE('Ax',$,IFCLABEL('0.001'),$);
#8948=IFCPROPERTYSINGLEVALUE('Ay',$,IFCLABEL('0.001'),$);
#8949=IFCBEAM('2muo3kyzXDLfhfaYmHo$4R',$,$,$,$,#8970,#8960,$,$);
#8950=IFCCARTESIANPOINTLIST2D(((0.,0.),(0.,250.),(6000.,250.),(6000.,0.),(0.,0.)));
#8951=IFCINDEXEDPOLYCURVE(#8950,$,.F.);
#8952=IFCDIRECTION((0.,0.,1.));
#8953=IFCARBITRARYCLOSEDPROFILEDEF(.AREA.,$,#8951);
#8954=IFCCARTESIANPOINT((0.,0.,0.));
#8955=IFCDIRECTION((0.,0.,1.));
#8956=IFCDIRECTION((1.,0.,0.));
#8957=IFCAXIS2PLACEMENT3D(#8954,#8955,#8956);
#8958=IFCEXTRUDEDAREASOLID(#8953,#8957,#8952,-500.);
#8959=IFCSHAPEREPRESENTATION(#11,'Body','SweptSolid',(#8958));
#8960=IFCPRODUCTDEFINITIONSHAPE($,$,(#8959));
#8966=IFCCARTESIANPOINT((6000.,11875.,3000.));
#8967=IFCDIRECTION((0.,0.,1.));
#8968=IFCDIRECTION((1.,0.,0.));
#8969=IFCAXIS2PLACEMENT3D(#8966,#8967,#8968);
#8970=IFCLOCALPLACEMENT($,#8969);
#8971=IFCPROPERTYSET('1ftAuAjHTFaP_astGJg6vl',$,'Other',$,(#8973,#8974));
#8972=IFCRELDEFINESBYPROPERTIES('0A3Q6_H459VfXqAx4ipHVR',$,$,$,(#8949),#8971);
#8973=IFCPROPERTYSINGLEVALUE('Ax',$,IFCLABEL('0.001'),$);
#8974=IFCPROPERTYSINGLEVALUE('Ay',$,IFCLABEL('0.001'),$);
#8975=IFCBEAM('0gFp4sJY19fPt0$JULmtDZ',$,$,$,$,#8996,#8986,$,$);
#8976=IFCCARTESIANPOINTLIST2D(((0.,0.),(0.,250.),(6000.,250.),(6000.,0.),(0.,0.)));
#8977=IFCINDEXEDPOLYCURVE(#8976,$,.F.);
#8978=IFCDIRECTION((0.,0.,1.));
#8979=IFCARBITRARYCLOSEDPROFILEDEF(.AREA.,$,#8977);
#8980=IFCCARTESIANPOINT((0.,0.,0.));
#8981=IFCDIRECTION((0.,0.,1.));
#8982=IFCDIRECTION((1.,0.,0.));
#8983=IFCAXIS2PLACEMENT3D(#8980,#8981,#8982);
#8984=IFCEXTRUDEDAREASOLID(#8979,#8983,#8978,-500.);
#8985=IFCSHAPEREPRESENTATION(#11,'Body','SweptSolid',(#8984));
#8986=IFCPRODUCTDEFINITIONSHAPE($,$,(#8985));
#8992=IFCCARTESIANPOINT((12000.,11875.,3000.));
#8993=IFCDIRECTION((0.,0.,1.));
#8994=IFCDIRECTION((1.,0.,0.));
#8995=IFCAXIS2PLACEMENT3D(#8992,#8993,#8994);
#8996=IFCLOCALPLACEMENT($,#8995);
#8997=IFCPROPERTYSET('0Tb01MfL547vK1S62R6BRy',$,'Other',$,(#8999,#9000));
#8998=IFCRELDEFINESBYPROPERTIES('1IUpaBFBj0TOsgMlY_Jg5j',$,$,$,(#8975),#8997);
#8999=IFCPROPERTYSINGLEVALUE('Ax',$,IFCLABEL('0.001'),$);
#9000=IFCPROPERTYSINGLEVALUE('Ay',$,IFCLABEL('0.001'),$);
#9001=IFCBEAM('3POlCl8718ng9sp059V1ja',$,$,$,$,#9022,#9012,$,$);
#9002=IFCCARTESIANPOINTLIST2D(((0.,0.),(0.,250.),(6000.,250.),(6000.,0.),(0.,0.)));
#9003=IFCINDEXEDPOLYCURVE(#9002,$,.F.);
#9004=IFCDIRECTION((0.,0.,1.));
#9005=IFCARBITRARYCLOSEDPROFILEDEF(.AREA.,$,#9003);
#9006=IFCCARTESIANPOINT((0.,0.,0.));
#9007=IFCDIRECTION((0.,0.,1.));
#9008=IFCDIRECTION((1.,0.,0.));
#9009=IFCAXIS2PLACEMENT3D(#9006,#9007,#9008);
#9010=IFCEXTRUDEDAREASOLID(#9005,#9009,#9004,-500.);
#9011=IFCSHAPEREPRESENTATION(#11,'Body','SweptSolid',(#9010));
#9012=IFCPRODUCTDEFINITIONSHAPE($,$,(#9011));
#9018=IFCCARTESIANPOINT((18000.,11875.,3000.));
#9019=IFCDIRECTION((0.,0.,1.));
#9020=IFCDIRECTION((1.,0.,0.));
#9021=IFCAXIS2PLACEMENT3D(#9018,#9019,#9020);
#9022=IFCLOCALPLACEMENT($,#9021);
#9023=IFCPROPERTYSET('1jtotK2fb7ug3EUvdRVvA8',$,'Other',$,(#9025,#9026));
#9024=IFCRELDEFINESBYPROPERTIES('309nFga5D6HfX6yXLLPmV$',$,$,$,(#9001),#9023);
#9025=IFCPROPERTYSINGLEVALUE('Ax',$,IFCLABEL('0.001'),$);
#9026=IFCPROPERTYSINGLEVALUE('Ay',$,IFCLABEL('0.001'),$);
#9027=IFCBEAM('02yyqBcKvDQxz86k12CZxe',$,$,$,$,#9048,#9038,$,$);
#9028=IFCCARTESIANPOINTLIST2D(((0.,0.),(0.,250.),(6000.,250.),(6000.,0.),(0.,0.)));
#9029=IFCINDEXEDPOLYCURVE(#9028,$,.F.);
#9030=IFCDIRECTION((0.,0.,1.));
#9031=IFCARBITRARYCLOSEDPROFILEDEF(.AREA.,$,#9029);
#9032=IFCCARTESIANPOINT((0.,0.,0.));
#9033=IFCDIRECTION((0.,0.,1.));
#9034=IFCDIRECTION((1.,0.,0.));
#9035=IFCAXIS2PLACEMENT3D(#9032,#9033,#9034);
#9036=IFCEXTRUDEDAREASOLID(#9031,#9035,#9030,-500.);
#9037=IFCSHAPEREPRESENTATION(#11,'Body','SweptSolid',(#9036));
#9038=IFCPRODUCTDEFINITIONSHAPE($,$,(#9037));
#9044=IFCCARTESIANPOINT((0.,17875.,3000.));
#9045=IFCDIRECTION((0.,0.,1.));
#9046=IFCDIRECTION((1.,0.,0.));
#9047=IFCAXIS2PLACEMENT3D(#9044,#9045,#9046);
#9048=IFCLOCALPLACEMENT($,#9047);
#9049=IFCPROPERTYSET('2AxoJgh8HFShs7zjVrECmm',$,'Other',$,(#9051,#9052));
#9050=IFCRELDEFINESBYPROPERTIES('0S$MeM8wf8k9Vfq9oKGzGv',$,$,$,(#9027),#9049);
#9051=IFCPROPERTYSINGLEVALUE('Ax',$,IFCLABEL('0.001'),$);
#9052=IFCPROPERTYSINGLEVALUE('Ay',$,IFCLABEL('0.001'),$);
#9053=IFCBEAM('1UwjeSLL17FuUqKtcRg$Ay',$,$,$,$,#9074,#9064,$,$);
#9054=IFCCARTESIANPOINTLIST2D(((0.,0.),(0.,250.),(6000.,250.),(6000.,0.),(0.,0.)));
#9055=IFCINDEXEDPOLYCURVE(#9054,$,.F.);
#9056=IFCDIRECTION((0.,0.,1.));
#9057=IFCARBITRARYCLOSEDPROFILEDEF(.AREA.,$,#9055);
#9058=IFCCARTESIANPOINT((0.,0.,0.));
#9059=IFCDIRECTION((0.,0.,1.));
#9060=IFCDIRECTION((1.,0.,0.));
#9061=IFCAXIS2PLACEMENT3D(#9058,#9059,#9060);
#9062=IFCEXTRUDEDAREASOLID(#9057,#9061,#9056,-500.);
#9063=IFCSHAPEREPRESENTATION(#11,'Body','SweptSolid',(#9062));
#9064=IFCPRODUCTDEFINITIONSHAPE($,$,(#9063));
#9070=IFCCARTESIANPOINT((6000.,17875.,3000.));
#9071=IFCDIRECTION((0.,0.,1.));
#9072=IFCDIRECTION((1.,0.,0.));
#9073=IFCAXIS2PLACEMENT3D(#9070,#9071,#9072);
#9074=IFCLOCALPLACEMENT($,#9073);
#9075=IFCPROPERTYSET('2V7D_79FHDwQiix9A7Qwqz',$,'Other',$,(#9077,#9078));
#9076=IFCRELDEFINESBYPROPERTIES('1evNZa9f1EBew_YQNlT84y',$,$,$,(#9053),#9075);
#9077=IFCPROPERTYSINGLEVALUE('Ax',$,IFCLABEL('0.001'),$);
#9078=IFCPROPERTYSINGLEVALUE('Ay',$,IFCLABEL('0.001'),$);
#9079=IFCBEAM('2DnCPeQ9z6re4UVE3f_bEm',$,$,$,$,#9100,#9090,$,$);
#9080=IFCCARTESIANPOINTLIST2D(((0.,0.),(0.,250.),(6000.,250.),(6000.,0.),(0.,0.)));
#9081=IFCINDEXEDPOLYCURVE(#9080,$,.F.);
#9082=IFCDIRECTION((0.,0.,1.));
#9083=IFCARBITRARYCLOSEDPROFILEDEF(.AREA.,$,#9081);
#9084=IFCCARTESIANPOINT((0.,0.,0.));
#9085=IFCDIRECTION((0.,0.,1.));
#9086=IFCDIRECTION((1.,0.,0.));
#9087=IFCAXIS2PLACEMENT3D(#9084,#9085,#9086);
#9088=IFCEXTRUDEDAREASOLID(#9083,#9087,#9082,-500.);
#9089=IFCSHAPEREPRESENTATION(#11,'Body','SweptSolid',(#9088));
#9090=IFCPRODUCTDEFINITIONSHAPE($,$,(#9089));
#9096=IFCCARTESIANPOINT((12000.,17875.,3000.));
#9097=IFCDIRECTION((0.,0.,1.));
#9098=IFCDIRECTION((1.,0.,0.));
#9099=IFCAXIS2PLACEMENT3D(#9096,#9097,#9098);
#9100=IFCLOCALPLACEMENT($,#9099);
#9101=IFCPROPERTYSET('1RtcqWN2vBl9CrDMyO9XTo',$,'Other',$,(#9103,#9104));
#9102=IFCRELDEFINESBYPROPERTIES('0n3ZtGw$j8cQ3UbWAgVsel',$,$,$,(#9079),#9101);
#9103=IFCPROPERTYSINGLEVALUE('Ax',$,IFCLABEL('0.001'),$);
#9104=IFCPROPERTYSINGLEVALUE('Ay',$,IFCLABEL('0.001'),$);
#9105=IFCBEAM('0CW71z1QzASAYj6JFW_Tbv',$,$,$,$,#9126,#9116,$,$);
#9106=IFCCARTESIANPOINTLIST2D(((0.,0.),(0.,250.),(6000.,250.),(6000.,0.),(0.,0.)));
#9107=IFCINDEXEDPOLYCURVE(#9106,$,.F.);
#9108=IFCDIRECTION((0.,0.,1.));
#9109=IFCARBITRARYCLOSEDPROFILEDEF(.AREA.,$,#9107);
#9110=IFCCARTESIANPOINT((0.,0.,0.));
#9111=IFCDIRECTION((0.,0.,1.));
#9112=IFCDIRECTION((1.,0.,0.));
#9113=IFCAXIS2PLACEMENT3D(#9110,#9111,#9112);
#9114=IFCEXTRUDEDAREASOLID(#9109,#9113,#9108,-500.);
#9115=IFCSHAPEREPRESENTATION(#11,'Body','SweptSolid',(#9114));
#9116=IFCPRODUCTDEFINITIONSHAPE($,$,(#9115));
#9122=IFCCARTESIANPOINT((18000.,17875.,3000.));
#9123=IFCDIRECTION((0.,0.,1.));
#9124=IFCDIRECTION((1.,0.,0.));
#9125=IFCAXIS2PLACEMENT3D(#9122,#9123,#9124);
#9126=IFCLOCALPLACEMENT($,#9125);
#9127=IFCPROPERTYSET('1_hfer4zf6LxW8iySOAFA9',$,'Other',$,(#9129,#9130));
#9128=IFCRELDEFINESBYPROPERTIES('2rb7saoTLB4wyr_NBFsQbC',$,$,$,(#9105),#9127);
#9129=IFCPROPERTYSINGLEVALUE('Ax',$,IFCLABEL('0.001'),$);
#9130=IFCPROPERTYSINGLEVALUE('Ay',$,IFCLABEL('0.001'),$);
#9131=IFCBEAM('3V1lixpwz02wd$cxAJmCca',$,$,$,$,#9152,#9142,$,$);
#9132=IFCCARTESIANPOINTLIST2D(((0.,0.),(0.,250.),(6000.,250.),(6000.,0.),(0.,0.)));
#9133=IFCINDEXEDPOLYCURVE(#9132,$,.F.);
#9134=IFCDIRECTION((0.,0.,1.));
#9135=IFCARBITRARYCLOSEDPROFILEDEF(.AREA.,$,#9133);
#9136=IFCCARTESIANPOINT((0.,0.,0.));
#9137=IFCDIRECTION((0.,0.,1.));
#9138=IFCDIRECTION((1.,0.,0.));
#9139=IFCAXIS2PLACEMENT3D(#9136,#9137,#9138);
#9140=IFCEXTRUDEDAREASOLID(#9135,#9139,#9134,-500.);
#9141=IFCSHAPEREPRESENTATION(#11,'Body','SweptSolid',(#9140));
#9142=IFCPRODUCTDEFINITIONSHAPE($,$,(#9141));
#9148=IFCCARTESIANPOINT((24000.,17875.,3000.));
#9149=IFCDIRECTION((0.,0.,1.));
#9150=IFCDIRECTION((1.,0.,0.));
#9151=IFCAXIS2PLACEMENT3D(#9148,#9149,#9150);
#9152=IFCLOCALPLACEMENT($,#9151);
#9153=IFCPROPERTYSET('0W$UyJl6fEuxxxMWLae64D',$,'Other',$,(#9155,#9156));
#9154=IFCRELDEFINESBYPROPERTIES('3sdluc7RnEMgSQojGzVS0E',$,$,$,(#9131),#9153);
#9155=IFCPROPERTYSINGLEVALUE('Ax',$,IFCLABEL('0.001'),$);
#9156=IFCPROPERTYSINGLEVALUE('Ay',$,IFCLABEL('0.001'),$);
#9157=IFCBEAM('1hTIz211jDTOwB9KeHkaDa',$,$,$,$,#9178,#9168,$,$);
#9158=IFCCARTESIANPOINTLIST2D(((0.,0.),(0.,250.),(6000.,250.),(6000.,0.),(0.,0.)));
#9159=IFCINDEXEDPOLYCURVE(#9158,$,.F.);
#9160=IFCDIRECTION((0.,0.,1.));
#9161=IFCARBITRARYCLOSEDPROFILEDEF(.AREA.,$,#9159);
#9162=IFCCARTESIANPOINT((0.,0.,0.));
#9163=IFCDIRECTION((0.,0.,1.));
#9164=IFCDIRECTION((1.,0.,0.));
#9165=IFCAXIS2PLACEMENT3D(#9162,#9163,#9164);
#9166=IFCEXTRUDEDAREASOLID(#9161,#9165,#9160,-400.);
#9167=IFCSHAPEREPRESENTATION(#11,'Body','SweptSolid',(#9166));
#9168=IFCPRODUCTDEFINITIONSHAPE($,$,(#9167));
#9174=IFCCARTESIANPOINT((2875.,18000.,3000.));
#9175=IFCDIRECTION((0.,0.,1.));
#9176=IFCDIRECTION((-1.8369701987210297E-16,-1.,0.));
#9177=IFCAXIS2PLACEMENT3D(#9174,#9175,#9176);
#9178=IFCLOCALPLACEMENT($,#9177);
#9179=IFCPROPERTYSET('2tnLIB4Jr7gvNFvBBDLZDN',$,'Other',$,(#9181,#9182));
#9180=IFCRELDEFINESBYPROPERTIES('0fucvtXf50$81gS4B$ZXwh',$,$,$,(#9157),#9179);
#9181=IFCPROPERTYSINGLEVALUE('Ax',$,IFCLABEL('0.001'),$);
#9182=IFCPROPERTYSINGLEVALUE('Ay',$,IFCLABEL('0.001'),$);
#9183=IFCBEAM('2CRW6NxxrCiQybhn7$H1aP',$,$,$,$,#9204,#9194,$,$);
#9184=IFCCARTESIANPOINTLIST2D(((0.,0.),(0.,250.),(6000.,250.),(6000.,0.),(0.,0.)));
#9185=IFCINDEXEDPOLYCURVE(#9184,$,.F.);
#9186=IFCDIRECTION((0.,0.,1.));
#9187=IFCARBITRARYCLOSEDPROFILEDEF(.AREA.,$,#9185);
#9188=IFCCARTESIANPOINT((0.,0.,0.));
#9189=IFCDIRECTION((0.,0.,1.));
#9190=IFCDIRECTION((1.,0.,0.));
#9191=IFCAXIS2PLACEMENT3D(#9188,#9189,#9190);
#9192=IFCEXTRUDEDAREASOLID(#9187,#9191,#9186,-400.);
#9193=IFCSHAPEREPRESENTATION(#11,'Body','SweptSolid',(#9192));
#9194=IFCPRODUCTDEFINITIONSHAPE($,$,(#9193));
#9200=IFCCARTESIANPOINT((2875.,12000.,3000.));
#9201=IFCDIRECTION((0.,0.,1.));
#9202=IFCDIRECTION((-1.8369701987210297E-16,-1.,0.));
#9203=IFCAXIS2PLACEMENT3D(#9200,#9201,#9202);
#9204=IFCLOCALPLACEMENT($,#9203);
#9205=IFCPROPERTYSET('0Fu_DlQMz6tftovFRrDeBY',$,'Other',$,(#9207,#9208));
#9206=IFCRELDEFINESBYPROPERTIES('1KjTzj1YbFqxeNA6DBz24L',$,$,$,(#9183),#9205);
#9207=IFCPROPERTYSINGLEVALUE('Ax',$,IFCLABEL('0.001'),$);
#9208=IFCPROPERTYSINGLEVALUE('Ay',$,IFCLABEL('0.001'),$);
#9209=IFCBEAM('1xDZtnytf3dPyXSFoQ3qaE',$,$,$,$,#9230,#9220,$,$);
#9210=IFCCARTESIANPOINTLIST2D(((0.,0.),(0.,250.),(6000.,250.),(6000.,0.),(0.,0.)));
#9211=IFCINDEXEDPOLYCURVE(#9210,$,.F.);
#9212=IFCDIRECTION((0.,0.,1.));
#9213=IFCARBITRARYCLOSEDPROFILEDEF(.AREA.,$,#9211);
#9214=IFCCARTESIANPOINT((0.,0.,0.));
#9215=IFCDIRECTION((0.,0.,1.));
#9216=IFCDIRECTION((1.,0.,0.));
#9217=IFCAXIS2PLACEMENT3D(#9214,#9215,#9216);
#9218=IFCEXTRUDEDAREASOLID(#9213,#9217,#9212,-400.);
#9219=IFCSHAPEREPRESENTATION(#11,'Body','SweptSolid',(#9218));
#9220=IFCPRODUCTDEFINITIONSHAPE($,$,(#9219));
#9226=IFCCARTESIANPOINT((8875.,18000.,3000.));
#9227=IFCDIRECTION((0.,0.,1.));
#9228=IFCDIRECTION((-1.8369701987210297E-16,-1.,0.));
#9229=IFCAXIS2PLACEMENT3D(#9226,#9227,#9228);
#9230=IFCLOCALPLACEMENT($,#9229);
#9231=IFCPROPERTYSET('32s_bxKyL0ZQWg2_ozU4TX',$,'Other',$,(#9233,#9234));
#9232=IFCRELDEFINESBYPROPERTIES('1aDZP1ejjFbem$X6SXYtED',$,$,$,(#9209),#9231);
#9233=IFCPROPERTYSINGLEVALUE('Ax',$,IFCLABEL('0.001'),$);
#9234=IFCPROPERTYSINGLEVALUE('Ay',$,IFCLABEL('0.001'),$);
#9235=IFCBEAM('39hHIZwKPBdOnIfHtzhpQH',$,$,$,$,#9256,#9246,$,$);
#9236=IFCCARTESIANPOINTLIST2D(((0.,0.),(0.,250.),(6000.,250.),(6000.,0.),(0.,0.)));
#9237=IFCINDEXEDPOLYCURVE(#9236,$,.F.);
#9238=IFCDIRECTION((0.,0.,1.));
#9239=IFCARBITRARYCLOSEDPROFILEDEF(.AREA.,$,#9237);
#9240=IFCCARTESIANPOINT((0.,0.,0.));
#9241=IFCDIRECTION((0.,0.,1.));
#9242=IFCDIRECTION((1.,0.,0.));
#9243=IFCAXIS2PLACEMENT3D(#9240,#9241,#9242);
#9244=IFCEXTRUDEDAREASOLID(#9239,#9243,#9238,-400.);
#9245=IFCSHAPEREPRESENTATION(#11,'Body','SweptSolid',(#9244));
#9246=IFCPRODUCTDEFINITIONSHAPE($,$,(#9245));
#9252=IFCCARTESIANPOINT((8875.,12000.,3000.));
#9253=IFCDIRECTION((0.,0.,1.));
#9254=IFCDIRECTION((-1.8369701987210297E-16,-1.,0.));
#9255=IFCAXIS2PLACEMENT3D(#9252,#9253,#9254);
#9256=IFCLOCALPLACEMENT($,#9255);
#9257=IFCPROPERTYSET('21xTV7pkH0q843wkjtR0kw',$,'Other',$,(#9259,#9260));
#9258=IFCRELDEFINESBYPROPERTIES('2SRrrvwMTCkQAJ4mNpF55i',$,$,$,(#9235),#9257);
#9259=IFCPROPERTYSINGLEVALUE('Ax',$,IFCLABEL('0.001'),$);
#9260=IFCPROPERTYSINGLEVALUE('Ay',$,IFCLABEL('0.001'),$);
#9261=IFCBEAM('2T_0dyr0n4cfaOTTSF71k2',$,$,$,$,#9282,#9272,$,$);
#9262=IFCCARTESIANPOINTLIST2D(((0.,0.),(0.,250.),(6000.,250.),(6000.,0.),(0.,0.)));
#9263=IFCINDEXEDPOLYCURVE(#9262,$,.F.);
#9264=IFCDIRECTION((0.,0.,1.));
#9265=IFCARBITRARYCLOSEDPROFILEDEF(.AREA.,$,#9263);
#9266=IFCCARTESIANPOINT((0.,0.,0.));
#9267=IFCDIRECTION((0.,0.,1.));
#9268=IFCDIRECTION((1.,0.,0.));
#9269=IFCAXIS2PLACEMENT3D(#9266,#9267,#9268);
#9270=IFCEXTRUDEDAREASOLID(#9265,#9269,#9264,-400.);
#9271=IFCSHAPEREPRESENTATION(#11,'Body','SweptSolid',(#9270));
#9272=IFCPRODUCTDEFINITIONSHAPE($,$,(#9271));
#9278=IFCCARTESIANPOINT((14875.,18000.,3000.));
#9279=IFCDIRECTION((0.,0.,1.));
#9280=IFCDIRECTION((-1.8369701987210297E-16,-1.,0.));
#9281=IFCAXIS2PLACEMENT3D(#9278,#9279,#9280);
#9282=IFCLOCALPLACEMENT($,#9281);
#9283=IFCPROPERTYSET('0vNTwvgif3qRtHXwUFI8cX',$,'Other',$,(#9285,#9286));
#9284=IFCRELDEFINESBYPROPERTIES('1M2x77KVLDEgYi_hjLsoq2',$,$,$,(#9261),#9283);
#9285=IFCPROPERTYSINGLEVALUE('Ax',$,IFCLABEL('0.001'),$);
#9286=IFCPROPERTYSINGLEVALUE('Ay',$,IFCLABEL('0.001'),$);
#9287=IFCBEAM('3As3zs11r7y8TNAzOM8QYn',$,$,$,$,#9308,#9298,$,$);
#9288=IFCCARTESIANPOINTLIST2D(((0.,0.),(0.,250.),(6000.,250.),(6000.,0.),(0.,0.)));
#9289=IFCINDEXEDPOLYCURVE(#9288,$,.F.);
#9290=IFCDIRECTION((0.,0.,1.));
#9291=IFCARBITRARYCLOSEDPROFILEDEF(.AREA.,$,#9289);
#9292=IFCCARTESIANPOINT((0.,0.,0.));
#9293=IFCDIRECTION((0.,0.,1.));
#9294=IFCDIRECTION((1.,0.,0.));
#9295=IFCAXIS2PLACEMENT3D(#9292,#9293,#9294);
#9296=IFCEXTRUDEDAREASOLID(#9291,#9295,#9290,-400.);
#9297=IFCSHAPEREPRESENTATION(#11,'Body','SweptSolid',(#9296));
#9298=IFCPRODUCTDEFINITIONSHAPE($,$,(#9297));
#9304=IFCCARTESIANPOINT((14875.,12000.,3000.));
#9305=IFCDIRECTION((0.,0.,1.));
#9306=IFCDIRECTION((-1.8369701987210297E-16,-1.,0.));
#9307=IFCAXIS2PLACEMENT3D(#9304,#9305,#9306);
#9308=IFCLOCALPLACEMENT($,#9307);
#9309=IFCPROPERTYSET('2GBXLavP59c8feZAXDxoaB',$,'Other',$,(#9311,#9312));
#9310=IFCRELDEFINESBYPROPERTIES('2mA3v8bj96GABiUipv2R3O',$,$,$,(#9287),#9309);
#9311=IFCPROPERTYSINGLEVALUE('Ax',$,IFCLABEL('0.001'),$);
#9312=IFCPROPERTYSINGLEVALUE('Ay',$,IFCLABEL('0.001'),$);
#9313=IFCBEAM('2kT$pt_PL1wR6SwQE9lDKG',$,$,$,$,#9334,#9324,$,$);
#9314=IFCCARTESIANPOINTLIST2D(((0.,0.),(0.,250.),(6000.,250.),(6000.,0.),(0.,0.)));
#9315=IFCINDEXEDPOLYCURVE(#9314,$,.F.);
#9316=IFCDIRECTION((0.,0.,1.));
#9317=IFCARBITRARYCLOSEDPROFILEDEF(.AREA.,$,#9315);
#9318=IFCCARTESIANPOINT((0.,0.,0.));
#9319=IFCDIRECTION((0.,0.,1.));
#9320=IFCDIRECTION((1.,0.,0.));
#9321=IFCAXIS2PLACEMENT3D(#9318,#9319,#9320);
#9322=IFCEXTRUDEDAREASOLID(#9317,#9321,#9316,-400.);
#9323=IFCSHAPEREPRESENTATION(#11,'Body','SweptSolid',(#9322));
#9324=IFCPRODUCTDEFINITIONSHAPE($,$,(#9323));
#9330=IFCCARTESIANPOINT((14875.,6000.,3000.));
#9331=IFCDIRECTION((0.,0.,1.));
#9332=IFCDIRECTION((-1.8369701987210297E-16,-1.,0.));
#9333=IFCAXIS2PLACEMENT3D(#9330,#9331,#9332);
#9334=IFCLOCALPLACEMENT($,#9333);
#9335=IFCPROPERTYSET('0jZWoEtk9BZAdR1GOq2tk2',$,'Other',$,(#9337,#9338));
#9336=IFCRELDEFINESBYPROPERTIES('128rCpUTL4fBAnGQXQFZ26',$,$,$,(#9313),#9335);
#9337=IFCPROPERTYSINGLEVALUE('Ax',$,IFCLABEL('0.001'),$);
#9338=IFCPROPERTYSINGLEVALUE('Ay',$,IFCLABEL('0.001'),$);
#9339=IFCBEAM('2Cikss$$5FZu1MpILenNVq',$,$,$,$,#9360,#9350,$,$);
#9340=IFCCARTESIANPOINTLIST2D(((0.,0.),(0.,250.),(6000.,250.),(6000.,0.),(0.,0.)));
#9341=IFCINDEXEDPOLYCURVE(#9340,$,.F.);
#9342=IFCDIRECTION((0.,0.,1.));
#9343=IFCARBITRARYCLOSEDPROFILEDEF(.AREA.,$,#9341);
#9344=IFCCARTESIANPOINT((0.,0.,0.));
#9345=IFCDIRECTION((0.,0.,1.));
#9346=IFCDIRECTION((1.,0.,0.));
#9347=IFCAXIS2PLACEMENT3D(#9344,#9345,#9346);
#9348=IFCEXTRUDEDAREASOLID(#9343,#9347,#9342,-400.);
#9349=IFCSHAPEREPRESENTATION(#11,'Body','SweptSolid',(#9348));
#9350=IFCPRODUCTDEFINITIONSHAPE($,$,(#9349));
#9356=IFCCARTESIANPOINT((20875.,18000.,3000.));
#9357=IFCDIRECTION((0.,0.,1.));
#9358=IFCDIRECTION((-1.8369701987210297E-16,-1.,0.));
#9359=IFCAXIS2PLACEMENT3D(#9356,#9357,#9358);
#9360=IFCLOCALPLACEMENT($,#9359);
#9361=IFCPROPERTYSET('2ALTHEi45D8hf4VjxI_t2C',$,'Other',$,(#9363,#9364));
#9362=IFCRELDEFINESBYPROPERTIES('3LcC83g_r7oOWn0d$trbC7',$,$,$,(#9339),#9361);
#9363=IFCPROPERTYSINGLEVALUE('Ax',$,IFCLABEL('0.001'),$);
#9364=IFCPROPERTYSINGLEVALUE('Ay',$,IFCLABEL('0.001'),$);
#9365=IFCBEAM('2UqVyCYg5AEOeIhEPQryQ4',$,$,$,$,#9386,#9376,$,$);
#9366=IFCCARTESIANPOINTLIST2D(((0.,0.),(0.,250.),(6000.,250.),(6000.,0.),(0.,0.)));
#9367=IFCINDEXEDPOLYCURVE(#9366,$,.F.);
#9368=IFCDIRECTION((0.,0.,1.));
#9369=IFCARBITRARYCLOSEDPROFILEDEF(.AREA.,$,#9367);
#9370=IFCCARTESIANPOINT((0.,0.,0.));
#9371=IFCDIRECTION((0.,0.,1.));
#9372=IFCDIRECTION((1.,0.,0.));
#9373=IFCAXIS2PLACEMENT3D(#9370,#9371,#9372);
#9374=IFCEXTRUDEDAREASOLID(#9369,#9373,#9368,-400.);
#9375=IFCSHAPEREPRESENTATION(#11,'Body','SweptSolid',(#9374));
#9376=IFCPRODUCTDEFINITIONSHAPE($,$,(#9375));
#9382=IFCCARTESIANPOINT((20875.,12000.,3000.));
#9383=IFCDIRECTION((0.,0.,1.));
#9384=IFCDIRECTION((-1.8369701987210297E-16,-1.,0.));
#9385=IFCAXIS2PLACEMENT3D(#9382,#9383,#9384);
#9386=IFCLOCALPLACEMENT($,#9385);
#9387=IFCPROPERTYSET('1schlThcDEkP1hvTZTrso4',$,'Other',$,(#9389,#9390));
#9388=IFCRELDEFINESBYPROPERTIES('3nHppJv7P2ZuewvWj4oKRk',$,$,$,(#9365),#9387);
#9389=IFCPROPERTYSINGLEVALUE('Ax',$,IFCLABEL('0.001'),$);
#9390=IFCPROPERTYSINGLEVALUE('Ay',$,IFCLABEL('0.001'),$);
#9391=IFCBEAM('3xkuHQxwr0NRUgXMUD57wL',$,$,$,$,#9412,#9402,$,$);
#9392=IFCCARTESIANPOINTLIST2D(((0.,0.),(0.,250.),(6000.,250.),(6000.,0.),(0.,0.)));
#9393=IFCINDEXEDPOLYCURVE(#9392,$,.F.);
#9394=IFCDIRECTION((0.,0.,1.));
#9395=IFCARBITRARYCLOSEDPROFILEDEF(.AREA.,$,#9393);
#9396=IFCCARTESIANPOINT((0.,0.,0.));
#9397=IFCDIRECTION((0.,0.,1.));
#9398=IFCDIRECTION((1.,0.,0.));
#9399=IFCAXIS2PLACEMENT3D(#9396,#9397,#9398);
#9400=IFCEXTRUDEDAREASOLID(#9395,#9399,#9394,-400.);
#9401=IFCSHAPEREPRESENTATION(#11,'Body','SweptSolid',(#9400));
#9402=IFCPRODUCTDEFINITIONSHAPE($,$,(#9401));
#9408=IFCCARTESIANPOINT((20875.,6000.,3000.));
#9409=IFCDIRECTION((0.,0.,1.));
#9410=IFCDIRECTION((-1.8369701987210297E-16,-1.,0.));
#9411=IFCAXIS2PLACEMENT3D(#9408,#9409,#9410);
#9412=IFCLOCALPLACEMENT($,#9411);
#9413=IFCPROPERTYSET('0GZnwJns14YQRpzinKkTkJ',$,'Other',$,(#9415,#9416));
#9414=IFCRELDEFINESBYPROPERTIES('21LFjsvanBqPV2xA4261va',$,$,$,(#9391),#9413);
#9415=IFCPROPERTYSINGLEVALUE('Ax',$,IFCLABEL('0.001'),$);
#9416=IFCPROPERTYSINGLEVALUE('Ay',$,IFCLABEL('0.001'),$);
#9417=IFCBEAM('0i8YG3yyvARu9WW9SbqPid',$,$,$,$,#9438,#9428,$,$);
#9418=IFCCARTESIANPOINTLIST2D(((0.,0.),(0.,250.),(6000.,250.),(6000.,0.),(0.,0.)));
#9419=IFCINDEXEDPOLYCURVE(#9418,$,.F.);
#9420=IFCDIRECTION((0.,0.,1.));
#9421=IFCARBITRARYCLOSEDPROFILEDEF(.AREA.,$,#9419);
#9422=IFCCARTESIANPOINT((0.,0.,0.));
#9423=IFCDIRECTION((0.,0.,1.));
#9424=IFCDIRECTION((1.,0.,0.));
#9425=IFCAXIS2PLACEMENT3D(#9422,#9423,#9424);
#9426=IFCEXTRUDEDAREASOLID(#9421,#9425,#9420,-400.);
#9427=IFCSHAPEREPRESENTATION(#11,'Body','SweptSolid',(#9426));
#9428=IFCPRODUCTDEFINITIONSHAPE($,$,(#9427));
#9434=IFCCARTESIANPOINT((8875.,6000.,3000.));
#9435=IFCDIRECTION((0.,0.,1.));
#9436=IFCDIRECTION((-1.8369701987210297E-16,-1.,0.));
#9437=IFCAXIS2PLACEMENT3D(#9434,#9435,#9436);
#9438=IFCLOCALPLACEMENT($,#9437);
#9439=IFCPROPERTYSET('1O1CSMhVDEyRzRW4sOlLh1',$,'Other',$,(#9441,#9442));
#9440=IFCRELDEFINESBYPROPERTIES('1XQ2WdYMT7tAcYkZZ8ISaW',$,$,$,(#9417),#9439);
#9441=IFCPROPERTYSINGLEVALUE('Ax',$,IFCLABEL('0.001'),$);
#9442=IFCPROPERTYSINGLEVALUE('Ay',$,IFCLABEL('0.001'),$);
#9443=IFCBEAM('3$yEIOslvDJu2A30wJbrhU',$,$,$,$,#9464,#9454,$,$);
#9444=IFCCARTESIANPOINTLIST2D(((0.,0.),(0.,250.),(6000.,250.),(6000.,0.),(0.,0.)));
#9445=IFCINDEXEDPOLYCURVE(#9444,$,.F.);
#9446=IFCDIRECTION((0.,0.,1.));
#9447=IFCARBITRARYCLOSEDPROFILEDEF(.AREA.,$,#9445);
#9448=IFCCARTESIANPOINT((0.,0.,0.));
#9449=IFCDIRECTION((0.,0.,1.));
#9450=IFCDIRECTION((1.,0.,0.));
#9451=IFCAXIS2PLACEMENT3D(#9448,#9449,#9450);
#9452=IFCEXTRUDEDAREASOLID(#9447,#9451,#9446,-400.);
#9453=IFCSHAPEREPRESENTATION(#11,'Body','SweptSolid',(#9452));
#9454=IFCPRODUCTDEFINITIONSHAPE($,$,(#9453));
#9460=IFCCARTESIANPOINT((2875.,6000.,3000.));
#9461=IFCDIRECTION((0.,0.,1.));
#9462=IFCDIRECTION((-1.8369701987210297E-16,-1.,0.));
#9463=IFCAXIS2PLACEMENT3D(#9460,#9461,#9462);
#9464=IFCLOCALPLACEMENT($,#9463);
#9465=IFCPROPERTYSET('2a3dSra1r5efpKJImMP7UD',$,'Other',$,(#9467,#9468));
#9466=IFCRELDEFINESBYPROPERTIES('122f66X9n4zvqqOvGDw1xU',$,$,$,(#9443),#9465);
#9467=IFCPROPERTYSINGLEVALUE('Ax',$,IFCLABEL('0.001'),$);
#9468=IFCPROPERTYSINGLEVALUE('Ay',$,IFCLABEL('0.001'),$);
#9469=IFCBEAM('2NWI_KA8b13PcgoioqXlUr',$,$,$,$,#9490,#9480,$,$);
#9470=IFCCARTESIANPOINTLIST2D(((0.,0.),(0.,250.),(6000.,250.),(6000.,0.),(0.,0.)));
#9471=IFCINDEXEDPOLYCURVE(#9470,$,.F.);
#9472=IFCDIRECTION((0.,0.,1.));
#9473=IFCARBITRARYCLOSEDPROFILEDEF(.AREA.,$,#9471);
#9474=IFCCARTESIANPOINT((0.,0.,0.));
#9475=IFCDIRECTION((0.,0.,1.));
#9476=IFCDIRECTION((1.,0.,0.));
#9477=IFCAXIS2PLACEMENT3D(#9474,#9475,#9476);
#9478=IFCEXTRUDEDAREASOLID(#9473,#9477,#9472,-400.);
#9479=IFCSHAPEREPRESENTATION(#11,'Body','SweptSolid',(#9478));
#9480=IFCPRODUCTDEFINITIONSHAPE($,$,(#9479));
#9486=IFCCARTESIANPOINT((26875.,12000.,3000.));
#9487=IFCDIRECTION((0.,0.,1.));
#9488=IFCDIRECTION((-1.8369701987210297E-16,-1.,0.));
#9489=IFCAXIS2PLACEMENT3D(#9486,#9487,#9488);
#9490=IFCLOCALPLACEMENT($,#9489);
#9491=IFCPROPERTYSET('2wMsMWKHr718gMYVeg7TSx',$,'Other',$,(#9493,#9494));
#9492=IFCRELDEFINESBYPROPERTIES('1jp0OmEirDew5o$Uw4PQtG',$,$,$,(#9469),#9491);
#9493=IFCPROPERTYSINGLEVALUE('Ax',$,IFCLABEL('0.001'),$);
#9494=IFCPROPERTYSINGLEVALUE('Ay',$,IFCLABEL('0.001'),$);
#9495=IFCBEAM('2mOkXf3E50Xf79jd2pTxP$',$,$,$,$,#9516,#9506,$,$);
#9496=IFCCARTESIANPOINTLIST2D(((0.,0.),(0.,250.),(6000.,250.),(6000.,0.),(0.,0.)));
#9497=IFCINDEXEDPOLYCURVE(#9496,$,.F.);
#9498=IFCDIRECTION((0.,0.,1.));
#9499=IFCARBITRARYCLOSEDPROFILEDEF(.AREA.,$,#9497);
#9500=IFCCARTESIANPOINT((0.,0.,0.));
#9501=IFCDIRECTION((0.,0.,1.));
#9502=IFCDIRECTION((1.,0.,0.));
#9503=IFCAXIS2PLACEMENT3D(#9500,#9501,#9502);
#9504=IFCEXTRUDEDAREASOLID(#9499,#9503,#9498,-500.);
#9505=IFCSHAPEREPRESENTATION(#11,'Body','SweptSolid',(#9504));
#9506=IFCPRODUCTDEFINITIONSHAPE($,$,(#9505));
#9512=IFCCARTESIANPOINT((24000.,14875.,3000.));
#9513=IFCDIRECTION((0.,0.,1.));
#9514=IFCDIRECTION((1.,0.,0.));
#9515=IFCAXIS2PLACEMENT3D(#9512,#9513,#9514);
#9516=IFCLOCALPLACEMENT($,#9515);
#9517=IFCPROPERTYSET('3bqdysDLn9Ax5CtvvoxQod',$,'Other',$,(#9519,#9520));
#9518=IFCRELDEFINESBYPROPERTIES('0zu$_IKk9C3PKzGQ5Ls0T6',$,$,$,(#9495),#9517);
#9519=IFCPROPERTYSINGLEVALUE('Ax',$,IFCLABEL('0.001'),$);
#9520=IFCPROPERTYSINGLEVALUE('Ay',$,IFCLABEL('0.001'),$);
#9521=IFCBEAM('2HEwBKIWfC_e$pI$RoQcXC',$,$,$,$,#9542,#9532,$,$);
#9522=IFCCARTESIANPOINTLIST2D(((0.,0.),(0.,250.),(6000.,250.),(6000.,0.),(0.,0.)));
#9523=IFCINDEXEDPOLYCURVE(#9522,$,.F.);
#9524=IFCDIRECTION((0.,0.,1.));
#9525=IFCARBITRARYCLOSEDPROFILEDEF(.AREA.,$,#9523);
#9526=IFCCARTESIANPOINT((0.,0.,0.));
#9527=IFCDIRECTION((0.,0.,1.));
#9528=IFCDIRECTION((1.,0.,0.));
#9529=IFCAXIS2PLACEMENT3D(#9526,#9527,#9528);
#9530=IFCEXTRUDEDAREASOLID(#9525,#9529,#9524,-400.);
#9531=IFCSHAPEREPRESENTATION(#11,'Body','SweptSolid',(#9530));
#9532=IFCPRODUCTDEFINITIONSHAPE($,$,(#9531));
#9538=IFCCARTESIANPOINT((29875.,18000.,3000.));
#9539=IFCDIRECTION((0.,0.,1.));
#9540=IFCDIRECTION((-1.8369701987210297E-16,-1.,0.));
#9541=IFCAXIS2PLACEMENT3D(#9538,#9539,#9540);
#9542=IFCLOCALPLACEMENT($,#9541);
#9543=IFCPROPERTYSET('1EEAGS6e99A8Zh$7pgmaUC',$,'Other',$,(#9545,#9546));
#9544=IFCRELDEFINESBYPROPERTIES('3Q5QTAMv54kBFG7dcIWXV9',$,$,$,(#9521),#9543);
#9545=IFCPROPERTYSINGLEVALUE('Ax',$,IFCLABEL('0.001'),$);
#9546=IFCPROPERTYSINGLEVALUE('Ay',$,IFCLABEL('0.001'),$);
#9547=IFCBEAM('3N$WvsNMv6lfKLsb38g0Vm',$,$,$,$,#9568,#9558,$,$);
#9548=IFCCARTESIANPOINTLIST2D(((0.,0.),(0.,250.),(6000.,250.),(6000.,0.),(0.,0.)));
#9549=IFCINDEXEDPOLYCURVE(#9548,$,.F.);
#9550=IFCDIRECTION((0.,0.,1.));
#9551=IFCARBITRARYCLOSEDPROFILEDEF(.AREA.,$,#9549);
#9552=IFCCARTESIANPOINT((0.,0.,0.));
#9553=IFCDIRECTION((0.,0.,1.));
#9554=IFCDIRECTION((1.,0.,0.));
#9555=IFCAXIS2PLACEMENT3D(#9552,#9553,#9554);
#9556=IFCEXTRUDEDAREASOLID(#9551,#9555,#9550,-400.);
#9557=IFCSHAPEREPRESENTATION(#11,'Body','SweptSolid',(#9556));
#9558=IFCPRODUCTDEFINITIONSHAPE($,$,(#9557));
#9564=IFCCARTESIANPOINT((24000.,11875.,24000.));
#9565=IFCDIRECTION((0.,0.,1.));
#9566=IFCDIRECTION((1.,0.,0.));
#9567=IFCAXIS2PLACEMENT3D(#9564,#9565,#9566);
#9568=IFCLOCALPLACEMENT($,#9567);
#9569=IFCPROPERTYSET('3H26$2QkL9r9yoIs6z24tP',$,'Other',$,(#9571,#9572));
#9570=IFCRELDEFINESBYPROPERTIES('3PnjqkPOHA2O4hMAaE2jw7',$,$,$,(#9547),#9569);
#9571=IFCPROPERTYSINGLEVALUE('Ax',$,IFCLABEL('0.001'),$);
#9572=IFCPROPERTYSINGLEVALUE('Ay',$,IFCLABEL('0.001'),$);
#9573=IFCBEAM('3i1LImfp19b95bKzQe4nEX',$,$,$,$,#9594,#9584,$,$);
#9574=IFCCARTESIANPOINTLIST2D(((0.,0.),(0.,250.),(6000.,250.),(6000.,0.),(0.,0.)));
#9575=IFCINDEXEDPOLYCURVE(#9574,$,.F.);
#9576=IFCDIRECTION((0.,0.,1.));
#9577=IFCARBITRARYCLOSEDPROFILEDEF(.AREA.,$,#9575);
#9578=IFCCARTESIANPOINT((0.,0.,0.));
#9579=IFCDIRECTION((0.,0.,1.));
#9580=IFCDIRECTION((1.,0.,0.));
#9581=IFCAXIS2PLACEMENT3D(#9578,#9579,#9580);
#9582=IFCEXTRUDEDAREASOLID(#9577,#9581,#9576,-400.);
#9583=IFCSHAPEREPRESENTATION(#11,'Body','SweptSolid',(#9582));
#9584=IFCPRODUCTDEFINITIONSHAPE($,$,(#9583));
#9590=IFCCARTESIANPOINT((24000.,11875.,21000.));
#9591=IFCDIRECTION((0.,0.,1.));
#9592=IFCDIRECTION((1.,0.,0.));
#9593=IFCAXIS2PLACEMENT3D(#9590,#9591,#9592);
#9594=IFCLOCALPLACEMENT($,#9593);
#9595=IFCPROPERTYSET('0uRbadFIrCnw$L$6auXKqD',$,'Other',$,(#9597,#9598));
#9596=IFCRELDEFINESBYPROPERTIES('0IERbvqTvDxQaDG0lU6_MH',$,$,$,(#9573),#9595);
#9597=IFCPROPERTYSINGLEVALUE('Ax',$,IFCLABEL('0.001'),$);
#9598=IFCPROPERTYSINGLEVALUE('Ay',$,IFCLABEL('0.001'),$);
#9599=IFCBEAM('3KnI2J3WTE7hFhXJriAPP_',$,$,$,$,#9620,#9610,$,$);
#9600=IFCCARTESIANPOINTLIST2D(((0.,0.),(0.,250.),(6000.,250.),(6000.,0.),(0.,0.)));
#9601=IFCINDEXEDPOLYCURVE(#9600,$,.F.);
#9602=IFCDIRECTION((0.,0.,1.));
#9603=IFCARBITRARYCLOSEDPROFILEDEF(.AREA.,$,#9601);
#9604=IFCCARTESIANPOINT((0.,0.,0.));
#9605=IFCDIRECTION((0.,0.,1.));
#9606=IFCDIRECTION((1.,0.,0.));
#9607=IFCAXIS2PLACEMENT3D(#9604,#9605,#9606);
#9608=IFCEXTRUDEDAREASOLID(#9603,#9607,#9602,-400.);
#9609=IFCSHAPEREPRESENTATION(#11,'Body','SweptSolid',(#9608));
#9610=IFCPRODUCTDEFINITIONSHAPE($,$,(#9609));
#9616=IFCCARTESIANPOINT((24000.,11875.,18000.));
#9617=IFCDIRECTION((0.,0.,1.));
#9618=IFCDIRECTION((1.,0.,0.));
#9619=IFCAXIS2PLACEMENT3D(#9616,#9617,#9618);
#9620=IFCLOCALPLACEMENT($,#9619);
#9621=IFCPROPERTYSET('1cjWVjWCP6BgfB_LzJHXZi',$,'Other',$,(#9623,#9624));
#9622=IFCRELDEFINESBYPROPERTIES('3vxpHmUhL3gu5NUxK9fZq2',$,$,$,(#9599),#9621);
#9623=IFCPROPERTYSINGLEVALUE('Ax',$,IFCLABEL('0.001'),$);
#9624=IFCPROPERTYSINGLEVALUE('Ay',$,IFCLABEL('0.001'),$);
#9625=IFCBEAM('3V3MXgeLfDyxupXNolirHl',$,$,$,$,#9646,#9636,$,$);
#9626=IFCCARTESIANPOINTLIST2D(((0.,0.),(0.,250.),(6000.,250.),(6000.,0.),(0.,0.)));
#9627=IFCINDEXEDPOLYCURVE(#9626,$,.F.);
#9628=IFCDIRECTION((0.,0.,1.));
#9629=IFCARBITRARYCLOSEDPROFILEDEF(.AREA.,$,#9627);
#9630=IFCCARTESIANPOINT((0.,0.,0.));
#9631=IFCDIRECTION((0.,0.,1.));
#9632=IFCDIRECTION((1.,0.,0.));
#9633=IFCAXIS2PLACEMENT3D(#9630,#9631,#9632);
#9634=IFCEXTRUDEDAREASOLID(#9629,#9633,#9628,-400.);
#9635=IFCSHAPEREPRESENTATION(#11,'Body','SweptSolid',(#9634));
#9636=IFCPRODUCTDEFINITIONSHAPE($,$,(#9635));
#9642=IFCCARTESIANPOINT((24000.,11875.,15000.));
#9643=IFCDIRECTION((0.,0.,1.));
#9644=IFCDIRECTION((1.,0.,0.));
#9645=IFCAXIS2PLACEMENT3D(#9642,#9643,#9644);
#9646=IFCLOCALPLACEMENT($,#9645);
#9647=IFCPROPERTYSET('3BEXuxxFzBQxHHk5y0fUJv',$,'Other',$,(#9649,#9650));
#9648=IFCRELDEFINESBYPROPERTIES('38ktFgM2b3XeEMih3HtIaq',$,$,$,(#9625),#9647);
#9649=IFCPROPERTYSINGLEVALUE('Ax',$,IFCLABEL('0.001'),$);
#9650=IFCPROPERTYSINGLEVALUE('Ay',$,IFCLABEL('0.001'),$);
#9651=IFCBEAM('1BHVdtIwrFe8TAW5EK0t8K',$,$,$,$,#9672,#9662,$,$);
#9652=IFCCARTESIANPOINTLIST2D(((0.,0.),(0.,250.),(6000.,250.),(6000.,0.),(0.,0.)));
#9653=IFCINDEXEDPOLYCURVE(#9652,$,.F.);
#9654=IFCDIRECTION((0.,0.,1.));
#9655=IFCARBITRARYCLOSEDPROFILEDEF(.AREA.,$,#9653);
#9656=IFCCARTESIANPOINT((0.,0.,0.));
#9657=IFCDIRECTION((0.,0.,1.));
#9658=IFCDIRECTION((1.,0.,0.));
#9659=IFCAXIS2PLACEMENT3D(#9656,#9657,#9658);
#9660=IFCEXTRUDEDAREASOLID(#9655,#9659,#9654,-400.);
#9661=IFCSHAPEREPRESENTATION(#11,'Body','SweptSolid',(#9660));
#9662=IFCPRODUCTDEFINITIONSHAPE($,$,(#9661));
#9668=IFCCARTESIANPOINT((24000.,11875.,12000.));
#9669=IFCDIRECTION((0.,0.,1.));
#9670=IFCDIRECTION((1.,0.,0.));
#9671=IFCAXIS2PLACEMENT3D(#9668,#9669,#9670);
#9672=IFCLOCALPLACEMENT($,#9671);
#9673=IFCPROPERTYSET('0cwU_nyjjFjvNwSUdeXayc',$,'Other',$,(#9675,#9676));
#9674=IFCRELDEFINESBYPROPERTIES('2RDpkKkl1BZQqkpwpvsixi',$,$,$,(#9651),#9673);
#9675=IFCPROPERTYSINGLEVALUE('Ax',$,IFCLABEL('0.001'),$);
#9676=IFCPROPERTYSINGLEVALUE('Ay',$,IFCLABEL('0.001'),$);
#9677=IFCBEAM('3KKWqy20bCuQPWdlcoLv5S',$,$,$,$,#9698,#9688,$,$);
#9678=IFCCARTESIANPOINTLIST2D(((0.,0.),(0.,250.),(6000.,250.),(6000.,0.),(0.,0.)));
#9679=IFCINDEXEDPOLYCURVE(#9678,$,.F.);
#9680=IFCDIRECTION((0.,0.,1.));
#9681=IFCARBITRARYCLOSEDPROFILEDEF(.AREA.,$,#9679);
#9682=IFCCARTESIANPOINT((0.,0.,0.));
#9683=IFCDIRECTION((0.,0.,1.));
#9684=IFCDIRECTION((1.,0.,0.));
#9685=IFCAXIS2PLACEMENT3D(#9682,#9683,#9684);
#9686=IFCEXTRUDEDAREASOLID(#9681,#9685,#9680,-400.);
#9687=IFCSHAPEREPRESENTATION(#11,'Body','SweptSolid',(#9686));
#9688=IFCPRODUCTDEFINITIONSHAPE($,$,(#9687));
#9694=IFCCARTESIANPOINT((24000.,11875.,9000.));
#9695=IFCDIRECTION((0.,0.,1.));
#9696=IFCDIRECTION((1.,0.,0.));
#9697=IFCAXIS2PLACEMENT3D(#9694,#9695,#9696);
#9698=IFCLOCALPLACEMENT($,#9697);
#9699=IFCPROPERTYSET('1o3lT890z0Yg9SNHlrZ6pZ',$,'Other',$,(#9701,#9702));
#9700=IFCRELDEFINESBYPROPERTIES('0lFBOqtBv7fBMNON32qdgL',$,$,$,(#9677),#9699);
#9701=IFCPROPERTYSINGLEVALUE('Ax',$,IFCLABEL('0.001'),$);
#9702=IFCPROPERTYSINGLEVALUE('Ay',$,IFCLABEL('0.001'),$);
#9703=IFCBEAM('1G5SR6xVf67uWiy6VJ6rut',$,$,$,$,#9724,#9714,$,$);
#9704=IFCCARTESIANPOINTLIST2D(((0.,0.),(0.,250.),(6000.,250.),(6000.,0.),(0.,0.)));
#9705=IFCINDEXEDPOLYCURVE(#9704,$,.F.);
#9706=IFCDIRECTION((0.,0.,1.));
#9707=IFCARBITRARYCLOSEDPROFILEDEF(.AREA.,$,#9705);
#9708=IFCCARTESIANPOINT((0.,0.,0.));
#9709=IFCDIRECTION((0.,0.,1.));
#9710=IFCDIRECTION((1.,0.,0.));
#9711=IFCAXIS2PLACEMENT3D(#9708,#9709,#9710);
#9712=IFCEXTRUDEDAREASOLID(#9707,#9711,#9706,-400.);
#9713=IFCSHAPEREPRESENTATION(#11,'Body','SweptSolid',(#9712));
#9714=IFCPRODUCTDEFINITIONSHAPE($,$,(#9713));
#9720=IFCCARTESIANPOINT((24000.,11875.,6000.));
#9721=IFCDIRECTION((0.,0.,1.));
#9722=IFCDIRECTION((1.,0.,0.));
#9723=IFCAXIS2PLACEMENT3D(#9720,#9721,#9722);
#9724=IFCLOCALPLACEMENT($,#9723);
#9725=IFCPROPERTYSET('1pDocOHBrFfRSIL9W7w31n',$,'Other',$,(#9727,#9728));
#9726=IFCRELDEFINESBYPROPERTIES('3PMBqNJPfEuubtanVZ3f6$',$,$,$,(#9703),#9725);
#9727=IFCPROPERTYSINGLEVALUE('Ax',$,IFCLABEL('0.001'),$);
#9728=IFCPROPERTYSINGLEVALUE('Ay',$,IFCLABEL('0.001'),$);
#9729=IFCBEAM('0O9niKYY99yP8JtysWLU07',$,$,$,$,#9750,#9740,$,$);
#9730=IFCCARTESIANPOINTLIST2D(((0.,0.),(0.,250.),(6000.,250.),(6000.,0.),(0.,0.)));
#9731=IFCINDEXEDPOLYCURVE(#9730,$,.F.);
#9732=IFCDIRECTION((0.,0.,1.));
#9733=IFCARBITRARYCLOSEDPROFILEDEF(.AREA.,$,#9731);
#9734=IFCCARTESIANPOINT((0.,0.,0.));
#9735=IFCDIRECTION((0.,0.,1.));
#9736=IFCDIRECTION((1.,0.,0.));
#9737=IFCAXIS2PLACEMENT3D(#9734,#9735,#9736);
#9738=IFCEXTRUDEDAREASOLID(#9733,#9737,#9732,-400.);
#9739=IFCSHAPEREPRESENTATION(#11,'Body','SweptSolid',(#9738));
#9740=IFCPRODUCTDEFINITIONSHAPE($,$,(#9739));
#9746=IFCCARTESIANPOINT((24000.,11875.,3000.));
#9747=IFCDIRECTION((0.,0.,1.));
#9748=IFCDIRECTION((1.,0.,0.));
#9749=IFCAXIS2PLACEMENT3D(#9746,#9747,#9748);
#9750=IFCLOCALPLACEMENT($,#9749);
#9751=IFCPROPERTYSET('150qIPewf1XPPJn8F$WRyV',$,'Other',$,(#9753,#9754));
#9752=IFCRELDEFINESBYPROPERTIES('2GxFFu6wf73BQBIbrDpj4I',$,$,$,(#9729),#9751);
#9753=IFCPROPERTYSINGLEVALUE('Ax',$,IFCLABEL('0.001'),$);
#9754=IFCPROPERTYSINGLEVALUE('Ay',$,IFCLABEL('0.001'),$);
#9755=IFCBEAM('1ZuEg44_fEQBuawixDj93t',$,$,$,$,#9776,#9766,$,$);
#9756=IFCCARTESIANPOINTLIST2D(((0.,0.),(0.,250.),(6000.,250.),(6000.,0.),(0.,0.)));
#9757=IFCINDEXEDPOLYCURVE(#9756,$,.F.);
#9758=IFCDIRECTION((0.,0.,1.));
#9759=IFCARBITRARYCLOSEDPROFILEDEF(.AREA.,$,#9757);
#9760=IFCCARTESIANPOINT((0.,0.,0.));
#9761=IFCDIRECTION((0.,0.,1.));
#9762=IFCDIRECTION((1.,0.,0.));
#9763=IFCAXIS2PLACEMENT3D(#9760,#9761,#9762);
#9764=IFCEXTRUDEDAREASOLID(#9759,#9763,#9758,-400.);
#9765=IFCSHAPEREPRESENTATION(#11,'Body','SweptSolid',(#9764));
#9766=IFCPRODUCTDEFINITIONSHAPE($,$,(#9765));
#9772=IFCCARTESIANPOINT((29875.,12000.,24000.));
#9773=IFCDIRECTION((0.,0.,1.));
#9774=IFCDIRECTION((-1.8369701987210297E-16,-1.,0.));
#9775=IFCAXIS2PLACEMENT3D(#9772,#9773,#9774);
#9776=IFCLOCALPLACEMENT($,#9775);
#9777=IFCPROPERTYSET('3y3ZPCwoP47fdH5xfgUcly',$,'Other',$,(#9779,#9780));
#9778=IFCRELDEFINESBYPROPERTIES('2nWXgww2D0MfENHFsPyXCE',$,$,$,(#9755),#9777);
#9779=IFCPROPERTYSINGLEVALUE('Ax',$,IFCLABEL('0.001'),$);
#9780=IFCPROPERTYSINGLEVALUE('Ay',$,IFCLABEL('0.001'),$);
#9781=IFCBEAM('0LVObXt7b4u9bzjJ6625UV',$,$,$,$,#9802,#9792,$,$);
#9782=IFCCARTESIANPOINTLIST2D(((0.,0.),(0.,250.),(6000.,250.),(6000.,0.),(0.,0.)));
#9783=IFCINDEXEDPOLYCURVE(#9782,$,.F.);
#9784=IFCDIRECTION((0.,0.,1.));
#9785=IFCARBITRARYCLOSEDPROFILEDEF(.AREA.,$,#9783);
#9786=IFCCARTESIANPOINT((0.,0.,0.));
#9787=IFCDIRECTION((0.,0.,1.));
#9788=IFCDIRECTION((1.,0.,0.));
#9789=IFCAXIS2PLACEMENT3D(#9786,#9787,#9788);
#9790=IFCEXTRUDEDAREASOLID(#9785,#9789,#9784,-400.);
#9791=IFCSHAPEREPRESENTATION(#11,'Body','SweptSolid',(#9790));
#9792=IFCPRODUCTDEFINITIONSHAPE($,$,(#9791));
#9798=IFCCARTESIANPOINT((29875.,12000.,21000.));
#9799=IFCDIRECTION((0.,0.,1.));
#9800=IFCDIRECTION((-1.8369701987210297E-16,-1.,0.));
#9801=IFCAXIS2PLACEMENT3D(#9798,#9799,#9800);
#9802=IFCLOCALPLACEMENT($,#9801);
#9803=IFCPROPERTYSET('370sH45EzEgO1mRqAp4wuI',$,'Other',$,(#9805,#9806));
#9804=IFCRELDEFINESBYPROPERTIES('3rc2th8195ex0WQCdMAnbr',$,$,$,(#9781),#9803);
#9805=IFCPROPERTYSINGLEVALUE('Ax',$,IFCLABEL('0.001'),$);
#9806=IFCPROPERTYSINGLEVALUE('Ay',$,IFCLABEL('0.001'),$);
#9807=IFCBEAM('1kYGR7lnXEuBa3j69dvvZc',$,$,$,$,#9828,#9818,$,$);
#9808=IFCCARTESIANPOINTLIST2D(((0.,0.),(0.,250.),(6000.,250.),(6000.,0.),(0.,0.)));
#9809=IFCINDEXEDPOLYCURVE(#9808,$,.F.);
#9810=IFCDIRECTION((0.,0.,1.));
#9811=IFCARBITRARYCLOSEDPROFILEDEF(.AREA.,$,#9809);
#9812=IFCCARTESIANPOINT((0.,0.,0.));
#9813=IFCDIRECTION((0.,0.,1.));
#9814=IFCDIRECTION((1.,0.,0.));
#9815=IFCAXIS2PLACEMENT3D(#9812,#9813,#9814);
#9816=IFCEXTRUDEDAREASOLID(#9811,#9815,#9810,-400.);
#9817=IFCSHAPEREPRESENTATION(#11,'Body','SweptSolid',(#9816));
#9818=IFCPRODUCTDEFINITIONSHAPE($,$,(#9817));
#9824=IFCCARTESIANPOINT((29875.,12000.,18000.));
#9825=IFCDIRECTION((0.,0.,1.));
#9826=IFCDIRECTION((-1.8369701987210297E-16,-1.,0.));
#9827=IFCAXIS2PLACEMENT3D(#9824,#9825,#9826);
#9828=IFCLOCALPLACEMENT($,#9827);
#9829=IFCPROPERTYSET('2yXQjZ2qP7TB50ymmG7Po0',$,'Other',$,(#9831,#9832));
#9830=IFCRELDEFINESBYPROPERTIES('12xu3T9v542hcr_gHcLlNq',$,$,$,(#9807),#9829);
#9831=IFCPROPERTYSINGLEVALUE('Ax',$,IFCLABEL('0.001'),$);
#9832=IFCPROPERTYSINGLEVALUE('Ay',$,IFCLABEL('0.001'),$);
#9833=IFCBEAM('0q8n5JvEfE8vVtDyUJtjXX',$,$,$,$,#9854,#9844,$,$);
#9834=IFCCARTESIANPOINTLIST2D(((0.,0.),(0.,250.),(6000.,250.),(6000.,0.),(0.,0.)));
#9835=IFCINDEXEDPOLYCURVE(#9834,$,.F.);
#9836=IFCDIRECTION((0.,0.,1.));
#9837=IFCARBITRARYCLOSEDPROFILEDEF(.AREA.,$,#9835);
#9838=IFCCARTESIANPOINT((0.,0.,0.));
#9839=IFCDIRECTION((0.,0.,1.));
#9840=IFCDIRECTION((1.,0.,0.));
#9841=IFCAXIS2PLACEMENT3D(#9838,#9839,#9840);
#9842=IFCEXTRUDEDAREASOLID(#9837,#9841,#9836,-400.);
#9843=IFCSHAPEREPRESENTATION(#11,'Body','SweptSolid',(#9842));
#9844=IFCPRODUCTDEFINITIONSHAPE($,$,(#9843));
#9850=IFCCARTESIANPOINT((29875.,12000.,15000.));
#9851=IFCDIRECTION((0.,0.,1.));
#9852=IFCDIRECTION((-1.8369701987210297E-16,-1.,0.));
#9853=IFCAXIS2PLACEMENT3D(#9850,#9851,#9852);
#9854=IFCLOCALPLACEMENT($,#9853);
#9855=IFCPROPERTYSET('04mDMPNWP0Wx_qTQNqHrZe',$,'Other',$,(#9857,#9858));
#9856=IFCRELDEFINESBYPROPERTIES('363MBkimj3w9Fp3BTJMZA8',$,$,$,(#9833),#9855);
#9857=IFCPROPERTYSINGLEVALUE('Ax',$,IFCLABEL('0.001'),$);
#9858=IFCPROPERTYSINGLEVALUE('Ay',$,IFCLABEL('0.001'),$);
#9859=IFCBEAM('3RAkJu1wv7GguNJfNO_t3x',$,$,$,$,#9880,#9870,$,$);
#9860=IFCCARTESIANPOINTLIST2D(((0.,0.),(0.,250.),(6000.,250.),(6000.,0.),(0.,0.)));
#9861=IFCINDEXEDPOLYCURVE(#9860,$,.F.);
#9862=IFCDIRECTION((0.,0.,1.));
#9863=IFCARBITRARYCLOSEDPROFILEDEF(.AREA.,$,#9861);
#9864=IFCCARTESIANPOINT((0.,0.,0.));
#9865=IFCDIRECTION((0.,0.,1.));
#9866=IFCDIRECTION((1.,0.,0.));
#9867=IFCAXIS2PLACEMENT3D(#9864,#9865,#9866);
#9868=IFCEXTRUDEDAREASOLID(#9863,#9867,#9862,-400.);
#9869=IFCSHAPEREPRESENTATION(#11,'Body','SweptSolid',(#9868));
#9870=IFCPRODUCTDEFINITIONSHAPE($,$,(#9869));
#9876=IFCCARTESIANPOINT((29875.,12000.,12000.));
#9877=IFCDIRECTION((0.,0.,1.));
#9878=IFCDIRECTION((-1.8369701987210297E-16,-1.,0.));
#9879=IFCAXIS2PLACEMENT3D(#9876,#9877,#9878);
#9880=IFCLOCALPLACEMENT($,#9879);
#9881=IFCPROPERTYSET('2nQ0tuaqjD7BZDxy6F7TrH',$,'Other',$,(#9883,#9884));
#9882=IFCRELDEFINESBYPROPERTIES('3ykfL5myv3UPSmSn$X3PHa',$,$,$,(#9859),#9881);
#9883=IFCPROPERTYSINGLEVALUE('Ax',$,IFCLABEL('0.001'),$);
#9884=IFCPROPERTYSINGLEVALUE('Ay',$,IFCLABEL('0.001'),$);
#9885=IFCBEAM('0ZJlt2FjbFp8QQqeYxtxeQ',$,$,$,$,#9906,#9896,$,$);
#9886=IFCCARTESIANPOINTLIST2D(((0.,0.),(0.,250.),(6000.,250.),(6000.,0.),(0.,0.)));
#9887=IFCINDEXEDPOLYCURVE(#9886,$,.F.);
#9888=IFCDIRECTION((0.,0.,1.));
#9889=IFCARBITRARYCLOSEDPROFILEDEF(.AREA.,$,#9887);
#9890=IFCCARTESIANPOINT((0.,0.,0.));
#9891=IFCDIRECTION((0.,0.,1.));
#9892=IFCDIRECTION((1.,0.,0.));
#9893=IFCAXIS2PLACEMENT3D(#9890,#9891,#9892);
#9894=IFCEXTRUDEDAREASOLID(#9889,#9893,#9888,-400.);
#9895=IFCSHAPEREPRESENTATION(#11,'Body','SweptSolid',(#9894));
#9896=IFCPRODUCTDEFINITIONSHAPE($,$,(#9895));
#9902=IFCCARTESIANPOINT((29875.,12000.,9000.));
#9903=IFCDIRECTION((0.,0.,1.));
#9904=IFCDIRECTION((-1.8369701987210297E-16,-1.,0.));
#9905=IFCAXIS2PLACEMENT3D(#9902,#9903,#9904);
#9906=IFCLOCALPLACEMENT($,#9905);
#9907=IFCPROPERTYSET('0MGiSfQ2L6qw6P2gW4H8xO',$,'Other',$,(#9909,#9910));
#9908=IFCRELDEFINESBYPROPERTIES('1DPNA39tX9YO57JQeYW7aC',$,$,$,(#9885),#9907);
#9909=IFCPROPERTYSINGLEVALUE('Ax',$,IFCLABEL('0.001'),$);
#9910=IFCPROPERTYSINGLEVALUE('Ay',$,IFCLABEL('0.001'),$);
#9911=IFCBEAM('3F7DcjzF9A39cGq3MmpOiE',$,$,$,$,#9932,#9922,$,$);
#9912=IFCCARTESIANPOINTLIST2D(((0.,0.),(0.,250.),(6000.,250.),(6000.,0.),(0.,0.)));
#9913=IFCINDEXEDPOLYCURVE(#9912,$,.F.);
#9914=IFCDIRECTION((0.,0.,1.));
#9915=IFCARBITRARYCLOSEDPROFILEDEF(.AREA.,$,#9913);
#9916=IFCCARTESIANPOINT((0.,0.,0.));
#9917=IFCDIRECTION((0.,0.,1.));
#9918=IFCDIRECTION((1.,0.,0.));
#9919=IFCAXIS2PLACEMENT3D(#9916,#9917,#9918);
#9920=IFCEXTRUDEDAREASOLID(#9915,#9919,#9914,-400.);
#9921=IFCSHAPEREPRESENTATION(#11,'Body','SweptSolid',(#9920));
#9922=IFCPRODUCTDEFINITIONSHAPE($,$,(#9921));
#9928=IFCCARTESIANPOINT((29875.,12000.,6000.));
#9929=IFCDIRECTION((0.,0.,1.));
#9930=IFCDIRECTION((-1.8369701987210297E-16,-1.,0.));
#9931=IFCAXIS2PLACEMENT3D(#9928,#9929,#9930);
#9932=IFCLOCALPLACEMENT($,#9931);
#9933=IFCPROPERTYSET('2jhaQ0tXjDyvpF7bt7$JVg',$,'Other',$,(#9935,#9936));
#9934=IFCRELDEFINESBYPROPERTIES('0hNddPb3PCwxU599P0ULvp',$,$,$,(#9911),#9933);
#9935=IFCPROPERTYSINGLEVALUE('Ax',$,IFCLABEL('0.001'),$);
#9936=IFCPROPERTYSINGLEVALUE('Ay',$,IFCLABEL('0.001'),$);
#9937=IFCBEAM('3KEuCz5pvD6A$GUl9rL5D3',$,$,$,$,#9958,#9948,$,$);
#9938=IFCCARTESIANPOINTLIST2D(((0.,0.),(0.,250.),(6000.,250.),(6000.,0.),(0.,0.)));
#9939=IFCINDEXEDPOLYCURVE(#9938,$,.F.);
#9940=IFCDIRECTION((0.,0.,1.));
#9941=IFCARBITRARYCLOSEDPROFILEDEF(.AREA.,$,#9939);
#9942=IFCCARTESIANPOINT((0.,0.,0.));
#9943=IFCDIRECTION((0.,0.,1.));
#9944=IFCDIRECTION((1.,0.,0.));
#9945=IFCAXIS2PLACEMENT3D(#9942,#9943,#9944);
#9946=IFCEXTRUDEDAREASOLID(#9941,#9945,#9940,-400.);
#9947=IFCSHAPEREPRESENTATION(#11,'Body','SweptSolid',(#9946));
#9948=IFCPRODUCTDEFINITIONSHAPE($,$,(#9947));
#9954=IFCCARTESIANPOINT((29875.,12000.,3000.));
#9955=IFCDIRECTION((0.,0.,1.));
#9956=IFCDIRECTION((-1.8369701987210297E-16,-1.,0.));
#9957=IFCAXIS2PLACEMENT3D(#9954,#9955,#9956);
#9958=IFCLOCALPLACEMENT($,#9957);
#9959=IFCPROPERTYSET('05miyb0tzCVRCqAe8TTLqR',$,'Other',$,(#9961,#9962));
#9960=IFCRELDEFINESBYPROPERTIES('1Rilw2_dXDigBAD15JnYjM',$,$,$,(#9937),#9959);
#9961=IFCPROPERTYSINGLEVALUE('Ax',$,IFCLABEL('0.001'),$);
#9962=IFCPROPERTYSINGLEVALUE('Ay',$,IFCLABEL('0.001'),$);
#9963=IFCBEAM('09kF9E6Mz1UxkVr$DPH024',$,$,$,$,#9984,#9974,$,$);
#9964=IFCCARTESIANPOINTLIST2D(((0.,0.),(0.,250.),(5000.,250.),(5000.,0.),(0.,0.)));
#9965=IFCINDEXEDPOLYCURVE(#9964,$,.F.);
#9966=IFCDIRECTION((0.,0.,1.));
#9967=IFCARBITRARYCLOSEDPROFILEDEF(.AREA.,$,#9965);
#9968=IFCCARTESIANPOINT((0.,0.,0.));
#9969=IFCDIRECTION((0.,0.,1.));
#9970=IFCDIRECTION((1.,0.,0.));
#9971=IFCAXIS2PLACEMENT3D(#9968,#9969,#9970);
#9972=IFCEXTRUDEDAREASOLID(#9967,#9971,#9966,-400.);
#9973=IFCSHAPEREPRESENTATION(#11,'Body','SweptSolid',(#9972));
#9974=IFCPRODUCTDEFINITIONSHAPE($,$,(#9973));
#9980=IFCCARTESIANPOINT((29875.,6000.,24000.));
#9981=IFCDIRECTION((0.,0.,1.));
#9982=IFCDIRECTION((-1.8369701987210297E-16,-1.,0.));
#9983=IFCAXIS2PLACEMENT3D(#9980,#9981,#9982);
#9984=IFCLOCALPLACEMENT($,#9983);
#9985=IFCPROPERTYSET('39LGPzMMnBc8oZ54_WjL7_',$,'Other',$,(#9987,#9988));
#9986=IFCRELDEFINESBYPROPERTIES('11dHUxe7r85fXCY$rLcuWx',$,$,$,(#9963),#9985);
#9987=IFCPROPERTYSINGLEVALUE('Ax',$,IFCLABEL('0.001'),$);
#9988=IFCPROPERTYSINGLEVALUE('Ay',$,IFCLABEL('0.001'),$);
#9989=IFCBEAM('0V3p517I1EXhEiZF86yicG',$,$,$,$,#10010,#10000,$,$);
#9990=IFCCARTESIANPOINTLIST2D(((0.,0.),(0.,250.),(5000.,250.),(5000.,0.),(0.,0.)));
#9991=IFCINDEXEDPOLYCURVE(#9990,$,.F.);
#9992=IFCDIRECTION((0.,0.,1.));
#9993=IFCARBITRARYCLOSEDPROFILEDEF(.AREA.,$,#9991);
#9994=IFCCARTESIANPOINT((0.,0.,0.));
#9995=IFCDIRECTION((0.,0.,1.));
#9996=IFCDIRECTION((1.,0.,0.));
#9997=IFCAXIS2PLACEMENT3D(#9994,#9995,#9996);
#9998=IFCEXTRUDEDAREASOLID(#9993,#9997,#9992,-400.);
#9999=IFCSHAPEREPRESENTATION(#11,'Body','SweptSolid',(#9998));
#10000=IFCPRODUCTDEFINITIONSHAPE($,$,(#9999));
#10006=IFCCARTESIANPOINT((29875.,6000.,21000.));
#10007=IFCDIRECTION((0.,0.,1.));
#10008=IFCDIRECTION((-1.8369701987210297E-16,-1.,0.));
#10009=IFCAXIS2PLACEMENT3D(#10006,#10007,#10008);
#10010=IFCLOCALPLACEMENT($,#10009);
#10011=IFCPROPERTYSET('2_9UJTR3z9NhliuonkOSUK',$,'Other',$,(#10013,#10014));
#10012=IFCRELDEFINESBYPROPERTIES('2dlfxmf9jBcg94h15U7w4H',$,$,$,(#9989),#10011);
#10013=IFCPROPERTYSINGLEVALUE('Ax',$,IFCLABEL('0.001'),$);
#10014=IFCPROPERTYSINGLEVALUE('Ay',$,IFCLABEL('0.001'),$);
#10015=IFCBEAM('16pFLORqP5whOro_0DxqGF',$,$,$,$,#10036,#10026,$,$);
#10016=IFCCARTESIANPOINTLIST2D(((0.,0.),(0.,250.),(5000.,250.),(5000.,0.),(0.,0.)));
#10017=IFCINDEXEDPOLYCURVE(#10016,$,.F.);
#10018=IFCDIRECTION((0.,0.,1.));
#10019=IFCARBITRARYCLOSEDPROFILEDEF(.AREA.,$,#10017);
#10020=IFCCARTESIANPOINT((0.,0.,0.));
#10021=IFCDIRECTION((0.,0.,1.));
#10022=IFCDIRECTION((1.,0.,0.));
#10023=IFCAXIS2PLACEMENT3D(#10020,#10021,#10022);
#10024=IFCEXTRUDEDAREASOLID(#10019,#10023,#10018,-400.);
#10025=IFCSHAPEREPRESENTATION(#11,'Body','SweptSolid',(#10024));
#10026=IFCPRODUCTDEFINITIONSHAPE($,$,(#10025));
#10032=IFCCARTESIANPOINT((29875.,6000.,18000.));
#10033=IFCDIRECTION((0.,0.,1.));
#10034=IFCDIRECTION((-1.8369701987210297E-16,-1.,0.));
#10035=IFCAXIS2PLACEMENT3D(#10032,#10033,#10034);
#10036=IFCLOCALPLACEMENT($,#10035);
#10037=IFCPROPERTYSET('01pnkz3SX2wgrBGJrlpkn1',$,'Other',$,(#10039,#10040));
#10038=IFCRELDEFINESBYPROPERTIES('0s_EnHzF17SuaJeeceCvbm',$,$,$,(#10015),#10037);
#10039=IFCPROPERTYSINGLEVALUE('Ax',$,IFCLABEL('0.001'),$);
#10040=IFCPROPERTYSINGLEVALUE('Ay',$,IFCLABEL('0.001'),$);
#10041=IFCBEAM('0ZUpTBzWT4dufZBTs8WLLD',$,$,$,$,#10062,#10052,$,$);
#10042=IFCCARTESIANPOINTLIST2D(((0.,0.),(0.,250.),(5000.,250.),(5000.,0.),(0.,0.)));
#10043=IFCINDEXEDPOLYCURVE(#10042,$,.F.);
#10044=IFCDIRECTION((0.,0.,1.));
#10045=IFCARBITRARYCLOSEDPROFILEDEF(.AREA.,$,#10043);
#10046=IFCCARTESIANPOINT((0.,0.,0.));
#10047=IFCDIRECTION((0.,0.,1.));
#10048=IFCDIRECTION((1.,0.,0.));
#10049=IFCAXIS2PLACEMENT3D(#10046,#10047,#10048);
#10050=IFCEXTRUDEDAREASOLID(#10045,#10049,#10044,-400.);
#10051=IFCSHAPEREPRESENTATION(#11,'Body','SweptSolid',(#10050));
#10052=IFCPRODUCTDEFINITIONSHAPE($,$,(#10051));
#10058=IFCCARTESIANPOINT((29875.,6000.,15000.));
#10059=IFCDIRECTION((0.,0.,1.));
#10060=IFCDIRECTION((-1.8369701987210297E-16,-1.,0.));
#10061=IFCAXIS2PLACEMENT3D(#10058,#10059,#10060);
#10062=IFCLOCALPLACEMENT($,#10061);
#10063=IFCPROPERTYSET('3A9bNdsu9AfuHcPby9wKA_',$,'Other',$,(#10065,#10066));
#10064=IFCRELDEFINESBYPROPERTIES('20apmXWubFkh_KR5eSunzB',$,$,$,(#10041),#10063);
#10065=IFCPROPERTYSINGLEVALUE('Ax',$,IFCLABEL('0.001'),$);
#10066=IFCPROPERTYSINGLEVALUE('Ay',$,IFCLABEL('0.001'),$);
#10067=IFCBEAM('3xTRNLQ7X90OFLpOJrAQoh',$,$,$,$,#10088,#10078,$,$);
#10068=IFCCARTESIANPOINTLIST2D(((0.,0.),(0.,250.),(5000.,250.),(5000.,0.),(0.,0.)));
#10069=IFCINDEXEDPOLYCURVE(#10068,$,.F.);
#10070=IFCDIRECTION((0.,0.,1.));
#10071=IFCARBITRARYCLOSEDPROFILEDEF(.AREA.,$,#10069);
#10072=IFCCARTESIANPOINT((0.,0.,0.));
#10073=IFCDIRECTION((0.,0.,1.));
#10074=IFCDIRECTION((1.,0.,0.));
#10075=IFCAXIS2PLACEMENT3D(#10072,#10073,#10074);
#10076=IFCEXTRUDEDAREASOLID(#10071,#10075,#10070,-400.);
#10077=IFCSHAPEREPRESENTATION(#11,'Body','SweptSolid',(#10076));
#10078=IFCPRODUCTDEFINITIONSHAPE($,$,(#10077));
#10084=IFCCARTESIANPOINT((29875.,6000.,12000.));
#10085=IFCDIRECTION((0.,0.,1.));
#10086=IFCDIRECTION((-1.8369701987210297E-16,-1.,0.));
#10087=IFCAXIS2PLACEMENT3D(#10084,#10085,#10086);
#10088=IFCLOCALPLACEMENT($,#10087);
#10089=IFCPROPERTYSET('136xh0Y0H34fY55oiEFX1k',$,'Other',$,(#10091,#10092));
#10090=IFCRELDEFINESBYPROPERTIES('3qF9gKZrnBpxS_EOdFGKNA',$,$,$,(#10067),#10089);
#10091=IFCPROPERTYSINGLEVALUE('Ax',$,IFCLABEL('0.001'),$);
#10092=IFCPROPERTYSINGLEVALUE('Ay',$,IFCLABEL('0.001'),$);
#10093=IFCBEAM('0SEP7TX6fD2Qj3b74eGKkg',$,$,$,$,#10114,#10104,$,$);
#10094=IFCCARTESIANPOINTLIST2D(((0.,0.),(0.,250.),(5000.,250.),(5000.,0.),(0.,0.)));
#10095=IFCINDEXEDPOLYCURVE(#10094,$,.F.);
#10096=IFCDIRECTION((0.,0.,1.));
#10097=IFCARBITRARYCLOSEDPROFILEDEF(.AREA.,$,#10095);
#10098=IFCCARTESIANPOINT((0.,0.,0.));
#10099=IFCDIRECTION((0.,0.,1.));
#10100=IFCDIRECTION((1.,0.,0.));
#10101=IFCAXIS2PLACEMENT3D(#10098,#10099,#10100);
#10102=IFCEXTRUDEDAREASOLID(#10097,#10101,#10096,-400.);
#10103=IFCSHAPEREPRESENTATION(#11,'Body','SweptSolid',(#10102));
#10104=IFCPRODUCTDEFINITIONSHAPE($,$,(#10103));
#10110=IFCCARTESIANPOINT((29875.,6000.,9000.));
#10111=IFCDIRECTION((0.,0.,1.));
#10112=IFCDIRECTION((-1.8369701987210297E-16,-1.,0.));
#10113=IFCAXIS2PLACEMENT3D(#10110,#10111,#10112);
#10114=IFCLOCALPLACEMENT($,#10113);
#10115=IFCPROPERTYSET('1iuxoX8$TErgoR4ulDVH5k',$,'Other',$,(#10117,#10118));
#10116=IFCRELDEFINESBYPROPERTIES('0hYHZ4dD93BAGUS99QigYN',$,$,$,(#10093),#10115);
#10117=IFCPROPERTYSINGLEVALUE('Ax',$,IFCLABEL('0.001'),$);
#10118=IFCPROPERTYSINGLEVALUE('Ay',$,IFCLABEL('0.001'),$);
#10119=IFCBEAM('31bDFzhjr0mhVJ6mShkpRv',$,$,$,$,#10140,#10130,$,$);
#10120=IFCCARTESIANPOINTLIST2D(((0.,0.),(0.,250.),(5000.,250.),(5000.,0.),(0.,0.)));
#10121=IFCINDEXEDPOLYCURVE(#10120,$,.F.);
#10122=IFCDIRECTION((0.,0.,1.));
#10123=IFCARBITRARYCLOSEDPROFILEDEF(.AREA.,$,#10121);
#10124=IFCCARTESIANPOINT((0.,0.,0.));
#10125=IFCDIRECTION((0.,0.,1.));
#10126=IFCDIRECTION((1.,0.,0.));
#10127=IFCAXIS2PLACEMENT3D(#10124,#10125,#10126);
#10128=IFCEXTRUDEDAREASOLID(#10123,#10127,#10122,-400.);
#10129=IFCSHAPEREPRESENTATION(#11,'Body','SweptSolid',(#10128));
#10130=IFCPRODUCTDEFINITIONSHAPE($,$,(#10129));
#10136=IFCCARTESIANPOINT((29875.,6000.,6000.));
#10137=IFCDIRECTION((0.,0.,1.));
#10138=IFCDIRECTION((-1.8369701987210297E-16,-1.,0.));
#10139=IFCAXIS2PLACEMENT3D(#10136,#10137,#10138);
#10140=IFCLOCALPLACEMENT($,#10139);
#10141=IFCPROPERTYSET('07Zaut4Bz5Af_Te58buvl8',$,'Other',$,(#10143,#10144));
#10142=IFCRELDEFINESBYPROPERTIES('2pdDgK7wv5CvzDPr1GWFWG',$,$,$,(#10119),#10141);
#10143=IFCPROPERTYSINGLEVALUE('Ax',$,IFCLABEL('0.001'),$);
#10144=IFCPROPERTYSINGLEVALUE('Ay',$,IFCLABEL('0.001'),$);
#10145=IFCBEAM('0VXKVbik12zwJpL0vvDo6k',$,$,$,$,#10166,#10156,$,$);
#10146=IFCCARTESIANPOINTLIST2D(((0.,0.),(0.,250.),(5000.,250.),(5000.,0.),(0.,0.)));
#10147=IFCINDEXEDPOLYCURVE(#10146,$,.F.);
#10148=IFCDIRECTION((0.,0.,1.));
#10149=IFCARBITRARYCLOSEDPROFILEDEF(.AREA.,$,#10147);
#10150=IFCCARTESIANPOINT((0.,0.,0.));
#10151=IFCDIRECTION((0.,0.,1.));
#10152=IFCDIRECTION((1.,0.,0.));
#10153=IFCAXIS2PLACEMENT3D(#10150,#10151,#10152);
#10154=IFCEXTRUDEDAREASOLID(#10149,#10153,#10148,-400.);
#10155=IFCSHAPEREPRESENTATION(#11,'Body','SweptSolid',(#10154));
#10156=IFCPRODUCTDEFINITIONSHAPE($,$,(#10155));
#10162=IFCCARTESIANPOINT((29875.,6000.,3000.));
#10163=IFCDIRECTION((0.,0.,1.));
#10164=IFCDIRECTION((-1.8369701987210297E-16,-1.,0.));
#10165=IFCAXIS2PLACEMENT3D(#10162,#10163,#10164);
#10166=IFCLOCALPLACEMENT($,#10165);
#10167=IFCPROPERTYSET('1MJfVXd_j0UQKugLTkJCE4',$,'Other',$,(#10169,#10170));
#10168=IFCRELDEFINESBYPROPERTIES('1dCdJXQd1BVx2YFNEqyrOn',$,$,$,(#10145),#10167);
#10169=IFCPROPERTYSINGLEVALUE('Ax',$,IFCLABEL('0.001'),$);
#10170=IFCPROPERTYSINGLEVALUE('Ay',$,IFCLABEL('0.001'),$);
#10171=IFCBEAM('24E8i4SeD7s8bidrElXDiM',$,$,$,$,#10192,#10182,$,$);
#10172=IFCCARTESIANPOINTLIST2D(((0.,0.),(0.,250.),(6000.,250.),(6000.,0.),(0.,0.)));
#10173=IFCINDEXEDPOLYCURVE(#10172,$,.F.);
#10174=IFCDIRECTION((0.,0.,1.));
#10175=IFCARBITRARYCLOSEDPROFILEDEF(.AREA.,$,#10173);
#10176=IFCCARTESIANPOINT((0.,0.,0.));
#10177=IFCDIRECTION((0.,0.,1.));
#10178=IFCDIRECTION((1.,0.,0.));
#10179=IFCAXIS2PLACEMENT3D(#10176,#10177,#10178);
#10180=IFCEXTRUDEDAREASOLID(#10175,#10179,#10174,-400.);
#10181=IFCSHAPEREPRESENTATION(#11,'Body','SweptSolid',(#10180));
#10182=IFCPRODUCTDEFINITIONSHAPE($,$,(#10181));
#10188=IFCCARTESIANPOINT((5875.,6000.,24000.));
#10189=IFCDIRECTION((0.,0.,1.));
#10190=IFCDIRECTION((-1.8369701987210297E-16,-1.,0.));
#10191=IFCAXIS2PLACEMENT3D(#10188,#10189,#10190);
#10192=IFCLOCALPLACEMENT($,#10191);
#10193=IFCPROPERTYSET('3kZhJKZRjF6QqfX$1VApnm',$,'Other',$,(#10195,#10196));
#10194=IFCRELDEFINESBYPROPERTIES('3VpsZdqFnDd8zM6KYqCv1C',$,$,$,(#10171),#10193);
#10195=IFCPROPERTYSINGLEVALUE('Ax',$,IFCLABEL('0.001'),$);
#10196=IFCPROPERTYSINGLEVALUE('Ay',$,IFCLABEL('0.001'),$);
#10197=IFCBEAM('1qI8kXDFP2f8ZEDrU5kKvx',$,$,$,$,#10218,#10208,$,$);
#10198=IFCCARTESIANPOINTLIST2D(((0.,0.),(0.,250.),(6000.,250.),(6000.,0.),(0.,0.)));
#10199=IFCINDEXEDPOLYCURVE(#10198,$,.F.);
#10200=IFCDIRECTION((0.,0.,1.));
#10201=IFCARBITRARYCLOSEDPROFILEDEF(.AREA.,$,#10199);
#10202=IFCCARTESIANPOINT((0.,0.,0.));
#10203=IFCDIRECTION((0.,0.,1.));
#10204=IFCDIRECTION((1.,0.,0.));
#10205=IFCAXIS2PLACEMENT3D(#10202,#10203,#10204);
#10206=IFCEXTRUDEDAREASOLID(#10201,#10205,#10200,-400.);
#10207=IFCSHAPEREPRESENTATION(#11,'Body','SweptSolid',(#10206));
#10208=IFCPRODUCTDEFINITIONSHAPE($,$,(#10207));
#10214=IFCCARTESIANPOINT((5875.,6000.,21000.));
#10215=IFCDIRECTION((0.,0.,1.));
#10216=IFCDIRECTION((-1.8369701987210297E-16,-1.,0.));
#10217=IFCAXIS2PLACEMENT3D(#10214,#10215,#10216);
#10218=IFCLOCALPLACEMENT($,#10217);
#10219=IFCPROPERTYSET('1f2EBPscTE3ejpGFiM9kgE',$,'Other',$,(#10221,#10222));
#10220=IFCRELDEFINESBYPROPERTIES('175kNqs3rCjQ6pZ_rMELfp',$,$,$,(#10197),#10219);
#10221=IFCPROPERTYSINGLEVALUE('Ax',$,IFCLABEL('0.001'),$);
#10222=IFCPROPERTYSINGLEVALUE('Ay',$,IFCLABEL('0.001'),$);
#10223=IFCBEAM('1xuVQZWNf8XOQqIwnYz_Qj',$,$,$,$,#10244,#10234,$,$);
#10224=IFCCARTESIANPOINTLIST2D(((0.,0.),(0.,250.),(6000.,250.),(6000.,0.),(0.,0.)));
#10225=IFCINDEXEDPOLYCURVE(#10224,$,.F.);
#10226=IFCDIRECTION((0.,0.,1.));
#10227=IFCARBITRARYCLOSEDPROFILEDEF(.AREA.,$,#10225);
#10228=IFCCARTESIANPOINT((0.,0.,0.));
#10229=IFCDIRECTION((0.,0.,1.));
#10230=IFCDIRECTION((1.,0.,0.));
#10231=IFCAXIS2PLACEMENT3D(#10228,#10229,#10230);
#10232=IFCEXTRUDEDAREASOLID(#10227,#10231,#10226,-400.);
#10233=IFCSHAPEREPRESENTATION(#11,'Body','SweptSolid',(#10232));
#10234=IFCPRODUCTDEFINITIONSHAPE($,$,(#10233));
#10240=IFCCARTESIANPOINT((5875.,6000.,18000.));
#10241=IFCDIRECTION((0.,0.,1.));
#10242=IFCDIRECTION((-1.8369701987210297E-16,-1.,0.));
#10243=IFCAXIS2PLACEMENT3D(#10240,#10241,#10242);
#10244=IFCLOCALPLACEMENT($,#10243);
#10245=IFCPROPERTYSET('2xLiJv1qv7kP5Hi0fUKFdu',$,'Other',$,(#10247,#10248));
#10246=IFCRELDEFINESBYPROPERTIES('2tdAj718zBLPoV$Zcj52Gf',$,$,$,(#10223),#10245);
#10247=IFCPROPERTYSINGLEVALUE('Ax',$,IFCLABEL('0.001'),$);
#10248=IFCPROPERTYSINGLEVALUE('Ay',$,IFCLABEL('0.001'),$);
#10249=IFCBEAM('2_RCz5ucP76AlEt5ppkhpi',$,$,$,$,#10270,#10260,$,$);
#10250=IFCCARTESIANPOINTLIST2D(((0.,0.),(0.,250.),(6000.,250.),(6000.,0.),(0.,0.)));
#10251=IFCINDEXEDPOLYCURVE(#10250,$,.F.);
#10252=IFCDIRECTION((0.,0.,1.));
#10253=IFCARBITRARYCLOSEDPROFILEDEF(.AREA.,$,#10251);
#10254=IFCCARTESIANPOINT((0.,0.,0.));
#10255=IFCDIRECTION((0.,0.,1.));
#10256=IFCDIRECTION((1.,0.,0.));
#10257=IFCAXIS2PLACEMENT3D(#10254,#10255,#10256);
#10258=IFCEXTRUDEDAREASOLID(#10253,#10257,#10252,-400.);
#10259=IFCSHAPEREPRESENTATION(#11,'Body','SweptSolid',(#10258));
#10260=IFCPRODUCTDEFINITIONSHAPE($,$,(#10259));
#10266=IFCCARTESIANPOINT((5875.,6000.,15000.));
#10267=IFCDIRECTION((0.,0.,1.));
#10268=IFCDIRECTION((-1.8369701987210297E-16,-1.,0.));
#10269=IFCAXIS2PLACEMENT3D(#10266,#10267,#10268);
#10270=IFCLOCALPLACEMENT($,#10269);
#10271=IFCPROPERTYSET('1YsGzRkqr8Eguob1DQm2z6',$,'Other',$,(#10273,#10274));
#10272=IFCRELDEFINESBYPROPERTIES('255fPrAdLDdgecs0qI0AgV',$,$,$,(#10249),#10271);
#10273=IFCPROPERTYSINGLEVALUE('Ax',$,IFCLABEL('0.001'),$);
#10274=IFCPROPERTYSINGLEVALUE('Ay',$,IFCLABEL('0.001'),$);
#10275=IFCBEAM('2GjIT3BYn6YOKnOmSOqli7',$,$,$,$,#10296,#10286,$,$);
#10276=IFCCARTESIANPOINTLIST2D(((0.,0.),(0.,250.),(6000.,250.),(6000.,0.),(0.,0.)));
#10277=IFCINDEXEDPOLYCURVE(#10276,$,.F.);
#10278=IFCDIRECTION((0.,0.,1.));
#10279=IFCARBITRARYCLOSEDPROFILEDEF(.AREA.,$,#10277);
#10280=IFCCARTESIANPOINT((0.,0.,0.));
#10281=IFCDIRECTION((0.,0.,1.));
#10282=IFCDIRECTION((1.,0.,0.));
#10283=IFCAXIS2PLACEMENT3D(#10280,#10281,#10282);
#10284=IFCEXTRUDEDAREASOLID(#10279,#10283,#10278,-400.);
#10285=IFCSHAPEREPRESENTATION(#11,'Body','SweptSolid',(#10284));
#10286=IFCPRODUCTDEFINITIONSHAPE($,$,(#10285));
#10292=IFCCARTESIANPOINT((5875.,6000.,12000.));
#10293=IFCDIRECTION((0.,0.,1.));
#10294=IFCDIRECTION((-1.8369701987210297E-16,-1.,0.));
#10295=IFCAXIS2PLACEMENT3D(#10292,#10293,#10294);
#10296=IFCLOCALPLACEMENT($,#10295);
#10297=IFCPROPERTYSET('3p14LExXL3s9jN7QkleMJv',$,'Other',$,(#10299,#10300));
#10298=IFCRELDEFINESBYPROPERTIES('3oILgQm6r0FfE6AKhtXU$u',$,$,$,(#10275),#10297);
#10299=IFCPROPERTYSINGLEVALUE('Ax',$,IFCLABEL('0.001'),$);
#10300=IFCPROPERTYSINGLEVALUE('Ay',$,IFCLABEL('0.001'),$);
#10301=IFCBEAM('1zt8Pko0r1DRfH8myPXbTi',$,$,$,$,#10322,#10312,$,$);
#10302=IFCCARTESIANPOINTLIST2D(((0.,0.),(0.,250.),(6000.,250.),(6000.,0.),(0.,0.)));
#10303=IFCINDEXEDPOLYCURVE(#10302,$,.F.);
#10304=IFCDIRECTION((0.,0.,1.));
#10305=IFCARBITRARYCLOSEDPROFILEDEF(.AREA.,$,#10303);
#10306=IFCCARTESIANPOINT((0.,0.,0.));
#10307=IFCDIRECTION((0.,0.,1.));
#10308=IFCDIRECTION((1.,0.,0.));
#10309=IFCAXIS2PLACEMENT3D(#10306,#10307,#10308);
#10310=IFCEXTRUDEDAREASOLID(#10305,#10309,#10304,-400.);
#10311=IFCSHAPEREPRESENTATION(#11,'Body','SweptSolid',(#10310));
#10312=IFCPRODUCTDEFINITIONSHAPE($,$,(#10311));
#10318=IFCCARTESIANPOINT((5875.,6000.,9000.));
#10319=IFCDIRECTION((0.,0.,1.));
#10320=IFCDIRECTION((-1.8369701987210297E-16,-1.,0.));
#10321=IFCAXIS2PLACEMENT3D(#10318,#10319,#10320);
#10322=IFCLOCALPLACEMENT($,#10321);
#10323=IFCPROPERTYSET('2o1APRy1P2Y85mq$84XUUE',$,'Other',$,(#10325,#10326));
#10324=IFCRELDEFINESBYPROPERTIES('0$CSVSj995vv9EAy90x1Pz',$,$,$,(#10301),#10323);
#10325=IFCPROPERTYSINGLEVALUE('Ax',$,IFCLABEL('0.001'),$);
#10326=IFCPROPERTYSINGLEVALUE('Ay',$,IFCLABEL('0.001'),$);
#10327=IFCBEAM('2sh4bKYqb0qBUZu9qVEpGN',$,$,$,$,#10348,#10338,$,$);
#10328=IFCCARTESIANPOINTLIST2D(((0.,0.),(0.,250.),(6000.,250.),(6000.,0.),(0.,0.)));
#10329=IFCINDEXEDPOLYCURVE(#10328,$,.F.);
#10330=IFCDIRECTION((0.,0.,1.));
#10331=IFCARBITRARYCLOSEDPROFILEDEF(.AREA.,$,#10329);
#10332=IFCCARTESIANPOINT((0.,0.,0.));
#10333=IFCDIRECTION((0.,0.,1.));
#10334=IFCDIRECTION((1.,0.,0.));
#10335=IFCAXIS2PLACEMENT3D(#10332,#10333,#10334);
#10336=IFCEXTRUDEDAREASOLID(#10331,#10335,#10330,-400.);
#10337=IFCSHAPEREPRESENTATION(#11,'Body','SweptSolid',(#10336));
#10338=IFCPRODUCTDEFINITIONSHAPE($,$,(#10337));
#10344=IFCCARTESIANPOINT((5875.,6000.,6000.));
#10345=IFCDIRECTION((0.,0.,1.));
#10346=IFCDIRECTION((-1.8369701987210297E-16,-1.,0.));
#10347=IFCAXIS2PLACEMENT3D(#10344,#10345,#10346);
#10348=IFCLOCALPLACEMENT($,#10347);
#10349=IFCPROPERTYSET('3_SDW1bO93WehVer4NYco9',$,'Other',$,(#10351,#10352));
#10350=IFCRELDEFINESBYPROPERTIES('3kk6IE_LXAqAWBQFxFgCWe',$,$,$,(#10327),#10349);
#10351=IFCPROPERTYSINGLEVALUE('Ax',$,IFCLABEL('0.001'),$);
#10352=IFCPROPERTYSINGLEVALUE('Ay',$,IFCLABEL('0.001'),$);
#10353=IFCBEAM('27v_4qVwr49Ollg81d00ls',$,$,$,$,#10374,#10364,$,$);
#10354=IFCCARTESIANPOINTLIST2D(((0.,0.),(0.,250.),(6000.,250.),(6000.,0.),(0.,0.)));
#10355=IFCINDEXEDPOLYCURVE(#10354,$,.F.);
#10356=IFCDIRECTION((0.,0.,1.));
#10357=IFCARBITRARYCLOSEDPROFILEDEF(.AREA.,$,#10355);
#10358=IFCCARTESIANPOINT((0.,0.,0.));
#10359=IFCDIRECTION((0.,0.,1.));
#10360=IFCDIRECTION((1.,0.,0.));
#10361=IFCAXIS2PLACEMENT3D(#10358,#10359,#10360);
#10362=IFCEXTRUDEDAREASOLID(#10357,#10361,#10356,-400.);
#10363=IFCSHAPEREPRESENTATION(#11,'Body','SweptSolid',(#10362));
#10364=IFCPRODUCTDEFINITIONSHAPE($,$,(#10363));
#10370=IFCCARTESIANPOINT((5875.,6000.,3000.));
#10371=IFCDIRECTION((0.,0.,1.));
#10372=IFCDIRECTION((-1.8369701987210297E-16,-1.,0.));
#10373=IFCAXIS2PLACEMENT3D(#10370,#10371,#10372);
#10374=IFCLOCALPLACEMENT($,#10373);
#10375=IFCPROPERTYSET('1yjQ0C9TT9S8fQcEchDw6a',$,'Other',$,(#10377,#10378));
#10376=IFCRELDEFINESBYPROPERTIES('0zrj5Fhx1BWuwloE4dRo11',$,$,$,(#10353),#10375);
#10377=IFCPROPERTYSINGLEVALUE('Ax',$,IFCLABEL('0.001'),$);
#10378=IFCPROPERTYSINGLEVALUE('Ay',$,IFCLABEL('0.001'),$);
#10379=IFCBEAM('2SMCdexOnCnB_FfVBVUlgV',$,$,$,$,#10400,#10390,$,$);
#10380=IFCCARTESIANPOINTLIST2D(((0.,0.),(0.,250.),(6000.,250.),(6000.,0.),(0.,0.)));
#10381=IFCINDEXEDPOLYCURVE(#10380,$,.F.);
#10382=IFCDIRECTION((0.,0.,1.));
#10383=IFCARBITRARYCLOSEDPROFILEDEF(.AREA.,$,#10381);
#10384=IFCCARTESIANPOINT((0.,0.,0.));
#10385=IFCDIRECTION((0.,0.,1.));
#10386=IFCDIRECTION((1.,0.,0.));
#10387=IFCAXIS2PLACEMENT3D(#10384,#10385,#10386);
#10388=IFCEXTRUDEDAREASOLID(#10383,#10387,#10382,-400.);
#10389=IFCSHAPEREPRESENTATION(#11,'Body','SweptSolid',(#10388));
#10390=IFCPRODUCTDEFINITIONSHAPE($,$,(#10389));
#10396=IFCCARTESIANPOINT((-125.,6000.,24000.));
#10397=IFCDIRECTION((0.,0.,1.));
#10398=IFCDIRECTION((-1.8369701987210297E-16,-1.,0.));
#10399=IFCAXIS2PLACEMENT3D(#10396,#10397,#10398);
#10400=IFCLOCALPLACEMENT($,#10399);
#10401=IFCPROPERTYSET('1swFy8StTBmQhHrHdc69nj',$,'Other',$,(#10403,#10404));
#10402=IFCRELDEFINESBYPROPERTIES('1N$niKJobFm9OaQiFhw_cQ',$,$,$,(#10379),#10401);
#10403=IFCPROPERTYSINGLEVALUE('Ax',$,IFCLABEL('0.001'),$);
#10404=IFCPROPERTYSINGLEVALUE('Ay',$,IFCLABEL('0.001'),$);
#10405=IFCBEAM('2NphxZrdTDBPnLb_tuybHD',$,$,$,$,#10426,#10416,$,$);
#10406=IFCCARTESIANPOINTLIST2D(((0.,0.),(0.,250.),(6000.,250.),(6000.,0.),(0.,0.)));
#10407=IFCINDEXEDPOLYCURVE(#10406,$,.F.);
#10408=IFCDIRECTION((0.,0.,1.));
#10409=IFCARBITRARYCLOSEDPROFILEDEF(.AREA.,$,#10407);
#10410=IFCCARTESIANPOINT((0.,0.,0.));
#10411=IFCDIRECTION((0.,0.,1.));
#10412=IFCDIRECTION((1.,0.,0.));
#10413=IFCAXIS2PLACEMENT3D(#10410,#10411,#10412);
#10414=IFCEXTRUDEDAREASOLID(#10409,#10413,#10408,-400.);
#10415=IFCSHAPEREPRESENTATION(#11,'Body','SweptSolid',(#10414));
#10416=IFCPRODUCTDEFINITIONSHAPE($,$,(#10415));
#10422=IFCCARTESIANPOINT((-125.,6000.,21000.));
#10423=IFCDIRECTION((0.,0.,1.));
#10424=IFCDIRECTION((-1.8369701987210297E-16,-1.,0.));
#10425=IFCAXIS2PLACEMENT3D(#10422,#10423,#10424);
#10426=IFCLOCALPLACEMENT($,#10425);
#10427=IFCPROPERTYSET('34_KK9SBL9T9mSKj5zDRjY',$,'Other',$,(#10429,#10430));
#10428=IFCRELDEFINESBYPROPERTIES('03ymTHmUz5PuLoC$dTRRkY',$,$,$,(#10405),#10427);
#10429=IFCPROPERTYSINGLEVALUE('Ax',$,IFCLABEL('0.001'),$);
#10430=IFCPROPERTYSINGLEVALUE('Ay',$,IFCLABEL('0.001'),$);
#10431=IFCBEAM('0LWmDs22nC2PM3930DOvLK',$,$,$,$,#10452,#10442,$,$);
#10432=IFCCARTESIANPOINTLIST2D(((0.,0.),(0.,250.),(6000.,250.),(6000.,0.),(0.,0.)));
#10433=IFCINDEXEDPOLYCURVE(#10432,$,.F.);
#10434=IFCDIRECTION((0.,0.,1.));
#10435=IFCARBITRARYCLOSEDPROFILEDEF(.AREA.,$,#10433);
#10436=IFCCARTESIANPOINT((0.,0.,0.));
#10437=IFCDIRECTION((0.,0.,1.));
#10438=IFCDIRECTION((1.,0.,0.));
#10439=IFCAXIS2PLACEMENT3D(#10436,#10437,#10438);
#10440=IFCEXTRUDEDAREASOLID(#10435,#10439,#10434,-400.);
#10441=IFCSHAPEREPRESENTATION(#11,'Body','SweptSolid',(#10440));
#10442=IFCPRODUCTDEFINITIONSHAPE($,$,(#10441));
#10448=IFCCARTESIANPOINT((-125.,6000.,18000.));
#10449=IFCDIRECTION((0.,0.,1.));
#10450=IFCDIRECTION((-1.8369701987210297E-16,-1.,0.));
#10451=IFCAXIS2PLACEMENT3D(#10448,#10449,#10450);
#10452=IFCLOCALPLACEMENT($,#10451);
#10453=IFCPROPERTYSET('3evBdLyhfEhRY4omXWoRLF',$,'Other',$,(#10455,#10456));
#10454=IFCRELDEFINESBYPROPERTIES('2NqeX1Yx10_vOK8jXMTYbe',$,$,$,(#10431),#10453);
#10455=IFCPROPERTYSINGLEVALUE('Ax',$,IFCLABEL('0.001'),$);
#10456=IFCPROPERTYSINGLEVALUE('Ay',$,IFCLABEL('0.001'),$);
#10457=IFCBEAM('1JgWbfHlnBKOQWoJfkeyZP',$,$,$,$,#10478,#10468,$,$);
#10458=IFCCARTESIANPOINTLIST2D(((0.,0.),(0.,250.),(6000.,250.),(6000.,0.),(0.,0.)));
#10459=IFCINDEXEDPOLYCURVE(#10458,$,.F.);
#10460=IFCDIRECTION((0.,0.,1.));
#10461=IFCARBITRARYCLOSEDPROFILEDEF(.AREA.,$,#10459);
#10462=IFCCARTESIANPOINT((0.,0.,0.));
#10463=IFCDIRECTION((0.,0.,1.));
#10464=IFCDIRECTION((1.,0.,0.));
#10465=IFCAXIS2PLACEMENT3D(#10462,#10463,#10464);
#10466=IFCEXTRUDEDAREASOLID(#10461,#10465,#10460,-400.);
#10467=IFCSHAPEREPRESENTATION(#11,'Body','SweptSolid',(#10466));
#10468=IFCPRODUCTDEFINITIONSHAPE($,$,(#10467));
#10474=IFCCARTESIANPOINT((-125.,6000.,15000.));
#10475=IFCDIRECTION((0.,0.,1.));
#10476=IFCDIRECTION((-1.8369701987210297E-16,-1.,0.));
#10477=IFCAXIS2PLACEMENT3D(#10474,#10475,#10476);
#10478=IFCLOCALPLACEMENT($,#10477);
#10479=IFCPROPERTYSET('37UcktXuP4589q89bjsvmM',$,'Other',$,(#10481,#10482));
#10480=IFCRELDEFINESBYPROPERTIES('22dL_NgG59lhv410NIaQIt',$,$,$,(#10457),#10479);
#10481=IFCPROPERTYSINGLEVALUE('Ax',$,IFCLABEL('0.001'),$);
#10482=IFCPROPERTYSINGLEVALUE('Ay',$,IFCLABEL('0.001'),$);
#10483=IFCBEAM('29Dctg9dvBx8izC0phPu5L',$,$,$,$,#10504,#10494,$,$);
#10484=IFCCARTESIANPOINTLIST2D(((0.,0.),(0.,250.),(6000.,250.),(6000.,0.),(0.,0.)));
#10485=IFCINDEXEDPOLYCURVE(#10484,$,.F.);
#10486=IFCDIRECTION((0.,0.,1.));
#10487=IFCARBITRARYCLOSEDPROFILEDEF(.AREA.,$,#10485);
#10488=IFCCARTESIANPOINT((0.,0.,0.));
#10489=IFCDIRECTION((0.,0.,1.));
#10490=IFCDIRECTION((1.,0.,0.));
#10491=IFCAXIS2PLACEMENT3D(#10488,#10489,#10490);
#10492=IFCEXTRUDEDAREASOLID(#10487,#10491,#10486,-400.);
#10493=IFCSHAPEREPRESENTATION(#11,'Body','SweptSolid',(#10492));
#10494=IFCPRODUCTDEFINITIONSHAPE($,$,(#10493));
#10500=IFCCARTESIANPOINT((-125.,6000.,12000.));
#10501=IFCDIRECTION((0.,0.,1.));
#10502=IFCDIRECTION((-1.8369701987210297E-16,-1.,0.));
#10503=IFCAXIS2PLACEMENT3D(#10500,#10501,#10502);
#10504=IFCLOCALPLACEMENT($,#10503);
#10505=IFCPROPERTYSET('2vPT5ymeH3dxihyx_UIy1r',$,'Other',$,(#10507,#10508));
#10506=IFCRELDEFINESBYPROPERTIES('1dnhic3h50bRInjw$XR_zw',$,$,$,(#10483),#10505);
#10507=IFCPROPERTYSINGLEVALUE('Ax',$,IFCLABEL('0.001'),$);
#10508=IFCPROPERTYSINGLEVALUE('Ay',$,IFCLABEL('0.001'),$);
#10509=IFCBEAM('2TD60rhTT4FgNJyPMYBrtW',$,$,$,$,#10530,#10520,$,$);
#10510=IFCCARTESIANPOINTLIST2D(((0.,0.),(0.,250.),(6000.,250.),(6000.,0.),(0.,0.)));
#10511=IFCINDEXEDPOLYCURVE(#10510,$,.F.);
#10512=IFCDIRECTION((0.,0.,1.));
#10513=IFCARBITRARYCLOSEDPROFILEDEF(.AREA.,$,#10511);
#10514=IFCCARTESIANPOINT((0.,0.,0.));
#10515=IFCDIRECTION((0.,0.,1.));
#10516=IFCDIRECTION((1.,0.,0.));
#10517=IFCAXIS2PLACEMENT3D(#10514,#10515,#10516);
#10518=IFCEXTRUDEDAREASOLID(#10513,#10517,#10512,-400.);
#10519=IFCSHAPEREPRESENTATION(#11,'Body','SweptSolid',(#10518));
#10520=IFCPRODUCTDEFINITIONSHAPE($,$,(#10519));
#10526=IFCCARTESIANPOINT((-125.,6000.,9000.));
#10527=IFCDIRECTION((0.,0.,1.));
#10528=IFCDIRECTION((-1.8369701987210297E-16,-1.,0.));
#10529=IFCAXIS2PLACEMENT3D(#10526,#10527,#10528);
#10530=IFCLOCALPLACEMENT($,#10529);
#10531=IFCPROPERTYSET('3Sbk3USZX35hqIjSq0Eo9N',$,'Other',$,(#10533,#10534));
#10532=IFCRELDEFINESBYPROPERTIES('0RAuon0WjDdAZZg1qkHGQi',$,$,$,(#10509),#10531);
#10533=IFCPROPERTYSINGLEVALUE('Ax',$,IFCLABEL('0.001'),$);
#10534=IFCPROPERTYSINGLEVALUE('Ay',$,IFCLABEL('0.001'),$);
#10535=IFCBEAM('2yVx$jTaTCEe3Fss1s$YlF',$,$,$,$,#10556,#10546,$,$);
#10536=IFCCARTESIANPOINTLIST2D(((0.,0.),(0.,250.),(6000.,250.),(6000.,0.),(0.,0.)));
#10537=IFCINDEXEDPOLYCURVE(#10536,$,.F.);
#10538=IFCDIRECTION((0.,0.,1.));
#10539=IFCARBITRARYCLOSEDPROFILEDEF(.AREA.,$,#10537);
#10540=IFCCARTESIANPOINT((0.,0.,0.));
#10541=IFCDIRECTION((0.,0.,1.));
#10542=IFCDIRECTION((1.,0.,0.));
#10543=IFCAXIS2PLACEMENT3D(#10540,#10541,#10542);
#10544=IFCEXTRUDEDAREASOLID(#10539,#10543,#10538,-400.);
#10545=IFCSHAPEREPRESENTATION(#11,'Body','SweptSolid',(#10544));
#10546=IFCPRODUCTDEFINITIONSHAPE($,$,(#10545));
#10552=IFCCARTESIANPOINT((-125.,6000.,6000.));
#10553=IFCDIRECTION((0.,0.,1.));
#10554=IFCDIRECTION((-1.8369701987210297E-16,-1.,0.));
#10555=IFCAXIS2PLACEMENT3D(#10552,#10553,#10554);
#10556=IFCLOCALPLACEMENT($,#10555);
#10557=IFCPROPERTYSET('0jsd4$rTL0HBVkiRTbC3Qp',$,'Other',$,(#10559,#10560));
#10558=IFCRELDEFINESBYPROPERTIES('3do$b8iOz1$8K5tpd$AS9u',$,$,$,(#10535),#10557);
#10559=IFCPROPERTYSINGLEVALUE('Ax',$,IFCLABEL('0.001'),$);
#10560=IFCPROPERTYSINGLEVALUE('Ay',$,IFCLABEL('0.001'),$);
#10561=IFCBEAM('2yHYWa6Qv2$OLlACn0U4wd',$,$,$,$,#10582,#10572,$,$);
#10562=IFCCARTESIANPOINTLIST2D(((0.,0.),(0.,250.),(6000.,250.),(6000.,0.),(0.,0.)));
#10563=IFCINDEXEDPOLYCURVE(#10562,$,.F.);
#10564=IFCDIRECTION((0.,0.,1.));
#10565=IFCARBITRARYCLOSEDPROFILEDEF(.AREA.,$,#10563);
#10566=IFCCARTESIANPOINT((0.,0.,0.));
#10567=IFCDIRECTION((0.,0.,1.));
#10568=IFCDIRECTION((1.,0.,0.));
#10569=IFCAXIS2PLACEMENT3D(#10566,#10567,#10568);
#10570=IFCEXTRUDEDAREASOLID(#10565,#10569,#10564,-400.);
#10571=IFCSHAPEREPRESENTATION(#11,'Body','SweptSolid',(#10570));
#10572=IFCPRODUCTDEFINITIONSHAPE($,$,(#10571));
#10578=IFCCARTESIANPOINT((-125.,6000.,3000.));
#10579=IFCDIRECTION((0.,0.,1.));
#10580=IFCDIRECTION((-1.8369701987210297E-16,-1.,0.));
#10581=IFCAXIS2PLACEMENT3D(#10578,#10579,#10580);
#10582=IFCLOCALPLACEMENT($,#10581);
#10583=IFCPROPERTYSET('20xU1iqGP4weoGG0yqKztU',$,'Other',$,(#10585,#10586));
#10584=IFCRELDEFINESBYPROPERTIES('3g244l45X9yegP4_9oB3h8',$,$,$,(#10561),#10583);
#10585=IFCPROPERTYSINGLEVALUE('Ax',$,IFCLABEL('0.001'),$);
#10586=IFCPROPERTYSINGLEVALUE('Ay',$,IFCLABEL('0.001'),$);
#10587=IFCBEAM('14AR0fMH591Q$9$ogss4hW',$,$,$,$,#10608,#10598,$,$);
#10588=IFCCARTESIANPOINTLIST2D(((0.,0.),(0.,250.),(6000.,250.),(6000.,0.),(0.,0.)));
#10589=IFCINDEXEDPOLYCURVE(#10588,$,.F.);
#10590=IFCDIRECTION((0.,0.,1.));
#10591=IFCARBITRARYCLOSEDPROFILEDEF(.AREA.,$,#10589);
#10592=IFCCARTESIANPOINT((0.,0.,0.));
#10593=IFCDIRECTION((0.,0.,1.));
#10594=IFCDIRECTION((1.,0.,0.));
#10595=IFCAXIS2PLACEMENT3D(#10592,#10593,#10594);
#10596=IFCEXTRUDEDAREASOLID(#10591,#10595,#10590,-500.);
#10597=IFCSHAPEREPRESENTATION(#11,'Body','SweptSolid',(#10596));
#10598=IFCPRODUCTDEFINITIONSHAPE($,$,(#10597));
#10604=IFCCARTESIANPOINT((0.,17875.,12000.));
#10605=IFCDIRECTION((0.,0.,1.));
#10606=IFCDIRECTION((1.,0.,0.));
#10607=IFCAXIS2PLACEMENT3D(#10604,#10605,#10606);
#10608=IFCLOCALPLACEMENT($,#10607);
#10609=IFCPROPERTYSET('1yT77FDQL1GwlBJLkyaQjY',$,'Other',$,(#10611,#10612));
#10610=IFCRELDEFINESBYPROPERTIES('2MiJVKfiH4YwGbFGKGy26O',$,$,$,(#10587),#10609);
#10611=IFCPROPERTYSINGLEVALUE('Ax',$,IFCLABEL('0.001'),$);
#10612=IFCPROPERTYSINGLEVALUE('Ay',$,IFCLABEL('0.001'),$);
#10613=IFCBEAM('1XMvdU0CH3Ke7PlhlHHHIb',$,$,$,$,#10634,#10624,$,$);
#10614=IFCCARTESIANPOINTLIST2D(((0.,0.),(0.,250.),(5500.,250.),(5500.,0.),(0.,0.)));
#10615=IFCINDEXEDPOLYCURVE(#10614,$,.F.);
#10616=IFCDIRECTION((0.,0.,1.));
#10617=IFCARBITRARYCLOSEDPROFILEDEF(.AREA.,$,#10615);
#10618=IFCCARTESIANPOINT((0.,0.,0.));
#10619=IFCDIRECTION((0.,0.,1.));
#10620=IFCDIRECTION((1.,0.,0.));
#10621=IFCAXIS2PLACEMENT3D(#10618,#10619,#10620);
#10622=IFCEXTRUDEDAREASOLID(#10617,#10621,#10616,-400.);
#10623=IFCSHAPEREPRESENTATION(#11,'Body','SweptSolid',(#10622));
#10624=IFCPRODUCTDEFINITIONSHAPE($,$,(#10623));
#10630=IFCCARTESIANPOINT((26875.,6000.,24000.));
#10631=IFCDIRECTION((0.,0.,1.));
#10632=IFCDIRECTION((-1.8369701987210297E-16,-1.,0.));
#10633=IFCAXIS2PLACEMENT3D(#10630,#10631,#10632);
#10634=IFCLOCALPLACEMENT($,#10633);
#10635=IFCPROPERTYSET('29_wXvhCH40AXaOoRWk4AD',$,'Other',$,(#10637,#10638));
#10636=IFCRELDEFINESBYPROPERTIES('2OKOv46VPE1gDd2Z3ghDF9',$,$,$,(#10613),#10635);
#10637=IFCPROPERTYSINGLEVALUE('Ax',$,IFCLABEL('0.001'),$);
#10638=IFCPROPERTYSINGLEVALUE('Ay',$,IFCLABEL('0.001'),$);
#10639=IFCBEAM('1MY26aESD1JfCicySVl9mo',$,$,$,$,#10660,#10650,$,$);
#10640=IFCCARTESIANPOINTLIST2D(((0.,0.),(0.,250.),(5500.,250.),(5500.,0.),(0.,0.)));
#10641=IFCINDEXEDPOLYCURVE(#10640,$,.F.);
#10642=IFCDIRECTION((0.,0.,1.));
#10643=IFCARBITRARYCLOSEDPROFILEDEF(.AREA.,$,#10641);
#10644=IFCCARTESIANPOINT((0.,0.,0.));
#10645=IFCDIRECTION((0.,0.,1.));
#10646=IFCDIRECTION((1.,0.,0.));
#10647=IFCAXIS2PLACEMENT3D(#10644,#10645,#10646);
#10648=IFCEXTRUDEDAREASOLID(#10643,#10647,#10642,-400.);
#10649=IFCSHAPEREPRESENTATION(#11,'Body','SweptSolid',(#10648));
#10650=IFCPRODUCTDEFINITIONSHAPE($,$,(#10649));
#10656=IFCCARTESIANPOINT((26875.,6000.,21000.));
#10657=IFCDIRECTION((0.,0.,1.));
#10658=IFCDIRECTION((-1.8369701987210297E-16,-1.,0.));
#10659=IFCAXIS2PLACEMENT3D(#10656,#10657,#10658);
#10660=IFCLOCALPLACEMENT($,#10659);
#10661=IFCPROPERTYSET('1MkJC9M5j5LA1BRy2BBgsO',$,'Other',$,(#10663,#10664));
#10662=IFCRELDEFINESBYPROPERTIES('0$aIAB$D91NAPbMu_E9PwG',$,$,$,(#10639),#10661);
#10663=IFCPROPERTYSINGLEVALUE('Ax',$,IFCLABEL('0.001'),$);
#10664=IFCPROPERTYSINGLEVALUE('Ay',$,IFCLABEL('0.001'),$);
#10665=IFCBEAM('11D6JTfPDAmRnc5c9LHJzL',$,$,$,$,#10686,#10676,$,$);
#10666=IFCCARTESIANPOINTLIST2D(((0.,0.),(0.,250.),(5500.,250.),(5500.,0.),(0.,0.)));
#10667=IFCINDEXEDPOLYCURVE(#10666,$,.F.);
#10668=IFCDIRECTION((0.,0.,1.));
#10669=IFCARBITRARYCLOSEDPROFILEDEF(.AREA.,$,#10667);
#10670=IFCCARTESIANPOINT((0.,0.,0.));
#10671=IFCDIRECTION((0.,0.,1.));
#10672=IFCDIRECTION((1.,0.,0.));
#10673=IFCAXIS2PLACEMENT3D(#10670,#10671,#10672);
#10674=IFCEXTRUDEDAREASOLID(#10669,#10673,#10668,-400.);
#10675=IFCSHAPEREPRESENTATION(#11,'Body','SweptSolid',(#10674));
#10676=IFCPRODUCTDEFINITIONSHAPE($,$,(#10675));
#10682=IFCCARTESIANPOINT((26875.,6000.,18000.));
#10683=IFCDIRECTION((0.,0.,1.));
#10684=IFCDIRECTION((-1.8369701987210297E-16,-1.,0.));
#10685=IFCAXIS2PLACEMENT3D(#10682,#10683,#10684);
#10686=IFCLOCALPLACEMENT($,#10685);
#10687=IFCPROPERTYSET('1H$iu3fcX8Yv3lHcLdc7ta',$,'Other',$,(#10689,#10690));
#10688=IFCRELDEFINESBYPROPERTIES('1N5YhYXu11MxueB08g2g7K',$,$,$,(#10665),#10687);
#10689=IFCPROPERTYSINGLEVALUE('Ax',$,IFCLABEL('0.001'),$);
#10690=IFCPROPERTYSINGLEVALUE('Ay',$,IFCLABEL('0.001'),$);
#10691=IFCBEAM('2LX9IiXzL3Ju_xpEtjFmwO',$,$,$,$,#10712,#10702,$,$);
#10692=IFCCARTESIANPOINTLIST2D(((0.,0.),(0.,250.),(5500.,250.),(5500.,0.),(0.,0.)));
#10693=IFCINDEXEDPOLYCURVE(#10692,$,.F.);
#10694=IFCDIRECTION((0.,0.,1.));
#10695=IFCARBITRARYCLOSEDPROFILEDEF(.AREA.,$,#10693);
#10696=IFCCARTESIANPOINT((0.,0.,0.));
#10697=IFCDIRECTION((0.,0.,1.));
#10698=IFCDIRECTION((1.,0.,0.));
#10699=IFCAXIS2PLACEMENT3D(#10696,#10697,#10698);
#10700=IFCEXTRUDEDAREASOLID(#10695,#10699,#10694,-400.);
#10701=IFCSHAPEREPRESENTATION(#11,'Body','SweptSolid',(#10700));
#10702=IFCPRODUCTDEFINITIONSHAPE($,$,(#10701));
#10708=IFCCARTESIANPOINT((26875.,6000.,15000.));
#10709=IFCDIRECTION((0.,0.,1.));
#10710=IFCDIRECTION((-1.8369701987210297E-16,-1.,0.));
#10711=IFCAXIS2PLACEMENT3D(#10708,#10709,#10710);
#10712=IFCLOCALPLACEMENT($,#10711);
#10713=IFCPROPERTYSET('2UutygFyr3ye1v2f1QcODp',$,'Other',$,(#10715,#10716));
#10714=IFCRELDEFINESBYPROPERTIES('26NDzo9sz5Of41o3qR4C0F',$,$,$,(#10691),#10713);
#10715=IFCPROPERTYSINGLEVALUE('Ax',$,IFCLABEL('0.001'),$);
#10716=IFCPROPERTYSINGLEVALUE('Ay',$,IFCLABEL('0.001'),$);
#10717=IFCBEAM('1Q2qZP6Z13$AqfASRCZV5Z',$,$,$,$,#10738,#10728,$,$);
#10718=IFCCARTESIANPOINTLIST2D(((0.,0.),(0.,250.),(5500.,250.),(5500.,0.),(0.,0.)));
#10719=IFCINDEXEDPOLYCURVE(#10718,$,.F.);
#10720=IFCDIRECTION((0.,0.,1.));
#10721=IFCARBITRARYCLOSEDPROFILEDEF(.AREA.,$,#10719);
#10722=IFCCARTESIANPOINT((0.,0.,0.));
#10723=IFCDIRECTION((0.,0.,1.));
#10724=IFCDIRECTION((1.,0.,0.));
#10725=IFCAXIS2PLACEMENT3D(#10722,#10723,#10724);
#10726=IFCEXTRUDEDAREASOLID(#10721,#10725,#10720,-400.);
#10727=IFCSHAPEREPRESENTATION(#11,'Body','SweptSolid',(#10726));
#10728=IFCPRODUCTDEFINITIONSHAPE($,$,(#10727));
#10734=IFCCARTESIANPOINT((26875.,6000.,12000.));
#10735=IFCDIRECTION((0.,0.,1.));
#10736=IFCDIRECTION((-1.8369701987210297E-16,-1.,0.));
#10737=IFCAXIS2PLACEMENT3D(#10734,#10735,#10736);
#10738=IFCLOCALPLACEMENT($,#10737);
#10739=IFCPROPERTYSET('2romHPw7H9aAJSmJiJcqF3',$,'Other',$,(#10741,#10742));
#10740=IFCRELDEFINESBYPROPERTIES('0fD10WQUn4ZBOsQ6SWMrZO',$,$,$,(#10717),#10739);
#10741=IFCPROPERTYSINGLEVALUE('Ax',$,IFCLABEL('0.001'),$);
#10742=IFCPROPERTYSINGLEVALUE('Ay',$,IFCLABEL('0.001'),$);
#10743=IFCBEAM('3TwaJ98gr67xge4_HrHqNQ',$,$,$,$,#10764,#10754,$,$);
#10744=IFCCARTESIANPOINTLIST2D(((0.,0.),(0.,250.),(5500.,250.),(5500.,0.),(0.,0.)));
#10745=IFCINDEXEDPOLYCURVE(#10744,$,.F.);
#10746=IFCDIRECTION((0.,0.,1.));
#10747=IFCARBITRARYCLOSEDPROFILEDEF(.AREA.,$,#10745);
#10748=IFCCARTESIANPOINT((0.,0.,0.));
#10749=IFCDIRECTION((0.,0.,1.));
#10750=IFCDIRECTION((1.,0.,0.));
#10751=IFCAXIS2PLACEMENT3D(#10748,#10749,#10750);
#10752=IFCEXTRUDEDAREASOLID(#10747,#10751,#10746,-400.);
#10753=IFCSHAPEREPRESENTATION(#11,'Body','SweptSolid',(#10752));
#10754=IFCPRODUCTDEFINITIONSHAPE($,$,(#10753));
#10760=IFCCARTESIANPOINT((26875.,6000.,9000.));
#10761=IFCDIRECTION((0.,0.,1.));
#10762=IFCDIRECTION((-1.8369701987210297E-16,-1.,0.));
#10763=IFCAXIS2PLACEMENT3D(#10760,#10761,#10762);
#10764=IFCLOCALPLACEMENT($,#10763);
#10765=IFCPROPERTYSET('0desdF3lH6LAbldQbagFOa',$,'Other',$,(#10767,#10768));
#10766=IFCRELDEFINESBYPROPERTIES('0rlWCcOvvB28LBzD4WRw9l',$,$,$,(#10743),#10765);
#10767=IFCPROPERTYSINGLEVALUE('Ax',$,IFCLABEL('0.001'),$);
#10768=IFCPROPERTYSINGLEVALUE('Ay',$,IFCLABEL('0.001'),$);
#10769=IFCBEAM('2H9CXDfdnEeOMnvUNRhe$i',$,$,$,$,#10790,#10780,$,$);
#10770=IFCCARTESIANPOINTLIST2D(((0.,0.),(0.,250.),(5500.,250.),(5500.,0.),(0.,0.)));
#10771=IFCINDEXEDPOLYCURVE(#10770,$,.F.);
#10772=IFCDIRECTION((0.,0.,1.));
#10773=IFCARBITRARYCLOSEDPROFILEDEF(.AREA.,$,#10771);
#10774=IFCCARTESIANPOINT((0.,0.,0.));
#10775=IFCDIRECTION((0.,0.,1.));
#10776=IFCDIRECTION((1.,0.,0.));
#10777=IFCAXIS2PLACEMENT3D(#10774,#10775,#10776);
#10778=IFCEXTRUDEDAREASOLID(#10773,#10777,#10772,-400.);
#10779=IFCSHAPEREPRESENTATION(#11,'Body','SweptSolid',(#10778));
#10780=IFCPRODUCTDEFINITIONSHAPE($,$,(#10779));
#10786=IFCCARTESIANPOINT((26875.,6000.,6000.));
#10787=IFCDIRECTION((0.,0.,1.));
#10788=IFCDIRECTION((-1.8369701987210297E-16,-1.,0.));
#10789=IFCAXIS2PLACEMENT3D(#10786,#10787,#10788);
#10790=IFCLOCALPLACEMENT($,#10789);
#10791=IFCPROPERTYSET('1uK_3NqWDFqQdrVl95U2Vd',$,'Other',$,(#10793,#10794));
#10792=IFCRELDEFINESBYPROPERTIES('0O_osIdZj5NBeXred2ANtg',$,$,$,(#10769),#10791);
#10793=IFCPROPERTYSINGLEVALUE('Ax',$,IFCLABEL('0.001'),$);
#10794=IFCPROPERTYSINGLEVALUE('Ay',$,IFCLABEL('0.001'),$);
#10795=IFCBEAM('0LNPnpvFvAo8Iw7PDRPEU_',$,$,$,$,#10816,#10806,$,$);
#10796=IFCCARTESIANPOINTLIST2D(((0.,0.),(0.,250.),(5500.,250.),(5500.,0.),(0.,0.)));
#10797=IFCINDEXEDPOLYCURVE(#10796,$,.F.);
#10798=IFCDIRECTION((0.,0.,1.));
#10799=IFCARBITRARYCLOSEDPROFILEDEF(.AREA.,$,#10797);
#10800=IFCCARTESIANPOINT((0.,0.,0.));
#10801=IFCDIRECTION((0.,0.,1.));
#10802=IFCDIRECTION((1.,0.,0.));
#10803=IFCAXIS2PLACEMENT3D(#10800,#10801,#10802);
#10804=IFCEXTRUDEDAREASOLID(#10799,#10803,#10798,-400.);
#10805=IFCSHAPEREPRESENTATION(#11,'Body','SweptSolid',(#10804));
#10806=IFCPRODUCTDEFINITIONSHAPE($,$,(#10805));
#10812=IFCCARTESIANPOINT((26875.,6000.,3000.));
#10813=IFCDIRECTION((0.,0.,1.));
#10814=IFCDIRECTION((-1.8369701987210297E-16,-1.,0.));
#10815=IFCAXIS2PLACEMENT3D(#10812,#10813,#10814);
#10816=IFCLOCALPLACEMENT($,#10815);
#10817=IFCPROPERTYSET('1dLy8_KQ56zwYebQtqTPau',$,'Other',$,(#10819,#10820));
#10818=IFCRELDEFINESBYPROPERTIES('0w0ZaQm$jArAdbtYEa2Q2l',$,$,$,(#10795),#10817);
#10819=IFCPROPERTYSINGLEVALUE('Ax',$,IFCLABEL('0.001'),$);
#10820=IFCPROPERTYSINGLEVALUE('Ay',$,IFCLABEL('0.001'),$);
#10821=IFCBEAM('1O6W1GJSr3leg7LG7KZyqU',$,$,$,$,#10842,#10832,$,$);
#10822=IFCCARTESIANPOINTLIST2D(((0.,0.),(0.,250.),(6082.7625302982196,250.),(6082.7625302982196,0.),(0.,0.)));
#10823=IFCINDEXEDPOLYCURVE(#10822,$,.F.);
#10824=IFCDIRECTION((0.,0.,1.));
#10825=IFCARBITRARYCLOSEDPROFILEDEF(.AREA.,$,#10823);
#10826=IFCCARTESIANPOINT((0.,0.,0.));
#10827=IFCDIRECTION((0.,0.,1.));
#10828=IFCDIRECTION((1.,0.,0.));
#10829=IFCAXIS2PLACEMENT3D(#10826,#10827,#10828);
#10830=IFCEXTRUDEDAREASOLID(#10825,#10829,#10824,-400.);
#10831=IFCSHAPEREPRESENTATION(#11,'Body','SweptSolid',(#10830));
#10832=IFCPRODUCTDEFINITIONSHAPE($,$,(#10831));
#10838=IFCCARTESIANPOINT((24020.549873413169,-123.29924047901797,24000.));
#10839=IFCDIRECTION((0.,0.,1.));
#10840=IFCDIRECTION((0.98639392383214375,0.16439898730535726,0.));
#10841=IFCAXIS2PLACEMENT3D(#10838,#10839,#10840);
#10842=IFCLOCALPLACEMENT($,#10841);
#10843=IFCPROPERTYSET('1Z4SOkcAX36BJVXI7pwPvS',$,'Other',$,(#10845,#10846));
#10844=IFCRELDEFINESBYPROPERTIES('10ZraLADH7LQxw_hX4akAL',$,$,$,(#10821),#10843);
#10845=IFCPROPERTYSINGLEVALUE('Ax',$,IFCLABEL('0.001'),$);
#10846=IFCPROPERTYSINGLEVALUE('Ay',$,IFCLABEL('0.001'),$);
#10847=IFCBEAM('1m2zPhNsjCohBudqJRi4iM',$,$,$,$,#10868,#10858,$,$);
#10848=IFCCARTESIANPOINTLIST2D(((0.,0.),(0.,250.),(6082.7625302982196,250.),(6082.7625302982196,0.),(0.,0.)));
#10849=IFCINDEXEDPOLYCURVE(#10848,$,.F.);
#10850=IFCDIRECTION((0.,0.,1.));
#10851=IFCARBITRARYCLOSEDPROFILEDEF(.AREA.,$,#10849);
#10852=IFCCARTESIANPOINT((0.,0.,0.));
#10853=IFCDIRECTION((0.,0.,1.));
#10854=IFCDIRECTION((1.,0.,0.));
#10855=IFCAXIS2PLACEMENT3D(#10852,#10853,#10854);
#10856=IFCEXTRUDEDAREASOLID(#10851,#10855,#10850,-400.);
#10857=IFCSHAPEREPRESENTATION(#11,'Body','SweptSolid',(#10856));
#10858=IFCPRODUCTDEFINITIONSHAPE($,$,(#10857));
#10864=IFCCARTESIANPOINT((24020.549873413169,-123.29924047901797,21000.));
#10865=IFCDIRECTION((0.,0.,1.));
#10866=IFCDIRECTION((0.98639392383214375,0.16439898730535726,0.));
#10867=IFCAXIS2PLACEMENT3D(#10864,#10865,#10866);
#10868=IFCLOCALPLACEMENT($,#10867);
#10869=IFCPROPERTYSET('0XwBqWSTDBxwWsE6Z2wp_C',$,'Other',$,(#10871,#10872));
#10870=IFCRELDEFINESBYPROPERTIES('2v9W62eMzBB9kpu8orHE1i',$,$,$,(#10847),#10869);
#10871=IFCPROPERTYSINGLEVALUE('Ax',$,IFCLABEL('0.001'),$);
#10872=IFCPROPERTYSINGLEVALUE('Ay',$,IFCLABEL('0.001'),$);
#10873=IFCBEAM('3La_9PcMXFVA58M1_jZXR1',$,$,$,$,#10894,#10884,$,$);
#10874=IFCCARTESIANPOINTLIST2D(((0.,0.),(0.,250.),(6082.7625302982196,250.),(6082.7625302982196,0.),(0.,0.)));
#10875=IFCINDEXEDPOLYCURVE(#10874,$,.F.);
#10876=IFCDIRECTION((0.,0.,1.));
#10877=IFCARBITRARYCLOSEDPROFILEDEF(.AREA.,$,#10875);
#10878=IFCCARTESIANPOINT((0.,0.,0.));
#10879=IFCDIRECTION((0.,0.,1.));
#10880=IFCDIRECTION((1.,0.,0.));
#10881=IFCAXIS2PLACEMENT3D(#10878,#10879,#10880);
#10882=IFCEXTRUDEDAREASOLID(#10877,#10881,#10876,-400.);
#10883=IFCSHAPEREPRESENTATION(#11,'Body','SweptSolid',(#10882));
#10884=IFCPRODUCTDEFINITIONSHAPE($,$,(#10883));
#10890=IFCCARTESIANPOINT((24020.549873413169,-123.29924047901797,18000.));
#10891=IFCDIRECTION((0.,0.,1.));
#10892=IFCDIRECTION((0.98639392383214375,0.16439898730535726,0.));
#10893=IFCAXIS2PLACEMENT3D(#10890,#10891,#10892);
#10894=IFCLOCALPLACEMENT($,#10893);
#10895=IFCPROPERTYSET('2KV96cU4zEF8JLrvffmEvs',$,'Other',$,(#10897,#10898));
#10896=IFCRELDEFINESBYPROPERTIES('25ZHrkSNj77gJ8IP1aSPC9',$,$,$,(#10873),#10895);
#10897=IFCPROPERTYSINGLEVALUE('Ax',$,IFCLABEL('0.001'),$);
#10898=IFCPROPERTYSINGLEVALUE('Ay',$,IFCLABEL('0.001'),$);
#10899=IFCBEAM('1hEh5KOQT9Ee_BCXvBqpPO',$,$,$,$,#10920,#10910,$,$);
#10900=IFCCARTESIANPOINTLIST2D(((0.,0.),(0.,250.),(6082.7625302982196,250.),(6082.7625302982196,0.),(0.,0.)));
#10901=IFCINDEXEDPOLYCURVE(#10900,$,.F.);
#10902=IFCDIRECTION((0.,0.,1.));
#10903=IFCARBITRARYCLOSEDPROFILEDEF(.AREA.,$,#10901);
#10904=IFCCARTESIANPOINT((0.,0.,0.));
#10905=IFCDIRECTION((0.,0.,1.));
#10906=IFCDIRECTION((1.,0.,0.));
#10907=IFCAXIS2PLACEMENT3D(#10904,#10905,#10906);
#10908=IFCEXTRUDEDAREASOLID(#10903,#10907,#10902,-400.);
#10909=IFCSHAPEREPRESENTATION(#11,'Body','SweptSolid',(#10908));
#10910=IFCPRODUCTDEFINITIONSHAPE($,$,(#10909));
#10916=IFCCARTESIANPOINT((24020.549873413169,-123.29924047901797,15000.));
#10917=IFCDIRECTION((0.,0.,1.));
#10918=IFCDIRECTION((0.98639392383214375,0.16439898730535726,0.));
#10919=IFCAXIS2PLACEMENT3D(#10916,#10917,#10918);
#10920=IFCLOCALPLACEMENT($,#10919);
#10921=IFCPROPERTYSET('06s56uj4jA_8LcWKIGs2sG',$,'Other',$,(#10923,#10924));
#10922=IFCRELDEFINESBYPROPERTIES('3CNg_Y0uLDiBpmvNfUfap_',$,$,$,(#10899),#10921);
#10923=IFCPROPERTYSINGLEVALUE('Ax',$,IFCLABEL('0.001'),$);
#10924=IFCPROPERTYSINGLEVALUE('Ay',$,IFCLABEL('0.001'),$);
#10925=IFCBEAM('3khJgelW9AgQlJ$Y5XOv16',$,$,$,$,#10946,#10936,$,$);
#10926=IFCCARTESIANPOINTLIST2D(((0.,0.),(0.,250.),(6082.7625302982196,250.),(6082.7625302982196,0.),(0.,0.)));
#10927=IFCINDEXEDPOLYCURVE(#10926,$,.F.);
#10928=IFCDIRECTION((0.,0.,1.));
#10929=IFCARBITRARYCLOSEDPROFILEDEF(.AREA.,$,#10927);
#10930=IFCCARTESIANPOINT((0.,0.,0.));
#10931=IFCDIRECTION((0.,0.,1.));
#10932=IFCDIRECTION((1.,0.,0.));
#10933=IFCAXIS2PLACEMENT3D(#10930,#10931,#10932);
#10934=IFCEXTRUDEDAREASOLID(#10929,#10933,#10928,-400.);
#10935=IFCSHAPEREPRESENTATION(#11,'Body','SweptSolid',(#10934));
#10936=IFCPRODUCTDEFINITIONSHAPE($,$,(#10935));
#10942=IFCCARTESIANPOINT((24020.549873413169,-123.29924047901797,12000.));
#10943=IFCDIRECTION((0.,0.,1.));
#10944=IFCDIRECTION((0.98639392383214375,0.16439898730535726,0.));
#10945=IFCAXIS2PLACEMENT3D(#10942,#10943,#10944);
#10946=IFCLOCALPLACEMENT($,#10945);
#10947=IFCPROPERTYSET('1PkCRp$m1BmxT95mehmzRZ',$,'Other',$,(#10949,#10950));
#10948=IFCRELDEFINESBYPROPERTIES('2qEbRjyDfCBvZh5LQZqm0$',$,$,$,(#10925),#10947);
#10949=IFCPROPERTYSINGLEVALUE('Ax',$,IFCLABEL('0.001'),$);
#10950=IFCPROPERTYSINGLEVALUE('Ay',$,IFCLABEL('0.001'),$);
#10951=IFCBEAM('3s7z1whVH6tPdykvXGljTQ',$,$,$,$,#10972,#10962,$,$);
#10952=IFCCARTESIANPOINTLIST2D(((0.,0.),(0.,250.),(6082.7625302982196,250.),(6082.7625302982196,0.),(0.,0.)));
#10953=IFCINDEXEDPOLYCURVE(#10952,$,.F.);
#10954=IFCDIRECTION((0.,0.,1.));
#10955=IFCARBITRARYCLOSEDPROFILEDEF(.AREA.,$,#10953);
#10956=IFCCARTESIANPOINT((0.,0.,0.));
#10957=IFCDIRECTION((0.,0.,1.));
#10958=IFCDIRECTION((1.,0.,0.));
#10959=IFCAXIS2PLACEMENT3D(#10956,#10957,#10958);
#10960=IFCEXTRUDEDAREASOLID(#10955,#10959,#10954,-400.);
#10961=IFCSHAPEREPRESENTATION(#11,'Body','SweptSolid',(#10960));
#10962=IFCPRODUCTDEFINITIONSHAPE($,$,(#10961));
#10968=IFCCARTESIANPOINT((24020.549873413169,-123.29924047901797,9000.));
#10969=IFCDIRECTION((0.,0.,1.));
#10970=IFCDIRECTION((0.98639392383214375,0.16439898730535726,0.));
#10971=IFCAXIS2PLACEMENT3D(#10968,#10969,#10970);
#10972=IFCLOCALPLACEMENT($,#10971);
#10973=IFCPROPERTYSET('2ETpANMGv7W9g7ImsyM0h3',$,'Other',$,(#10975,#10976));
#10974=IFCRELDEFINESBYPROPERTIES('0g32Adja165epgEoD0lCPb',$,$,$,(#10951),#10973);
#10975=IFCPROPERTYSINGLEVALUE('Ax',$,IFCLABEL('0.001'),$);
#10976=IFCPROPERTYSINGLEVALUE('Ay',$,IFCLABEL('0.001'),$);
#10977=IFCBEAM('0bxfxe9uLF2fN0qhs5QMv$',$,$,$,$,#10998,#10988,$,$);
#10978=IFCCARTESIANPOINTLIST2D(((0.,0.),(0.,250.),(6082.7625302982196,250.),(6082.7625302982196,0.),(0.,0.)));
#10979=IFCINDEXEDPOLYCURVE(#10978,$,.F.);
#10980=IFCDIRECTION((0.,0.,1.));
#10981=IFCARBITRARYCLOSEDPROFILEDEF(.AREA.,$,#10979);
#10982=IFCCARTESIANPOINT((0.,0.,0.));
#10983=IFCDIRECTION((0.,0.,1.));
#10984=IFCDIRECTION((1.,0.,0.));
#10985=IFCAXIS2PLACEMENT3D(#10982,#10983,#10984);
#10986=IFCEXTRUDEDAREASOLID(#10981,#10985,#10980,-400.);
#10987=IFCSHAPEREPRESENTATION(#11,'Body','SweptSolid',(#10986));
#10988=IFCPRODUCTDEFINITIONSHAPE($,$,(#10987));
#10994=IFCCARTESIANPOINT((24020.549873413169,-123.29924047901797,6000.));
#10995=IFCDIRECTION((0.,0.,1.));
#10996=IFCDIRECTION((0.98639392383214375,0.16439898730535726,0.));
#10997=IFCAXIS2PLACEMENT3D(#10994,#10995,#10996);
#10998=IFCLOCALPLACEMENT($,#10997);
#10999=IFCPROPERTYSET('0G64EKpAbCNf1croKyVmLL',$,'Other',$,(#11001,#11002));
#11000=IFCRELDEFINESBYPROPERTIES('1EoZIJ9AXD6uIsXMhjnu6A',$,$,$,(#10977),#10999);
#11001=IFCPROPERTYSINGLEVALUE('Ax',$,IFCLABEL('0.001'),$);
#11002=IFCPROPERTYSINGLEVALUE('Ay',$,IFCLABEL('0.001'),$);
#11003=IFCBEAM('1NJy4w54XESRY6TEgK3ndN',$,$,$,$,#11024,#11014,$,$);
#11004=IFCCARTESIANPOINTLIST2D(((0.,0.),(0.,250.),(6082.7625302982196,250.),(6082.7625302982196,0.),(0.,0.)));
#11005=IFCINDEXEDPOLYCURVE(#11004,$,.F.);
#11006=IFCDIRECTION((0.,0.,1.));
#11007=IFCARBITRARYCLOSEDPROFILEDEF(.AREA.,$,#11005);
#11008=IFCCARTESIANPOINT((0.,0.,0.));
#11009=IFCDIRECTION((0.,0.,1.));
#11010=IFCDIRECTION((1.,0.,0.));
#11011=IFCAXIS2PLACEMENT3D(#11008,#11009,#11010);
#11012=IFCEXTRUDEDAREASOLID(#11007,#11011,#11006,-400.);
#11013=IFCSHAPEREPRESENTATION(#11,'Body','SweptSolid',(#11012));
#11014=IFCPRODUCTDEFINITIONSHAPE($,$,(#11013));
#11020=IFCCARTESIANPOINT((24020.549873413169,-123.29924047901797,3000.));
#11021=IFCDIRECTION((0.,0.,1.));
#11022=IFCDIRECTION((0.98639392383214375,0.16439898730535726,0.));
#11023=IFCAXIS2PLACEMENT3D(#11020,#11021,#11022);
#11024=IFCLOCALPLACEMENT($,#11023);
#11025=IFCPROPERTYSET('0x7CDjO0P27uZdz$i_YN8z',$,'Other',$,(#11027,#11028));
#11026=IFCRELDEFINESBYPROPERTIES('39rtSrKQj7Rw$uTuL6nO4I',$,$,$,(#11003),#11025);
#11027=IFCPROPERTYSINGLEVALUE('Ax',$,IFCLABEL('0.001'),$);
#11028=IFCPROPERTYSINGLEVALUE('Ay',$,IFCLABEL('0.001'),$);
#11029=IFCCOLUMN('2g8HpcSAX8NBuxuNwYUD7R',$,$,$,$,#11050,#11040,$,$);
#11030=IFCCARTESIANPOINTLIST2D(((-200.,-200.),(200.,-200.),(200.,200.),(-200.,200.)));
#11031=IFCINDEXEDPOLYCURVE(#11030,(IFCLINEINDEX((1,2,3,4,1))),$);
#11032=IFCARBITRARYCLOSEDPROFILEDEF(.AREA.,'Arbitrary',#11031);
#11033=IFCCARTESIANPOINT((0.,0.,0.));
#11034=IFCDIRECTION((0.,0.,1.));
#11035=IFCDIRECTION((1.,0.,0.));
#11036=IFCAXIS2PLACEMENT3D(#11033,#11034,#11035);
#11037=IFCDIRECTION((0.,0.,1.));
#11038=IFCEXTRUDEDAREASOLID(#11032,#11036,#11037,3000.);
#11039=IFCSHAPEREPRESENTATION(#11,'Body','SweptSolid',(#11038));
#11040=IFCPRODUCTDEFINITIONSHAPE($,$,(#11039));
#11046=IFCCARTESIANPOINT((0.,12000.,21000.));
#11047=IFCDIRECTION((0.,0.,1.));
#11048=IFCDIRECTION((1.,0.,0.));
#11049=IFCAXIS2PLACEMENT3D(#11046,#11047,#11048);
#11050=IFCLOCALPLACEMENT($,#11049);
#11051=IFCPROPERTYSET('3QM9IdGUX8uwbkcrdmmORf',$,'Other',$,(#11053,#11054,#11055));
#11052=IFCRELDEFINESBYPROPERTIES('0PXhQmmy5AzPMY41$dJ77b',$,$,$,(#11029),#11051);
#11053=IFCPROPERTYSINGLEVALUE('Ax',$,IFCLABEL('0.001'),$);
#11054=IFCPROPERTYSINGLEVALUE('Ay',$,IFCLABEL('0.001'),$);
#11055=IFCPROPERTYSINGLEVALUE('Section',$,IFCLABEL('Rect'),$);
#11056=IFCCOLUMN('1CThzCCWL4vOdQ6yB0fHTr',$,$,$,$,#11077,#11067,$,$);
#11057=IFCCARTESIANPOINTLIST2D(((-200.,-200.),(200.,-200.),(200.,200.),(-200.,200.)));
#11058=IFCINDEXEDPOLYCURVE(#11057,(IFCLINEINDEX((1,2,3,4,1))),$);
#11059=IFCARBITRARYCLOSEDPROFILEDEF(.AREA.,'Arbitrary',#11058);
#11060=IFCCARTESIANPOINT((0.,0.,0.));
#11061=IFCDIRECTION((0.,0.,1.));
#11062=IFCDIRECTION((1.,0.,0.));
#11063=IFCAXIS2PLACEMENT3D(#11060,#11061,#11062);
#11064=IFCDIRECTION((0.,0.,1.));
#11065=IFCEXTRUDEDAREASOLID(#11059,#11063,#11064,3000.);
#11066=IFCSHAPEREPRESENTATION(#11,'Body','SweptSolid',(#11065));
#11067=IFCPRODUCTDEFINITIONSHAPE($,$,(#11066));
#11073=IFCCARTESIANPOINT((0.,18000.,21000.));
#11074=IFCDIRECTION((0.,0.,1.));
#11075=IFCDIRECTION((1.,0.,0.));
#11076=IFCAXIS2PLACEMENT3D(#11073,#11074,#11075);
#11077=IFCLOCALPLACEMENT($,#11076);
#11078=IFCPROPERTYSET('2fpminvSr0YQ6lOQfGffCI',$,'Other',$,(#11080,#11081,#11082));
#11079=IFCRELDEFINESBYPROPERTIES('3OzJzsRJT9AQfySSEugP$M',$,$,$,(#11056),#11078);
#11080=IFCPROPERTYSINGLEVALUE('Ax',$,IFCLABEL('0.001'),$);
#11081=IFCPROPERTYSINGLEVALUE('Ay',$,IFCLABEL('0.001'),$);
#11082=IFCPROPERTYSINGLEVALUE('Section',$,IFCLABEL('Rect'),$);
#11083=IFCCOLUMN('15vn4CvuPAKgI$4NO5per_',$,$,$,$,#11104,#11094,$,$);
#11084=IFCCARTESIANPOINTLIST2D(((-200.,-200.),(200.,-200.),(200.,200.),(-200.,200.)));
#11085=IFCINDEXEDPOLYCURVE(#11084,(IFCLINEINDEX((1,2,3,4,1))),$);
#11086=IFCARBITRARYCLOSEDPROFILEDEF(.AREA.,'Arbitrary',#11085);
#11087=IFCCARTESIANPOINT((0.,0.,0.));
#11088=IFCDIRECTION((0.,0.,1.));
#11089=IFCDIRECTION((1.,0.,0.));
#11090=IFCAXIS2PLACEMENT3D(#11087,#11088,#11089);
#11091=IFCDIRECTION((0.,0.,1.));
#11092=IFCEXTRUDEDAREASOLID(#11086,#11090,#11091,3000.);
#11093=IFCSHAPEREPRESENTATION(#11,'Body','SweptSolid',(#11092));
#11094=IFCPRODUCTDEFINITIONSHAPE($,$,(#11093));
#11100=IFCCARTESIANPOINT((6000.,12000.,21000.));
#11101=IFCDIRECTION((0.,0.,1.));
#11102=IFCDIRECTION((1.,0.,0.));
#11103=IFCAXIS2PLACEMENT3D(#11100,#11101,#11102);
#11104=IFCLOCALPLACEMENT($,#11103);
#11105=IFCPROPERTYSET('1SpmIFzpHAJxqcXvAH71XO',$,'Other',$,(#11107,#11108,#11109));
#11106=IFCRELDEFINESBYPROPERTIES('2hHq11mpr7iPV1vEJA$olZ',$,$,$,(#11083),#11105);
#11107=IFCPROPERTYSINGLEVALUE('Ax',$,IFCLABEL('0.001'),$);
#11108=IFCPROPERTYSINGLEVALUE('Ay',$,IFCLABEL('0.001'),$);
#11109=IFCPROPERTYSINGLEVALUE('Section',$,IFCLABEL('Rect'),$);
#11110=IFCCOLUMN('0FcWZfKaPEcg84TTexiBRW',$,$,$,$,#11131,#11121,$,$);
#11111=IFCCARTESIANPOINTLIST2D(((-200.,-200.),(200.,-200.),(200.,200.),(-200.,200.)));
#11112=IFCINDEXEDPOLYCURVE(#11111,(IFCLINEINDEX((1,2,3,4,1))),$);
#11113=IFCARBITRARYCLOSEDPROFILEDEF(.AREA.,'Arbitrary',#11112);
#11114=IFCCARTESIANPOINT((0.,0.,0.));
#11115=IFCDIRECTION((0.,0.,1.));
#11116=IFCDIRECTION((1.,0.,0.));
#11117=IFCAXIS2PLACEMENT3D(#11114,#11115,#11116);
#11118=IFCDIRECTION((0.,0.,1.));
#11119=IFCEXTRUDEDAREASOLID(#11113,#11117,#11118,3000.);
#11120=IFCSHAPEREPRESENTATION(#11,'Body','SweptSolid',(#11119));
#11121=IFCPRODUCTDEFINITIONSHAPE($,$,(#11120));
#11127=IFCCARTESIANPOINT((6000.,18000.,21000.));
#11128=IFCDIRECTION((0.,0.,1.));
#11129=IFCDIRECTION((1.,0.,0.));
#11130=IFCAXIS2PLACEMENT3D(#11127,#11128,#11129);
#11131=IFCLOCALPLACEMENT($,#11130);
#11132=IFCPROPERTYSET('3xgX81he1FKfHKcf7upTM6',$,'Other',$,(#11134,#11135,#11136));
#11133=IFCRELDEFINESBYPROPERTIES('02KfI5heL7Qv5crSrkWogX',$,$,$,(#11110),#11132);
#11134=IFCPROPERTYSINGLEVALUE('Ax',$,IFCLABEL('0.001'),$);
#11135=IFCPROPERTYSINGLEVALUE('Ay',$,IFCLABEL('0.001'),$);
#11136=IFCPROPERTYSINGLEVALUE('Section',$,IFCLABEL('Rect'),$);
#11137=IFCCOLUMN('29MQ9pbPfCzvnkPdiV7tDp',$,$,$,$,#11158,#11148,$,$);
#11138=IFCCARTESIANPOINTLIST2D(((-200.,-200.),(200.,-200.),(200.,200.),(-200.,200.)));
#11139=IFCINDEXEDPOLYCURVE(#11138,(IFCLINEINDEX((1,2,3,4,1))),$);
#11140=IFCARBITRARYCLOSEDPROFILEDEF(.AREA.,'Arbitrary',#11139);
#11141=IFCCARTESIANPOINT((0.,0.,0.));
#11142=IFCDIRECTION((0.,0.,1.));
#11143=IFCDIRECTION((1.,0.,0.));
#11144=IFCAXIS2PLACEMENT3D(#11141,#11142,#11143);
#11145=IFCDIRECTION((0.,0.,1.));
#11146=IFCEXTRUDEDAREASOLID(#11140,#11144,#11145,3000.);
#11147=IFCSHAPEREPRESENTATION(#11,'Body','SweptSolid',(#11146));
#11148=IFCPRODUCTDEFINITIONSHAPE($,$,(#11147));
#11154=IFCCARTESIANPOINT((12000.,12000.,21000.));
#11155=IFCDIRECTION((0.,0.,1.));
#11156=IFCDIRECTION((1.,0.,0.));
#11157=IFCAXIS2PLACEMENT3D(#11154,#11155,#11156);
#11158=IFCLOCALPLACEMENT($,#11157);
#11159=IFCPROPERTYSET('04PDrZHvz4S9A_n7L_Sf_d',$,'Other',$,(#11161,#11162,#11163));
#11160=IFCRELDEFINESBYPROPERTIES('15TMYfH$H4gAqkOu0QWWEP',$,$,$,(#11137),#11159);
#11161=IFCPROPERTYSINGLEVALUE('Ax',$,IFCLABEL('0.001'),$);
#11162=IFCPROPERTYSINGLEVALUE('Ay',$,IFCLABEL('0.001'),$);
#11163=IFCPROPERTYSINGLEVALUE('Section',$,IFCLABEL('Rect'),$);
#11164=IFCCOLUMN('1pESA0ay97qenARZjm1YOq',$,$,$,$,#11185,#11175,$,$);
#11165=IFCCARTESIANPOINTLIST2D(((-200.,-200.),(200.,-200.),(200.,200.),(-200.,200.)));
#11166=IFCINDEXEDPOLYCURVE(#11165,(IFCLINEINDEX((1,2,3,4,1))),$);
#11167=IFCARBITRARYCLOSEDPROFILEDEF(.AREA.,'Arbitrary',#11166);
#11168=IFCCARTESIANPOINT((0.,0.,0.));
#11169=IFCDIRECTION((0.,0.,1.));
#11170=IFCDIRECTION((1.,0.,0.));
#11171=IFCAXIS2PLACEMENT3D(#11168,#11169,#11170);
#11172=IFCDIRECTION((0.,0.,1.));
#11173=IFCEXTRUDEDAREASOLID(#11167,#11171,#11172,3000.);
#11174=IFCSHAPEREPRESENTATION(#11,'Body','SweptSolid',(#11173));
#11175=IFCPRODUCTDEFINITIONSHAPE($,$,(#11174));
#11181=IFCCARTESIANPOINT((12000.,18000.,21000.));
#11182=IFCDIRECTION((0.,0.,1.));
#11183=IFCDIRECTION((1.,0.,0.));
#11184=IFCAXIS2PLACEMENT3D(#11181,#11182,#11183);
#11185=IFCLOCALPLACEMENT($,#11184);
#11186=IFCPROPERTYSET('3HwUoSOJr7axfi163N7qNu',$,'Other',$,(#11188,#11189,#11190));
#11187=IFCRELDEFINESBYPROPERTIES('3r0L2ZxEz1LPFX1k3_9uZY',$,$,$,(#11164),#11186);
#11188=IFCPROPERTYSINGLEVALUE('Ax',$,IFCLABEL('0.001'),$);
#11189=IFCPROPERTYSINGLEVALUE('Ay',$,IFCLABEL('0.001'),$);
#11190=IFCPROPERTYSINGLEVALUE('Section',$,IFCLABEL('Rect'),$);
#11191=IFCCOLUMN('1hMQeEH$P5twR6EXdcngEl',$,$,$,$,#11212,#11202,$,$);
#11192=IFCCARTESIANPOINTLIST2D(((-200.,-200.),(200.,-200.),(200.,200.),(-200.,200.)));
#11193=IFCINDEXEDPOLYCURVE(#11192,(IFCLINEINDEX((1,2,3,4,1))),$);
#11194=IFCARBITRARYCLOSEDPROFILEDEF(.AREA.,'Arbitrary',#11193);
#11195=IFCCARTESIANPOINT((0.,0.,0.));
#11196=IFCDIRECTION((0.,0.,1.));
#11197=IFCDIRECTION((1.,0.,0.));
#11198=IFCAXIS2PLACEMENT3D(#11195,#11196,#11197);
#11199=IFCDIRECTION((0.,0.,1.));
#11200=IFCEXTRUDEDAREASOLID(#11194,#11198,#11199,3000.);
#11201=IFCSHAPEREPRESENTATION(#11,'Body','SweptSolid',(#11200));
#11202=IFCPRODUCTDEFINITIONSHAPE($,$,(#11201));
#11208=IFCCARTESIANPOINT((18000.,12000.,21000.));
#11209=IFCDIRECTION((0.,0.,1.));
#11210=IFCDIRECTION((1.,0.,0.));
#11211=IFCAXIS2PLACEMENT3D(#11208,#11209,#11210);
#11212=IFCLOCALPLACEMENT($,#11211);
#11213=IFCPROPERTYSET('0BM_cq8tr4zBqYs7zQ8hHR',$,'Other',$,(#11215,#11216,#11217));
#11214=IFCRELDEFINESBYPROPERTIES('3C$rWeURT8QPeSwCIjkNoA',$,$,$,(#11191),#11213);
#11215=IFCPROPERTYSINGLEVALUE('Ax',$,IFCLABEL('0.001'),$);
#11216=IFCPROPERTYSINGLEVALUE('Ay',$,IFCLABEL('0.001'),$);
#11217=IFCPROPERTYSINGLEVALUE('Section',$,IFCLABEL('Rect'),$);
#11218=IFCCOLUMN('3wXnukEGjC3vRgPd5e3rku',$,$,$,$,#11239,#11229,$,$);
#11219=IFCCARTESIANPOINTLIST2D(((-200.,-200.),(200.,-200.),(200.,200.),(-200.,200.)));
#11220=IFCINDEXEDPOLYCURVE(#11219,(IFCLINEINDEX((1,2,3,4,1))),$);
#11221=IFCARBITRARYCLOSEDPROFILEDEF(.AREA.,'Arbitrary',#11220);
#11222=IFCCARTESIANPOINT((0.,0.,0.));
#11223=IFCDIRECTION((0.,0.,1.));
#11224=IFCDIRECTION((1.,0.,0.));
#11225=IFCAXIS2PLACEMENT3D(#11222,#11223,#11224);
#11226=IFCDIRECTION((0.,0.,1.));
#11227=IFCEXTRUDEDAREASOLID(#11221,#11225,#11226,3000.);
#11228=IFCSHAPEREPRESENTATION(#11,'Body','SweptSolid',(#11227));
#11229=IFCPRODUCTDEFINITIONSHAPE($,$,(#11228));
#11235=IFCCARTESIANPOINT((18000.,18000.,21000.));
#11236=IFCDIRECTION((0.,0.,1.));
#11237=IFCDIRECTION((1.,0.,0.));
#11238=IFCAXIS2PLACEMENT3D(#11235,#11236,#11237);
#11239=IFCLOCALPLACEMENT($,#11238);
#11240=IFCPROPERTYSET('1pwU$ZBl5EyP0tEBdKdqWc',$,'Other',$,(#11242,#11243,#11244));
#11241=IFCRELDEFINESBYPROPERTIES('0O2TGFB5fCRgh$uxOCTbs3',$,$,$,(#11218),#11240);
#11242=IFCPROPERTYSINGLEVALUE('Ax',$,IFCLABEL('0.001'),$);
#11243=IFCPROPERTYSINGLEVALUE('Ay',$,IFCLABEL('0.001'),$);
#11244=IFCPROPERTYSINGLEVALUE('Section',$,IFCLABEL('Rect'),$);
#11245=IFCCOLUMN('19WikoMcjElPVAovCDQbZE',$,$,$,$,#11266,#11256,$,$);
#11246=IFCCARTESIANPOINTLIST2D(((-200.,-200.),(200.,-200.),(200.,200.),(-200.,200.)));
#11247=IFCINDEXEDPOLYCURVE(#11246,(IFCLINEINDEX((1,2,3,4,1))),$);
#11248=IFCARBITRARYCLOSEDPROFILEDEF(.AREA.,'Arbitrary',#11247);
#11249=IFCCARTESIANPOINT((0.,0.,0.));
#11250=IFCDIRECTION((0.,0.,1.));
#11251=IFCDIRECTION((1.,0.,0.));
#11252=IFCAXIS2PLACEMENT3D(#11249,#11250,#11251);
#11253=IFCDIRECTION((0.,0.,1.));
#11254=IFCEXTRUDEDAREASOLID(#11248,#11252,#11253,3000.);
#11255=IFCSHAPEREPRESENTATION(#11,'Body','SweptSolid',(#11254));
#11256=IFCPRODUCTDEFINITIONSHAPE($,$,(#11255));
#11262=IFCCARTESIANPOINT((24000.,18000.,21000.));
#11263=IFCDIRECTION((0.,0.,1.));
#11264=IFCDIRECTION((1.,0.,0.));
#11265=IFCAXIS2PLACEMENT3D(#11262,#11263,#11264);
#11266=IFCLOCALPLACEMENT($,#11265);
#11267=IFCPROPERTYSET('2gsOhLKBP6SASHqrthcyEj',$,'Other',$,(#11269,#11270,#11271));
#11268=IFCRELDEFINESBYPROPERTIES('1YKItwuDj2IgA7lTTxPd4b',$,$,$,(#11245),#11267);
#11269=IFCPROPERTYSINGLEVALUE('Ax',$,IFCLABEL('0.001'),$);
#11270=IFCPROPERTYSINGLEVALUE('Ay',$,IFCLABEL('0.001'),$);
#11271=IFCPROPERTYSINGLEVALUE('Section',$,IFCLABEL('Rect'),$);
#11272=IFCCOLUMN('1clkRYtebAUPU56FE7jahe',$,$,$,$,#11293,#11283,$,$);
#11273=IFCCARTESIANPOINTLIST2D(((-200.,-200.),(200.,-200.),(200.,200.),(-200.,200.)));
#11274=IFCINDEXEDPOLYCURVE(#11273,(IFCLINEINDEX((1,2,3,4,1))),$);
#11275=IFCARBITRARYCLOSEDPROFILEDEF(.AREA.,'Arbitrary',#11274);
#11276=IFCCARTESIANPOINT((0.,0.,0.));
#11277=IFCDIRECTION((0.,0.,1.));
#11278=IFCDIRECTION((1.,0.,0.));
#11279=IFCAXIS2PLACEMENT3D(#11276,#11277,#11278);
#11280=IFCDIRECTION((0.,0.,1.));
#11281=IFCEXTRUDEDAREASOLID(#11275,#11279,#11280,3000.);
#11282=IFCSHAPEREPRESENTATION(#11,'Body','SweptSolid',(#11281));
#11283=IFCPRODUCTDEFINITIONSHAPE($,$,(#11282));
#11289=IFCCARTESIANPOINT((30000.,18000.,21000.));
#11290=IFCDIRECTION((0.,0.,1.));
#11291=IFCDIRECTION((1.,0.,0.));
#11292=IFCAXIS2PLACEMENT3D(#11289,#11290,#11291);
#11293=IFCLOCALPLACEMENT($,#11292);
#11294=IFCPROPERTYSET('3WvkVxIpL56B2V9UWpcZU1',$,'Other',$,(#11296,#11297,#11298));
#11295=IFCRELDEFINESBYPROPERTIES('18TAaUdiD3u8E0fbh3WkAB',$,$,$,(#11272),#11294);
#11296=IFCPROPERTYSINGLEVALUE('Ax',$,IFCLABEL('0.001'),$);
#11297=IFCPROPERTYSINGLEVALUE('Ay',$,IFCLABEL('0.001'),$);
#11298=IFCPROPERTYSINGLEVALUE('Section',$,IFCLABEL('Rect'),$);
#11299=IFCCOLUMN('22tQPVZDX9eOwI6GAQuV_i',$,$,$,$,#11320,#11310,$,$);
#11300=IFCCARTESIANPOINTLIST2D(((-200.,-200.),(200.,-200.),(200.,200.),(-200.,200.)));
#11301=IFCINDEXEDPOLYCURVE(#11300,(IFCLINEINDEX((1,2,3,4,1))),$);
#11302=IFCARBITRARYCLOSEDPROFILEDEF(.AREA.,'Arbitrary',#11301);
#11303=IFCCARTESIANPOINT((0.,0.,0.));
#11304=IFCDIRECTION((0.,0.,1.));
#11305=IFCDIRECTION((1.,0.,0.));
#11306=IFCAXIS2PLACEMENT3D(#11303,#11304,#11305);
#11307=IFCDIRECTION((0.,0.,1.));
#11308=IFCEXTRUDEDAREASOLID(#11302,#11306,#11307,3000.);
#11309=IFCSHAPEREPRESENTATION(#11,'Body','SweptSolid',(#11308));
#11310=IFCPRODUCTDEFINITIONSHAPE($,$,(#11309));
#11316=IFCCARTESIANPOINT((18000.,0.,21000.));
#11317=IFCDIRECTION((0.,0.,1.));
#11318=IFCDIRECTION((1.,0.,0.));
#11319=IFCAXIS2PLACEMENT3D(#11316,#11317,#11318);
#11320=IFCLOCALPLACEMENT($,#11319);
#11321=IFCPROPERTYSET('0X42U173H7R886rovI_D$4',$,'Other',$,(#11323,#11324,#11325));
#11322=IFCRELDEFINESBYPROPERTIES('3DNwhVnyr8QOd39q5YnC$9',$,$,$,(#11299),#11321);
#11323=IFCPROPERTYSINGLEVALUE('Ax',$,IFCLABEL('0.001'),$);
#11324=IFCPROPERTYSINGLEVALUE('Ay',$,IFCLABEL('0.001'),$);
#11325=IFCPROPERTYSINGLEVALUE('Section',$,IFCLABEL('Rect'),$);
#11326=IFCCOLUMN('2Rc9Y4CDfBnBqIux6Ya$OH',$,$,$,$,#11347,#11337,$,$);
#11327=IFCCARTESIANPOINTLIST2D(((-200.,-200.),(200.,-200.),(200.,200.),(-200.,200.)));
#11328=IFCINDEXEDPOLYCURVE(#11327,(IFCLINEINDEX((1,2,3,4,1))),$);
#11329=IFCARBITRARYCLOSEDPROFILEDEF(.AREA.,'Arbitrary',#11328);
#11330=IFCCARTESIANPOINT((0.,0.,0.));
#11331=IFCDIRECTION((0.,0.,1.));
#11332=IFCDIRECTION((1.,0.,0.));
#11333=IFCAXIS2PLACEMENT3D(#11330,#11331,#11332);
#11334=IFCDIRECTION((0.,0.,1.));
#11335=IFCEXTRUDEDAREASOLID(#11329,#11333,#11334,3000.);
#11336=IFCSHAPEREPRESENTATION(#11,'Body','SweptSolid',(#11335));
#11337=IFCPRODUCTDEFINITIONSHAPE($,$,(#11336));
#11343=IFCCARTESIANPOINT((18000.,6000.,21000.));
#11344=IFCDIRECTION((0.,0.,1.));
#11345=IFCDIRECTION((1.,0.,0.));
#11346=IFCAXIS2PLACEMENT3D(#11343,#11344,#11345);
#11347=IFCLOCALPLACEMENT($,#11346);
#11348=IFCPROPERTYSET('1k1ffso0z0_uUUnpv6IiQD',$,'Other',$,(#11350,#11351,#11352));
#11349=IFCRELDEFINESBYPROPERTIES('3gNEWMdRb5gxvOp5OChr9E',$,$,$,(#11326),#11348);
#11350=IFCPROPERTYSINGLEVALUE('Ax',$,IFCLABEL('0.001'),$);
#11351=IFCPROPERTYSINGLEVALUE('Ay',$,IFCLABEL('0.001'),$);
#11352=IFCPROPERTYSINGLEVALUE('Section',$,IFCLABEL('Rect'),$);
#11353=IFCCOLUMN('2t3zhoJ2D8qOyLaaggeUls',$,$,$,$,#11374,#11364,$,$);
#11354=IFCCARTESIANPOINTLIST2D(((-200.,-200.),(200.,-200.),(200.,200.),(-200.,200.)));
#11355=IFCINDEXEDPOLYCURVE(#11354,(IFCLINEINDEX((1,2,3,4,1))),$);
#11356=IFCARBITRARYCLOSEDPROFILEDEF(.AREA.,'Arbitrary',#11355);
#11357=IFCCARTESIANPOINT((0.,0.,0.));
#11358=IFCDIRECTION((0.,0.,1.));
#11359=IFCDIRECTION((1.,0.,0.));
#11360=IFCAXIS2PLACEMENT3D(#11357,#11358,#11359);
#11361=IFCDIRECTION((0.,0.,1.));
#11362=IFCEXTRUDEDAREASOLID(#11356,#11360,#11361,3000.);
#11363=IFCSHAPEREPRESENTATION(#11,'Body','SweptSolid',(#11362));
#11364=IFCPRODUCTDEFINITIONSHAPE($,$,(#11363));
#11370=IFCCARTESIANPOINT((24000.,6000.,21000.));
#11371=IFCDIRECTION((0.,0.,1.));
#11372=IFCDIRECTION((1.,0.,0.));
#11373=IFCAXIS2PLACEMENT3D(#11370,#11371,#11372);
#11374=IFCLOCALPLACEMENT($,#11373);
#11375=IFCPROPERTYSET('1INcpxp8P2x8x_A6gUzqkU',$,'Other',$,(#11377,#11378,#11379));
#11376=IFCRELDEFINESBYPROPERTIES('15pFS5lx93QxEf3$WO$FB9',$,$,$,(#11353),#11375);
#11377=IFCPROPERTYSINGLEVALUE('Ax',$,IFCLABEL('0.001'),$);
#11378=IFCPROPERTYSINGLEVALUE('Ay',$,IFCLABEL('0.001'),$);
#11379=IFCPROPERTYSINGLEVALUE('Section',$,IFCLABEL('Rect'),$);
#11380=IFCCOLUMN('0nS5j8op1EM9EjsDenLgY3',$,$,$,$,#11401,#11391,$,$);
#11381=IFCCARTESIANPOINTLIST2D(((-200.,-200.),(200.,-200.),(200.,200.),(-200.,200.)));
#11382=IFCINDEXEDPOLYCURVE(#11381,(IFCLINEINDEX((1,2,3,4,1))),$);
#11383=IFCARBITRARYCLOSEDPROFILEDEF(.AREA.,'Arbitrary',#11382);
#11384=IFCCARTESIANPOINT((0.,0.,0.));
#11385=IFCDIRECTION((0.,0.,1.));
#11386=IFCDIRECTION((1.,0.,0.));
#11387=IFCAXIS2PLACEMENT3D(#11384,#11385,#11386);
#11388=IFCDIRECTION((0.,0.,1.));
#11389=IFCEXTRUDEDAREASOLID(#11383,#11387,#11388,3000.);
#11390=IFCSHAPEREPRESENTATION(#11,'Body','SweptSolid',(#11389));
#11391=IFCPRODUCTDEFINITIONSHAPE($,$,(#11390));
#11397=IFCCARTESIANPOINT((12000.,0.,21000.));
#11398=IFCDIRECTION((0.,0.,1.));
#11399=IFCDIRECTION((1.,0.,0.));
#11400=IFCAXIS2PLACEMENT3D(#11397,#11398,#11399);
#11401=IFCLOCALPLACEMENT($,#11400);
#11402=IFCPROPERTYSET('2i2EC_jN92CRmcM5B_1TSv',$,'Other',$,(#11404,#11405,#11406));
#11403=IFCRELDEFINESBYPROPERTIES('1UZbbkkajDvheaugMKia9C',$,$,$,(#11380),#11402);
#11404=IFCPROPERTYSINGLEVALUE('Ax',$,IFCLABEL('0.001'),$);
#11405=IFCPROPERTYSINGLEVALUE('Ay',$,IFCLABEL('0.001'),$);
#11406=IFCPROPERTYSINGLEVALUE('Section',$,IFCLABEL('Rect'),$);
#11407=IFCCOLUMN('2cd3jlMNvC49X039nQA6Ew',$,$,$,$,#11428,#11418,$,$);
#11408=IFCCARTESIANPOINTLIST2D(((-200.,-200.),(200.,-200.),(200.,200.),(-200.,200.)));
#11409=IFCINDEXEDPOLYCURVE(#11408,(IFCLINEINDEX((1,2,3,4,1))),$);
#11410=IFCARBITRARYCLOSEDPROFILEDEF(.AREA.,'Arbitrary',#11409);
#11411=IFCCARTESIANPOINT((0.,0.,0.));
#11412=IFCDIRECTION((0.,0.,1.));
#11413=IFCDIRECTION((1.,0.,0.));
#11414=IFCAXIS2PLACEMENT3D(#11411,#11412,#11413);
#11415=IFCDIRECTION((0.,0.,1.));
#11416=IFCEXTRUDEDAREASOLID(#11410,#11414,#11415,3000.);
#11417=IFCSHAPEREPRESENTATION(#11,'Body','SweptSolid',(#11416));
#11418=IFCPRODUCTDEFINITIONSHAPE($,$,(#11417));
#11424=IFCCARTESIANPOINT((12000.,6000.,21000.));
#11425=IFCDIRECTION((0.,0.,1.));
#11426=IFCDIRECTION((1.,0.,0.));
#11427=IFCAXIS2PLACEMENT3D(#11424,#11425,#11426);
#11428=IFCLOCALPLACEMENT($,#11427);
#11429=IFCPROPERTYSET('21F4fM2VL1ChbFJ2Bs6B_m',$,'Other',$,(#11431,#11432,#11433));
#11430=IFCRELDEFINESBYPROPERTIES('3bhicIQVv7WPC1_aJcVwa7',$,$,$,(#11407),#11429);
#11431=IFCPROPERTYSINGLEVALUE('Ax',$,IFCLABEL('0.001'),$);
#11432=IFCPROPERTYSINGLEVALUE('Ay',$,IFCLABEL('0.001'),$);
#11433=IFCPROPERTYSINGLEVALUE('Section',$,IFCLABEL('Rect'),$);
#11434=IFCCOLUMN('2YqvPRZRTAn9usfQwvLBvr',$,$,$,$,#11455,#11445,$,$);
#11435=IFCCARTESIANPOINTLIST2D(((-200.,-200.),(200.,-200.),(200.,200.),(-200.,200.)));
#11436=IFCINDEXEDPOLYCURVE(#11435,(IFCLINEINDEX((1,2,3,4,1))),$);
#11437=IFCARBITRARYCLOSEDPROFILEDEF(.AREA.,'Arbitrary',#11436);
#11438=IFCCARTESIANPOINT((0.,0.,0.));
#11439=IFCDIRECTION((0.,0.,1.));
#11440=IFCDIRECTION((1.,0.,0.));
#11441=IFCAXIS2PLACEMENT3D(#11438,#11439,#11440);
#11442=IFCDIRECTION((0.,0.,1.));
#11443=IFCEXTRUDEDAREASOLID(#11437,#11441,#11442,3000.);
#11444=IFCSHAPEREPRESENTATION(#11,'Body','SweptSolid',(#11443));
#11445=IFCPRODUCTDEFINITIONSHAPE($,$,(#11444));
#11451=IFCCARTESIANPOINT((0.,12000.,18000.));
#11452=IFCDIRECTION((0.,0.,1.));
#11453=IFCDIRECTION((1.,0.,0.));
#11454=IFCAXIS2PLACEMENT3D(#11451,#11452,#11453);
#11455=IFCLOCALPLACEMENT($,#11454);
#11456=IFCPROPERTYSET('2J56Nnhzn8Yw9aOeLHhVNs',$,'Other',$,(#11458,#11459,#11460));
#11457=IFCRELDEFINESBYPROPERTIES('2sv$VXGRT8$eq3oRdcf3jg',$,$,$,(#11434),#11456);
#11458=IFCPROPERTYSINGLEVALUE('Ax',$,IFCLABEL('0.001'),$);
#11459=IFCPROPERTYSINGLEVALUE('Ay',$,IFCLABEL('0.001'),$);
#11460=IFCPROPERTYSINGLEVALUE('Section',$,IFCLABEL('Rect'),$);
#11461=IFCCOLUMN('1uY$dmPQn7UvrJ2l9IvwFc',$,$,$,$,#11482,#11472,$,$);
#11462=IFCCARTESIANPOINTLIST2D(((-200.,-200.),(200.,-200.),(200.,200.),(-200.,200.)));
#11463=IFCINDEXEDPOLYCURVE(#11462,(IFCLINEINDEX((1,2,3,4,1))),$);
#11464=IFCARBITRARYCLOSEDPROFILEDEF(.AREA.,'Arbitrary',#11463);
#11465=IFCCARTESIANPOINT((0.,0.,0.));
#11466=IFCDIRECTION((0.,0.,1.));
#11467=IFCDIRECTION((1.,0.,0.));
#11468=IFCAXIS2PLACEMENT3D(#11465,#11466,#11467);
#11469=IFCDIRECTION((0.,0.,1.));
#11470=IFCEXTRUDEDAREASOLID(#11464,#11468,#11469,3000.);
#11471=IFCSHAPEREPRESENTATION(#11,'Body','SweptSolid',(#11470));
#11472=IFCPRODUCTDEFINITIONSHAPE($,$,(#11471));
#11478=IFCCARTESIANPOINT((0.,18000.,18000.));
#11479=IFCDIRECTION((0.,0.,1.));
#11480=IFCDIRECTION((1.,0.,0.));
#11481=IFCAXIS2PLACEMENT3D(#11478,#11479,#11480);
#11482=IFCLOCALPLACEMENT($,#11481);
#11483=IFCPROPERTYSET('0UatxKE8XCDxNb3r8Eo1_G',$,'Other',$,(#11485,#11486,#11487));
#11484=IFCRELDEFINESBYPROPERTIES('0vabYHFrjEnOazFLO7rnwv',$,$,$,(#11461),#11483);
#11485=IFCPROPERTYSINGLEVALUE('Ax',$,IFCLABEL('0.001'),$);
#11486=IFCPROPERTYSINGLEVALUE('Ay',$,IFCLABEL('0.001'),$);
#11487=IFCPROPERTYSINGLEVALUE('Section',$,IFCLABEL('Rect'),$);
#11488=IFCCOLUMN('1WvSbtk81ASw9Bzgq0mKtE',$,$,$,$,#11509,#11499,$,$);
#11489=IFCCARTESIANPOINTLIST2D(((-200.,-200.),(200.,-200.),(200.,200.),(-200.,200.)));
#11490=IFCINDEXEDPOLYCURVE(#11489,(IFCLINEINDEX((1,2,3,4,1))),$);
#11491=IFCARBITRARYCLOSEDPROFILEDEF(.AREA.,'Arbitrary',#11490);
#11492=IFCCARTESIANPOINT((0.,0.,0.));
#11493=IFCDIRECTION((0.,0.,1.));
#11494=IFCDIRECTION((1.,0.,0.));
#11495=IFCAXIS2PLACEMENT3D(#11492,#11493,#11494);
#11496=IFCDIRECTION((0.,0.,1.));
#11497=IFCEXTRUDEDAREASOLID(#11491,#11495,#11496,3000.);
#11498=IFCSHAPEREPRESENTATION(#11,'Body','SweptSolid',(#11497));
#11499=IFCPRODUCTDEFINITIONSHAPE($,$,(#11498));
#11505=IFCCARTESIANPOINT((6000.,12000.,18000.));
#11506=IFCDIRECTION((0.,0.,1.));
#11507=IFCDIRECTION((1.,0.,0.));
#11508=IFCAXIS2PLACEMENT3D(#11505,#11506,#11507);
#11509=IFCLOCALPLACEMENT($,#11508);
#11510=IFCPROPERTYSET('3Ll$HNVs59zOyfZKx7AJN9',$,'Other',$,(#11512,#11513,#11514));
#11511=IFCRELDEFINESBYPROPERTIES('26MiPqMKzELQTF$JyimZbh',$,$,$,(#11488),#11510);
#11512=IFCPROPERTYSINGLEVALUE('Ax',$,IFCLABEL('0.001'),$);
#11513=IFCPROPERTYSINGLEVALUE('Ay',$,IFCLABEL('0.001'),$);
#11514=IFCPROPERTYSINGLEVALUE('Section',$,IFCLABEL('Rect'),$);
#11515=IFCCOLUMN('0mTr4Arhf878EZ7E$goUMf',$,$,$,$,#11536,#11526,$,$);
#11516=IFCCARTESIANPOINTLIST2D(((-200.,-200.),(200.,-200.),(200.,200.),(-200.,200.)));
#11517=IFCINDEXEDPOLYCURVE(#11516,(IFCLINEINDEX((1,2,3,4,1))),$);
#11518=IFCARBITRARYCLOSEDPROFILEDEF(.AREA.,'Arbitrary',#11517);
#11519=IFCCARTESIANPOINT((0.,0.,0.));
#11520=IFCDIRECTION((0.,0.,1.));
#11521=IFCDIRECTION((1.,0.,0.));
#11522=IFCAXIS2PLACEMENT3D(#11519,#11520,#11521);
#11523=IFCDIRECTION((0.,0.,1.));
#11524=IFCEXTRUDEDAREASOLID(#11518,#11522,#11523,3000.);
#11525=IFCSHAPEREPRESENTATION(#11,'Body','SweptSolid',(#11524));
#11526=IFCPRODUCTDEFINITIONSHAPE($,$,(#11525));
#11532=IFCCARTESIANPOINT((6000.,18000.,18000.));
#11533=IFCDIRECTION((0.,0.,1.));
#11534=IFCDIRECTION((1.,0.,0.));
#11535=IFCAXIS2PLACEMENT3D(#11532,#11533,#11534);
#11536=IFCLOCALPLACEMENT($,#11535);
#11537=IFCPROPERTYSET('2zouA4crDDdfVWzqfyeCk3',$,'Other',$,(#11539,#11540,#11541));
#11538=IFCRELDEFINESBYPROPERTIES('31IDtFwkT5uwDQMcSkG4B7',$,$,$,(#11515),#11537);
#11539=IFCPROPERTYSINGLEVALUE('Ax',$,IFCLABEL('0.001'),$);
#11540=IFCPROPERTYSINGLEVALUE('Ay',$,IFCLABEL('0.001'),$);
#11541=IFCPROPERTYSINGLEVALUE('Section',$,IFCLABEL('Rect'),$);
#11542=IFCCOLUMN('3KIQRQ00597eOdUg8l5ijr',$,$,$,$,#11563,#11553,$,$);
#11543=IFCCARTESIANPOINTLIST2D(((-200.,-200.),(200.,-200.),(200.,200.),(-200.,200.)));
#11544=IFCINDEXEDPOLYCURVE(#11543,(IFCLINEINDEX((1,2,3,4,1))),$);
#11545=IFCARBITRARYCLOSEDPROFILEDEF(.AREA.,'Arbitrary',#11544);
#11546=IFCCARTESIANPOINT((0.,0.,0.));
#11547=IFCDIRECTION((0.,0.,1.));
#11548=IFCDIRECTION((1.,0.,0.));
#11549=IFCAXIS2PLACEMENT3D(#11546,#11547,#11548);
#11550=IFCDIRECTION((0.,0.,1.));
#11551=IFCEXTRUDEDAREASOLID(#11545,#11549,#11550,3000.);
#11552=IFCSHAPEREPRESENTATION(#11,'Body','SweptSolid',(#11551));
#11553=IFCPRODUCTDEFINITIONSHAPE($,$,(#11552));
#11559=IFCCARTESIANPOINT((12000.,12000.,18000.));
#11560=IFCDIRECTION((0.,0.,1.));
#11561=IFCDIRECTION((1.,0.,0.));
#11562=IFCAXIS2PLACEMENT3D(#11559,#11560,#11561);
#11563=IFCLOCALPLACEMENT($,#11562);
#11564=IFCPROPERTYSET('1JYUVveTr3EAgTYAhZb7Jj',$,'Other',$,(#11566,#11567,#11568));
#11565=IFCRELDEFINESBYPROPERTIES('2DUi2GmvPCdPzhVEaG8YQj',$,$,$,(#11542),#11564);
#11566=IFCPROPERTYSINGLEVALUE('Ax',$,IFCLABEL('0.001'),$);
#11567=IFCPROPERTYSINGLEVALUE('Ay',$,IFCLABEL('0.001'),$);
#11568=IFCPROPERTYSINGLEVALUE('Section',$,IFCLABEL('Rect'),$);
#11569=IFCCOLUMN('2CUB7CMnz1PBdbvXhMBLxo',$,$,$,$,#11590,#11580,$,$);
#11570=IFCCARTESIANPOINTLIST2D(((-200.,-200.),(200.,-200.),(200.,200.),(-200.,200.)));
#11571=IFCINDEXEDPOLYCURVE(#11570,(IFCLINEINDEX((1,2,3,4,1))),$);
#11572=IFCARBITRARYCLOSEDPROFILEDEF(.AREA.,'Arbitrary',#11571);
#11573=IFCCARTESIANPOINT((0.,0.,0.));
#11574=IFCDIRECTION((0.,0.,1.));
#11575=IFCDIRECTION((1.,0.,0.));
#11576=IFCAXIS2PLACEMENT3D(#11573,#11574,#11575);
#11577=IFCDIRECTION((0.,0.,1.));
#11578=IFCEXTRUDEDAREASOLID(#11572,#11576,#11577,3000.);
#11579=IFCSHAPEREPRESENTATION(#11,'Body','SweptSolid',(#11578));
#11580=IFCPRODUCTDEFINITIONSHAPE($,$,(#11579));
#11586=IFCCARTESIANPOINT((12000.,18000.,18000.));
#11587=IFCDIRECTION((0.,0.,1.));
#11588=IFCDIRECTION((1.,0.,0.));
#11589=IFCAXIS2PLACEMENT3D(#11586,#11587,#11588);
#11590=IFCLOCALPLACEMENT($,#11589);
#11591=IFCPROPERTYSET('3vciAwFj5CPhD2dOr_G1cD',$,'Other',$,(#11593,#11594,#11595));
#11592=IFCRELDEFINESBYPROPERTIES('3t9lcneQvA9PONc0xBnxMo',$,$,$,(#11569),#11591);
#11593=IFCPROPERTYSINGLEVALUE('Ax',$,IFCLABEL('0.001'),$);
#11594=IFCPROPERTYSINGLEVALUE('Ay',$,IFCLABEL('0.001'),$);
#11595=IFCPROPERTYSINGLEVALUE('Section',$,IFCLABEL('Rect'),$);
#11596=IFCCOLUMN('39VP0EfWT9mezEhzCe9X6w',$,$,$,$,#11617,#11607,$,$);
#11597=IFCCARTESIANPOINTLIST2D(((-200.,-200.),(200.,-200.),(200.,200.),(-200.,200.)));
#11598=IFCINDEXEDPOLYCURVE(#11597,(IFCLINEINDEX((1,2,3,4,1))),$);
#11599=IFCARBITRARYCLOSEDPROFILEDEF(.AREA.,'Arbitrary',#11598);
#11600=IFCCARTESIANPOINT((0.,0.,0.));
#11601=IFCDIRECTION((0.,0.,1.));
#11602=IFCDIRECTION((1.,0.,0.));
#11603=IFCAXIS2PLACEMENT3D(#11600,#11601,#11602);
#11604=IFCDIRECTION((0.,0.,1.));
#11605=IFCEXTRUDEDAREASOLID(#11599,#11603,#11604,3000.);
#11606=IFCSHAPEREPRESENTATION(#11,'Body','SweptSolid',(#11605));
#11607=IFCPRODUCTDEFINITIONSHAPE($,$,(#11606));
#11613=IFCCARTESIANPOINT((18000.,12000.,18000.));
#11614=IFCDIRECTION((0.,0.,1.));
#11615=IFCDIRECTION((1.,0.,0.));
#11616=IFCAXIS2PLACEMENT3D(#11613,#11614,#11615);
#11617=IFCLOCALPLACEMENT($,#11616);
#11618=IFCPROPERTYSET('1ullNzie98KurLRP9Qk86d',$,'Other',$,(#11620,#11621,#11622));
#11619=IFCRELDEFINESBYPROPERTIES('0UqyaNLov1veSS8Ke6eGJ_',$,$,$,(#11596),#11618);
#11620=IFCPROPERTYSINGLEVALUE('Ax',$,IFCLABEL('0.001'),$);
#11621=IFCPROPERTYSINGLEVALUE('Ay',$,IFCLABEL('0.001'),$);
#11622=IFCPROPERTYSINGLEVALUE('Section',$,IFCLABEL('Rect'),$);
#11623=IFCCOLUMN('2LBEGYjGv9Weumi2WqQyYx',$,$,$,$,#11644,#11634,$,$);
#11624=IFCCARTESIANPOINTLIST2D(((-200.,-200.),(200.,-200.),(200.,200.),(-200.,200.)));
#11625=IFCINDEXEDPOLYCURVE(#11624,(IFCLINEINDEX((1,2,3,4,1))),$);
#11626=IFCARBITRARYCLOSEDPROFILEDEF(.AREA.,'Arbitrary',#11625);
#11627=IFCCARTESIANPOINT((0.,0.,0.));
#11628=IFCDIRECTION((0.,0.,1.));
#11629=IFCDIRECTION((1.,0.,0.));
#11630=IFCAXIS2PLACEMENT3D(#11627,#11628,#11629);
#11631=IFCDIRECTION((0.,0.,1.));
#11632=IFCEXTRUDEDAREASOLID(#11626,#11630,#11631,3000.);
#11633=IFCSHAPEREPRESENTATION(#11,'Body','SweptSolid',(#11632));
#11634=IFCPRODUCTDEFINITIONSHAPE($,$,(#11633));
#11640=IFCCARTESIANPOINT((18000.,18000.,18000.));
#11641=IFCDIRECTION((0.,0.,1.));
#11642=IFCDIRECTION((1.,0.,0.));
#11643=IFCAXIS2PLACEMENT3D(#11640,#11641,#11642);
#11644=IFCLOCALPLACEMENT($,#11643);
#11645=IFCPROPERTYSET('1cFYoTOwHEc8AqXzcUiuJI',$,'Other',$,(#11647,#11648,#11649));
#11646=IFCRELDEFINESBYPROPERTIES('04GIEWYpD5XQrSATIdvTl9',$,$,$,(#11623),#11645);
#11647=IFCPROPERTYSINGLEVALUE('Ax',$,IFCLABEL('0.001'),$);
#11648=IFCPROPERTYSINGLEVALUE('Ay',$,IFCLABEL('0.001'),$);
#11649=IFCPROPERTYSINGLEVALUE('Section',$,IFCLABEL('Rect'),$);
#11650=IFCCOLUMN('2OECEu2i197xcJNvs0DHRe',$,$,$,$,#11671,#11661,$,$);
#11651=IFCCARTESIANPOINTLIST2D(((-200.,-200.),(200.,-200.),(200.,200.),(-200.,200.)));
#11652=IFCINDEXEDPOLYCURVE(#11651,(IFCLINEINDEX((1,2,3,4,1))),$);
#11653=IFCARBITRARYCLOSEDPROFILEDEF(.AREA.,'Arbitrary',#11652);
#11654=IFCCARTESIANPOINT((0.,0.,0.));
#11655=IFCDIRECTION((0.,0.,1.));
#11656=IFCDIRECTION((1.,0.,0.));
#11657=IFCAXIS2PLACEMENT3D(#11654,#11655,#11656);
#11658=IFCDIRECTION((0.,0.,1.));
#11659=IFCEXTRUDEDAREASOLID(#11653,#11657,#11658,3000.);
#11660=IFCSHAPEREPRESENTATION(#11,'Body','SweptSolid',(#11659));
#11661=IFCPRODUCTDEFINITIONSHAPE($,$,(#11660));
#11667=IFCCARTESIANPOINT((24000.,18000.,18000.));
#11668=IFCDIRECTION((0.,0.,1.));
#11669=IFCDIRECTION((1.,0.,0.));
#11670=IFCAXIS2PLACEMENT3D(#11667,#11668,#11669);
#11671=IFCLOCALPLACEMENT($,#11670);
#11672=IFCPROPERTYSET('210cCiA2zFHhoMOBwbBpbn',$,'Other',$,(#11674,#11675,#11676));
#11673=IFCRELDEFINESBYPROPERTIES('3vsOHjSqbDhhYkP$nndj12',$,$,$,(#11650),#11672);
#11674=IFCPROPERTYSINGLEVALUE('Ax',$,IFCLABEL('0.001'),$);
#11675=IFCPROPERTYSINGLEVALUE('Ay',$,IFCLABEL('0.001'),$);
#11676=IFCPROPERTYSINGLEVALUE('Section',$,IFCLABEL('Rect'),$);
#11677=IFCCOLUMN('1ywEqbNaL0SRtBdive75HP',$,$,$,$,#11698,#11688,$,$);
#11678=IFCCARTESIANPOINTLIST2D(((-200.,-200.),(200.,-200.),(200.,200.),(-200.,200.)));
#11679=IFCINDEXEDPOLYCURVE(#11678,(IFCLINEINDEX((1,2,3,4,1))),$);
#11680=IFCARBITRARYCLOSEDPROFILEDEF(.AREA.,'Arbitrary',#11679);
#11681=IFCCARTESIANPOINT((0.,0.,0.));
#11682=IFCDIRECTION((0.,0.,1.));
#11683=IFCDIRECTION((1.,0.,0.));
#11684=IFCAXIS2PLACEMENT3D(#11681,#11682,#11683);
#11685=IFCDIRECTION((0.,0.,1.));
#11686=IFCEXTRUDEDAREASOLID(#11680,#11684,#11685,3000.);
#11687=IFCSHAPEREPRESENTATION(#11,'Body','SweptSolid',(#11686));
#11688=IFCPRODUCTDEFINITIONSHAPE($,$,(#11687));
#11694=IFCCARTESIANPOINT((30000.,18000.,18000.));
#11695=IFCDIRECTION((0.,0.,1.));
#11696=IFCDIRECTION((1.,0.,0.));
#11697=IFCAXIS2PLACEMENT3D(#11694,#11695,#11696);
#11698=IFCLOCALPLACEMENT($,#11697);
#11699=IFCPROPERTYSET('3oU4LMao9BwPkdU78nGliE',$,'Other',$,(#11701,#11702,#11703));
#11700=IFCRELDEFINESBYPROPERTIES('3SwTeq4KH3Au$BFcgxu0qV',$,$,$,(#11677),#11699);
#11701=IFCPROPERTYSINGLEVALUE('Ax',$,IFCLABEL('0.001'),$);
#11702=IFCPROPERTYSINGLEVALUE('Ay',$,IFCLABEL('0.001'),$);
#11703=IFCPROPERTYSINGLEVALUE('Section',$,IFCLABEL('Rect'),$);
#11704=IFCCOLUMN('2MPY6Bgt18og17Lt7TNxiE',$,$,$,$,#11725,#11715,$,$);
#11705=IFCCARTESIANPOINTLIST2D(((-200.,-200.),(200.,-200.),(200.,200.),(-200.,200.)));
#11706=IFCINDEXEDPOLYCURVE(#11705,(IFCLINEINDEX((1,2,3,4,1))),$);
#11707=IFCARBITRARYCLOSEDPROFILEDEF(.AREA.,'Arbitrary',#11706);
#11708=IFCCARTESIANPOINT((0.,0.,0.));
#11709=IFCDIRECTION((0.,0.,1.));
#11710=IFCDIRECTION((1.,0.,0.));
#11711=IFCAXIS2PLACEMENT3D(#11708,#11709,#11710);
#11712=IFCDIRECTION((0.,0.,1.));
#11713=IFCEXTRUDEDAREASOLID(#11707,#11711,#11712,3000.);
#11714=IFCSHAPEREPRESENTATION(#11,'Body','SweptSolid',(#11713));
#11715=IFCPRODUCTDEFINITIONSHAPE($,$,(#11714));
#11721=IFCCARTESIANPOINT((18000.,0.,18000.));
#11722=IFCDIRECTION((0.,0.,1.));
#11723=IFCDIRECTION((1.,0.,0.));
#11724=IFCAXIS2PLACEMENT3D(#11721,#11722,#11723);
#11725=IFCLOCALPLACEMENT($,#11724);
#11726=IFCPROPERTYSET('0a_kI9pLH0dfVAs$w7$xtI',$,'Other',$,(#11728,#11729,#11730));
#11727=IFCRELDEFINESBYPROPERTIES('0KOzi81_9BVO4TBv0or0XE',$,$,$,(#11704),#11726);
#11728=IFCPROPERTYSINGLEVALUE('Ax',$,IFCLABEL('0.001'),$);
#11729=IFCPROPERTYSINGLEVALUE('Ay',$,IFCLABEL('0.001'),$);
#11730=IFCPROPERTYSINGLEVALUE('Section',$,IFCLABEL('Rect'),$);
#11731=IFCCOLUMN('0z433$dCvC7PIrWQYxOwut',$,$,$,$,#11752,#11742,$,$);
#11732=IFCCARTESIANPOINTLIST2D(((-200.,-200.),(200.,-200.),(200.,200.),(-200.,200.)));
#11733=IFCINDEXEDPOLYCURVE(#11732,(IFCLINEINDEX((1,2,3,4,1))),$);
#11734=IFCARBITRARYCLOSEDPROFILEDEF(.AREA.,'Arbitrary',#11733);
#11735=IFCCARTESIANPOINT((0.,0.,0.));
#11736=IFCDIRECTION((0.,0.,1.));
#11737=IFCDIRECTION((1.,0.,0.));
#11738=IFCAXIS2PLACEMENT3D(#11735,#11736,#11737);
#11739=IFCDIRECTION((0.,0.,1.));
#11740=IFCEXTRUDEDAREASOLID(#11734,#11738,#11739,3000.);
#11741=IFCSHAPEREPRESENTATION(#11,'Body','SweptSolid',(#11740));
#11742=IFCPRODUCTDEFINITIONSHAPE($,$,(#11741));
#11748=IFCCARTESIANPOINT((18000.,6000.,18000.));
#11749=IFCDIRECTION((0.,0.,1.));
#11750=IFCDIRECTION((1.,0.,0.));
#11751=IFCAXIS2PLACEMENT3D(#11748,#11749,#11750);
#11752=IFCLOCALPLACEMENT($,#11751);
#11753=IFCPROPERTYSET('1O$F_PGXX08PNe5kxGw04c',$,'Other',$,(#11755,#11756,#11757));
#11754=IFCRELDEFINESBYPROPERTIES('2XiFtkOE113AhxmgnIYQvq',$,$,$,(#11731),#11753);
#11755=IFCPROPERTYSINGLEVALUE('Ax',$,IFCLABEL('0.001'),$);
#11756=IFCPROPERTYSINGLEVALUE('Ay',$,IFCLABEL('0.001'),$);
#11757=IFCPROPERTYSINGLEVALUE('Section',$,IFCLABEL('Rect'),$);
#11758=IFCCOLUMN('1xGFB3R5T5hgdI1xsVHmOK',$,$,$,$,#11779,#11769,$,$);
#11759=IFCCARTESIANPOINTLIST2D(((-200.,-200.),(200.,-200.),(200.,200.),(-200.,200.)));
#11760=IFCINDEXEDPOLYCURVE(#11759,(IFCLINEINDEX((1,2,3,4,1))),$);
#11761=IFCARBITRARYCLOSEDPROFILEDEF(.AREA.,'Arbitrary',#11760);
#11762=IFCCARTESIANPOINT((0.,0.,0.));
#11763=IFCDIRECTION((0.,0.,1.));
#11764=IFCDIRECTION((1.,0.,0.));
#11765=IFCAXIS2PLACEMENT3D(#11762,#11763,#11764);
#11766=IFCDIRECTION((0.,0.,1.));
#11767=IFCEXTRUDEDAREASOLID(#11761,#11765,#11766,3000.);
#11768=IFCSHAPEREPRESENTATION(#11,'Body','SweptSolid',(#11767));
#11769=IFCPRODUCTDEFINITIONSHAPE($,$,(#11768));
#11775=IFCCARTESIANPOINT((24000.,6000.,18000.));
#11776=IFCDIRECTION((0.,0.,1.));
#11777=IFCDIRECTION((1.,0.,0.));
#11778=IFCAXIS2PLACEMENT3D(#11775,#11776,#11777);
#11779=IFCLOCALPLACEMENT($,#11778);
#11780=IFCPROPERTYSET('0MVeIHHGHATQRMEktSo_rq',$,'Other',$,(#11782,#11783,#11784));
#11781=IFCRELDEFINESBYPROPERTIES('16kmBgLcP9xPdmUxzb1xJo',$,$,$,(#11758),#11780);
#11782=IFCPROPERTYSINGLEVALUE('Ax',$,IFCLABEL('0.001'),$);
#11783=IFCPROPERTYSINGLEVALUE('Ay',$,IFCLABEL('0.001'),$);
#11784=IFCPROPERTYSINGLEVALUE('Section',$,IFCLABEL('Rect'),$);
#11785=IFCCOLUMN('1F7P2754P4wx1x_kofC7Y7',$,$,$,$,#11806,#11796,$,$);
#11786=IFCCARTESIANPOINTLIST2D(((-200.,-200.),(200.,-200.),(200.,200.),(-200.,200.)));
#11787=IFCINDEXEDPOLYCURVE(#11786,(IFCLINEINDEX((1,2,3,4,1))),$);
#11788=IFCARBITRARYCLOSEDPROFILEDEF(.AREA.,'Arbitrary',#11787);
#11789=IFCCARTESIANPOINT((0.,0.,0.));
#11790=IFCDIRECTION((0.,0.,1.));
#11791=IFCDIRECTION((1.,0.,0.));
#11792=IFCAXIS2PLACEMENT3D(#11789,#11790,#11791);
#11793=IFCDIRECTION((0.,0.,1.));
#11794=IFCEXTRUDEDAREASOLID(#11788,#11792,#11793,3000.);
#11795=IFCSHAPEREPRESENTATION(#11,'Body','SweptSolid',(#11794));
#11796=IFCPRODUCTDEFINITIONSHAPE($,$,(#11795));
#11802=IFCCARTESIANPOINT((12000.,0.,18000.));
#11803=IFCDIRECTION((0.,0.,1.));
#11804=IFCDIRECTION((1.,0.,0.));
#11805=IFCAXIS2PLACEMENT3D(#11802,#11803,#11804);
#11806=IFCLOCALPLACEMENT($,#11805);
#11807=IFCPROPERTYSET('2v$oNLcuj5XgvXAZvU6f_N',$,'Other',$,(#11809,#11810,#11811));
#11808=IFCRELDEFINESBYPROPERTIES('3L1hxaTd1CzAkFy64cQf8t',$,$,$,(#11785),#11807);
#11809=IFCPROPERTYSINGLEVALUE('Ax',$,IFCLABEL('0.001'),$);
#11810=IFCPROPERTYSINGLEVALUE('Ay',$,IFCLABEL('0.001'),$);
#11811=IFCPROPERTYSINGLEVALUE('Section',$,IFCLABEL('Rect'),$);
#11812=IFCCOLUMN('0Qwteveof55xE5$fLv7TK7',$,$,$,$,#11833,#11823,$,$);
#11813=IFCCARTESIANPOINTLIST2D(((-200.,-200.),(200.,-200.),(200.,200.),(-200.,200.)));
#11814=IFCINDEXEDPOLYCURVE(#11813,(IFCLINEINDEX((1,2,3,4,1))),$);
#11815=IFCARBITRARYCLOSEDPROFILEDEF(.AREA.,'Arbitrary',#11814);
#11816=IFCCARTESIANPOINT((0.,0.,0.));
#11817=IFCDIRECTION((0.,0.,1.));
#11818=IFCDIRECTION((1.,0.,0.));
#11819=IFCAXIS2PLACEMENT3D(#11816,#11817,#11818);
#11820=IFCDIRECTION((0.,0.,1.));
#11821=IFCEXTRUDEDAREASOLID(#11815,#11819,#11820,3000.);
#11822=IFCSHAPEREPRESENTATION(#11,'Body','SweptSolid',(#11821));
#11823=IFCPRODUCTDEFINITIONSHAPE($,$,(#11822));
#11829=IFCCARTESIANPOINT((12000.,6000.,18000.));
#11830=IFCDIRECTION((0.,0.,1.));
#11831=IFCDIRECTION((1.,0.,0.));
#11832=IFCAXIS2PLACEMENT3D(#11829,#11830,#11831);
#11833=IFCLOCALPLACEMENT($,#11832);
#11834=IFCPROPERTYSET('3Cjtv_3tzFBwc$Z2yK4Uvw',$,'Other',$,(#11836,#11837,#11838));
#11835=IFCRELDEFINESBYPROPERTIES('35qmPOUh5CjOflAbN$1C2n',$,$,$,(#11812),#11834);
#11836=IFCPROPERTYSINGLEVALUE('Ax',$,IFCLABEL('0.001'),$);
#11837=IFCPROPERTYSINGLEVALUE('Ay',$,IFCLABEL('0.001'),$);
#11838=IFCPROPERTYSINGLEVALUE('Section',$,IFCLABEL('Rect'),$);
#11839=IFCCOLUMN('1KVRpbhu51r8UX_4ZYjInu',$,$,$,$,#11860,#11850,$,$);
#11840=IFCCARTESIANPOINTLIST2D(((-200.,-200.),(200.,-200.),(200.,200.),(-200.,200.)));
#11841=IFCINDEXEDPOLYCURVE(#11840,(IFCLINEINDEX((1,2,3,4,1))),$);
#11842=IFCARBITRARYCLOSEDPROFILEDEF(.AREA.,'Arbitrary',#11841);
#11843=IFCCARTESIANPOINT((0.,0.,0.));
#11844=IFCDIRECTION((0.,0.,1.));
#11845=IFCDIRECTION((1.,0.,0.));
#11846=IFCAXIS2PLACEMENT3D(#11843,#11844,#11845);
#11847=IFCDIRECTION((0.,0.,1.));
#11848=IFCEXTRUDEDAREASOLID(#11842,#11846,#11847,3000.);
#11849=IFCSHAPEREPRESENTATION(#11,'Body','SweptSolid',(#11848));
#11850=IFCPRODUCTDEFINITIONSHAPE($,$,(#11849));
#11856=IFCCARTESIANPOINT((0.,12000.,15000.));
#11857=IFCDIRECTION((0.,0.,1.));
#11858=IFCDIRECTION((1.,0.,0.));
#11859=IFCAXIS2PLACEMENT3D(#11856,#11857,#11858);
#11860=IFCLOCALPLACEMENT($,#11859);
#11861=IFCPROPERTYSET('3GCWZH8ibB$f0Mtg1KFvCU',$,'Other',$,(#11863,#11864,#11865));
#11862=IFCRELDEFINESBYPROPERTIES('1tjlaW3qbERf45dWt5Qcz$',$,$,$,(#11839),#11861);
#11863=IFCPROPERTYSINGLEVALUE('Ax',$,IFCLABEL('0.001'),$);
#11864=IFCPROPERTYSINGLEVALUE('Ay',$,IFCLABEL('0.001'),$);
#11865=IFCPROPERTYSINGLEVALUE('Section',$,IFCLABEL('Rect'),$);
#11866=IFCCOLUMN('02ngQL2HjCLwubnjoAaCNQ',$,$,$,$,#11887,#11877,$,$);
#11867=IFCCARTESIANPOINTLIST2D(((-200.,-200.),(200.,-200.),(200.,200.),(-200.,200.)));
#11868=IFCINDEXEDPOLYCURVE(#11867,(IFCLINEINDEX((1,2,3,4,1))),$);
#11869=IFCARBITRARYCLOSEDPROFILEDEF(.AREA.,'Arbitrary',#11868);
#11870=IFCCARTESIANPOINT((0.,0.,0.));
#11871=IFCDIRECTION((0.,0.,1.));
#11872=IFCDIRECTION((1.,0.,0.));
#11873=IFCAXIS2PLACEMENT3D(#11870,#11871,#11872);
#11874=IFCDIRECTION((0.,0.,1.));
#11875=IFCEXTRUDEDAREASOLID(#11869,#11873,#11874,3000.);
#11876=IFCSHAPEREPRESENTATION(#11,'Body','SweptSolid',(#11875));
#11877=IFCPRODUCTDEFINITIONSHAPE($,$,(#11876));
#11883=IFCCARTESIANPOINT((0.,18000.,15000.));
#11884=IFCDIRECTION((0.,0.,1.));
#11885=IFCDIRECTION((1.,0.,0.));
#11886=IFCAXIS2PLACEMENT3D(#11883,#11884,#11885);
#11887=IFCLOCALPLACEMENT($,#11886);
#11888=IFCPROPERTYSET('2Zld$2fuf8DQUiGMS78eoT',$,'Other',$,(#11890,#11891,#11892));
#11889=IFCRELDEFINESBYPROPERTIES('3bQ1HLsB90dOq$4lNNWZ0$',$,$,$,(#11866),#11888);
#11890=IFCPROPERTYSINGLEVALUE('Ax',$,IFCLABEL('0.001'),$);
#11891=IFCPROPERTYSINGLEVALUE('Ay',$,IFCLABEL('0.001'),$);
#11892=IFCPROPERTYSINGLEVALUE('Section',$,IFCLABEL('Rect'),$);
#11893=IFCCOLUMN('39Z9zrijH75OF9EIKPyAQz',$,$,$,$,#11914,#11904,$,$);
#11894=IFCCARTESIANPOINTLIST2D(((-200.,-200.),(200.,-200.),(200.,200.),(-200.,200.)));
#11895=IFCINDEXEDPOLYCURVE(#11894,(IFCLINEINDEX((1,2,3,4,1))),$);
#11896=IFCARBITRARYCLOSEDPROFILEDEF(.AREA.,'Arbitrary',#11895);
#11897=IFCCARTESIANPOINT((0.,0.,0.));
#11898=IFCDIRECTION((0.,0.,1.));
#11899=IFCDIRECTION((1.,0.,0.));
#11900=IFCAXIS2PLACEMENT3D(#11897,#11898,#11899);
#11901=IFCDIRECTION((0.,0.,1.));
#11902=IFCEXTRUDEDAREASOLID(#11896,#11900,#11901,3000.);
#11903=IFCSHAPEREPRESENTATION(#11,'Body','SweptSolid',(#11902));
#11904=IFCPRODUCTDEFINITIONSHAPE($,$,(#11903));
#11910=IFCCARTESIANPOINT((6000.,12000.,15000.));
#11911=IFCDIRECTION((0.,0.,1.));
#11912=IFCDIRECTION((1.,0.,0.));
#11913=IFCAXIS2PLACEMENT3D(#11910,#11911,#11912);
#11914=IFCLOCALPLACEMENT($,#11913);
#11915=IFCPROPERTYSET('2CGwF8bRLE9ePePqxu0IsP',$,'Other',$,(#11917,#11918,#11919));
#11916=IFCRELDEFINESBYPROPERTIES('1q4qS_DA1CrBaixKoDCEXd',$,$,$,(#11893),#11915);
#11917=IFCPROPERTYSINGLEVALUE('Ax',$,IFCLABEL('0.001'),$);
#11918=IFCPROPERTYSINGLEVALUE('Ay',$,IFCLABEL('0.001'),$);
#11919=IFCPROPERTYSINGLEVALUE('Section',$,IFCLABEL('Rect'),$);
#11920=IFCCOLUMN('2sgIVZwVjAKPMFwsPY0oK0',$,$,$,$,#11941,#11931,$,$);
#11921=IFCCARTESIANPOINTLIST2D(((-200.,-200.),(200.,-200.),(200.,200.),(-200.,200.)));
#11922=IFCINDEXEDPOLYCURVE(#11921,(IFCLINEINDEX((1,2,3,4,1))),$);
#11923=IFCARBITRARYCLOSEDPROFILEDEF(.AREA.,'Arbitrary',#11922);
#11924=IFCCARTESIANPOINT((0.,0.,0.));
#11925=IFCDIRECTION((0.,0.,1.));
#11926=IFCDIRECTION((1.,0.,0.));
#11927=IFCAXIS2PLACEMENT3D(#11924,#11925,#11926);
#11928=IFCDIRECTION((0.,0.,1.));
#11929=IFCEXTRUDEDAREASOLID(#11923,#11927,#11928,3000.);
#11930=IFCSHAPEREPRESENTATION(#11,'Body','SweptSolid',(#11929));
#11931=IFCPRODUCTDEFINITIONSHAPE($,$,(#11930));
#11937=IFCCARTESIANPOINT((6000.,18000.,15000.));
#11938=IFCDIRECTION((0.,0.,1.));
#11939=IFCDIRECTION((1.,0.,0.));
#11940=IFCAXIS2PLACEMENT3D(#11937,#11938,#11939);
#11941=IFCLOCALPLACEMENT($,#11940);
#11942=IFCPROPERTYSET('3xv0GIy694Dw43pEgFOIeC',$,'Other',$,(#11944,#11945,#11946));
#11943=IFCRELDEFINESBYPROPERTIES('36B7ci4BP2UAmiweTXcNyE',$,$,$,(#11920),#11942);
#11944=IFCPROPERTYSINGLEVALUE('Ax',$,IFCLABEL('0.001'),$);
#11945=IFCPROPERTYSINGLEVALUE('Ay',$,IFCLABEL('0.001'),$);
#11946=IFCPROPERTYSINGLEVALUE('Section',$,IFCLABEL('Rect'),$);
#11947=IFCCOLUMN('31hY$UUa1DZ9Jx_g7ENul7',$,$,$,$,#11968,#11958,$,$);
#11948=IFCCARTESIANPOINTLIST2D(((-200.,-200.),(200.,-200.),(200.,200.),(-200.,200.)));
#11949=IFCINDEXEDPOLYCURVE(#11948,(IFCLINEINDEX((1,2,3,4,1))),$);
#11950=IFCARBITRARYCLOSEDPROFILEDEF(.AREA.,'Arbitrary',#11949);
#11951=IFCCARTESIANPOINT((0.,0.,0.));
#11952=IFCDIRECTION((0.,0.,1.));
#11953=IFCDIRECTION((1.,0.,0.));
#11954=IFCAXIS2PLACEMENT3D(#11951,#11952,#11953);
#11955=IFCDIRECTION((0.,0.,1.));
#11956=IFCEXTRUDEDAREASOLID(#11950,#11954,#11955,3000.);
#11957=IFCSHAPEREPRESENTATION(#11,'Body','SweptSolid',(#11956));
#11958=IFCPRODUCTDEFINITIONSHAPE($,$,(#11957));
#11964=IFCCARTESIANPOINT((12000.,12000.,15000.));
#11965=IFCDIRECTION((0.,0.,1.));
#11966=IFCDIRECTION((1.,0.,0.));
#11967=IFCAXIS2PLACEMENT3D(#11964,#11965,#11966);
#11968=IFCLOCALPLACEMENT($,#11967);
#11969=IFCPROPERTYSET('0JJF3AS85EcguPCuBdfAO6',$,'Other',$,(#11971,#11972,#11973));
#11970=IFCRELDEFINESBYPROPERTIES('1CwauUJHv7W99ZBngdUzyq',$,$,$,(#11947),#11969);
#11971=IFCPROPERTYSINGLEVALUE('Ax',$,IFCLABEL('0.001'),$);
#11972=IFCPROPERTYSINGLEVALUE('Ay',$,IFCLABEL('0.001'),$);
#11973=IFCPROPERTYSINGLEVALUE('Section',$,IFCLABEL('Rect'),$);
#11974=IFCCOLUMN('0EigyK0Qb019$PGS6rWCNq',$,$,$,$,#11995,#11985,$,$);
#11975=IFCCARTESIANPOINTLIST2D(((-200.,-200.),(200.,-200.),(200.,200.),(-200.,200.)));
#11976=IFCINDEXEDPOLYCURVE(#11975,(IFCLINEINDEX((1,2,3,4,1))),$);
#11977=IFCARBITRARYCLOSEDPROFILEDEF(.AREA.,'Arbitrary',#11976);
#11978=IFCCARTESIANPOINT((0.,0.,0.));
#11979=IFCDIRECTION((0.,0.,1.));
#11980=IFCDIRECTION((1.,0.,0.));
#11981=IFCAXIS2PLACEMENT3D(#11978,#11979,#11980);
#11982=IFCDIRECTION((0.,0.,1.));
#11983=IFCEXTRUDEDAREASOLID(#11977,#11981,#11982,3000.);
#11984=IFCSHAPEREPRESENTATION(#11,'Body','SweptSolid',(#11983));
#11985=IFCPRODUCTDEFINITIONSHAPE($,$,(#11984));
#11991=IFCCARTESIANPOINT((12000.,18000.,15000.));
#11992=IFCDIRECTION((0.,0.,1.));
#11993=IFCDIRECTION((1.,0.,0.));
#11994=IFCAXIS2PLACEMENT3D(#11991,#11992,#11993);
#11995=IFCLOCALPLACEMENT($,#11994);
#11996=IFCPROPERTYSET('2O35I2upXEEeZNLZW_S0xo',$,'Other',$,(#11998,#11999,#12000));
#11997=IFCRELDEFINESBYPROPERTIES('2uW1Y3z2LEmPSyNUZQeCgU',$,$,$,(#11974),#11996);
#11998=IFCPROPERTYSINGLEVALUE('Ax',$,IFCLABEL('0.001'),$);
#11999=IFCPROPERTYSINGLEVALUE('Ay',$,IFCLABEL('0.001'),$);
#12000=IFCPROPERTYSINGLEVALUE('Section',$,IFCLABEL('Rect'),$);
#12001=IFCCOLUMN('3$JCs61FPE4uk8eGVcdMCj',$,$,$,$,#12022,#12012,$,$);
#12002=IFCCARTESIANPOINTLIST2D(((-200.,-200.),(200.,-200.),(200.,200.),(-200.,200.)));
#12003=IFCINDEXEDPOLYCURVE(#12002,(IFCLINEINDEX((1,2,3,4,1))),$);
#12004=IFCARBITRARYCLOSEDPROFILEDEF(.AREA.,'Arbitrary',#12003);
#12005=IFCCARTESIANPOINT((0.,0.,0.));
#12006=IFCDIRECTION((0.,0.,1.));
#12007=IFCDIRECTION((1.,0.,0.));
#12008=IFCAXIS2PLACEMENT3D(#12005,#12006,#12007);
#12009=IFCDIRECTION((0.,0.,1.));
#12010=IFCEXTRUDEDAREASOLID(#12004,#12008,#12009,3000.);
#12011=IFCSHAPEREPRESENTATION(#11,'Body','SweptSolid',(#12010));
#12012=IFCPRODUCTDEFINITIONSHAPE($,$,(#12011));
#12018=IFCCARTESIANPOINT((18000.,12000.,15000.));
#12019=IFCDIRECTION((0.,0.,1.));
#12020=IFCDIRECTION((1.,0.,0.));
#12021=IFCAXIS2PLACEMENT3D(#12018,#12019,#12020);
#12022=IFCLOCALPLACEMENT($,#12021);
#12023=IFCPROPERTYSET('1T7YZvqVPDbhTkP2HQOerD',$,'Other',$,(#12025,#12026,#12027));
#12024=IFCRELDEFINESBYPROPERTIES('0HHsgQEbX0khC9r35jEPVE',$,$,$,(#12001),#12023);
#12025=IFCPROPERTYSINGLEVALUE('Ax',$,IFCLABEL('0.001'),$);
#12026=IFCPROPERTYSINGLEVALUE('Ay',$,IFCLABEL('0.001'),$);
#12027=IFCPROPERTYSINGLEVALUE('Section',$,IFCLABEL('Rect'),$);
#12028=IFCCOLUMN('3$zjBk7F9CcxXQbV6wD1eH',$,$,$,$,#12049,#12039,$,$);
#12029=IFCCARTESIANPOINTLIST2D(((-200.,-200.),(200.,-200.),(200.,200.),(-200.,200.)));
#12030=IFCINDEXEDPOLYCURVE(#12029,(IFCLINEINDEX((1,2,3,4,1))),$);
#12031=IFCARBITRARYCLOSEDPROFILEDEF(.AREA.,'Arbitrary',#12030);
#12032=IFCCARTESIANPOINT((0.,0.,0.));
#12033=IFCDIRECTION((0.,0.,1.));
#12034=IFCDIRECTION((1.,0.,0.));
#12035=IFCAXIS2PLACEMENT3D(#12032,#12033,#12034);
#12036=IFCDIRECTION((0.,0.,1.));
#12037=IFCEXTRUDEDAREASOLID(#12031,#12035,#12036,3000.);
#12038=IFCSHAPEREPRESENTATION(#11,'Body','SweptSolid',(#12037));
#12039=IFCPRODUCTDEFINITIONSHAPE($,$,(#12038));
#12045=IFCCARTESIANPOINT((18000.,18000.,15000.));
#12046=IFCDIRECTION((0.,0.,1.));
#12047=IFCDIRECTION((1.,0.,0.));
#12048=IFCAXIS2PLACEMENT3D(#12045,#12046,#12047);
#12049=IFCLOCALPLACEMENT($,#12048);
#12050=IFCPROPERTYSET('2mhkr2b9v1XfxblERTIpwZ',$,'Other',$,(#12052,#12053,#12054));
#12051=IFCRELDEFINESBYPROPERTIES('2xgNSHWwr3eB1edUliYDBS',$,$,$,(#12028),#12050);
#12052=IFCPROPERTYSINGLEVALUE('Ax',$,IFCLABEL('0.001'),$);
#12053=IFCPROPERTYSINGLEVALUE('Ay',$,IFCLABEL('0.001'),$);
#12054=IFCPROPERTYSINGLEVALUE('Section',$,IFCLABEL('Rect'),$);
#12055=IFCCOLUMN('3oycQRfyPAIQLHSW5ELaFA',$,$,$,$,#12076,#12066,$,$);
#12056=IFCCARTESIANPOINTLIST2D(((-200.,-200.),(200.,-200.),(200.,200.),(-200.,200.)));
#12057=IFCINDEXEDPOLYCURVE(#12056,(IFCLINEINDEX((1,2,3,4,1))),$);
#12058=IFCARBITRARYCLOSEDPROFILEDEF(.AREA.,'Arbitrary',#12057);
#12059=IFCCARTESIANPOINT((0.,0.,0.));
#12060=IFCDIRECTION((0.,0.,1.));
#12061=IFCDIRECTION((1.,0.,0.));
#12062=IFCAXIS2PLACEMENT3D(#12059,#12060,#12061);
#12063=IFCDIRECTION((0.,0.,1.));
#12064=IFCEXTRUDEDAREASOLID(#12058,#12062,#12063,3000.);
#12065=IFCSHAPEREPRESENTATION(#11,'Body','SweptSolid',(#12064));
#12066=IFCPRODUCTDEFINITIONSHAPE($,$,(#12065));
#12072=IFCCARTESIANPOINT((24000.,18000.,15000.));
#12073=IFCDIRECTION((0.,0.,1.));
#12074=IFCDIRECTION((1.,0.,0.));
#12075=IFCAXIS2PLACEMENT3D(#12072,#12073,#12074);
#12076=IFCLOCALPLACEMENT($,#12075);
#12077=IFCPROPERTYSET('09WN5mkU506vxgRS6nrql4',$,'Other',$,(#12079,#12080,#12081));
#12078=IFCRELDEFINESBYPROPERTIES('3N7PWgS2zDARxSzkXuRHmC',$,$,$,(#12055),#12077);
#12079=IFCPROPERTYSINGLEVALUE('Ax',$,IFCLABEL('0.001'),$);
#12080=IFCPROPERTYSINGLEVALUE('Ay',$,IFCLABEL('0.001'),$);
#12081=IFCPROPERTYSINGLEVALUE('Section',$,IFCLABEL('Rect'),$);
#12082=IFCCOLUMN('3gP1t2n3z1qurGF$gFvVnR',$,$,$,$,#12103,#12093,$,$);
#12083=IFCCARTESIANPOINTLIST2D(((-200.,-200.),(200.,-200.),(200.,200.),(-200.,200.)));
#12084=IFCINDEXEDPOLYCURVE(#12083,(IFCLINEINDEX((1,2,3,4,1))),$);
#12085=IFCARBITRARYCLOSEDPROFILEDEF(.AREA.,'Arbitrary',#12084);
#12086=IFCCARTESIANPOINT((0.,0.,0.));
#12087=IFCDIRECTION((0.,0.,1.));
#12088=IFCDIRECTION((1.,0.,0.));
#12089=IFCAXIS2PLACEMENT3D(#12086,#12087,#12088);
#12090=IFCDIRECTION((0.,0.,1.));
#12091=IFCEXTRUDEDAREASOLID(#12085,#12089,#12090,3000.);
#12092=IFCSHAPEREPRESENTATION(#11,'Body','SweptSolid',(#12091));
#12093=IFCPRODUCTDEFINITIONSHAPE($,$,(#12092));
#12099=IFCCARTESIANPOINT((30000.,18000.,15000.));
#12100=IFCDIRECTION((0.,0.,1.));
#12101=IFCDIRECTION((1.,0.,0.));
#12102=IFCAXIS2PLACEMENT3D(#12099,#12100,#12101);
#12103=IFCLOCALPLACEMENT($,#12102);
#12104=IFCPROPERTYSET('1wIMAmv9v9eh5$EhJuqpql',$,'Other',$,(#12106,#12107,#12108));
#12105=IFCRELDEFINESBYPROPERTIES('1n9xOC0D15OfVZDUHIedOk',$,$,$,(#12082),#12104);
#12106=IFCPROPERTYSINGLEVALUE('Ax',$,IFCLABEL('0.001'),$);
#12107=IFCPROPERTYSINGLEVALUE('Ay',$,IFCLABEL('0.001'),$);
#12108=IFCPROPERTYSINGLEVALUE('Section',$,IFCLABEL('Rect'),$);
#12109=IFCCOLUMN('0cxIbhDkf6gfEWmrpmqrI3',$,$,$,$,#12130,#12120,$,$);
#12110=IFCCARTESIANPOINTLIST2D(((-200.,-200.),(200.,-200.),(200.,200.),(-200.,200.)));
#12111=IFCINDEXEDPOLYCURVE(#12110,(IFCLINEINDEX((1,2,3,4,1))),$);
#12112=IFCARBITRARYCLOSEDPROFILEDEF(.AREA.,'Arbitrary',#12111);
#12113=IFCCARTESIANPOINT((0.,0.,0.));
#12114=IFCDIRECTION((0.,0.,1.));
#12115=IFCDIRECTION((1.,0.,0.));
#12116=IFCAXIS2PLACEMENT3D(#12113,#12114,#12115);
#12117=IFCDIRECTION((0.,0.,1.));
#12118=IFCEXTRUDEDAREASOLID(#12112,#12116,#12117,3000.);
#12119=IFCSHAPEREPRESENTATION(#11,'Body','SweptSolid',(#12118));
#12120=IFCPRODUCTDEFINITIONSHAPE($,$,(#12119));
#12126=IFCCARTESIANPOINT((18000.,0.,15000.));
#12127=IFCDIRECTION((0.,0.,1.));
#12128=IFCDIRECTION((1.,0.,0.));
#12129=IFCAXIS2PLACEMENT3D(#12126,#12127,#12128);
#12130=IFCLOCALPLACEMENT($,#12129);
#12131=IFCPROPERTYSET('2bKht2x39AuRBqXcMiNJu7',$,'Other',$,(#12133,#12134,#12135));
#12132=IFCRELDEFINESBYPROPERTIES('2R2SpVSIz0gvgg7soWZKay',$,$,$,(#12109),#12131);
#12133=IFCPROPERTYSINGLEVALUE('Ax',$,IFCLABEL('0.001'),$);
#12134=IFCPROPERTYSINGLEVALUE('Ay',$,IFCLABEL('0.001'),$);
#12135=IFCPROPERTYSINGLEVALUE('Section',$,IFCLABEL('Rect'),$);
#12136=IFCCOLUMN('2nBVfRlfL5$wXO_SXvEMF2',$,$,$,$,#12157,#12147,$,$);
#12137=IFCCARTESIANPOINTLIST2D(((-200.,-200.),(200.,-200.),(200.,200.),(-200.,200.)));
#12138=IFCINDEXEDPOLYCURVE(#12137,(IFCLINEINDEX((1,2,3,4,1))),$);
#12139=IFCARBITRARYCLOSEDPROFILEDEF(.AREA.,'Arbitrary',#12138);
#12140=IFCCARTESIANPOINT((0.,0.,0.));
#12141=IFCDIRECTION((0.,0.,1.));
#12142=IFCDIRECTION((1.,0.,0.));
#12143=IFCAXIS2PLACEMENT3D(#12140,#12141,#12142);
#12144=IFCDIRECTION((0.,0.,1.));
#12145=IFCEXTRUDEDAREASOLID(#12139,#12143,#12144,3000.);
#12146=IFCSHAPEREPRESENTATION(#11,'Body','SweptSolid',(#12145));
#12147=IFCPRODUCTDEFINITIONSHAPE($,$,(#12146));
#12153=IFCCARTESIANPOINT((18000.,6000.,15000.));
#12154=IFCDIRECTION((0.,0.,1.));
#12155=IFCDIRECTION((1.,0.,0.));
#12156=IFCAXIS2PLACEMENT3D(#12153,#12154,#12155);
#12157=IFCLOCALPLACEMENT($,#12156);
#12158=IFCPROPERTYSET('1zXzX7wMr4SwehLsRU7DBo',$,'Other',$,(#12160,#12161,#12162));
#12159=IFCRELDEFINESBYPROPERTIES('3J0i6OV9v5OwhunYyq8rpH',$,$,$,(#12136),#12158);
#12160=IFCPROPERTYSINGLEVALUE('Ax',$,IFCLABEL('0.001'),$);
#12161=IFCPROPERTYSINGLEVALUE('Ay',$,IFCLABEL('0.001'),$);
#12162=IFCPROPERTYSINGLEVALUE('Section',$,IFCLABEL('Rect'),$);
#12163=IFCCOLUMN('3HK3Rnwkv75vHI9jt0lDt$',$,$,$,$,#12184,#12174,$,$);
#12164=IFCCARTESIANPOINTLIST2D(((-200.,-200.),(200.,-200.),(200.,200.),(-200.,200.)));
#12165=IFCINDEXEDPOLYCURVE(#12164,(IFCLINEINDEX((1,2,3,4,1))),$);
#12166=IFCARBITRARYCLOSEDPROFILEDEF(.AREA.,'Arbitrary',#12165);
#12167=IFCCARTESIANPOINT((0.,0.,0.));
#12168=IFCDIRECTION((0.,0.,1.));
#12169=IFCDIRECTION((1.,0.,0.));
#12170=IFCAXIS2PLACEMENT3D(#12167,#12168,#12169);
#12171=IFCDIRECTION((0.,0.,1.));
#12172=IFCEXTRUDEDAREASOLID(#12166,#12170,#12171,3000.);
#12173=IFCSHAPEREPRESENTATION(#11,'Body','SweptSolid',(#12172));
#12174=IFCPRODUCTDEFINITIONSHAPE($,$,(#12173));
#12180=IFCCARTESIANPOINT((24000.,6000.,15000.));
#12181=IFCDIRECTION((0.,0.,1.));
#12182=IFCDIRECTION((1.,0.,0.));
#12183=IFCAXIS2PLACEMENT3D(#12180,#12181,#12182);
#12184=IFCLOCALPLACEMENT($,#12183);
#12185=IFCPROPERTYSET('0F3AP8JUHCEA5zZeWkoJxu',$,'Other',$,(#12187,#12188,#12189));
#12186=IFCRELDEFINESBYPROPERTIES('1_RYbxrprFnPhy$A1ipxbf',$,$,$,(#12163),#12185);
#12187=IFCPROPERTYSINGLEVALUE('Ax',$,IFCLABEL('0.001'),$);
#12188=IFCPROPERTYSINGLEVALUE('Ay',$,IFCLABEL('0.001'),$);
#12189=IFCPROPERTYSINGLEVALUE('Section',$,IFCLABEL('Rect'),$);
#12190=IFCCOLUMN('3old588mn2xAERADVoMoJJ',$,$,$,$,#12211,#12201,$,$);
#12191=IFCCARTESIANPOINTLIST2D(((-200.,-200.),(200.,-200.),(200.,200.),(-200.,200.)));
#12192=IFCINDEXEDPOLYCURVE(#12191,(IFCLINEINDEX((1,2,3,4,1))),$);
#12193=IFCARBITRARYCLOSEDPROFILEDEF(.AREA.,'Arbitrary',#12192);
#12194=IFCCARTESIANPOINT((0.,0.,0.));
#12195=IFCDIRECTION((0.,0.,1.));
#12196=IFCDIRECTION((1.,0.,0.));
#12197=IFCAXIS2PLACEMENT3D(#12194,#12195,#12196);
#12198=IFCDIRECTION((0.,0.,1.));
#12199=IFCEXTRUDEDAREASOLID(#12193,#12197,#12198,3000.);
#12200=IFCSHAPEREPRESENTATION(#11,'Body','SweptSolid',(#12199));
#12201=IFCPRODUCTDEFINITIONSHAPE($,$,(#12200));
#12207=IFCCARTESIANPOINT((12000.,0.,15000.));
#12208=IFCDIRECTION((0.,0.,1.));
#12209=IFCDIRECTION((1.,0.,0.));
#12210=IFCAXIS2PLACEMENT3D(#12207,#12208,#12209);
#12211=IFCLOCALPLACEMENT($,#12210);
#12212=IFCPROPERTYSET('26P6g3IhfEKQHASaQAeGWN',$,'Other',$,(#12214,#12215,#12216));
#12213=IFCRELDEFINESBYPROPERTIES('2UKSzGdzD6FfnKcKhaQ2LL',$,$,$,(#12190),#12212);
#12214=IFCPROPERTYSINGLEVALUE('Ax',$,IFCLABEL('0.001'),$);
#12215=IFCPROPERTYSINGLEVALUE('Ay',$,IFCLABEL('0.001'),$);
#12216=IFCPROPERTYSINGLEVALUE('Section',$,IFCLABEL('Rect'),$);
#12217=IFCCOLUMN('3HA8Kefj1EvuOO8sdHCsva',$,$,$,$,#12238,#12228,$,$);
#12218=IFCCARTESIANPOINTLIST2D(((-200.,-200.),(200.,-200.),(200.,200.),(-200.,200.)));
#12219=IFCINDEXEDPOLYCURVE(#12218,(IFCLINEINDEX((1,2,3,4,1))),$);
#12220=IFCARBITRARYCLOSEDPROFILEDEF(.AREA.,'Arbitrary',#12219);
#12221=IFCCARTESIANPOINT((0.,0.,0.));
#12222=IFCDIRECTION((0.,0.,1.));
#12223=IFCDIRECTION((1.,0.,0.));
#12224=IFCAXIS2PLACEMENT3D(#12221,#12222,#12223);
#12225=IFCDIRECTION((0.,0.,1.));
#12226=IFCEXTRUDEDAREASOLID(#12220,#12224,#12225,3000.);
#12227=IFCSHAPEREPRESENTATION(#11,'Body','SweptSolid',(#12226));
#12228=IFCPRODUCTDEFINITIONSHAPE($,$,(#12227));
#12234=IFCCARTESIANPOINT((12000.,6000.,15000.));
#12235=IFCDIRECTION((0.,0.,1.));
#12236=IFCDIRECTION((1.,0.,0.));
#12237=IFCAXIS2PLACEMENT3D(#12234,#12235,#12236);
#12238=IFCLOCALPLACEMENT($,#12237);
#12239=IFCPROPERTYSET('2Bs6KJ3R5Bkfeuw7hmNxBC',$,'Other',$,(#12241,#12242,#12243));
#12240=IFCRELDEFINESBYPROPERTIES('2_O7HKDGz74ut9uVki8wKz',$,$,$,(#12217),#12239);
#12241=IFCPROPERTYSINGLEVALUE('Ax',$,IFCLABEL('0.001'),$);
#12242=IFCPROPERTYSINGLEVALUE('Ay',$,IFCLABEL('0.001'),$);
#12243=IFCPROPERTYSINGLEVALUE('Section',$,IFCLABEL('Rect'),$);
#12244=IFCCOLUMN('1Cqn3bwmf3IQXk79Ysm97h',$,$,$,$,#12265,#12255,$,$);
#12245=IFCCARTESIANPOINTLIST2D(((-200.,-200.),(200.,-200.),(200.,200.),(-200.,200.)));
#12246=IFCINDEXEDPOLYCURVE(#12245,(IFCLINEINDEX((1,2,3,4,1))),$);
#12247=IFCARBITRARYCLOSEDPROFILEDEF(.AREA.,'Arbitrary',#12246);
#12248=IFCCARTESIANPOINT((0.,0.,0.));
#12249=IFCDIRECTION((0.,0.,1.));
#12250=IFCDIRECTION((1.,0.,0.));
#12251=IFCAXIS2PLACEMENT3D(#12248,#12249,#12250);
#12252=IFCDIRECTION((0.,0.,1.));
#12253=IFCEXTRUDEDAREASOLID(#12247,#12251,#12252,3000.);
#12254=IFCSHAPEREPRESENTATION(#11,'Body','SweptSolid',(#12253));
#12255=IFCPRODUCTDEFINITIONSHAPE($,$,(#12254));
#12261=IFCCARTESIANPOINT((0.,12000.,12000.));
#12262=IFCDIRECTION((0.,0.,1.));
#12263=IFCDIRECTION((1.,0.,0.));
#12264=IFCAXIS2PLACEMENT3D(#12261,#12262,#12263);
#12265=IFCLOCALPLACEMENT($,#12264);
#12266=IFCPROPERTYSET('1pzJ1n3Fb3vxBMC0AKlhdD',$,'Other',$,(#12268,#12269,#12270));
#12267=IFCRELDEFINESBYPROPERTIES('2r6m82RO57eBRwF4bZqQAM',$,$,$,(#12244),#12266);
#12268=IFCPROPERTYSINGLEVALUE('Ax',$,IFCLABEL('0.001'),$);
#12269=IFCPROPERTYSINGLEVALUE('Ay',$,IFCLABEL('0.001'),$);
#12270=IFCPROPERTYSINGLEVALUE('Section',$,IFCLABEL('Rect'),$);
#12271=IFCCOLUMN('3dMoSVRqX8jB6TnmmV4D3y',$,$,$,$,#12292,#12282,$,$);
#12272=IFCCARTESIANPOINTLIST2D(((-200.,-200.),(200.,-200.),(200.,200.),(-200.,200.)));
#12273=IFCINDEXEDPOLYCURVE(#12272,(IFCLINEINDEX((1,2,3,4,1))),$);
#12274=IFCARBITRARYCLOSEDPROFILEDEF(.AREA.,'Arbitrary',#12273);
#12275=IFCCARTESIANPOINT((0.,0.,0.));
#12276=IFCDIRECTION((0.,0.,1.));
#12277=IFCDIRECTION((1.,0.,0.));
#12278=IFCAXIS2PLACEMENT3D(#12275,#12276,#12277);
#12279=IFCDIRECTION((0.,0.,1.));
#12280=IFCEXTRUDEDAREASOLID(#12274,#12278,#12279,3000.);
#12281=IFCSHAPEREPRESENTATION(#11,'Body','SweptSolid',(#12280));
#12282=IFCPRODUCTDEFINITIONSHAPE($,$,(#12281));
#12288=IFCCARTESIANPOINT((0.,18000.,12000.));
#12289=IFCDIRECTION((0.,0.,1.));
#12290=IFCDIRECTION((1.,0.,0.));
#12291=IFCAXIS2PLACEMENT3D(#12288,#12289,#12290);
#12292=IFCLOCALPLACEMENT($,#12291);
#12293=IFCPROPERTYSET('3USxMC2sr9VAzWxHoW2cXW',$,'Other',$,(#12295,#12296,#12297));
#12294=IFCRELDEFINESBYPROPERTIES('0yb26Zn7r5JfMpW2jMyzty',$,$,$,(#12271),#12293);
#12295=IFCPROPERTYSINGLEVALUE('Ax',$,IFCLABEL('0.001'),$);
#12296=IFCPROPERTYSINGLEVALUE('Ay',$,IFCLABEL('0.001'),$);
#12297=IFCPROPERTYSINGLEVALUE('Section',$,IFCLABEL('Rect'),$);
#12298=IFCCOLUMN('24ZyGWljr67w1hIFHELZB4',$,$,$,$,#12319,#12309,$,$);
#12299=IFCCARTESIANPOINTLIST2D(((-200.,-200.),(200.,-200.),(200.,200.),(-200.,200.)));
#12300=IFCINDEXEDPOLYCURVE(#12299,(IFCLINEINDEX((1,2,3,4,1))),$);
#12301=IFCARBITRARYCLOSEDPROFILEDEF(.AREA.,'Arbitrary',#12300);
#12302=IFCCARTESIANPOINT((0.,0.,0.));
#12303=IFCDIRECTION((0.,0.,1.));
#12304=IFCDIRECTION((1.,0.,0.));
#12305=IFCAXIS2PLACEMENT3D(#12302,#12303,#12304);
#12306=IFCDIRECTION((0.,0.,1.));
#12307=IFCEXTRUDEDAREASOLID(#12301,#12305,#12306,3000.);
#12308=IFCSHAPEREPRESENTATION(#11,'Body','SweptSolid',(#12307));
#12309=IFCPRODUCTDEFINITIONSHAPE($,$,(#12308));
#12315=IFCCARTESIANPOINT((6000.,12000.,12000.));
#12316=IFCDIRECTION((0.,0.,1.));
#12317=IFCDIRECTION((1.,0.,0.));
#12318=IFCAXIS2PLACEMENT3D(#12315,#12316,#12317);
#12319=IFCLOCALPLACEMENT($,#12318);
#12320=IFCPROPERTYSET('2yzifD$S93$PP08$VTkg5k',$,'Other',$,(#12322,#12323,#12324));
#12321=IFCRELDEFINESBYPROPERTIES('1_9don1Fz6hBn$KxJcMLiI',$,$,$,(#12298),#12320);
#12322=IFCPROPERTYSINGLEVALUE('Ax',$,IFCLABEL('0.001'),$);
#12323=IFCPROPERTYSINGLEVALUE('Ay',$,IFCLABEL('0.001'),$);
#12324=IFCPROPERTYSINGLEVALUE('Section',$,IFCLABEL('Rect'),$);
#12325=IFCCOLUMN('0qmpcZUK1DjfdkfJwjF39_',$,$,$,$,#12346,#12336,$,$);
#12326=IFCCARTESIANPOINTLIST2D(((-200.,-200.),(200.,-200.),(200.,200.),(-200.,200.)));
#12327=IFCINDEXEDPOLYCURVE(#12326,(IFCLINEINDEX((1,2,3,4,1))),$);
#12328=IFCARBITRARYCLOSEDPROFILEDEF(.AREA.,'Arbitrary',#12327);
#12329=IFCCARTESIANPOINT((0.,0.,0.));
#12330=IFCDIRECTION((0.,0.,1.));
#12331=IFCDIRECTION((1.,0.,0.));
#12332=IFCAXIS2PLACEMENT3D(#12329,#12330,#12331);
#12333=IFCDIRECTION((0.,0.,1.));
#12334=IFCEXTRUDEDAREASOLID(#12328,#12332,#12333,3000.);
#12335=IFCSHAPEREPRESENTATION(#11,'Body','SweptSolid',(#12334));
#12336=IFCPRODUCTDEFINITIONSHAPE($,$,(#12335));
#12342=IFCCARTESIANPOINT((6000.,18000.,12000.));
#12343=IFCDIRECTION((0.,0.,1.));
#12344=IFCDIRECTION((1.,0.,0.));
#12345=IFCAXIS2PLACEMENT3D(#12342,#12343,#12344);
#12346=IFCLOCALPLACEMENT($,#12345);
#12347=IFCPROPERTYSET('2ABNwoRffB8vaR5H1SF4eK',$,'Other',$,(#12349,#12350,#12351));
#12348=IFCRELDEFINESBYPROPERTIES('2REfFF$7v3gAGTzB3PHnpY',$,$,$,(#12325),#12347);
#12349=IFCPROPERTYSINGLEVALUE('Ax',$,IFCLABEL('0.001'),$);
#12350=IFCPROPERTYSINGLEVALUE('Ay',$,IFCLABEL('0.001'),$);
#12351=IFCPROPERTYSINGLEVALUE('Section',$,IFCLABEL('Rect'),$);
#12352=IFCCOLUMN('0Fpdacc7f0XO2vvldIv1h8',$,$,$,$,#12373,#12363,$,$);
#12353=IFCCARTESIANPOINTLIST2D(((-200.,-200.),(200.,-200.),(200.,200.),(-200.,200.)));
#12354=IFCINDEXEDPOLYCURVE(#12353,(IFCLINEINDEX((1,2,3,4,1))),$);
#12355=IFCARBITRARYCLOSEDPROFILEDEF(.AREA.,'Arbitrary',#12354);
#12356=IFCCARTESIANPOINT((0.,0.,0.));
#12357=IFCDIRECTION((0.,0.,1.));
#12358=IFCDIRECTION((1.,0.,0.));
#12359=IFCAXIS2PLACEMENT3D(#12356,#12357,#12358);
#12360=IFCDIRECTION((0.,0.,1.));
#12361=IFCEXTRUDEDAREASOLID(#12355,#12359,#12360,3000.);
#12362=IFCSHAPEREPRESENTATION(#11,'Body','SweptSolid',(#12361));
#12363=IFCPRODUCTDEFINITIONSHAPE($,$,(#12362));
#12369=IFCCARTESIANPOINT((12000.,12000.,12000.));
#12370=IFCDIRECTION((0.,0.,1.));
#12371=IFCDIRECTION((1.,0.,0.));
#12372=IFCAXIS2PLACEMENT3D(#12369,#12370,#12371);
#12373=IFCLOCALPLACEMENT($,#12372);
#12374=IFCPROPERTYSET('0Vs0tYMFrBOPnG5EyQpnlh',$,'Other',$,(#12376,#12377,#12378));
#12375=IFCRELDEFINESBYPROPERTIES('14mCiOQ9vAvAwQosMz1xx5',$,$,$,(#12352),#12374);
#12376=IFCPROPERTYSINGLEVALUE('Ax',$,IFCLABEL('0.001'),$);
#12377=IFCPROPERTYSINGLEVALUE('Ay',$,IFCLABEL('0.001'),$);
#12378=IFCPROPERTYSINGLEVALUE('Section',$,IFCLABEL('Rect'),$);
#12379=IFCCOLUMN('06NRwrQ2P9jRu65RmjNgVg',$,$,$,$,#12400,#12390,$,$);
#12380=IFCCARTESIANPOINTLIST2D(((-200.,-200.),(200.,-200.),(200.,200.),(-200.,200.)));
#12381=IFCINDEXEDPOLYCURVE(#12380,(IFCLINEINDEX((1,2,3,4,1))),$);
#12382=IFCARBITRARYCLOSEDPROFILEDEF(.AREA.,'Arbitrary',#12381);
#12383=IFCCARTESIANPOINT((0.,0.,0.));
#12384=IFCDIRECTION((0.,0.,1.));
#12385=IFCDIRECTION((1.,0.,0.));
#12386=IFCAXIS2PLACEMENT3D(#12383,#12384,#12385);
#12387=IFCDIRECTION((0.,0.,1.));
#12388=IFCEXTRUDEDAREASOLID(#12382,#12386,#12387,3000.);
#12389=IFCSHAPEREPRESENTATION(#11,'Body','SweptSolid',(#12388));
#12390=IFCPRODUCTDEFINITIONSHAPE($,$,(#12389));
#12396=IFCCARTESIANPOINT((12000.,18000.,12000.));
#12397=IFCDIRECTION((0.,0.,1.));
#12398=IFCDIRECTION((1.,0.,0.));
#12399=IFCAXIS2PLACEMENT3D(#12396,#12397,#12398);
#12400=IFCLOCALPLACEMENT($,#12399);
#12401=IFCPROPERTYSET('2Q5l_hNYH4qhE3$avrH5n$',$,'Other',$,(#12403,#12404,#12405));
#12402=IFCRELDEFINESBYPROPERTIES('2L3VIrpyPDUBaTpT3Nc9xr',$,$,$,(#12379),#12401);
#12403=IFCPROPERTYSINGLEVALUE('Ax',$,IFCLABEL('0.001'),$);
#12404=IFCPROPERTYSINGLEVALUE('Ay',$,IFCLABEL('0.001'),$);
#12405=IFCPROPERTYSINGLEVALUE('Section',$,IFCLABEL('Rect'),$);
#12406=IFCCOLUMN('0e7dJ5_6PDGwPk1WpcFLvc',$,$,$,$,#12427,#12417,$,$);
#12407=IFCCARTESIANPOINTLIST2D(((-200.,-200.),(200.,-200.),(200.,200.),(-200.,200.)));
#12408=IFCINDEXEDPOLYCURVE(#12407,(IFCLINEINDEX((1,2,3,4,1))),$);
#12409=IFCARBITRARYCLOSEDPROFILEDEF(.AREA.,'Arbitrary',#12408);
#12410=IFCCARTESIANPOINT((0.,0.,0.));
#12411=IFCDIRECTION((0.,0.,1.));
#12412=IFCDIRECTION((1.,0.,0.));
#12413=IFCAXIS2PLACEMENT3D(#12410,#12411,#12412);
#12414=IFCDIRECTION((0.,0.,1.));
#12415=IFCEXTRUDEDAREASOLID(#12409,#12413,#12414,3000.);
#12416=IFCSHAPEREPRESENTATION(#11,'Body','SweptSolid',(#12415));
#12417=IFCPRODUCTDEFINITIONSHAPE($,$,(#12416));
#12423=IFCCARTESIANPOINT((18000.,12000.,12000.));
#12424=IFCDIRECTION((0.,0.,1.));
#12425=IFCDIRECTION((1.,0.,0.));
#12426=IFCAXIS2PLACEMENT3D(#12423,#12424,#12425);
#12427=IFCLOCALPLACEMENT($,#12426);
#12428=IFCPROPERTYSET('2rmd_pmsX56RCElk4AdhKW',$,'Other',$,(#12430,#12431,#12432));
#12429=IFCRELDEFINESBYPROPERTIES('15JGMVCwT9pPngjx$9Wth9',$,$,$,(#12406),#12428);
#12430=IFCPROPERTYSINGLEVALUE('Ax',$,IFCLABEL('0.001'),$);
#12431=IFCPROPERTYSINGLEVALUE('Ay',$,IFCLABEL('0.001'),$);
#12432=IFCPROPERTYSINGLEVALUE('Section',$,IFCLABEL('Rect'),$);
#12433=IFCCOLUMN('2k_VuNrqnB58ilpJZFAuRi',$,$,$,$,#12454,#12444,$,$);
#12434=IFCCARTESIANPOINTLIST2D(((-200.,-200.),(200.,-200.),(200.,200.),(-200.,200.)));
#12435=IFCINDEXEDPOLYCURVE(#12434,(IFCLINEINDEX((1,2,3,4,1))),$);
#12436=IFCARBITRARYCLOSEDPROFILEDEF(.AREA.,'Arbitrary',#12435);
#12437=IFCCARTESIANPOINT((0.,0.,0.));
#12438=IFCDIRECTION((0.,0.,1.));
#12439=IFCDIRECTION((1.,0.,0.));
#12440=IFCAXIS2PLACEMENT3D(#12437,#12438,#12439);
#12441=IFCDIRECTION((0.,0.,1.));
#12442=IFCEXTRUDEDAREASOLID(#12436,#12440,#12441,3000.);
#12443=IFCSHAPEREPRESENTATION(#11,'Body','SweptSolid',(#12442));
#12444=IFCPRODUCTDEFINITIONSHAPE($,$,(#12443));
#12450=IFCCARTESIANPOINT((18000.,18000.,12000.));
#12451=IFCDIRECTION((0.,0.,1.));
#12452=IFCDIRECTION((1.,0.,0.));
#12453=IFCAXIS2PLACEMENT3D(#12450,#12451,#12452);
#12454=IFCLOCALPLACEMENT($,#12453);
#12455=IFCPROPERTYSET('0F4SU2Fb16pwu6aC89Qmut',$,'Other',$,(#12457,#12458,#12459));
#12456=IFCRELDEFINESBYPROPERTIES('37E59wraHDZ9SuTWvUKYmc',$,$,$,(#12433),#12455);
#12457=IFCPROPERTYSINGLEVALUE('Ax',$,IFCLABEL('0.001'),$);
#12458=IFCPROPERTYSINGLEVALUE('Ay',$,IFCLABEL('0.001'),$);
#12459=IFCPROPERTYSINGLEVALUE('Section',$,IFCLABEL('Rect'),$);
#12460=IFCCOLUMN('0Avxj$vKnAORiqwzKNsq5_',$,$,$,$,#12481,#12471,$,$);
#12461=IFCCARTESIANPOINTLIST2D(((-200.,-200.),(200.,-200.),(200.,200.),(-200.,200.)));
#12462=IFCINDEXEDPOLYCURVE(#12461,(IFCLINEINDEX((1,2,3,4,1))),$);
#12463=IFCARBITRARYCLOSEDPROFILEDEF(.AREA.,'Arbitrary',#12462);
#12464=IFCCARTESIANPOINT((0.,0.,0.));
#12465=IFCDIRECTION((0.,0.,1.));
#12466=IFCDIRECTION((1.,0.,0.));
#12467=IFCAXIS2PLACEMENT3D(#12464,#12465,#12466);
#12468=IFCDIRECTION((0.,0.,1.));
#12469=IFCEXTRUDEDAREASOLID(#12463,#12467,#12468,3000.);
#12470=IFCSHAPEREPRESENTATION(#11,'Body','SweptSolid',(#12469));
#12471=IFCPRODUCTDEFINITIONSHAPE($,$,(#12470));
#12477=IFCCARTESIANPOINT((24000.,18000.,12000.));
#12478=IFCDIRECTION((0.,0.,1.));
#12479=IFCDIRECTION((1.,0.,0.));
#12480=IFCAXIS2PLACEMENT3D(#12477,#12478,#12479);
#12481=IFCLOCALPLACEMENT($,#12480);
#12482=IFCPROPERTYSET('14wFbr$nn80RBK1CIftztv',$,'Other',$,(#12484,#12485,#12486));
#12483=IFCRELDEFINESBYPROPERTIES('2zMJjNbpHDFQ3uVK8Acoli',$,$,$,(#12460),#12482);
#12484=IFCPROPERTYSINGLEVALUE('Ax',$,IFCLABEL('0.001'),$);
#12485=IFCPROPERTYSINGLEVALUE('Ay',$,IFCLABEL('0.001'),$);
#12486=IFCPROPERTYSINGLEVALUE('Section',$,IFCLABEL('Rect'),$);
#12487=IFCCOLUMN('0ANsAIapz4FAF897_iu4pe',$,$,$,$,#12508,#12498,$,$);
#12488=IFCCARTESIANPOINTLIST2D(((-200.,-200.),(200.,-200.),(200.,200.),(-200.,200.)));
#12489=IFCINDEXEDPOLYCURVE(#12488,(IFCLINEINDEX((1,2,3,4,1))),$);
#12490=IFCARBITRARYCLOSEDPROFILEDEF(.AREA.,'Arbitrary',#12489);
#12491=IFCCARTESIANPOINT((0.,0.,0.));
#12492=IFCDIRECTION((0.,0.,1.));
#12493=IFCDIRECTION((1.,0.,0.));
#12494=IFCAXIS2PLACEMENT3D(#12491,#12492,#12493);
#12495=IFCDIRECTION((0.,0.,1.));
#12496=IFCEXTRUDEDAREASOLID(#12490,#12494,#12495,3000.);
#12497=IFCSHAPEREPRESENTATION(#11,'Body','SweptSolid',(#12496));
#12498=IFCPRODUCTDEFINITIONSHAPE($,$,(#12497));
#12504=IFCCARTESIANPOINT((30000.,18000.,12000.));
#12505=IFCDIRECTION((0.,0.,1.));
#12506=IFCDIRECTION((1.,0.,0.));
#12507=IFCAXIS2PLACEMENT3D(#12504,#12505,#12506);
#12508=IFCLOCALPLACEMENT($,#12507);
#12509=IFCPROPERTYSET('2ruW08rqnEFh_MiYvGfql9',$,'Other',$,(#12511,#12512,#12513));
#12510=IFCRELDEFINESBYPROPERTIES('2gHhZBBbr35wQuVz2DAq8O',$,$,$,(#12487),#12509);
#12511=IFCPROPERTYSINGLEVALUE('Ax',$,IFCLABEL('0.001'),$);
#12512=IFCPROPERTYSINGLEVALUE('Ay',$,IFCLABEL('0.001'),$);
#12513=IFCPROPERTYSINGLEVALUE('Section',$,IFCLABEL('Rect'),$);
#12514=IFCCOLUMN('27_TGlnPf6c8O20PDp$zdf',$,$,$,$,#12535,#12525,$,$);
#12515=IFCCARTESIANPOINTLIST2D(((-200.,-200.),(200.,-200.),(200.,200.),(-200.,200.)));
#12516=IFCINDEXEDPOLYCURVE(#12515,(IFCLINEINDEX((1,2,3,4,1))),$);
#12517=IFCARBITRARYCLOSEDPROFILEDEF(.AREA.,'Arbitrary',#12516);
#12518=IFCCARTESIANPOINT((0.,0.,0.));
#12519=IFCDIRECTION((0.,0.,1.));
#12520=IFCDIRECTION((1.,0.,0.));
#12521=IFCAXIS2PLACEMENT3D(#12518,#12519,#12520);
#12522=IFCDIRECTION((0.,0.,1.));
#12523=IFCEXTRUDEDAREASOLID(#12517,#12521,#12522,3000.);
#12524=IFCSHAPEREPRESENTATION(#11,'Body','SweptSolid',(#12523));
#12525=IFCPRODUCTDEFINITIONSHAPE($,$,(#12524));
#12531=IFCCARTESIANPOINT((18000.,0.,12000.));
#12532=IFCDIRECTION((0.,0.,1.));
#12533=IFCDIRECTION((1.,0.,0.));
#12534=IFCAXIS2PLACEMENT3D(#12531,#12532,#12533);
#12535=IFCLOCALPLACEMENT($,#12534);
#12536=IFCPROPERTYSET('1UHPskMZX2WOwyDB2ZcP_I',$,'Other',$,(#12538,#12539,#12540));
#12537=IFCRELDEFINESBYPROPERTIES('1ATR2gmaXD$P32owKdHW8e',$,$,$,(#12514),#12536);
#12538=IFCPROPERTYSINGLEVALUE('Ax',$,IFCLABEL('0.001'),$);
#12539=IFCPROPERTYSINGLEVALUE('Ay',$,IFCLABEL('0.001'),$);
#12540=IFCPROPERTYSINGLEVALUE('Section',$,IFCLABEL('Rect'),$);
#12541=IFCCOLUMN('2PszBEnkT5g8VzPwOZYaNx',$,$,$,$,#12562,#12552,$,$);
#12542=IFCCARTESIANPOINTLIST2D(((-200.,-200.),(200.,-200.),(200.,200.),(-200.,200.)));
#12543=IFCINDEXEDPOLYCURVE(#12542,(IFCLINEINDEX((1,2,3,4,1))),$);
#12544=IFCARBITRARYCLOSEDPROFILEDEF(.AREA.,'Arbitrary',#12543);
#12545=IFCCARTESIANPOINT((0.,0.,0.));
#12546=IFCDIRECTION((0.,0.,1.));
#12547=IFCDIRECTION((1.,0.,0.));
#12548=IFCAXIS2PLACEMENT3D(#12545,#12546,#12547);
#12549=IFCDIRECTION((0.,0.,1.));
#12550=IFCEXTRUDEDAREASOLID(#12544,#12548,#12549,3000.);
#12551=IFCSHAPEREPRESENTATION(#11,'Body','SweptSolid',(#12550));
#12552=IFCPRODUCTDEFINITIONSHAPE($,$,(#12551));
#12558=IFCCARTESIANPOINT((18000.,6000.,12000.));
#12559=IFCDIRECTION((0.,0.,1.));
#12560=IFCDIRECTION((1.,0.,0.));
#12561=IFCAXIS2PLACEMENT3D(#12558,#12559,#12560);
#12562=IFCLOCALPLACEMENT($,#12561);
#12563=IFCPROPERTYSET('33Kdj4$3b57RIm7vLG7doB',$,'Other',$,(#12565,#12566,#12567));
#12564=IFCRELDEFINESBYPROPERTIES('1c0MjD$jX2_utXKGAJ0pIN',$,$,$,(#12541),#12563);
#12565=IFCPROPERTYSINGLEVALUE('Ax',$,IFCLABEL('0.001'),$);
#12566=IFCPROPERTYSINGLEVALUE('Ay',$,IFCLABEL('0.001'),$);
#12567=IFCPROPERTYSINGLEVALUE('Section',$,IFCLABEL('Rect'),$);
#12568=IFCCOLUMN('0qLERY88T5vwk6h44bvZZX',$,$,$,$,#12589,#12579,$,$);
#12569=IFCCARTESIANPOINTLIST2D(((-200.,-200.),(200.,-200.),(200.,200.),(-200.,200.)));
#12570=IFCINDEXEDPOLYCURVE(#12569,(IFCLINEINDEX((1,2,3,4,1))),$);
#12571=IFCARBITRARYCLOSEDPROFILEDEF(.AREA.,'Arbitrary',#12570);
#12572=IFCCARTESIANPOINT((0.,0.,0.));
#12573=IFCDIRECTION((0.,0.,1.));
#12574=IFCDIRECTION((1.,0.,0.));
#12575=IFCAXIS2PLACEMENT3D(#12572,#12573,#12574);
#12576=IFCDIRECTION((0.,0.,1.));
#12577=IFCEXTRUDEDAREASOLID(#12571,#12575,#12576,3000.);
#12578=IFCSHAPEREPRESENTATION(#11,'Body','SweptSolid',(#12577));
#12579=IFCPRODUCTDEFINITIONSHAPE($,$,(#12578));
#12585=IFCCARTESIANPOINT((24000.,6000.,12000.));
#12586=IFCDIRECTION((0.,0.,1.));
#12587=IFCDIRECTION((1.,0.,0.));
#12588=IFCAXIS2PLACEMENT3D(#12585,#12586,#12587);
#12589=IFCLOCALPLACEMENT($,#12588);
#12590=IFCPROPERTYSET('0JnPg9LFf9oAN0_AW30UPb',$,'Other',$,(#12592,#12593,#12594));
#12591=IFCRELDEFINESBYPROPERTIES('2giEY_uOzARwwKANtI_32_',$,$,$,(#12568),#12590);
#12592=IFCPROPERTYSINGLEVALUE('Ax',$,IFCLABEL('0.001'),$);
#12593=IFCPROPERTYSINGLEVALUE('Ay',$,IFCLABEL('0.001'),$);
#12594=IFCPROPERTYSINGLEVALUE('Section',$,IFCLABEL('Rect'),$);
#12595=IFCCOLUMN('2l_vS9YdH3$u8uzVYp_QR7',$,$,$,$,#12616,#12606,$,$);
#12596=IFCCARTESIANPOINTLIST2D(((-200.,-200.),(200.,-200.),(200.,200.),(-200.,200.)));
#12597=IFCINDEXEDPOLYCURVE(#12596,(IFCLINEINDEX((1,2,3,4,1))),$);
#12598=IFCARBITRARYCLOSEDPROFILEDEF(.AREA.,'Arbitrary',#12597);
#12599=IFCCARTESIANPOINT((0.,0.,0.));
#12600=IFCDIRECTION((0.,0.,1.));
#12601=IFCDIRECTION((1.,0.,0.));
#12602=IFCAXIS2PLACEMENT3D(#12599,#12600,#12601);
#12603=IFCDIRECTION((0.,0.,1.));
#12604=IFCEXTRUDEDAREASOLID(#12598,#12602,#12603,3000.);
#12605=IFCSHAPEREPRESENTATION(#11,'Body','SweptSolid',(#12604));
#12606=IFCPRODUCTDEFINITIONSHAPE($,$,(#12605));
#12612=IFCCARTESIANPOINT((12000.,0.,12000.));
#12613=IFCDIRECTION((0.,0.,1.));
#12614=IFCDIRECTION((1.,0.,0.));
#12615=IFCAXIS2PLACEMENT3D(#12612,#12613,#12614);
#12616=IFCLOCALPLACEMENT($,#12615);
#12617=IFCPROPERTYSET('0KGa9Sj455Bw_tSxoSEVPe',$,'Other',$,(#12619,#12620,#12621));
#12618=IFCRELDEFINESBYPROPERTIES('2aBk7jXwn22R$yV$YeZdf$',$,$,$,(#12595),#12617);
#12619=IFCPROPERTYSINGLEVALUE('Ax',$,IFCLABEL('0.001'),$);
#12620=IFCPROPERTYSINGLEVALUE('Ay',$,IFCLABEL('0.001'),$);
#12621=IFCPROPERTYSINGLEVALUE('Section',$,IFCLABEL('Rect'),$);
#12622=IFCCOLUMN('2S5R8Av0n0AQBTNpFo8sBf',$,$,$,$,#12643,#12633,$,$);
#12623=IFCCARTESIANPOINTLIST2D(((-200.,-200.),(200.,-200.),(200.,200.),(-200.,200.)));
#12624=IFCINDEXEDPOLYCURVE(#12623,(IFCLINEINDEX((1,2,3,4,1))),$);
#12625=IFCARBITRARYCLOSEDPROFILEDEF(.AREA.,'Arbitrary',#12624);
#12626=IFCCARTESIANPOINT((0.,0.,0.));
#12627=IFCDIRECTION((0.,0.,1.));
#12628=IFCDIRECTION((1.,0.,0.));
#12629=IFCAXIS2PLACEMENT3D(#12626,#12627,#12628);
#12630=IFCDIRECTION((0.,0.,1.));
#12631=IFCEXTRUDEDAREASOLID(#12625,#12629,#12630,3000.);
#12632=IFCSHAPEREPRESENTATION(#11,'Body','SweptSolid',(#12631));
#12633=IFCPRODUCTDEFINITIONSHAPE($,$,(#12632));
#12639=IFCCARTESIANPOINT((12000.,6000.,12000.));
#12640=IFCDIRECTION((0.,0.,1.));
#12641=IFCDIRECTION((1.,0.,0.));
#12642=IFCAXIS2PLACEMENT3D(#12639,#12640,#12641);
#12643=IFCLOCALPLACEMENT($,#12642);
#12644=IFCPROPERTYSET('14G75A_PjB2vjmeyK5LpV4',$,'Other',$,(#12646,#12647,#12648));
#12645=IFCRELDEFINESBYPROPERTIES('1O9jnknbX9cAGDXvdaaoI8',$,$,$,(#12622),#12644);
#12646=IFCPROPERTYSINGLEVALUE('Ax',$,IFCLABEL('0.001'),$);
#12647=IFCPROPERTYSINGLEVALUE('Ay',$,IFCLABEL('0.001'),$);
#12648=IFCPROPERTYSINGLEVALUE('Section',$,IFCLABEL('Rect'),$);
#12649=IFCCOLUMN('06YFJXLLPEIunGSn2FT3rS',$,$,$,$,#12670,#12660,$,$);
#12650=IFCCARTESIANPOINTLIST2D(((-200.,-200.),(200.,-200.),(200.,200.),(-200.,200.)));
#12651=IFCINDEXEDPOLYCURVE(#12650,(IFCLINEINDEX((1,2,3,4,1))),$);
#12652=IFCARBITRARYCLOSEDPROFILEDEF(.AREA.,'Arbitrary',#12651);
#12653=IFCCARTESIANPOINT((0.,0.,0.));
#12654=IFCDIRECTION((0.,0.,1.));
#12655=IFCDIRECTION((1.,0.,0.));
#12656=IFCAXIS2PLACEMENT3D(#12653,#12654,#12655);
#12657=IFCDIRECTION((0.,0.,1.));
#12658=IFCEXTRUDEDAREASOLID(#12652,#12656,#12657,3000.);
#12659=IFCSHAPEREPRESENTATION(#11,'Body','SweptSolid',(#12658));
#12660=IFCPRODUCTDEFINITIONSHAPE($,$,(#12659));
#12666=IFCCARTESIANPOINT((0.,12000.,9000.));
#12667=IFCDIRECTION((0.,0.,1.));
#12668=IFCDIRECTION((1.,0.,0.));
#12669=IFCAXIS2PLACEMENT3D(#12666,#12667,#12668);
#12670=IFCLOCALPLACEMENT($,#12669);
#12671=IFCPROPERTYSET('21uIR96pj9he6cF0tvvcN5',$,'Other',$,(#12673,#12674,#12675));
#12672=IFCRELDEFINESBYPROPERTIES('2CLpp$YLn90uumLtFOCN80',$,$,$,(#12649),#12671);
#12673=IFCPROPERTYSINGLEVALUE('Ax',$,IFCLABEL('0.001'),$);
#12674=IFCPROPERTYSINGLEVALUE('Ay',$,IFCLABEL('0.001'),$);
#12675=IFCPROPERTYSINGLEVALUE('Section',$,IFCLABEL('Rect'),$);
#12676=IFCCOLUMN('0ux9$Ho6XDpvzVNiigDZ8x',$,$,$,$,#12697,#12687,$,$);
#12677=IFCCARTESIANPOINTLIST2D(((-200.,-200.),(200.,-200.),(200.,200.),(-200.,200.)));
#12678=IFCINDEXEDPOLYCURVE(#12677,(IFCLINEINDEX((1,2,3,4,1))),$);
#12679=IFCARBITRARYCLOSEDPROFILEDEF(.AREA.,'Arbitrary',#12678);
#12680=IFCCARTESIANPOINT((0.,0.,0.));
#12681=IFCDIRECTION((0.,0.,1.));
#12682=IFCDIRECTION((1.,0.,0.));
#12683=IFCAXIS2PLACEMENT3D(#12680,#12681,#12682);
#12684=IFCDIRECTION((0.,0.,1.));
#12685=IFCEXTRUDEDAREASOLID(#12679,#12683,#12684,3000.);
#12686=IFCSHAPEREPRESENTATION(#11,'Body','SweptSolid',(#12685));
#12687=IFCPRODUCTDEFINITIONSHAPE($,$,(#12686));
#12693=IFCCARTESIANPOINT((0.,18000.,9000.));
#12694=IFCDIRECTION((0.,0.,1.));
#12695=IFCDIRECTION((1.,0.,0.));
#12696=IFCAXIS2PLACEMENT3D(#12693,#12694,#12695);
#12697=IFCLOCALPLACEMENT($,#12696);
#12698=IFCPROPERTYSET('1j6Ta7J2X0JuNIfCs_Rx4J',$,'Other',$,(#12700,#12701,#12702));
#12699=IFCRELDEFINESBYPROPERTIES('1xD4MZ_$9A9RDuccq$fcto',$,$,$,(#12676),#12698);
#12700=IFCPROPERTYSINGLEVALUE('Ax',$,IFCLABEL('0.001'),$);
#12701=IFCPROPERTYSINGLEVALUE('Ay',$,IFCLABEL('0.001'),$);
#12702=IFCPROPERTYSINGLEVALUE('Section',$,IFCLABEL('Rect'),$);
#12703=IFCCOLUMN('3mBK03TUD5N8nZCZOIFd9Y',$,$,$,$,#12724,#12714,$,$);
#12704=IFCCARTESIANPOINTLIST2D(((-200.,-200.),(200.,-200.),(200.,200.),(-200.,200.)));
#12705=IFCINDEXEDPOLYCURVE(#12704,(IFCLINEINDEX((1,2,3,4,1))),$);
#12706=IFCARBITRARYCLOSEDPROFILEDEF(.AREA.,'Arbitrary',#12705);
#12707=IFCCARTESIANPOINT((0.,0.,0.));
#12708=IFCDIRECTION((0.,0.,1.));
#12709=IFCDIRECTION((1.,0.,0.));
#12710=IFCAXIS2PLACEMENT3D(#12707,#12708,#12709);
#12711=IFCDIRECTION((0.,0.,1.));
#12712=IFCEXTRUDEDAREASOLID(#12706,#12710,#12711,3000.);
#12713=IFCSHAPEREPRESENTATION(#11,'Body','SweptSolid',(#12712));
#12714=IFCPRODUCTDEFINITIONSHAPE($,$,(#12713));
#12720=IFCCARTESIANPOINT((6000.,12000.,9000.));
#12721=IFCDIRECTION((0.,0.,1.));
#12722=IFCDIRECTION((1.,0.,0.));
#12723=IFCAXIS2PLACEMENT3D(#12720,#12721,#12722);
#12724=IFCLOCALPLACEMENT($,#12723);
#12725=IFCPROPERTYSET('2Cj6lYJDHFBvFHHn_6gxKP',$,'Other',$,(#12727,#12728,#12729));
#12726=IFCRELDEFINESBYPROPERTIES('1LQGBdHlHDKgdFdM6lUlhR',$,$,$,(#12703),#12725);
#12727=IFCPROPERTYSINGLEVALUE('Ax',$,IFCLABEL('0.001'),$);
#12728=IFCPROPERTYSINGLEVALUE('Ay',$,IFCLABEL('0.001'),$);
#12729=IFCPROPERTYSINGLEVALUE('Section',$,IFCLABEL('Rect'),$);
#12730=IFCCOLUMN('05kL37oY90SA$xHafpkm2G',$,$,$,$,#12751,#12741,$,$);
#12731=IFCCARTESIANPOINTLIST2D(((-200.,-200.),(200.,-200.),(200.,200.),(-200.,200.)));
#12732=IFCINDEXEDPOLYCURVE(#12731,(IFCLINEINDEX((1,2,3,4,1))),$);
#12733=IFCARBITRARYCLOSEDPROFILEDEF(.AREA.,'Arbitrary',#12732);
#12734=IFCCARTESIANPOINT((0.,0.,0.));
#12735=IFCDIRECTION((0.,0.,1.));
#12736=IFCDIRECTION((1.,0.,0.));
#12737=IFCAXIS2PLACEMENT3D(#12734,#12735,#12736);
#12738=IFCDIRECTION((0.,0.,1.));
#12739=IFCEXTRUDEDAREASOLID(#12733,#12737,#12738,3000.);
#12740=IFCSHAPEREPRESENTATION(#11,'Body','SweptSolid',(#12739));
#12741=IFCPRODUCTDEFINITIONSHAPE($,$,(#12740));
#12747=IFCCARTESIANPOINT((6000.,18000.,9000.));
#12748=IFCDIRECTION((0.,0.,1.));
#12749=IFCDIRECTION((1.,0.,0.));
#12750=IFCAXIS2PLACEMENT3D(#12747,#12748,#12749);
#12751=IFCLOCALPLACEMENT($,#12750);
#12752=IFCPROPERTYSET('3bo6KZsOD11hbhrGQl34b1',$,'Other',$,(#12754,#12755,#12756));
#12753=IFCRELDEFINESBYPROPERTIES('0XLmCnPtD3cgYEfVDf0OWg',$,$,$,(#12730),#12752);
#12754=IFCPROPERTYSINGLEVALUE('Ax',$,IFCLABEL('0.001'),$);
#12755=IFCPROPERTYSINGLEVALUE('Ay',$,IFCLABEL('0.001'),$);
#12756=IFCPROPERTYSINGLEVALUE('Section',$,IFCLABEL('Rect'),$);
#12757=IFCCOLUMN('3keWF50rXCpwNgYf7ekEjc',$,$,$,$,#12778,#12768,$,$);
#12758=IFCCARTESIANPOINTLIST2D(((-200.,-200.),(200.,-200.),(200.,200.),(-200.,200.)));
#12759=IFCINDEXEDPOLYCURVE(#12758,(IFCLINEINDEX((1,2,3,4,1))),$);
#12760=IFCARBITRARYCLOSEDPROFILEDEF(.AREA.,'Arbitrary',#12759);
#12761=IFCCARTESIANPOINT((0.,0.,0.));
#12762=IFCDIRECTION((0.,0.,1.));
#12763=IFCDIRECTION((1.,0.,0.));
#12764=IFCAXIS2PLACEMENT3D(#12761,#12762,#12763);
#12765=IFCDIRECTION((0.,0.,1.));
#12766=IFCEXTRUDEDAREASOLID(#12760,#12764,#12765,3000.);
#12767=IFCSHAPEREPRESENTATION(#11,'Body','SweptSolid',(#12766));
#12768=IFCPRODUCTDEFINITIONSHAPE($,$,(#12767));
#12774=IFCCARTESIANPOINT((12000.,12000.,9000.));
#12775=IFCDIRECTION((0.,0.,1.));
#12776=IFCDIRECTION((1.,0.,0.));
#12777=IFCAXIS2PLACEMENT3D(#12774,#12775,#12776);
#12778=IFCLOCALPLACEMENT($,#12777);
#12779=IFCPROPERTYSET('23Br6$KbrA5AS_pdWHU1if',$,'Other',$,(#12781,#12782,#12783));
#12780=IFCRELDEFINESBYPROPERTIES('3grR$03e1D5QoqTK3oLqEt',$,$,$,(#12757),#12779);
#12781=IFCPROPERTYSINGLEVALUE('Ax',$,IFCLABEL('0.001'),$);
#12782=IFCPROPERTYSINGLEVALUE('Ay',$,IFCLABEL('0.001'),$);
#12783=IFCPROPERTYSINGLEVALUE('Section',$,IFCLABEL('Rect'),$);
#12784=IFCCOLUMN('0_1lT7_Cz1zey04yRqQ5Vy',$,$,$,$,#12805,#12795,$,$);
#12785=IFCCARTESIANPOINTLIST2D(((-200.,-200.),(200.,-200.),(200.,200.),(-200.,200.)));
#12786=IFCINDEXEDPOLYCURVE(#12785,(IFCLINEINDEX((1,2,3,4,1))),$);
#12787=IFCARBITRARYCLOSEDPROFILEDEF(.AREA.,'Arbitrary',#12786);
#12788=IFCCARTESIANPOINT((0.,0.,0.));
#12789=IFCDIRECTION((0.,0.,1.));
#12790=IFCDIRECTION((1.,0.,0.));
#12791=IFCAXIS2PLACEMENT3D(#12788,#12789,#12790);
#12792=IFCDIRECTION((0.,0.,1.));
#12793=IFCEXTRUDEDAREASOLID(#12787,#12791,#12792,3000.);
#12794=IFCSHAPEREPRESENTATION(#11,'Body','SweptSolid',(#12793));
#12795=IFCPRODUCTDEFINITIONSHAPE($,$,(#12794));
#12801=IFCCARTESIANPOINT((12000.,18000.,9000.));
#12802=IFCDIRECTION((0.,0.,1.));
#12803=IFCDIRECTION((1.,0.,0.));
#12804=IFCAXIS2PLACEMENT3D(#12801,#12802,#12803);
#12805=IFCLOCALPLACEMENT($,#12804);
#12806=IFCPROPERTYSET('2a3wnCAV933uJXLZm38Zqm',$,'Other',$,(#12808,#12809,#12810));
#12807=IFCRELDEFINESBYPROPERTIES('0EOVjliy56sR_yjJLuMFo8',$,$,$,(#12784),#12806);
#12808=IFCPROPERTYSINGLEVALUE('Ax',$,IFCLABEL('0.001'),$);
#12809=IFCPROPERTYSINGLEVALUE('Ay',$,IFCLABEL('0.001'),$);
#12810=IFCPROPERTYSINGLEVALUE('Section',$,IFCLABEL('Rect'),$);
#12811=IFCCOLUMN('1sGMFfSAPDYhEDlFxO4XpR',$,$,$,$,#12832,#12822,$,$);
#12812=IFCCARTESIANPOINTLIST2D(((-200.,-200.),(200.,-200.),(200.,200.),(-200.,200.)));
#12813=IFCINDEXEDPOLYCURVE(#12812,(IFCLINEINDEX((1,2,3,4,1))),$);
#12814=IFCARBITRARYCLOSEDPROFILEDEF(.AREA.,'Arbitrary',#12813);
#12815=IFCCARTESIANPOINT((0.,0.,0.));
#12816=IFCDIRECTION((0.,0.,1.));
#12817=IFCDIRECTION((1.,0.,0.));
#12818=IFCAXIS2PLACEMENT3D(#12815,#12816,#12817);
#12819=IFCDIRECTION((0.,0.,1.));
#12820=IFCEXTRUDEDAREASOLID(#12814,#12818,#12819,3000.);
#12821=IFCSHAPEREPRESENTATION(#11,'Body','SweptSolid',(#12820));
#12822=IFCPRODUCTDEFINITIONSHAPE($,$,(#12821));
#12828=IFCCARTESIANPOINT((18000.,12000.,9000.));
#12829=IFCDIRECTION((0.,0.,1.));
#12830=IFCDIRECTION((1.,0.,0.));
#12831=IFCAXIS2PLACEMENT3D(#12828,#12829,#12830);
#12832=IFCLOCALPLACEMENT($,#12831);
#12833=IFCPROPERTYSET('2BXhM9XHP0U8shZjdYXGwb',$,'Other',$,(#12835,#12836,#12837));
#12834=IFCRELDEFINESBYPROPERTIES('3fKZtSVOLDIA4DGfseyAph',$,$,$,(#12811),#12833);
#12835=IFCPROPERTYSINGLEVALUE('Ax',$,IFCLABEL('0.001'),$);
#12836=IFCPROPERTYSINGLEVALUE('Ay',$,IFCLABEL('0.001'),$);
#12837=IFCPROPERTYSINGLEVALUE('Section',$,IFCLABEL('Rect'),$);
#12838=IFCCOLUMN('1_uLr$lnL7sgr_wpqPtbtM',$,$,$,$,#12859,#12849,$,$);
#12839=IFCCARTESIANPOINTLIST2D(((-200.,-200.),(200.,-200.),(200.,200.),(-200.,200.)));
#12840=IFCINDEXEDPOLYCURVE(#12839,(IFCLINEINDEX((1,2,3,4,1))),$);
#12841=IFCARBITRARYCLOSEDPROFILEDEF(.AREA.,'Arbitrary',#12840);
#12842=IFCCARTESIANPOINT((0.,0.,0.));
#12843=IFCDIRECTION((0.,0.,1.));
#12844=IFCDIRECTION((1.,0.,0.));
#12845=IFCAXIS2PLACEMENT3D(#12842,#12843,#12844);
#12846=IFCDIRECTION((0.,0.,1.));
#12847=IFCEXTRUDEDAREASOLID(#12841,#12845,#12846,3000.);
#12848=IFCSHAPEREPRESENTATION(#11,'Body','SweptSolid',(#12847));
#12849=IFCPRODUCTDEFINITIONSHAPE($,$,(#12848));
#12855=IFCCARTESIANPOINT((18000.,18000.,9000.));
#12856=IFCDIRECTION((0.,0.,1.));
#12857=IFCDIRECTION((1.,0.,0.));
#12858=IFCAXIS2PLACEMENT3D(#12855,#12856,#12857);
#12859=IFCLOCALPLACEMENT($,#12858);
#12860=IFCPROPERTYSET('2MAjiEqW12S9OyiS7h$oS2',$,'Other',$,(#12862,#12863,#12864));
#12861=IFCRELDEFINESBYPROPERTIES('1IyDc854v7z8euJJqIW7O8',$,$,$,(#12838),#12860);
#12862=IFCPROPERTYSINGLEVALUE('Ax',$,IFCLABEL('0.001'),$);
#12863=IFCPROPERTYSINGLEVALUE('Ay',$,IFCLABEL('0.001'),$);
#12864=IFCPROPERTYSINGLEVALUE('Section',$,IFCLABEL('Rect'),$);
#12865=IFCCOLUMN('0Ievnrja95tA$PVCf$zYcn',$,$,$,$,#12886,#12876,$,$);
#12866=IFCCARTESIANPOINTLIST2D(((-200.,-200.),(200.,-200.),(200.,200.),(-200.,200.)));
#12867=IFCINDEXEDPOLYCURVE(#12866,(IFCLINEINDEX((1,2,3,4,1))),$);
#12868=IFCARBITRARYCLOSEDPROFILEDEF(.AREA.,'Arbitrary',#12867);
#12869=IFCCARTESIANPOINT((0.,0.,0.));
#12870=IFCDIRECTION((0.,0.,1.));
#12871=IFCDIRECTION((1.,0.,0.));
#12872=IFCAXIS2PLACEMENT3D(#12869,#12870,#12871);
#12873=IFCDIRECTION((0.,0.,1.));
#12874=IFCEXTRUDEDAREASOLID(#12868,#12872,#12873,3000.);
#12875=IFCSHAPEREPRESENTATION(#11,'Body','SweptSolid',(#12874));
#12876=IFCPRODUCTDEFINITIONSHAPE($,$,(#12875));
#12882=IFCCARTESIANPOINT((24000.,18000.,9000.));
#12883=IFCDIRECTION((0.,0.,1.));
#12884=IFCDIRECTION((1.,0.,0.));
#12885=IFCAXIS2PLACEMENT3D(#12882,#12883,#12884);
#12886=IFCLOCALPLACEMENT($,#12885);
#12887=IFCPROPERTYSET('2x9OkCaSzFpORgJ_x5yuAQ',$,'Other',$,(#12889,#12890,#12891));
#12888=IFCRELDEFINESBYPROPERTIES('0NELu83Xf1rPhmTZS3Rwnk',$,$,$,(#12865),#12887);
#12889=IFCPROPERTYSINGLEVALUE('Ax',$,IFCLABEL('0.001'),$);
#12890=IFCPROPERTYSINGLEVALUE('Ay',$,IFCLABEL('0.001'),$);
#12891=IFCPROPERTYSINGLEVALUE('Section',$,IFCLABEL('Rect'),$);
#12892=IFCCOLUMN('1K$YS82ZX798FN$seUOuA$',$,$,$,$,#12913,#12903,$,$);
#12893=IFCCARTESIANPOINTLIST2D(((-200.,-200.),(200.,-200.),(200.,200.),(-200.,200.)));
#12894=IFCINDEXEDPOLYCURVE(#12893,(IFCLINEINDEX((1,2,3,4,1))),$);
#12895=IFCARBITRARYCLOSEDPROFILEDEF(.AREA.,'Arbitrary',#12894);
#12896=IFCCARTESIANPOINT((0.,0.,0.));
#12897=IFCDIRECTION((0.,0.,1.));
#12898=IFCDIRECTION((1.,0.,0.));
#12899=IFCAXIS2PLACEMENT3D(#12896,#12897,#12898);
#12900=IFCDIRECTION((0.,0.,1.));
#12901=IFCEXTRUDEDAREASOLID(#12895,#12899,#12900,3000.);
#12902=IFCSHAPEREPRESENTATION(#11,'Body','SweptSolid',(#12901));
#12903=IFCPRODUCTDEFINITIONSHAPE($,$,(#12902));
#12909=IFCCARTESIANPOINT((30000.,18000.,9000.));
#12910=IFCDIRECTION((0.,0.,1.));
#12911=IFCDIRECTION((1.,0.,0.));
#12912=IFCAXIS2PLACEMENT3D(#12909,#12910,#12911);
#12913=IFCLOCALPLACEMENT($,#12912);
#12914=IFCPROPERTYSET('1TiJux2Cb7JhasCSgKAvdS',$,'Other',$,(#12916,#12917,#12918));
#12915=IFCRELDEFINESBYPROPERTIES('1CSIIXsWf95fBRE2acpQTN',$,$,$,(#12892),#12914);
#12916=IFCPROPERTYSINGLEVALUE('Ax',$,IFCLABEL('0.001'),$);
#12917=IFCPROPERTYSINGLEVALUE('Ay',$,IFCLABEL('0.001'),$);
#12918=IFCPROPERTYSINGLEVALUE('Section',$,IFCLABEL('Rect'),$);
#12919=IFCCOLUMN('0roFU_gy99tRp3vrDMZZb7',$,$,$,$,#12940,#12930,$,$);
#12920=IFCCARTESIANPOINTLIST2D(((-200.,-200.),(200.,-200.),(200.,200.),(-200.,200.)));
#12921=IFCINDEXEDPOLYCURVE(#12920,(IFCLINEINDEX((1,2,3,4,1))),$);
#12922=IFCARBITRARYCLOSEDPROFILEDEF(.AREA.,'Arbitrary',#12921);
#12923=IFCCARTESIANPOINT((0.,0.,0.));
#12924=IFCDIRECTION((0.,0.,1.));
#12925=IFCDIRECTION((1.,0.,0.));
#12926=IFCAXIS2PLACEMENT3D(#12923,#12924,#12925);
#12927=IFCDIRECTION((0.,0.,1.));
#12928=IFCEXTRUDEDAREASOLID(#12922,#12926,#12927,3000.);
#12929=IFCSHAPEREPRESENTATION(#11,'Body','SweptSolid',(#12928));
#12930=IFCPRODUCTDEFINITIONSHAPE($,$,(#12929));
#12936=IFCCARTESIANPOINT((18000.,0.,9000.));
#12937=IFCDIRECTION((0.,0.,1.));
#12938=IFCDIRECTION((1.,0.,0.));
#12939=IFCAXIS2PLACEMENT3D(#12936,#12937,#12938);
#12940=IFCLOCALPLACEMENT($,#12939);
#12941=IFCPROPERTYSET('3Kk4G9tlz4Le4DVH8GtzUz',$,'Other',$,(#12943,#12944,#12945));
#12942=IFCRELDEFINESBYPROPERTIES('0bM1VXJUD4Ke1soVD8Jm8O',$,$,$,(#12919),#12941);
#12943=IFCPROPERTYSINGLEVALUE('Ax',$,IFCLABEL('0.001'),$);
#12944=IFCPROPERTYSINGLEVALUE('Ay',$,IFCLABEL('0.001'),$);
#12945=IFCPROPERTYSINGLEVALUE('Section',$,IFCLABEL('Rect'),$);
#12946=IFCCOLUMN('1nAZ9_UjH87hwGmNCGcIr3',$,$,$,$,#12967,#12957,$,$);
#12947=IFCCARTESIANPOINTLIST2D(((-200.,-200.),(200.,-200.),(200.,200.),(-200.,200.)));
#12948=IFCINDEXEDPOLYCURVE(#12947,(IFCLINEINDEX((1,2,3,4,1))),$);
#12949=IFCARBITRARYCLOSEDPROFILEDEF(.AREA.,'Arbitrary',#12948);
#12950=IFCCARTESIANPOINT((0.,0.,0.));
#12951=IFCDIRECTION((0.,0.,1.));
#12952=IFCDIRECTION((1.,0.,0.));
#12953=IFCAXIS2PLACEMENT3D(#12950,#12951,#12952);
#12954=IFCDIRECTION((0.,0.,1.));
#12955=IFCEXTRUDEDAREASOLID(#12949,#12953,#12954,3000.);
#12956=IFCSHAPEREPRESENTATION(#11,'Body','SweptSolid',(#12955));
#12957=IFCPRODUCTDEFINITIONSHAPE($,$,(#12956));
#12963=IFCCARTESIANPOINT((18000.,6000.,9000.));
#12964=IFCDIRECTION((0.,0.,1.));
#12965=IFCDIRECTION((1.,0.,0.));
#12966=IFCAXIS2PLACEMENT3D(#12963,#12964,#12965);
#12967=IFCLOCALPLACEMENT($,#12966);
#12968=IFCPROPERTYSET('2T1VisA7z3d8mGvDfOZq0F',$,'Other',$,(#12970,#12971,#12972));
#12969=IFCRELDEFINESBYPROPERTIES('2cEk6d11L2ru1vk72Gots8',$,$,$,(#12946),#12968);
#12970=IFCPROPERTYSINGLEVALUE('Ax',$,IFCLABEL('0.001'),$);
#12971=IFCPROPERTYSINGLEVALUE('Ay',$,IFCLABEL('0.001'),$);
#12972=IFCPROPERTYSINGLEVALUE('Section',$,IFCLABEL('Rect'),$);
#12973=IFCCOLUMN('1esi_Ct2nD7x_Wb9fKAQza',$,$,$,$,#12994,#12984,$,$);
#12974=IFCCARTESIANPOINTLIST2D(((-200.,-200.),(200.,-200.),(200.,200.),(-200.,200.)));
#12975=IFCINDEXEDPOLYCURVE(#12974,(IFCLINEINDEX((1,2,3,4,1))),$);
#12976=IFCARBITRARYCLOSEDPROFILEDEF(.AREA.,'Arbitrary',#12975);
#12977=IFCCARTESIANPOINT((0.,0.,0.));
#12978=IFCDIRECTION((0.,0.,1.));
#12979=IFCDIRECTION((1.,0.,0.));
#12980=IFCAXIS2PLACEMENT3D(#12977,#12978,#12979);
#12981=IFCDIRECTION((0.,0.,1.));
#12982=IFCEXTRUDEDAREASOLID(#12976,#12980,#12981,3000.);
#12983=IFCSHAPEREPRESENTATION(#11,'Body','SweptSolid',(#12982));
#12984=IFCPRODUCTDEFINITIONSHAPE($,$,(#12983));
#12990=IFCCARTESIANPOINT((24000.,6000.,9000.));
#12991=IFCDIRECTION((0.,0.,1.));
#12992=IFCDIRECTION((1.,0.,0.));
#12993=IFCAXIS2PLACEMENT3D(#12990,#12991,#12992);
#12994=IFCLOCALPLACEMENT($,#12993);
#12995=IFCPROPERTYSET('057kUEahX2E8o35mosLZwc',$,'Other',$,(#12997,#12998,#12999));
#12996=IFCRELDEFINESBYPROPERTIES('2hoPdgQuvBKgJ4XBUJhOOQ',$,$,$,(#12973),#12995);
#12997=IFCPROPERTYSINGLEVALUE('Ax',$,IFCLABEL('0.001'),$);
#12998=IFCPROPERTYSINGLEVALUE('Ay',$,IFCLABEL('0.001'),$);
#12999=IFCPROPERTYSINGLEVALUE('Section',$,IFCLABEL('Rect'),$);
#13000=IFCCOLUMN('2baxofBB55u9RzFWbFR_Xo',$,$,$,$,#13021,#13011,$,$);
#13001=IFCCARTESIANPOINTLIST2D(((-200.,-200.),(200.,-200.),(200.,200.),(-200.,200.)));
#13002=IFCINDEXEDPOLYCURVE(#13001,(IFCLINEINDEX((1,2,3,4,1))),$);
#13003=IFCARBITRARYCLOSEDPROFILEDEF(.AREA.,'Arbitrary',#13002);
#13004=IFCCARTESIANPOINT((0.,0.,0.));
#13005=IFCDIRECTION((0.,0.,1.));
#13006=IFCDIRECTION((1.,0.,0.));
#13007=IFCAXIS2PLACEMENT3D(#13004,#13005,#13006);
#13008=IFCDIRECTION((0.,0.,1.));
#13009=IFCEXTRUDEDAREASOLID(#13003,#13007,#13008,3000.);
#13010=IFCSHAPEREPRESENTATION(#11,'Body','SweptSolid',(#13009));
#13011=IFCPRODUCTDEFINITIONSHAPE($,$,(#13010));
#13017=IFCCARTESIANPOINT((12000.,0.,9000.));
#13018=IFCDIRECTION((0.,0.,1.));
#13019=IFCDIRECTION((1.,0.,0.));
#13020=IFCAXIS2PLACEMENT3D(#13017,#13018,#13019);
#13021=IFCLOCALPLACEMENT($,#13020);
#13022=IFCPROPERTYSET('3E0s0PlXj0CgtX8YlvSZWd',$,'Other',$,(#13024,#13025,#13026));
#13023=IFCRELDEFINESBYPROPERTIES('3jfB2ipEr0qA99q0cHRV2z',$,$,$,(#13000),#13022);
#13024=IFCPROPERTYSINGLEVALUE('Ax',$,IFCLABEL('0.001'),$);
#13025=IFCPROPERTYSINGLEVALUE('Ay',$,IFCLABEL('0.001'),$);
#13026=IFCPROPERTYSINGLEVALUE('Section',$,IFCLABEL('Rect'),$);
#13027=IFCCOLUMN('2PnxVwAz10LAemjkGPc_z6',$,$,$,$,#13048,#13038,$,$);
#13028=IFCCARTESIANPOINTLIST2D(((-200.,-200.),(200.,-200.),(200.,200.),(-200.,200.)));
#13029=IFCINDEXEDPOLYCURVE(#13028,(IFCLINEINDEX((1,2,3,4,1))),$);
#13030=IFCARBITRARYCLOSEDPROFILEDEF(.AREA.,'Arbitrary',#13029);
#13031=IFCCARTESIANPOINT((0.,0.,0.));
#13032=IFCDIRECTION((0.,0.,1.));
#13033=IFCDIRECTION((1.,0.,0.));
#13034=IFCAXIS2PLACEMENT3D(#13031,#13032,#13033);
#13035=IFCDIRECTION((0.,0.,1.));
#13036=IFCEXTRUDEDAREASOLID(#13030,#13034,#13035,3000.);
#13037=IFCSHAPEREPRESENTATION(#11,'Body','SweptSolid',(#13036));
#13038=IFCPRODUCTDEFINITIONSHAPE($,$,(#13037));
#13044=IFCCARTESIANPOINT((12000.,6000.,9000.));
#13045=IFCDIRECTION((0.,0.,1.));
#13046=IFCDIRECTION((1.,0.,0.));
#13047=IFCAXIS2PLACEMENT3D(#13044,#13045,#13046);
#13048=IFCLOCALPLACEMENT($,#13047);
#13049=IFCPROPERTYSET('18JyHX_lb2nPOe30KRzk38',$,'Other',$,(#13051,#13052,#13053));
#13050=IFCRELDEFINESBYPROPERTIES('1LrssuXGHB4eUj4mlHN7iW',$,$,$,(#13027),#13049);
#13051=IFCPROPERTYSINGLEVALUE('Ax',$,IFCLABEL('0.001'),$);
#13052=IFCPROPERTYSINGLEVALUE('Ay',$,IFCLABEL('0.001'),$);
#13053=IFCPROPERTYSINGLEVALUE('Section',$,IFCLABEL('Rect'),$);
#13054=IFCCOLUMN('1Fql6pnvD5BhT5hOKPHW2D',$,$,$,$,#13075,#13065,$,$);
#13055=IFCCARTESIANPOINTLIST2D(((-200.,-200.),(200.,-200.),(200.,200.),(-200.,200.)));
#13056=IFCINDEXEDPOLYCURVE(#13055,(IFCLINEINDEX((1,2,3,4,1))),$);
#13057=IFCARBITRARYCLOSEDPROFILEDEF(.AREA.,'Arbitrary',#13056);
#13058=IFCCARTESIANPOINT((0.,0.,0.));
#13059=IFCDIRECTION((0.,0.,1.));
#13060=IFCDIRECTION((1.,0.,0.));
#13061=IFCAXIS2PLACEMENT3D(#13058,#13059,#13060);
#13062=IFCDIRECTION((0.,0.,1.));
#13063=IFCEXTRUDEDAREASOLID(#13057,#13061,#13062,3000.);
#13064=IFCSHAPEREPRESENTATION(#11,'Body','SweptSolid',(#13063));
#13065=IFCPRODUCTDEFINITIONSHAPE($,$,(#13064));
#13071=IFCCARTESIANPOINT((0.,12000.,6000.));
#13072=IFCDIRECTION((0.,0.,1.));
#13073=IFCDIRECTION((1.,0.,0.));
#13074=IFCAXIS2PLACEMENT3D(#13071,#13072,#13073);
#13075=IFCLOCALPLACEMENT($,#13074);
#13076=IFCPROPERTYSET('3K5rbvv4T02f8Om5YtcYE$',$,'Other',$,(#13078,#13079,#13080));
#13077=IFCRELDEFINESBYPROPERTIES('1YN3XX48z3KxxQCfPHvaoD',$,$,$,(#13054),#13076);
#13078=IFCPROPERTYSINGLEVALUE('Ax',$,IFCLABEL('0.001'),$);
#13079=IFCPROPERTYSINGLEVALUE('Ay',$,IFCLABEL('0.001'),$);
#13080=IFCPROPERTYSINGLEVALUE('Section',$,IFCLABEL('Rect'),$);
#13081=IFCCOLUMN('23DDmCvnv1c8dTGfR1buyp',$,$,$,$,#13102,#13092,$,$);
#13082=IFCCARTESIANPOINTLIST2D(((-200.,-200.),(200.,-200.),(200.,200.),(-200.,200.)));
#13083=IFCINDEXEDPOLYCURVE(#13082,(IFCLINEINDEX((1,2,3,4,1))),$);
#13084=IFCARBITRARYCLOSEDPROFILEDEF(.AREA.,'Arbitrary',#13083);
#13085=IFCCARTESIANPOINT((0.,0.,0.));
#13086=IFCDIRECTION((0.,0.,1.));
#13087=IFCDIRECTION((1.,0.,0.));
#13088=IFCAXIS2PLACEMENT3D(#13085,#13086,#13087);
#13089=IFCDIRECTION((0.,0.,1.));
#13090=IFCEXTRUDEDAREASOLID(#13084,#13088,#13089,3000.);
#13091=IFCSHAPEREPRESENTATION(#11,'Body','SweptSolid',(#13090));
#13092=IFCPRODUCTDEFINITIONSHAPE($,$,(#13091));
#13098=IFCCARTESIANPOINT((0.,18000.,6000.));
#13099=IFCDIRECTION((0.,0.,1.));
#13100=IFCDIRECTION((1.,0.,0.));
#13101=IFCAXIS2PLACEMENT3D(#13098,#13099,#13100);
#13102=IFCLOCALPLACEMENT($,#13101);
#13103=IFCPROPERTYSET('3Z0U1_kgzEbwOW4fPXhRQO',$,'Other',$,(#13105,#13106,#13107));
#13104=IFCRELDEFINESBYPROPERTIES('2zM9J$cxn39R27VRk6UsW3',$,$,$,(#13081),#13103);
#13105=IFCPROPERTYSINGLEVALUE('Ax',$,IFCLABEL('0.001'),$);
#13106=IFCPROPERTYSINGLEVALUE('Ay',$,IFCLABEL('0.001'),$);
#13107=IFCPROPERTYSINGLEVALUE('Section',$,IFCLABEL('Rect'),$);
#13108=IFCCOLUMN('1sZ1h4pNbAMxWr3hqGE9iV',$,$,$,$,#13129,#13119,$,$);
#13109=IFCCARTESIANPOINTLIST2D(((-200.,-200.),(200.,-200.),(200.,200.),(-200.,200.)));
#13110=IFCINDEXEDPOLYCURVE(#13109,(IFCLINEINDEX((1,2,3,4,1))),$);
#13111=IFCARBITRARYCLOSEDPROFILEDEF(.AREA.,'Arbitrary',#13110);
#13112=IFCCARTESIANPOINT((0.,0.,0.));
#13113=IFCDIRECTION((0.,0.,1.));
#13114=IFCDIRECTION((1.,0.,0.));
#13115=IFCAXIS2PLACEMENT3D(#13112,#13113,#13114);
#13116=IFCDIRECTION((0.,0.,1.));
#13117=IFCEXTRUDEDAREASOLID(#13111,#13115,#13116,3000.);
#13118=IFCSHAPEREPRESENTATION(#11,'Body','SweptSolid',(#13117));
#13119=IFCPRODUCTDEFINITIONSHAPE($,$,(#13118));
#13125=IFCCARTESIANPOINT((6000.,12000.,6000.));
#13126=IFCDIRECTION((0.,0.,1.));
#13127=IFCDIRECTION((1.,0.,0.));
#13128=IFCAXIS2PLACEMENT3D(#13125,#13126,#13127);
#13129=IFCLOCALPLACEMENT($,#13128);
#13130=IFCPROPERTYSET('2oZDG5_9rF5fazMd3oogyb',$,'Other',$,(#13132,#13133,#13134));
#13131=IFCRELDEFINESBYPROPERTIES('2hG$JGiF5E2fYI44bTNfHI',$,$,$,(#13108),#13130);
#13132=IFCPROPERTYSINGLEVALUE('Ax',$,IFCLABEL('0.001'),$);
#13133=IFCPROPERTYSINGLEVALUE('Ay',$,IFCLABEL('0.001'),$);
#13134=IFCPROPERTYSINGLEVALUE('Section',$,IFCLABEL('Rect'),$);
#13135=IFCCOLUMN('1FK7V$4Pf8GOLTsOzy_hfQ',$,$,$,$,#13156,#13146,$,$);
#13136=IFCCARTESIANPOINTLIST2D(((-200.,-200.),(200.,-200.),(200.,200.),(-200.,200.)));
#13137=IFCINDEXEDPOLYCURVE(#13136,(IFCLINEINDEX((1,2,3,4,1))),$);
#13138=IFCARBITRARYCLOSEDPROFILEDEF(.AREA.,'Arbitrary',#13137);
#13139=IFCCARTESIANPOINT((0.,0.,0.));
#13140=IFCDIRECTION((0.,0.,1.));
#13141=IFCDIRECTION((1.,0.,0.));
#13142=IFCAXIS2PLACEMENT3D(#13139,#13140,#13141);
#13143=IFCDIRECTION((0.,0.,1.));
#13144=IFCEXTRUDEDAREASOLID(#13138,#13142,#13143,3000.);
#13145=IFCSHAPEREPRESENTATION(#11,'Body','SweptSolid',(#13144));
#13146=IFCPRODUCTDEFINITIONSHAPE($,$,(#13145));
#13152=IFCCARTESIANPOINT((6000.,18000.,6000.));
#13153=IFCDIRECTION((0.,0.,1.));
#13154=IFCDIRECTION((1.,0.,0.));
#13155=IFCAXIS2PLACEMENT3D(#13152,#13153,#13154);
#13156=IFCLOCALPLACEMENT($,#13155);
#13157=IFCPROPERTYSET('2PoChvc5T3V9XnxUMSXcK8',$,'Other',$,(#13159,#13160,#13161));
#13158=IFCRELDEFINESBYPROPERTIES('2mc93B$2v05Bn2R2ztFXg1',$,$,$,(#13135),#13157);
#13159=IFCPROPERTYSINGLEVALUE('Ax',$,IFCLABEL('0.001'),$);
#13160=IFCPROPERTYSINGLEVALUE('Ay',$,IFCLABEL('0.001'),$);
#13161=IFCPROPERTYSINGLEVALUE('Section',$,IFCLABEL('Rect'),$);
#13162=IFCCOLUMN('2lakXdar93Z9lMNUHPzCo$',$,$,$,$,#13183,#13173,$,$);
#13163=IFCCARTESIANPOINTLIST2D(((-200.,-200.),(200.,-200.),(200.,200.),(-200.,200.)));
#13164=IFCINDEXEDPOLYCURVE(#13163,(IFCLINEINDEX((1,2,3,4,1))),$);
#13165=IFCARBITRARYCLOSEDPROFILEDEF(.AREA.,'Arbitrary',#13164);
#13166=IFCCARTESIANPOINT((0.,0.,0.));
#13167=IFCDIRECTION((0.,0.,1.));
#13168=IFCDIRECTION((1.,0.,0.));
#13169=IFCAXIS2PLACEMENT3D(#13166,#13167,#13168);
#13170=IFCDIRECTION((0.,0.,1.));
#13171=IFCEXTRUDEDAREASOLID(#13165,#13169,#13170,3000.);
#13172=IFCSHAPEREPRESENTATION(#11,'Body','SweptSolid',(#13171));
#13173=IFCPRODUCTDEFINITIONSHAPE($,$,(#13172));
#13179=IFCCARTESIANPOINT((12000.,12000.,6000.));
#13180=IFCDIRECTION((0.,0.,1.));
#13181=IFCDIRECTION((1.,0.,0.));
#13182=IFCAXIS2PLACEMENT3D(#13179,#13180,#13181);
#13183=IFCLOCALPLACEMENT($,#13182);
#13184=IFCPROPERTYSET('0$XsccfxrFH9sL0_DHD1Dm',$,'Other',$,(#13186,#13187,#13188));
#13185=IFCRELDEFINESBYPROPERTIES('151f8Hxnn0M8Q67zmjQY4g',$,$,$,(#13162),#13184);
#13186=IFCPROPERTYSINGLEVALUE('Ax',$,IFCLABEL('0.001'),$);
#13187=IFCPROPERTYSINGLEVALUE('Ay',$,IFCLABEL('0.001'),$);
#13188=IFCPROPERTYSINGLEVALUE('Section',$,IFCLABEL('Rect'),$);
#13189=IFCCOLUMN('2hPh698SD3WBrGO5bTMIL3',$,$,$,$,#13210,#13200,$,$);
#13190=IFCCARTESIANPOINTLIST2D(((-200.,-200.),(200.,-200.),(200.,200.),(-200.,200.)));
#13191=IFCINDEXEDPOLYCURVE(#13190,(IFCLINEINDEX((1,2,3,4,1))),$);
#13192=IFCARBITRARYCLOSEDPROFILEDEF(.AREA.,'Arbitrary',#13191);
#13193=IFCCARTESIANPOINT((0.,0.,0.));
#13194=IFCDIRECTION((0.,0.,1.));
#13195=IFCDIRECTION((1.,0.,0.));
#13196=IFCAXIS2PLACEMENT3D(#13193,#13194,#13195);
#13197=IFCDIRECTION((0.,0.,1.));
#13198=IFCEXTRUDEDAREASOLID(#13192,#13196,#13197,3000.);
#13199=IFCSHAPEREPRESENTATION(#11,'Body','SweptSolid',(#13198));
#13200=IFCPRODUCTDEFINITIONSHAPE($,$,(#13199));
#13206=IFCCARTESIANPOINT((12000.,18000.,6000.));
#13207=IFCDIRECTION((0.,0.,1.));
#13208=IFCDIRECTION((1.,0.,0.));
#13209=IFCAXIS2PLACEMENT3D(#13206,#13207,#13208);
#13210=IFCLOCALPLACEMENT($,#13209);
#13211=IFCPROPERTYSET('21h5wVOUH4xhR442Mw5szZ',$,'Other',$,(#13213,#13214,#13215));
#13212=IFCRELDEFINESBYPROPERTIES('2S51kOaJ1CVQYCRRe4fNDW',$,$,$,(#13189),#13211);
#13213=IFCPROPERTYSINGLEVALUE('Ax',$,IFCLABEL('0.001'),$);
#13214=IFCPROPERTYSINGLEVALUE('Ay',$,IFCLABEL('0.001'),$);
#13215=IFCPROPERTYSINGLEVALUE('Section',$,IFCLABEL('Rect'),$);
#13216=IFCCOLUMN('0Oabdac9rDDPCsNY30O59R',$,$,$,$,#13237,#13227,$,$);
#13217=IFCCARTESIANPOINTLIST2D(((-200.,-200.),(200.,-200.),(200.,200.),(-200.,200.)));
#13218=IFCINDEXEDPOLYCURVE(#13217,(IFCLINEINDEX((1,2,3,4,1))),$);
#13219=IFCARBITRARYCLOSEDPROFILEDEF(.AREA.,'Arbitrary',#13218);
#13220=IFCCARTESIANPOINT((0.,0.,0.));
#13221=IFCDIRECTION((0.,0.,1.));
#13222=IFCDIRECTION((1.,0.,0.));
#13223=IFCAXIS2PLACEMENT3D(#13220,#13221,#13222);
#13224=IFCDIRECTION((0.,0.,1.));
#13225=IFCEXTRUDEDAREASOLID(#13219,#13223,#13224,3000.);
#13226=IFCSHAPEREPRESENTATION(#11,'Body','SweptSolid',(#13225));
#13227=IFCPRODUCTDEFINITIONSHAPE($,$,(#13226));
#13233=IFCCARTESIANPOINT((18000.,12000.,6000.));
#13234=IFCDIRECTION((0.,0.,1.));
#13235=IFCDIRECTION((1.,0.,0.));
#13236=IFCAXIS2PLACEMENT3D(#13233,#13234,#13235);
#13237=IFCLOCALPLACEMENT($,#13236);
#13238=IFCPROPERTYSET('2uijqpVKnF6OOAwmQnrmCE',$,'Other',$,(#13240,#13241,#13242));
#13239=IFCRELDEFINESBYPROPERTIES('0DernZghL1ixa6$nlgDoe3',$,$,$,(#13216),#13238);
#13240=IFCPROPERTYSINGLEVALUE('Ax',$,IFCLABEL('0.001'),$);
#13241=IFCPROPERTYSINGLEVALUE('Ay',$,IFCLABEL('0.001'),$);
#13242=IFCPROPERTYSINGLEVALUE('Section',$,IFCLABEL('Rect'),$);
#13243=IFCCOLUMN('2HYbyt00XFFwgZH9Vq6dgL',$,$,$,$,#13264,#13254,$,$);
#13244=IFCCARTESIANPOINTLIST2D(((-200.,-200.),(200.,-200.),(200.,200.),(-200.,200.)));
#13245=IFCINDEXEDPOLYCURVE(#13244,(IFCLINEINDEX((1,2,3,4,1))),$);
#13246=IFCARBITRARYCLOSEDPROFILEDEF(.AREA.,'Arbitrary',#13245);
#13247=IFCCARTESIANPOINT((0.,0.,0.));
#13248=IFCDIRECTION((0.,0.,1.));
#13249=IFCDIRECTION((1.,0.,0.));
#13250=IFCAXIS2PLACEMENT3D(#13247,#13248,#13249);
#13251=IFCDIRECTION((0.,0.,1.));
#13252=IFCEXTRUDEDAREASOLID(#13246,#13250,#13251,3000.);
#13253=IFCSHAPEREPRESENTATION(#11,'Body','SweptSolid',(#13252));
#13254=IFCPRODUCTDEFINITIONSHAPE($,$,(#13253));
#13260=IFCCARTESIANPOINT((18000.,18000.,6000.));
#13261=IFCDIRECTION((0.,0.,1.));
#13262=IFCDIRECTION((1.,0.,0.));
#13263=IFCAXIS2PLACEMENT3D(#13260,#13261,#13262);
#13264=IFCLOCALPLACEMENT($,#13263);
#13265=IFCPROPERTYSET('3EQ5MLT4D8dPwhGEzfk$kZ',$,'Other',$,(#13267,#13268,#13269));
#13266=IFCRELDEFINESBYPROPERTIES('23ui5vGnfCDPNAL1qajKN_',$,$,$,(#13243),#13265);
#13267=IFCPROPERTYSINGLEVALUE('Ax',$,IFCLABEL('0.001'),$);
#13268=IFCPROPERTYSINGLEVALUE('Ay',$,IFCLABEL('0.001'),$);
#13269=IFCPROPERTYSINGLEVALUE('Section',$,IFCLABEL('Rect'),$);
#13270=IFCCOLUMN('1ioXtA9Yn4FwgJTWHrbbAb',$,$,$,$,#13291,#13281,$,$);
#13271=IFCCARTESIANPOINTLIST2D(((-200.,-200.),(200.,-200.),(200.,200.),(-200.,200.)));
#13272=IFCINDEXEDPOLYCURVE(#13271,(IFCLINEINDEX((1,2,3,4,1))),$);
#13273=IFCARBITRARYCLOSEDPROFILEDEF(.AREA.,'Arbitrary',#13272);
#13274=IFCCARTESIANPOINT((0.,0.,0.));
#13275=IFCDIRECTION((0.,0.,1.));
#13276=IFCDIRECTION((1.,0.,0.));
#13277=IFCAXIS2PLACEMENT3D(#13274,#13275,#13276);
#13278=IFCDIRECTION((0.,0.,1.));
#13279=IFCEXTRUDEDAREASOLID(#13273,#13277,#13278,3000.);
#13280=IFCSHAPEREPRESENTATION(#11,'Body','SweptSolid',(#13279));
#13281=IFCPRODUCTDEFINITIONSHAPE($,$,(#13280));
#13287=IFCCARTESIANPOINT((24000.,18000.,6000.));
#13288=IFCDIRECTION((0.,0.,1.));
#13289=IFCDIRECTION((1.,0.,0.));
#13290=IFCAXIS2PLACEMENT3D(#13287,#13288,#13289);
#13291=IFCLOCALPLACEMENT($,#13290);
#13292=IFCPROPERTYSET('0jSurUzB9FB9JO7APvR6Wq',$,'Other',$,(#13294,#13295,#13296));
#13293=IFCRELDEFINESBYPROPERTIES('1kjMsFjNXAO9e_6Zq3IjsG',$,$,$,(#13270),#13292);
#13294=IFCPROPERTYSINGLEVALUE('Ax',$,IFCLABEL('0.001'),$);
#13295=IFCPROPERTYSINGLEVALUE('Ay',$,IFCLABEL('0.001'),$);
#13296=IFCPROPERTYSINGLEVALUE('Section',$,IFCLABEL('Rect'),$);
#13297=IFCCOLUMN('3L9ER1cvD68fBUp_axfbSL',$,$,$,$,#13318,#13308,$,$);
#13298=IFCCARTESIANPOINTLIST2D(((-200.,-200.),(200.,-200.),(200.,200.),(-200.,200.)));
#13299=IFCINDEXEDPOLYCURVE(#13298,(IFCLINEINDEX((1,2,3,4,1))),$);
#13300=IFCARBITRARYCLOSEDPROFILEDEF(.AREA.,'Arbitrary',#13299);
#13301=IFCCARTESIANPOINT((0.,0.,0.));
#13302=IFCDIRECTION((0.,0.,1.));
#13303=IFCDIRECTION((1.,0.,0.));
#13304=IFCAXIS2PLACEMENT3D(#13301,#13302,#13303);
#13305=IFCDIRECTION((0.,0.,1.));
#13306=IFCEXTRUDEDAREASOLID(#13300,#13304,#13305,3000.);
#13307=IFCSHAPEREPRESENTATION(#11,'Body','SweptSolid',(#13306));
#13308=IFCPRODUCTDEFINITIONSHAPE($,$,(#13307));
#13314=IFCCARTESIANPOINT((30000.,18000.,6000.));
#13315=IFCDIRECTION((0.,0.,1.));
#13316=IFCDIRECTION((1.,0.,0.));
#13317=IFCAXIS2PLACEMENT3D(#13314,#13315,#13316);
#13318=IFCLOCALPLACEMENT($,#13317);
#13319=IFCPROPERTYSET('3EHKjPGe9B8OHlYN3foZSl',$,'Other',$,(#13321,#13322,#13323));
#13320=IFCRELDEFINESBYPROPERTIES('2PbfnNWjj2RwtrzmQi56kK',$,$,$,(#13297),#13319);
#13321=IFCPROPERTYSINGLEVALUE('Ax',$,IFCLABEL('0.001'),$);
#13322=IFCPROPERTYSINGLEVALUE('Ay',$,IFCLABEL('0.001'),$);
#13323=IFCPROPERTYSINGLEVALUE('Section',$,IFCLABEL('Rect'),$);
#13324=IFCCOLUMN('2JoBpfajT84e5Xhkc2ZXvB',$,$,$,$,#13345,#13335,$,$);
#13325=IFCCARTESIANPOINTLIST2D(((-200.,-200.),(200.,-200.),(200.,200.),(-200.,200.)));
#13326=IFCINDEXEDPOLYCURVE(#13325,(IFCLINEINDEX((1,2,3,4,1))),$);
#13327=IFCARBITRARYCLOSEDPROFILEDEF(.AREA.,'Arbitrary',#13326);
#13328=IFCCARTESIANPOINT((0.,0.,0.));
#13329=IFCDIRECTION((0.,0.,1.));
#13330=IFCDIRECTION((1.,0.,0.));
#13331=IFCAXIS2PLACEMENT3D(#13328,#13329,#13330);
#13332=IFCDIRECTION((0.,0.,1.));
#13333=IFCEXTRUDEDAREASOLID(#13327,#13331,#13332,3000.);
#13334=IFCSHAPEREPRESENTATION(#11,'Body','SweptSolid',(#13333));
#13335=IFCPRODUCTDEFINITIONSHAPE($,$,(#13334));
#13341=IFCCARTESIANPOINT((18000.,0.,6000.));
#13342=IFCDIRECTION((0.,0.,1.));
#13343=IFCDIRECTION((1.,0.,0.));
#13344=IFCAXIS2PLACEMENT3D(#13341,#13342,#13343);
#13345=IFCLOCALPLACEMENT($,#13344);
#13346=IFCPROPERTYSET('3sWf6ZOtD3BgeL4Ya$z5mX',$,'Other',$,(#13348,#13349,#13350));
#13347=IFCRELDEFINESBYPROPERTIES('2My$lWY_fE1uwxyjeJkuwL',$,$,$,(#13324),#13346);
#13348=IFCPROPERTYSINGLEVALUE('Ax',$,IFCLABEL('0.001'),$);
#13349=IFCPROPERTYSINGLEVALUE('Ay',$,IFCLABEL('0.001'),$);
#13350=IFCPROPERTYSINGLEVALUE('Section',$,IFCLABEL('Rect'),$);
#13351=IFCCOLUMN('2GAVb3l8XFPR5hHRIjnr1H',$,$,$,$,#13372,#13362,$,$);
#13352=IFCCARTESIANPOINTLIST2D(((-200.,-200.),(200.,-200.),(200.,200.),(-200.,200.)));
#13353=IFCINDEXEDPOLYCURVE(#13352,(IFCLINEINDEX((1,2,3,4,1))),$);
#13354=IFCARBITRARYCLOSEDPROFILEDEF(.AREA.,'Arbitrary',#13353);
#13355=IFCCARTESIANPOINT((0.,0.,0.));
#13356=IFCDIRECTION((0.,0.,1.));
#13357=IFCDIRECTION((1.,0.,0.));
#13358=IFCAXIS2PLACEMENT3D(#13355,#13356,#13357);
#13359=IFCDIRECTION((0.,0.,1.));
#13360=IFCEXTRUDEDAREASOLID(#13354,#13358,#13359,3000.);
#13361=IFCSHAPEREPRESENTATION(#11,'Body','SweptSolid',(#13360));
#13362=IFCPRODUCTDEFINITIONSHAPE($,$,(#13361));
#13368=IFCCARTESIANPOINT((18000.,6000.,6000.));
#13369=IFCDIRECTION((0.,0.,1.));
#13370=IFCDIRECTION((1.,0.,0.));
#13371=IFCAXIS2PLACEMENT3D(#13368,#13369,#13370);
#13372=IFCLOCALPLACEMENT($,#13371);
#13373=IFCPROPERTYSET('0YiCStgAT1hgssv3h8sCE8',$,'Other',$,(#13375,#13376,#13377));
#13374=IFCRELDEFINESBYPROPERTIES('0VqFvOAQPA6BdUqz0praHz',$,$,$,(#13351),#13373);
#13375=IFCPROPERTYSINGLEVALUE('Ax',$,IFCLABEL('0.001'),$);
#13376=IFCPROPERTYSINGLEVALUE('Ay',$,IFCLABEL('0.001'),$);
#13377=IFCPROPERTYSINGLEVALUE('Section',$,IFCLABEL('Rect'),$);
#13378=IFCCOLUMN('1TVjPT$jjCUQ4ejCI9kyFy',$,$,$,$,#13399,#13389,$,$);
#13379=IFCCARTESIANPOINTLIST2D(((-200.,-200.),(200.,-200.),(200.,200.),(-200.,200.)));
#13380=IFCINDEXEDPOLYCURVE(#13379,(IFCLINEINDEX((1,2,3,4,1))),$);
#13381=IFCARBITRARYCLOSEDPROFILEDEF(.AREA.,'Arbitrary',#13380);
#13382=IFCCARTESIANPOINT((0.,0.,0.));
#13383=IFCDIRECTION((0.,0.,1.));
#13384=IFCDIRECTION((1.,0.,0.));
#13385=IFCAXIS2PLACEMENT3D(#13382,#13383,#13384);
#13386=IFCDIRECTION((0.,0.,1.));
#13387=IFCEXTRUDEDAREASOLID(#13381,#13385,#13386,3000.);
#13388=IFCSHAPEREPRESENTATION(#11,'Body','SweptSolid',(#13387));
#13389=IFCPRODUCTDEFINITIONSHAPE($,$,(#13388));
#13395=IFCCARTESIANPOINT((24000.,6000.,6000.));
#13396=IFCDIRECTION((0.,0.,1.));
#13397=IFCDIRECTION((1.,0.,0.));
#13398=IFCAXIS2PLACEMENT3D(#13395,#13396,#13397);
#13399=IFCLOCALPLACEMENT($,#13398);
#13400=IFCPROPERTYSET('1goIkR$CHBDQqEi3oOiVex',$,'Other',$,(#13402,#13403,#13404));
#13401=IFCRELDEFINESBYPROPERTIES('3paiGSQ2fErOOozcKIcdjf',$,$,$,(#13378),#13400);
#13402=IFCPROPERTYSINGLEVALUE('Ax',$,IFCLABEL('0.001'),$);
#13403=IFCPROPERTYSINGLEVALUE('Ay',$,IFCLABEL('0.001'),$);
#13404=IFCPROPERTYSINGLEVALUE('Section',$,IFCLABEL('Rect'),$);
#13405=IFCCOLUMN('3oSTQ3ugH9XPaJMWPBk9ts',$,$,$,$,#13426,#13416,$,$);
#13406=IFCCARTESIANPOINTLIST2D(((-200.,-200.),(200.,-200.),(200.,200.),(-200.,200.)));
#13407=IFCINDEXEDPOLYCURVE(#13406,(IFCLINEINDEX((1,2,3,4,1))),$);
#13408=IFCARBITRARYCLOSEDPROFILEDEF(.AREA.,'Arbitrary',#13407);
#13409=IFCCARTESIANPOINT((0.,0.,0.));
#13410=IFCDIRECTION((0.,0.,1.));
#13411=IFCDIRECTION((1.,0.,0.));
#13412=IFCAXIS2PLACEMENT3D(#13409,#13410,#13411);
#13413=IFCDIRECTION((0.,0.,1.));
#13414=IFCEXTRUDEDAREASOLID(#13408,#13412,#13413,3000.);
#13415=IFCSHAPEREPRESENTATION(#11,'Body','SweptSolid',(#13414));
#13416=IFCPRODUCTDEFINITIONSHAPE($,$,(#13415));
#13422=IFCCARTESIANPOINT((12000.,0.,6000.));
#13423=IFCDIRECTION((0.,0.,1.));
#13424=IFCDIRECTION((1.,0.,0.));
#13425=IFCAXIS2PLACEMENT3D(#13422,#13423,#13424);
#13426=IFCLOCALPLACEMENT($,#13425);
#13427=IFCPROPERTYSET('0Q4eR9vbv0uuvv7PFCat9K',$,'Other',$,(#13429,#13430,#13431));
#13428=IFCRELDEFINESBYPROPERTIES('3eNqCuUYbFtRtU9eBivwPR',$,$,$,(#13405),#13427);
#13429=IFCPROPERTYSINGLEVALUE('Ax',$,IFCLABEL('0.001'),$);
#13430=IFCPROPERTYSINGLEVALUE('Ay',$,IFCLABEL('0.001'),$);
#13431=IFCPROPERTYSINGLEVALUE('Section',$,IFCLABEL('Rect'),$);
#13432=IFCCOLUMN('1Rwm_j4of4c9Qy$R7kQ0oO',$,$,$,$,#13453,#13443,$,$);
#13433=IFCCARTESIANPOINTLIST2D(((-200.,-200.),(200.,-200.),(200.,200.),(-200.,200.)));
#13434=IFCINDEXEDPOLYCURVE(#13433,(IFCLINEINDEX((1,2,3,4,1))),$);
#13435=IFCARBITRARYCLOSEDPROFILEDEF(.AREA.,'Arbitrary',#13434);
#13436=IFCCARTESIANPOINT((0.,0.,0.));
#13437=IFCDIRECTION((0.,0.,1.));
#13438=IFCDIRECTION((1.,0.,0.));
#13439=IFCAXIS2PLACEMENT3D(#13436,#13437,#13438);
#13440=IFCDIRECTION((0.,0.,1.));
#13441=IFCEXTRUDEDAREASOLID(#13435,#13439,#13440,3000.);
#13442=IFCSHAPEREPRESENTATION(#11,'Body','SweptSolid',(#13441));
#13443=IFCPRODUCTDEFINITIONSHAPE($,$,(#13442));
#13449=IFCCARTESIANPOINT((12000.,6000.,6000.));
#13450=IFCDIRECTION((0.,0.,1.));
#13451=IFCDIRECTION((1.,0.,0.));
#13452=IFCAXIS2PLACEMENT3D(#13449,#13450,#13451);
#13453=IFCLOCALPLACEMENT($,#13452);
#13454=IFCPROPERTYSET('0n8_ycj6n1lh1GVHPurU9V',$,'Other',$,(#13456,#13457,#13458));
#13455=IFCRELDEFINESBYPROPERTIES('0eqEjHZ6D3vw5VgYarmH0W',$,$,$,(#13432),#13454);
#13456=IFCPROPERTYSINGLEVALUE('Ax',$,IFCLABEL('0.001'),$);
#13457=IFCPROPERTYSINGLEVALUE('Ay',$,IFCLABEL('0.001'),$);
#13458=IFCPROPERTYSINGLEVALUE('Section',$,IFCLABEL('Rect'),$);
#13459=IFCCOLUMN('3TpJ0t0qLEMhxBjTIu7kgD',$,$,$,$,#13480,#13470,$,$);
#13460=IFCCARTESIANPOINTLIST2D(((-200.,-200.),(200.,-200.),(200.,200.),(-200.,200.)));
#13461=IFCINDEXEDPOLYCURVE(#13460,(IFCLINEINDEX((1,2,3,4,1))),$);
#13462=IFCARBITRARYCLOSEDPROFILEDEF(.AREA.,'Arbitrary',#13461);
#13463=IFCCARTESIANPOINT((0.,0.,0.));
#13464=IFCDIRECTION((0.,0.,1.));
#13465=IFCDIRECTION((1.,0.,0.));
#13466=IFCAXIS2PLACEMENT3D(#13463,#13464,#13465);
#13467=IFCDIRECTION((0.,0.,1.));
#13468=IFCEXTRUDEDAREASOLID(#13462,#13466,#13467,3000.);
#13469=IFCSHAPEREPRESENTATION(#11,'Body','SweptSolid',(#13468));
#13470=IFCPRODUCTDEFINITIONSHAPE($,$,(#13469));
#13476=IFCCARTESIANPOINT((0.,12000.,3000.));
#13477=IFCDIRECTION((0.,0.,1.));
#13478=IFCDIRECTION((1.,0.,0.));
#13479=IFCAXIS2PLACEMENT3D(#13476,#13477,#13478);
#13480=IFCLOCALPLACEMENT($,#13479);
#13481=IFCPROPERTYSET('3ZR07gu6P3991CIhFf6PkD',$,'Other',$,(#13483,#13484,#13485));
#13482=IFCRELDEFINESBYPROPERTIES('1V1uAHPDb9498SiJPd4aRo',$,$,$,(#13459),#13481);
#13483=IFCPROPERTYSINGLEVALUE('Ax',$,IFCLABEL('0.001'),$);
#13484=IFCPROPERTYSINGLEVALUE('Ay',$,IFCLABEL('0.001'),$);
#13485=IFCPROPERTYSINGLEVALUE('Section',$,IFCLABEL('Rect'),$);
#13486=IFCCOLUMN('2d1_PErtbEKfKROrNUINeW',$,$,$,$,#13507,#13497,$,$);
#13487=IFCCARTESIANPOINTLIST2D(((-200.,-200.),(200.,-200.),(200.,200.),(-200.,200.)));
#13488=IFCINDEXEDPOLYCURVE(#13487,(IFCLINEINDEX((1,2,3,4,1))),$);
#13489=IFCARBITRARYCLOSEDPROFILEDEF(.AREA.,'Arbitrary',#13488);
#13490=IFCCARTESIANPOINT((0.,0.,0.));
#13491=IFCDIRECTION((0.,0.,1.));
#13492=IFCDIRECTION((1.,0.,0.));
#13493=IFCAXIS2PLACEMENT3D(#13490,#13491,#13492);
#13494=IFCDIRECTION((0.,0.,1.));
#13495=IFCEXTRUDEDAREASOLID(#13489,#13493,#13494,3000.);
#13496=IFCSHAPEREPRESENTATION(#11,'Body','SweptSolid',(#13495));
#13497=IFCPRODUCTDEFINITIONSHAPE($,$,(#13496));
#13503=IFCCARTESIANPOINT((0.,18000.,3000.));
#13504=IFCDIRECTION((0.,0.,1.));
#13505=IFCDIRECTION((1.,0.,0.));
#13506=IFCAXIS2PLACEMENT3D(#13503,#13504,#13505);
#13507=IFCLOCALPLACEMENT($,#13506);
#13508=IFCPROPERTYSET('3S8m9hO017k8Q232bfoCFD',$,'Other',$,(#13510,#13511,#13512));
#13509=IFCRELDEFINESBYPROPERTIES('1DHwZEncv47eG7uq4QJg7C',$,$,$,(#13486),#13508);
#13510=IFCPROPERTYSINGLEVALUE('Ax',$,IFCLABEL('0.001'),$);
#13511=IFCPROPERTYSINGLEVALUE('Ay',$,IFCLABEL('0.001'),$);
#13512=IFCPROPERTYSINGLEVALUE('Section',$,IFCLABEL('Rect'),$);
#13513=IFCCOLUMN('0a0qCdkgXFLABmAnTZPilH',$,$,$,$,#13534,#13524,$,$);
#13514=IFCCARTESIANPOINTLIST2D(((-200.,-200.),(200.,-200.),(200.,200.),(-200.,200.)));
#13515=IFCINDEXEDPOLYCURVE(#13514,(IFCLINEINDEX((1,2,3,4,1))),$);
#13516=IFCARBITRARYCLOSEDPROFILEDEF(.AREA.,'Arbitrary',#13515);
#13517=IFCCARTESIANPOINT((0.,0.,0.));
#13518=IFCDIRECTION((0.,0.,1.));
#13519=IFCDIRECTION((1.,0.,0.));
#13520=IFCAXIS2PLACEMENT3D(#13517,#13518,#13519);
#13521=IFCDIRECTION((0.,0.,1.));
#13522=IFCEXTRUDEDAREASOLID(#13516,#13520,#13521,3000.);
#13523=IFCSHAPEREPRESENTATION(#11,'Body','SweptSolid',(#13522));
#13524=IFCPRODUCTDEFINITIONSHAPE($,$,(#13523));
#13530=IFCCARTESIANPOINT((6000.,12000.,3000.));
#13531=IFCDIRECTION((0.,0.,1.));
#13532=IFCDIRECTION((1.,0.,0.));
#13533=IFCAXIS2PLACEMENT3D(#13530,#13531,#13532);
#13534=IFCLOCALPLACEMENT($,#13533);
#13535=IFCPROPERTYSET('1WtvkYOSrFTwkxPzkeN8vA',$,'Other',$,(#13537,#13538,#13539));
#13536=IFCRELDEFINESBYPROPERTIES('0L2Zmxqk9AGvaOjhDn4uDI',$,$,$,(#13513),#13535);
#13537=IFCPROPERTYSINGLEVALUE('Ax',$,IFCLABEL('0.001'),$);
#13538=IFCPROPERTYSINGLEVALUE('Ay',$,IFCLABEL('0.001'),$);
#13539=IFCPROPERTYSINGLEVALUE('Section',$,IFCLABEL('Rect'),$);
#13540=IFCCOLUMN('2ztKgRYRn9IQGTiarcDwzo',$,$,$,$,#13561,#13551,$,$);
#13541=IFCCARTESIANPOINTLIST2D(((-200.,-200.),(200.,-200.),(200.,200.),(-200.,200.)));
#13542=IFCINDEXEDPOLYCURVE(#13541,(IFCLINEINDEX((1,2,3,4,1))),$);
#13543=IFCARBITRARYCLOSEDPROFILEDEF(.AREA.,'Arbitrary',#13542);
#13544=IFCCARTESIANPOINT((0.,0.,0.));
#13545=IFCDIRECTION((0.,0.,1.));
#13546=IFCDIRECTION((1.,0.,0.));
#13547=IFCAXIS2PLACEMENT3D(#13544,#13545,#13546);
#13548=IFCDIRECTION((0.,0.,1.));
#13549=IFCEXTRUDEDAREASOLID(#13543,#13547,#13548,3000.);
#13550=IFCSHAPEREPRESENTATION(#11,'Body','SweptSolid',(#13549));
#13551=IFCPRODUCTDEFINITIONSHAPE($,$,(#13550));
#13557=IFCCARTESIANPOINT((6000.,18000.,3000.));
#13558=IFCDIRECTION((0.,0.,1.));
#13559=IFCDIRECTION((1.,0.,0.));
#13560=IFCAXIS2PLACEMENT3D(#13557,#13558,#13559);
#13561=IFCLOCALPLACEMENT($,#13560);
#13562=IFCPROPERTYSET('3jY1WMGoT5Jw8aHCHtX00w',$,'Other',$,(#13564,#13565,#13566));
#13563=IFCRELDEFINESBYPROPERTIES('2y7q30WgT2eP8s4ifCwRN6',$,$,$,(#13540),#13562);
#13564=IFCPROPERTYSINGLEVALUE('Ax',$,IFCLABEL('0.001'),$);
#13565=IFCPROPERTYSINGLEVALUE('Ay',$,IFCLABEL('0.001'),$);
#13566=IFCPROPERTYSINGLEVALUE('Section',$,IFCLABEL('Rect'),$);
#13567=IFCCOLUMN('21gbwIQ$1ECBoroKkGXlAC',$,$,$,$,#13588,#13578,$,$);
#13568=IFCCARTESIANPOINTLIST2D(((-200.,-200.),(200.,-200.),(200.,200.),(-200.,200.)));
#13569=IFCINDEXEDPOLYCURVE(#13568,(IFCLINEINDEX((1,2,3,4,1))),$);
#13570=IFCARBITRARYCLOSEDPROFILEDEF(.AREA.,'Arbitrary',#13569);
#13571=IFCCARTESIANPOINT((0.,0.,0.));
#13572=IFCDIRECTION((0.,0.,1.));
#13573=IFCDIRECTION((1.,0.,0.));
#13574=IFCAXIS2PLACEMENT3D(#13571,#13572,#13573);
#13575=IFCDIRECTION((0.,0.,1.));
#13576=IFCEXTRUDEDAREASOLID(#13570,#13574,#13575,3000.);
#13577=IFCSHAPEREPRESENTATION(#11,'Body','SweptSolid',(#13576));
#13578=IFCPRODUCTDEFINITIONSHAPE($,$,(#13577));
#13584=IFCCARTESIANPOINT((12000.,12000.,3000.));
#13585=IFCDIRECTION((0.,0.,1.));
#13586=IFCDIRECTION((1.,0.,0.));
#13587=IFCAXIS2PLACEMENT3D(#13584,#13585,#13586);
#13588=IFCLOCALPLACEMENT($,#13587);
#13589=IFCPROPERTYSET('0CRa1YCIr3p8yOlY2gLPlP',$,'Other',$,(#13591,#13592,#13593));
#13590=IFCRELDEFINESBYPROPERTIES('1Km8b86PT0SuJe2Zmj29M1',$,$,$,(#13567),#13589);
#13591=IFCPROPERTYSINGLEVALUE('Ax',$,IFCLABEL('0.001'),$);
#13592=IFCPROPERTYSINGLEVALUE('Ay',$,IFCLABEL('0.001'),$);
#13593=IFCPROPERTYSINGLEVALUE('Section',$,IFCLABEL('Rect'),$);
#13594=IFCCOLUMN('2LjyZuQr5AQxhHjy9Ni0IM',$,$,$,$,#13615,#13605,$,$);
#13595=IFCCARTESIANPOINTLIST2D(((-200.,-200.),(200.,-200.),(200.,200.),(-200.,200.)));
#13596=IFCINDEXEDPOLYCURVE(#13595,(IFCLINEINDEX((1,2,3,4,1))),$);
#13597=IFCARBITRARYCLOSEDPROFILEDEF(.AREA.,'Arbitrary',#13596);
#13598=IFCCARTESIANPOINT((0.,0.,0.));
#13599=IFCDIRECTION((0.,0.,1.));
#13600=IFCDIRECTION((1.,0.,0.));
#13601=IFCAXIS2PLACEMENT3D(#13598,#13599,#13600);
#13602=IFCDIRECTION((0.,0.,1.));
#13603=IFCEXTRUDEDAREASOLID(#13597,#13601,#13602,3000.);
#13604=IFCSHAPEREPRESENTATION(#11,'Body','SweptSolid',(#13603));
#13605=IFCPRODUCTDEFINITIONSHAPE($,$,(#13604));
#13611=IFCCARTESIANPOINT((12000.,18000.,3000.));
#13612=IFCDIRECTION((0.,0.,1.));
#13613=IFCDIRECTION((1.,0.,0.));
#13614=IFCAXIS2PLACEMENT3D(#13611,#13612,#13613);
#13615=IFCLOCALPLACEMENT($,#13614);
#13616=IFCPROPERTYSET('3tC2XSTmL6jRk8OJh3hlak',$,'Other',$,(#13618,#13619,#13620));
#13617=IFCRELDEFINESBYPROPERTIES('25NEkFwU90EwxcNVyUbPLE',$,$,$,(#13594),#13616);
#13618=IFCPROPERTYSINGLEVALUE('Ax',$,IFCLABEL('0.001'),$);
#13619=IFCPROPERTYSINGLEVALUE('Ay',$,IFCLABEL('0.001'),$);
#13620=IFCPROPERTYSINGLEVALUE('Section',$,IFCLABEL('Rect'),$);
#13621=IFCCOLUMN('37VcBBOYH2PPe6I37klhKT',$,$,$,$,#13642,#13632,$,$);
#13622=IFCCARTESIANPOINTLIST2D(((-200.,-200.),(200.,-200.),(200.,200.),(-200.,200.)));
#13623=IFCINDEXEDPOLYCURVE(#13622,(IFCLINEINDEX((1,2,3,4,1))),$);
#13624=IFCARBITRARYCLOSEDPROFILEDEF(.AREA.,'Arbitrary',#13623);
#13625=IFCCARTESIANPOINT((0.,0.,0.));
#13626=IFCDIRECTION((0.,0.,1.));
#13627=IFCDIRECTION((1.,0.,0.));
#13628=IFCAXIS2PLACEMENT3D(#13625,#13626,#13627);
#13629=IFCDIRECTION((0.,0.,1.));
#13630=IFCEXTRUDEDAREASOLID(#13624,#13628,#13629,3000.);
#13631=IFCSHAPEREPRESENTATION(#11,'Body','SweptSolid',(#13630));
#13632=IFCPRODUCTDEFINITIONSHAPE($,$,(#13631));
#13638=IFCCARTESIANPOINT((18000.,12000.,3000.));
#13639=IFCDIRECTION((0.,0.,1.));
#13640=IFCDIRECTION((1.,0.,0.));
#13641=IFCAXIS2PLACEMENT3D(#13638,#13639,#13640);
#13642=IFCLOCALPLACEMENT($,#13641);
#13643=IFCPROPERTYSET('3W$GTYv3v6Hhd6xe7uIsZi',$,'Other',$,(#13645,#13646,#13647));
#13644=IFCRELDEFINESBYPROPERTIES('34rgnzX6vAdw2$ERlY2J8Q',$,$,$,(#13621),#13643);
#13645=IFCPROPERTYSINGLEVALUE('Ax',$,IFCLABEL('0.001'),$);
#13646=IFCPROPERTYSINGLEVALUE('Ay',$,IFCLABEL('0.001'),$);
#13647=IFCPROPERTYSINGLEVALUE('Section',$,IFCLABEL('Rect'),$);
#13648=IFCCOLUMN('21$C4Veu1ExRbQz1yca_DC',$,$,$,$,#13669,#13659,$,$);
#13649=IFCCARTESIANPOINTLIST2D(((-200.,-200.),(200.,-200.),(200.,200.),(-200.,200.)));
#13650=IFCINDEXEDPOLYCURVE(#13649,(IFCLINEINDEX((1,2,3,4,1))),$);
#13651=IFCARBITRARYCLOSEDPROFILEDEF(.AREA.,'Arbitrary',#13650);
#13652=IFCCARTESIANPOINT((0.,0.,0.));
#13653=IFCDIRECTION((0.,0.,1.));
#13654=IFCDIRECTION((1.,0.,0.));
#13655=IFCAXIS2PLACEMENT3D(#13652,#13653,#13654);
#13656=IFCDIRECTION((0.,0.,1.));
#13657=IFCEXTRUDEDAREASOLID(#13651,#13655,#13656,3000.);
#13658=IFCSHAPEREPRESENTATION(#11,'Body','SweptSolid',(#13657));
#13659=IFCPRODUCTDEFINITIONSHAPE($,$,(#13658));
#13665=IFCCARTESIANPOINT((18000.,18000.,3000.));
#13666=IFCDIRECTION((0.,0.,1.));
#13667=IFCDIRECTION((1.,0.,0.));
#13668=IFCAXIS2PLACEMENT3D(#13665,#13666,#13667);
#13669=IFCLOCALPLACEMENT($,#13668);
#13670=IFCPROPERTYSET('2i5$4k7VH1BeYJFRQhBaxN',$,'Other',$,(#13672,#13673,#13674));
#13671=IFCRELDEFINESBYPROPERTIES('2PS0to4pf7zRtVqAb5kvxb',$,$,$,(#13648),#13670);
#13672=IFCPROPERTYSINGLEVALUE('Ax',$,IFCLABEL('0.001'),$);
#13673=IFCPROPERTYSINGLEVALUE('Ay',$,IFCLABEL('0.001'),$);
#13674=IFCPROPERTYSINGLEVALUE('Section',$,IFCLABEL('Rect'),$);
#13675=IFCCOLUMN('2jWdqR6nn4Pu3Vy2hH9Cy7',$,$,$,$,#13696,#13686,$,$);
#13676=IFCCARTESIANPOINTLIST2D(((-200.,-200.),(200.,-200.),(200.,200.),(-200.,200.)));
#13677=IFCINDEXEDPOLYCURVE(#13676,(IFCLINEINDEX((1,2,3,4,1))),$);
#13678=IFCARBITRARYCLOSEDPROFILEDEF(.AREA.,'Arbitrary',#13677);
#13679=IFCCARTESIANPOINT((0.,0.,0.));
#13680=IFCDIRECTION((0.,0.,1.));
#13681=IFCDIRECTION((1.,0.,0.));
#13682=IFCAXIS2PLACEMENT3D(#13679,#13680,#13681);
#13683=IFCDIRECTION((0.,0.,1.));
#13684=IFCEXTRUDEDAREASOLID(#13678,#13682,#13683,3000.);
#13685=IFCSHAPEREPRESENTATION(#11,'Body','SweptSolid',(#13684));
#13686=IFCPRODUCTDEFINITIONSHAPE($,$,(#13685));
#13692=IFCCARTESIANPOINT((24000.,18000.,3000.));
#13693=IFCDIRECTION((0.,0.,1.));
#13694=IFCDIRECTION((1.,0.,0.));
#13695=IFCAXIS2PLACEMENT3D(#13692,#13693,#13694);
#13696=IFCLOCALPLACEMENT($,#13695);
#13697=IFCPROPERTYSET('1RBx3A8WzAIv3aXlLWp427',$,'Other',$,(#13699,#13700,#13701));
#13698=IFCRELDEFINESBYPROPERTIES('2Wo2osBk5CpBXQ5StGWuM3',$,$,$,(#13675),#13697);
#13699=IFCPROPERTYSINGLEVALUE('Ax',$,IFCLABEL('0.001'),$);
#13700=IFCPROPERTYSINGLEVALUE('Ay',$,IFCLABEL('0.001'),$);
#13701=IFCPROPERTYSINGLEVALUE('Section',$,IFCLABEL('Rect'),$);
#13702=IFCCOLUMN('3yw_djaVz0_h0Lt1CeT2l8',$,$,$,$,#13723,#13713,$,$);
#13703=IFCCARTESIANPOINTLIST2D(((-200.,-200.),(200.,-200.),(200.,200.),(-200.,200.)));
#13704=IFCINDEXEDPOLYCURVE(#13703,(IFCLINEINDEX((1,2,3,4,1))),$);
#13705=IFCARBITRARYCLOSEDPROFILEDEF(.AREA.,'Arbitrary',#13704);
#13706=IFCCARTESIANPOINT((0.,0.,0.));
#13707=IFCDIRECTION((0.,0.,1.));
#13708=IFCDIRECTION((1.,0.,0.));
#13709=IFCAXIS2PLACEMENT3D(#13706,#13707,#13708);
#13710=IFCDIRECTION((0.,0.,1.));
#13711=IFCEXTRUDEDAREASOLID(#13705,#13709,#13710,3000.);
#13712=IFCSHAPEREPRESENTATION(#11,'Body','SweptSolid',(#13711));
#13713=IFCPRODUCTDEFINITIONSHAPE($,$,(#13712));
#13719=IFCCARTESIANPOINT((30000.,18000.,3000.));
#13720=IFCDIRECTION((0.,0.,1.));
#13721=IFCDIRECTION((1.,0.,0.));
#13722=IFCAXIS2PLACEMENT3D(#13719,#13720,#13721);
#13723=IFCLOCALPLACEMENT($,#13722);
#13724=IFCPROPERTYSET('1mNuXhEKP3FvpYWqswsolF',$,'Other',$,(#13726,#13727,#13728));
#13725=IFCRELDEFINESBYPROPERTIES('1dPdAlQuD4puBaqbYFSoOX',$,$,$,(#13702),#13724);
#13726=IFCPROPERTYSINGLEVALUE('Ax',$,IFCLABEL('0.001'),$);
#13727=IFCPROPERTYSINGLEVALUE('Ay',$,IFCLABEL('0.001'),$);
#13728=IFCPROPERTYSINGLEVALUE('Section',$,IFCLABEL('Rect'),$);
#13729=IFCCOLUMN('2x0RRl9IPDqRpW6fpH1hn4',$,$,$,$,#13750,#13740,$,$);
#13730=IFCCARTESIANPOINTLIST2D(((-200.,-200.),(200.,-200.),(200.,200.),(-200.,200.)));
#13731=IFCINDEXEDPOLYCURVE(#13730,(IFCLINEINDEX((1,2,3,4,1))),$);
#13732=IFCARBITRARYCLOSEDPROFILEDEF(.AREA.,'Arbitrary',#13731);
#13733=IFCCARTESIANPOINT((0.,0.,0.));
#13734=IFCDIRECTION((0.,0.,1.));
#13735=IFCDIRECTION((1.,0.,0.));
#13736=IFCAXIS2PLACEMENT3D(#13733,#13734,#13735);
#13737=IFCDIRECTION((0.,0.,1.));
#13738=IFCEXTRUDEDAREASOLID(#13732,#13736,#13737,3000.);
#13739=IFCSHAPEREPRESENTATION(#11,'Body','SweptSolid',(#13738));
#13740=IFCPRODUCTDEFINITIONSHAPE($,$,(#13739));
#13746=IFCCARTESIANPOINT((18000.,0.,3000.));
#13747=IFCDIRECTION((0.,0.,1.));
#13748=IFCDIRECTION((1.,0.,0.));
#13749=IFCAXIS2PLACEMENT3D(#13746,#13747,#13748);
#13750=IFCLOCALPLACEMENT($,#13749);
#13751=IFCPROPERTYSET('3zU9ED8rT0muz6k48hyoNM',$,'Other',$,(#13753,#13754,#13755));
#13752=IFCRELDEFINESBYPROPERTIES('2VAfPL7crEN8$4ORQpSHvZ',$,$,$,(#13729),#13751);
#13753=IFCPROPERTYSINGLEVALUE('Ax',$,IFCLABEL('0.001'),$);
#13754=IFCPROPERTYSINGLEVALUE('Ay',$,IFCLABEL('0.001'),$);
#13755=IFCPROPERTYSINGLEVALUE('Section',$,IFCLABEL('Rect'),$);
#13756=IFCCOLUMN('2Shr2a41zCA9bX1UCcfZSy',$,$,$,$,#13777,#13767,$,$);
#13757=IFCCARTESIANPOINTLIST2D(((-200.,-200.),(200.,-200.),(200.,200.),(-200.,200.)));
#13758=IFCINDEXEDPOLYCURVE(#13757,(IFCLINEINDEX((1,2,3,4,1))),$);
#13759=IFCARBITRARYCLOSEDPROFILEDEF(.AREA.,'Arbitrary',#13758);
#13760=IFCCARTESIANPOINT((0.,0.,0.));
#13761=IFCDIRECTION((0.,0.,1.));
#13762=IFCDIRECTION((1.,0.,0.));
#13763=IFCAXIS2PLACEMENT3D(#13760,#13761,#13762);
#13764=IFCDIRECTION((0.,0.,1.));
#13765=IFCEXTRUDEDAREASOLID(#13759,#13763,#13764,3000.);
#13766=IFCSHAPEREPRESENTATION(#11,'Body','SweptSolid',(#13765));
#13767=IFCPRODUCTDEFINITIONSHAPE($,$,(#13766));
#13773=IFCCARTESIANPOINT((18000.,6000.,3000.));
#13774=IFCDIRECTION((0.,0.,1.));
#13775=IFCDIRECTION((1.,0.,0.));
#13776=IFCAXIS2PLACEMENT3D(#13773,#13774,#13775);
#13777=IFCLOCALPLACEMENT($,#13776);
#13778=IFCPROPERTYSET('0VfckY2_155vZwG2d9KS54',$,'Other',$,(#13780,#13781,#13782));
#13779=IFCRELDEFINESBYPROPERTIES('1JeHgdrvD6vw90ouYzM4gL',$,$,$,(#13756),#13778);
#13780=IFCPROPERTYSINGLEVALUE('Ax',$,IFCLABEL('0.001'),$);
#13781=IFCPROPERTYSINGLEVALUE('Ay',$,IFCLABEL('0.001'),$);
#13782=IFCPROPERTYSINGLEVALUE('Section',$,IFCLABEL('Rect'),$);
#13783=IFCCOLUMN('0R2GG1i0D9awhvK8UvH9RV',$,$,$,$,#13804,#13794,$,$);
#13784=IFCCARTESIANPOINTLIST2D(((-200.,-200.),(200.,-200.),(200.,200.),(-200.,200.)));
#13785=IFCINDEXEDPOLYCURVE(#13784,(IFCLINEINDEX((1,2,3,4,1))),$);
#13786=IFCARBITRARYCLOSEDPROFILEDEF(.AREA.,'Arbitrary',#13785);
#13787=IFCCARTESIANPOINT((0.,0.,0.));
#13788=IFCDIRECTION((0.,0.,1.));
#13789=IFCDIRECTION((1.,0.,0.));
#13790=IFCAXIS2PLACEMENT3D(#13787,#13788,#13789);
#13791=IFCDIRECTION((0.,0.,1.));
#13792=IFCEXTRUDEDAREASOLID(#13786,#13790,#13791,3000.);
#13793=IFCSHAPEREPRESENTATION(#11,'Body','SweptSolid',(#13792));
#13794=IFCPRODUCTDEFINITIONSHAPE($,$,(#13793));
#13800=IFCCARTESIANPOINT((24000.,6000.,3000.));
#13801=IFCDIRECTION((0.,0.,1.));
#13802=IFCDIRECTION((1.,0.,0.));
#13803=IFCAXIS2PLACEMENT3D(#13800,#13801,#13802);
#13804=IFCLOCALPLACEMENT($,#13803);
#13805=IFCPROPERTYSET('1tMH5hNq91UAnKl9jSxu4o',$,'Other',$,(#13807,#13808,#13809));
#13806=IFCRELDEFINESBYPROPERTIES('2eSLLua315bQxrPkCRsv_$',$,$,$,(#13783),#13805);
#13807=IFCPROPERTYSINGLEVALUE('Ax',$,IFCLABEL('0.001'),$);
#13808=IFCPROPERTYSINGLEVALUE('Ay',$,IFCLABEL('0.001'),$);
#13809=IFCPROPERTYSINGLEVALUE('Section',$,IFCLABEL('Rect'),$);
#13810=IFCCOLUMN('1q_1h73l11mvVD$1sknjKm',$,$,$,$,#13831,#13821,$,$);
#13811=IFCCARTESIANPOINTLIST2D(((-200.,-200.),(200.,-200.),(200.,200.),(-200.,200.)));
#13812=IFCINDEXEDPOLYCURVE(#13811,(IFCLINEINDEX((1,2,3,4,1))),$);
#13813=IFCARBITRARYCLOSEDPROFILEDEF(.AREA.,'Arbitrary',#13812);
#13814=IFCCARTESIANPOINT((0.,0.,0.));
#13815=IFCDIRECTION((0.,0.,1.));
#13816=IFCDIRECTION((1.,0.,0.));
#13817=IFCAXIS2PLACEMENT3D(#13814,#13815,#13816);
#13818=IFCDIRECTION((0.,0.,1.));
#13819=IFCEXTRUDEDAREASOLID(#13813,#13817,#13818,3000.);
#13820=IFCSHAPEREPRESENTATION(#11,'Body','SweptSolid',(#13819));
#13821=IFCPRODUCTDEFINITIONSHAPE($,$,(#13820));
#13827=IFCCARTESIANPOINT((12000.,0.,3000.));
#13828=IFCDIRECTION((0.,0.,1.));
#13829=IFCDIRECTION((1.,0.,0.));
#13830=IFCAXIS2PLACEMENT3D(#13827,#13828,#13829);
#13831=IFCLOCALPLACEMENT($,#13830);
#13832=IFCPROPERTYSET('3HLywxahDFhQDnPf6bMuO1',$,'Other',$,(#13834,#13835,#13836));
#13833=IFCRELDEFINESBYPROPERTIES('1l_lG5pR527PcUmHttKyVH',$,$,$,(#13810),#13832);
#13834=IFCPROPERTYSINGLEVALUE('Ax',$,IFCLABEL('0.001'),$);
#13835=IFCPROPERTYSINGLEVALUE('Ay',$,IFCLABEL('0.001'),$);
#13836=IFCPROPERTYSINGLEVALUE('Section',$,IFCLABEL('Rect'),$);
#13837=IFCCOLUMN('0fql_n0CP3TPb3M6vgWI1W',$,$,$,$,#13858,#13848,$,$);
#13838=IFCCARTESIANPOINTLIST2D(((-200.,-200.),(200.,-200.),(200.,200.),(-200.,200.)));
#13839=IFCINDEXEDPOLYCURVE(#13838,(IFCLINEINDEX((1,2,3,4,1))),$);
#13840=IFCARBITRARYCLOSEDPROFILEDEF(.AREA.,'Arbitrary',#13839);
#13841=IFCCARTESIANPOINT((0.,0.,0.));
#13842=IFCDIRECTION((0.,0.,1.));
#13843=IFCDIRECTION((1.,0.,0.));
#13844=IFCAXIS2PLACEMENT3D(#13841,#13842,#13843);
#13845=IFCDIRECTION((0.,0.,1.));
#13846=IFCEXTRUDEDAREASOLID(#13840,#13844,#13845,3000.);
#13847=IFCSHAPEREPRESENTATION(#11,'Body','SweptSolid',(#13846));
#13848=IFCPRODUCTDEFINITIONSHAPE($,$,(#13847));
#13854=IFCCARTESIANPOINT((12000.,6000.,3000.));
#13855=IFCDIRECTION((0.,0.,1.));
#13856=IFCDIRECTION((1.,0.,0.));
#13857=IFCAXIS2PLACEMENT3D(#13854,#13855,#13856);
#13858=IFCLOCALPLACEMENT($,#13857);
#13859=IFCPROPERTYSET('2s_wx283zAvxd6RcEBTNAd',$,'Other',$,(#13861,#13862,#13863));
#13860=IFCRELDEFINESBYPROPERTIES('3bukQ8oP98zR$BQef5G1SN',$,$,$,(#13837),#13859);
#13861=IFCPROPERTYSINGLEVALUE('Ax',$,IFCLABEL('0.001'),$);
#13862=IFCPROPERTYSINGLEVALUE('Ay',$,IFCLABEL('0.001'),$);
#13863=IFCPROPERTYSINGLEVALUE('Section',$,IFCLABEL('Rect'),$);
#13864=IFCCOLUMN('1DBrMov6j8iw67nGgXABV$',$,$,$,$,#13885,#13875,$,$);
#13865=IFCCARTESIANPOINTLIST2D(((-200.,-200.),(200.,-200.),(200.,200.),(-200.,200.)));
#13866=IFCINDEXEDPOLYCURVE(#13865,(IFCLINEINDEX((1,2,3,4,1))),$);
#13867=IFCARBITRARYCLOSEDPROFILEDEF(.AREA.,'Arbitrary',#13866);
#13868=IFCCARTESIANPOINT((0.,0.,0.));
#13869=IFCDIRECTION((0.,0.,1.));
#13870=IFCDIRECTION((1.,0.,0.));
#13871=IFCAXIS2PLACEMENT3D(#13868,#13869,#13870);
#13872=IFCDIRECTION((0.,0.,1.));
#13873=IFCEXTRUDEDAREASOLID(#13867,#13871,#13872,3000.);
#13874=IFCSHAPEREPRESENTATION(#11,'Body','SweptSolid',(#13873));
#13875=IFCPRODUCTDEFINITIONSHAPE($,$,(#13874));
#13881=IFCCARTESIANPOINT((0.,12000.,0.));
#13882=IFCDIRECTION((0.,0.,1.));
#13883=IFCDIRECTION((1.,0.,0.));
#13884=IFCAXIS2PLACEMENT3D(#13881,#13882,#13883);
#13885=IFCLOCALPLACEMENT($,#13884);
#13886=IFCPROPERTYSET('1zHD19omfApBMnBibC9SfF',$,'Other',$,(#13888,#13889,#13890));
#13887=IFCRELDEFINESBYPROPERTIES('0o$fJ2ycjB4une7HlWaXBG',$,$,$,(#13864),#13886);
#13888=IFCPROPERTYSINGLEVALUE('Ax',$,IFCLABEL('0.001'),$);
#13889=IFCPROPERTYSINGLEVALUE('Ay',$,IFCLABEL('0.001'),$);
#13890=IFCPROPERTYSINGLEVALUE('Section',$,IFCLABEL('Rect'),$);
#13891=IFCCOLUMN('25ThRnlXn5_AiMbH4kF8k7',$,$,$,$,#13912,#13902,$,$);
#13892=IFCCARTESIANPOINTLIST2D(((-200.,-200.),(200.,-200.),(200.,200.),(-200.,200.)));
#13893=IFCINDEXEDPOLYCURVE(#13892,(IFCLINEINDEX((1,2,3,4,1))),$);
#13894=IFCARBITRARYCLOSEDPROFILEDEF(.AREA.,'Arbitrary',#13893);
#13895=IFCCARTESIANPOINT((0.,0.,0.));
#13896=IFCDIRECTION((0.,0.,1.));
#13897=IFCDIRECTION((1.,0.,0.));
#13898=IFCAXIS2PLACEMENT3D(#13895,#13896,#13897);
#13899=IFCDIRECTION((0.,0.,1.));
#13900=IFCEXTRUDEDAREASOLID(#13894,#13898,#13899,3000.);
#13901=IFCSHAPEREPRESENTATION(#11,'Body','SweptSolid',(#13900));
#13902=IFCPRODUCTDEFINITIONSHAPE($,$,(#13901));
#13908=IFCCARTESIANPOINT((0.,18000.,0.));
#13909=IFCDIRECTION((0.,0.,1.));
#13910=IFCDIRECTION((1.,0.,0.));
#13911=IFCAXIS2PLACEMENT3D(#13908,#13909,#13910);
#13912=IFCLOCALPLACEMENT($,#13911);
#13913=IFCPROPERTYSET('3tpWHuubf0vQU$HXf5Y5f3',$,'Other',$,(#13915,#13916,#13917));
#13914=IFCRELDEFINESBYPROPERTIES('19t8m9DAr0oQ_mr1aEVEOv',$,$,$,(#13891),#13913);
#13915=IFCPROPERTYSINGLEVALUE('Ax',$,IFCLABEL('0.001'),$);
#13916=IFCPROPERTYSINGLEVALUE('Ay',$,IFCLABEL('0.001'),$);
#13917=IFCPROPERTYSINGLEVALUE('Section',$,IFCLABEL('Rect'),$);
#13918=IFCCOLUMN('21hXByjUn3ixQd$JYXJDjI',$,$,$,$,#13939,#13929,$,$);
#13919=IFCCARTESIANPOINTLIST2D(((-200.,-200.),(200.,-200.),(200.,200.),(-200.,200.)));
#13920=IFCINDEXEDPOLYCURVE(#13919,(IFCLINEINDEX((1,2,3,4,1))),$);
#13921=IFCARBITRARYCLOSEDPROFILEDEF(.AREA.,'Arbitrary',#13920);
#13922=IFCCARTESIANPOINT((0.,0.,0.));
#13923=IFCDIRECTION((0.,0.,1.));
#13924=IFCDIRECTION((1.,0.,0.));
#13925=IFCAXIS2PLACEMENT3D(#13922,#13923,#13924);
#13926=IFCDIRECTION((0.,0.,1.));
#13927=IFCEXTRUDEDAREASOLID(#13921,#13925,#13926,3000.);
#13928=IFCSHAPEREPRESENTATION(#11,'Body','SweptSolid',(#13927));
#13929=IFCPRODUCTDEFINITIONSHAPE($,$,(#13928));
#13935=IFCCARTESIANPOINT((6000.,12000.,0.));
#13936=IFCDIRECTION((0.,0.,1.));
#13937=IFCDIRECTION((1.,0.,0.));
#13938=IFCAXIS2PLACEMENT3D(#13935,#13936,#13937);
#13939=IFCLOCALPLACEMENT($,#13938);
#13940=IFCPROPERTYSET('0kB5xywxz1SgjAUL1WfP_e',$,'Other',$,(#13942,#13943,#13944));
#13941=IFCRELDEFINESBYPROPERTIES('2Pa$Vkx_T0FuIBN8Q5dllf',$,$,$,(#13918),#13940);
#13942=IFCPROPERTYSINGLEVALUE('Ax',$,IFCLABEL('0.001'),$);
#13943=IFCPROPERTYSINGLEVALUE('Ay',$,IFCLABEL('0.001'),$);
#13944=IFCPROPERTYSINGLEVALUE('Section',$,IFCLABEL('Rect'),$);
#13945=IFCCOLUMN('3D3DdAI$f3Y9RN_QwBc4AV',$,$,$,$,#13966,#13956,$,$);
#13946=IFCCARTESIANPOINTLIST2D(((-200.,-200.),(200.,-200.),(200.,200.),(-200.,200.)));
#13947=IFCINDEXEDPOLYCURVE(#13946,(IFCLINEINDEX((1,2,3,4,1))),$);
#13948=IFCARBITRARYCLOSEDPROFILEDEF(.AREA.,'Arbitrary',#13947);
#13949=IFCCARTESIANPOINT((0.,0.,0.));
#13950=IFCDIRECTION((0.,0.,1.));
#13951=IFCDIRECTION((1.,0.,0.));
#13952=IFCAXIS2PLACEMENT3D(#13949,#13950,#13951);
#13953=IFCDIRECTION((0.,0.,1.));
#13954=IFCEXTRUDEDAREASOLID(#13948,#13952,#13953,3000.);
#13955=IFCSHAPEREPRESENTATION(#11,'Body','SweptSolid',(#13954));
#13956=IFCPRODUCTDEFINITIONSHAPE($,$,(#13955));
#13962=IFCCARTESIANPOINT((6000.,18000.,0.));
#13963=IFCDIRECTION((0.,0.,1.));
#13964=IFCDIRECTION((1.,0.,0.));
#13965=IFCAXIS2PLACEMENT3D(#13962,#13963,#13964);
#13966=IFCLOCALPLACEMENT($,#13965);
#13967=IFCPROPERTYSET('1GL9LmLhb4q9ZgZcPTDGSs',$,'Other',$,(#13969,#13970,#13971));
#13968=IFCRELDEFINESBYPROPERTIES('3J30yyMF50$Bj41FLeYJE_',$,$,$,(#13945),#13967);
#13969=IFCPROPERTYSINGLEVALUE('Ax',$,IFCLABEL('0.001'),$);
#13970=IFCPROPERTYSINGLEVALUE('Ay',$,IFCLABEL('0.001'),$);
#13971=IFCPROPERTYSINGLEVALUE('Section',$,IFCLABEL('Rect'),$);
#13972=IFCCOLUMN('1ghihIxUDFoAybiElp$Hjq',$,$,$,$,#13993,#13983,$,$);
#13973=IFCCARTESIANPOINTLIST2D(((-200.,-200.),(200.,-200.),(200.,200.),(-200.,200.)));
#13974=IFCINDEXEDPOLYCURVE(#13973,(IFCLINEINDEX((1,2,3,4,1))),$);
#13975=IFCARBITRARYCLOSEDPROFILEDEF(.AREA.,'Arbitrary',#13974);
#13976=IFCCARTESIANPOINT((0.,0.,0.));
#13977=IFCDIRECTION((0.,0.,1.));
#13978=IFCDIRECTION((1.,0.,0.));
#13979=IFCAXIS2PLACEMENT3D(#13976,#13977,#13978);
#13980=IFCDIRECTION((0.,0.,1.));
#13981=IFCEXTRUDEDAREASOLID(#13975,#13979,#13980,3000.);
#13982=IFCSHAPEREPRESENTATION(#11,'Body','SweptSolid',(#13981));
#13983=IFCPRODUCTDEFINITIONSHAPE($,$,(#13982));
#13989=IFCCARTESIANPOINT((12000.,12000.,0.));
#13990=IFCDIRECTION((0.,0.,1.));
#13991=IFCDIRECTION((1.,0.,0.));
#13992=IFCAXIS2PLACEMENT3D(#13989,#13990,#13991);
#13993=IFCLOCALPLACEMENT($,#13992);
#13994=IFCPROPERTYSET('1cSHWW6p908hKiPINhfPe6',$,'Other',$,(#13996,#13997,#13998));
#13995=IFCRELDEFINESBYPROPERTIES('3HrZRn7415rwmLrTmdX$6w',$,$,$,(#13972),#13994);
#13996=IFCPROPERTYSINGLEVALUE('Ax',$,IFCLABEL('0.001'),$);
#13997=IFCPROPERTYSINGLEVALUE('Ay',$,IFCLABEL('0.001'),$);
#13998=IFCPROPERTYSINGLEVALUE('Section',$,IFCLABEL('Rect'),$);
#13999=IFCCOLUMN('2$mBoaojL7ABxxRUrLo18C',$,$,$,$,#14020,#14010,$,$);
#14000=IFCCARTESIANPOINTLIST2D(((-200.,-200.),(200.,-200.),(200.,200.),(-200.,200.)));
#14001=IFCINDEXEDPOLYCURVE(#14000,(IFCLINEINDEX((1,2,3,4,1))),$);
#14002=IFCARBITRARYCLOSEDPROFILEDEF(.AREA.,'Arbitrary',#14001);
#14003=IFCCARTESIANPOINT((0.,0.,0.));
#14004=IFCDIRECTION((0.,0.,1.));
#14005=IFCDIRECTION((1.,0.,0.));
#14006=IFCAXIS2PLACEMENT3D(#14003,#14004,#14005);
#14007=IFCDIRECTION((0.,0.,1.));
#14008=IFCEXTRUDEDAREASOLID(#14002,#14006,#14007,3000.);
#14009=IFCSHAPEREPRESENTATION(#11,'Body','SweptSolid',(#14008));
#14010=IFCPRODUCTDEFINITIONSHAPE($,$,(#14009));
#14016=IFCCARTESIANPOINT((12000.,18000.,0.));
#14017=IFCDIRECTION((0.,0.,1.));
#14018=IFCDIRECTION((1.,0.,0.));
#14019=IFCAXIS2PLACEMENT3D(#14016,#14017,#14018);
#14020=IFCLOCALPLACEMENT($,#14019);
#14021=IFCPROPERTYSET('2o8R2gUcb3vQbyXav_jxQd',$,'Other',$,(#14023,#14024,#14025));
#14022=IFCRELDEFINESBYPROPERTIES('1oULPOPvDBTRv2GvNac8to',$,$,$,(#13999),#14021);
#14023=IFCPROPERTYSINGLEVALUE('Ax',$,IFCLABEL('0.001'),$);
#14024=IFCPROPERTYSINGLEVALUE('Ay',$,IFCLABEL('0.001'),$);
#14025=IFCPROPERTYSINGLEVALUE('Section',$,IFCLABEL('Rect'),$);
#14026=IFCCOLUMN('3Io8r0nyr5KgZA_k0v3Xhi',$,$,$,$,#14047,#14037,$,$);
#14027=IFCCARTESIANPOINTLIST2D(((-200.,-200.),(200.,-200.),(200.,200.),(-200.,200.)));
#14028=IFCINDEXEDPOLYCURVE(#14027,(IFCLINEINDEX((1,2,3,4,1))),$);
#14029=IFCARBITRARYCLOSEDPROFILEDEF(.AREA.,'Arbitrary',#14028);
#14030=IFCCARTESIANPOINT((0.,0.,0.));
#14031=IFCDIRECTION((0.,0.,1.));
#14032=IFCDIRECTION((1.,0.,0.));
#14033=IFCAXIS2PLACEMENT3D(#14030,#14031,#14032);
#14034=IFCDIRECTION((0.,0.,1.));
#14035=IFCEXTRUDEDAREASOLID(#14029,#14033,#14034,3000.);
#14036=IFCSHAPEREPRESENTATION(#11,'Body','SweptSolid',(#14035));
#14037=IFCPRODUCTDEFINITIONSHAPE($,$,(#14036));
#14043=IFCCARTESIANPOINT((18000.,12000.,0.));
#14044=IFCDIRECTION((0.,0.,1.));
#14045=IFCDIRECTION((1.,0.,0.));
#14046=IFCAXIS2PLACEMENT3D(#14043,#14044,#14045);
#14047=IFCLOCALPLACEMENT($,#14046);
#14048=IFCPROPERTYSET('0tA28JJIfD2ARcNBh4Nwc$',$,'Other',$,(#14050,#14051,#14052));
#14049=IFCRELDEFINESBYPROPERTIES('25jsK0lAH5dftcosqXioyR',$,$,$,(#14026),#14048);
#14050=IFCPROPERTYSINGLEVALUE('Ax',$,IFCLABEL('0.001'),$);
#14051=IFCPROPERTYSINGLEVALUE('Ay',$,IFCLABEL('0.001'),$);
#14052=IFCPROPERTYSINGLEVALUE('Section',$,IFCLABEL('Rect'),$);
#14053=IFCCOLUMN('26ZHN0hLDDqgMLUd0ij3Xs',$,$,$,$,#14074,#14064,$,$);
#14054=IFCCARTESIANPOINTLIST2D(((-200.,-200.),(200.,-200.),(200.,200.),(-200.,200.)));
#14055=IFCINDEXEDPOLYCURVE(#14054,(IFCLINEINDEX((1,2,3,4,1))),$);
#14056=IFCARBITRARYCLOSEDPROFILEDEF(.AREA.,'Arbitrary',#14055);
#14057=IFCCARTESIANPOINT((0.,0.,0.));
#14058=IFCDIRECTION((0.,0.,1.));
#14059=IFCDIRECTION((1.,0.,0.));
#14060=IFCAXIS2PLACEMENT3D(#14057,#14058,#14059);
#14061=IFCDIRECTION((0.,0.,1.));
#14062=IFCEXTRUDEDAREASOLID(#14056,#14060,#14061,3000.);
#14063=IFCSHAPEREPRESENTATION(#11,'Body','SweptSolid',(#14062));
#14064=IFCPRODUCTDEFINITIONSHAPE($,$,(#14063));
#14070=IFCCARTESIANPOINT((18000.,18000.,0.));
#14071=IFCDIRECTION((0.,0.,1.));
#14072=IFCDIRECTION((1.,0.,0.));
#14073=IFCAXIS2PLACEMENT3D(#14070,#14071,#14072);
#14074=IFCLOCALPLACEMENT($,#14073);
#14075=IFCPROPERTYSET('0AlvftCl5BOx3Ym6d5mEe7',$,'Other',$,(#14077,#14078,#14079));
#14076=IFCRELDEFINESBYPROPERTIES('0K2fCfrB13ohwZoZfzmoHP',$,$,$,(#14053),#14075);
#14077=IFCPROPERTYSINGLEVALUE('Ax',$,IFCLABEL('0.001'),$);
#14078=IFCPROPERTYSINGLEVALUE('Ay',$,IFCLABEL('0.001'),$);
#14079=IFCPROPERTYSINGLEVALUE('Section',$,IFCLABEL('Rect'),$);
#14080=IFCCOLUMN('0MjlIDOpz9TR9B8HofhZnh',$,$,$,$,#14101,#14091,$,$);
#14081=IFCCARTESIANPOINTLIST2D(((-200.,-200.),(200.,-200.),(200.,200.),(-200.,200.)));
#14082=IFCINDEXEDPOLYCURVE(#14081,(IFCLINEINDEX((1,2,3,4,1))),$);
#14083=IFCARBITRARYCLOSEDPROFILEDEF(.AREA.,'Arbitrary',#14082);
#14084=IFCCARTESIANPOINT((0.,0.,0.));
#14085=IFCDIRECTION((0.,0.,1.));
#14086=IFCDIRECTION((1.,0.,0.));
#14087=IFCAXIS2PLACEMENT3D(#14084,#14085,#14086);
#14088=IFCDIRECTION((0.,0.,1.));
#14089=IFCEXTRUDEDAREASOLID(#14083,#14087,#14088,3000.);
#14090=IFCSHAPEREPRESENTATION(#11,'Body','SweptSolid',(#14089));
#14091=IFCPRODUCTDEFINITIONSHAPE($,$,(#14090));
#14097=IFCCARTESIANPOINT((24000.,18000.,0.));
#14098=IFCDIRECTION((0.,0.,1.));
#14099=IFCDIRECTION((1.,0.,0.));
#14100=IFCAXIS2PLACEMENT3D(#14097,#14098,#14099);
#14101=IFCLOCALPLACEMENT($,#14100);
#14102=IFCPROPERTYSET('29GZq0vuv288pDueT3pmO6',$,'Other',$,(#14104,#14105,#14106));
#14103=IFCRELDEFINESBYPROPERTIES('034w3ohnTCvOIwZFg3Y_Y0',$,$,$,(#14080),#14102);
#14104=IFCPROPERTYSINGLEVALUE('Ax',$,IFCLABEL('0.001'),$);
#14105=IFCPROPERTYSINGLEVALUE('Ay',$,IFCLABEL('0.001'),$);
#14106=IFCPROPERTYSINGLEVALUE('Section',$,IFCLABEL('Rect'),$);
#14107=IFCCOLUMN('1brv4ahtf3VRPYfgQG3Z14',$,$,$,$,#14128,#14118,$,$);
#14108=IFCCARTESIANPOINTLIST2D(((-200.,-200.),(200.,-200.),(200.,200.),(-200.,200.)));
#14109=IFCINDEXEDPOLYCURVE(#14108,(IFCLINEINDEX((1,2,3,4,1))),$);
#14110=IFCARBITRARYCLOSEDPROFILEDEF(.AREA.,'Arbitrary',#14109);
#14111=IFCCARTESIANPOINT((0.,0.,0.));
#14112=IFCDIRECTION((0.,0.,1.));
#14113=IFCDIRECTION((1.,0.,0.));
#14114=IFCAXIS2PLACEMENT3D(#14111,#14112,#14113);
#14115=IFCDIRECTION((0.,0.,1.));
#14116=IFCEXTRUDEDAREASOLID(#14110,#14114,#14115,3000.);
#14117=IFCSHAPEREPRESENTATION(#11,'Body','SweptSolid',(#14116));
#14118=IFCPRODUCTDEFINITIONSHAPE($,$,(#14117));
#14124=IFCCARTESIANPOINT((30000.,18000.,0.));
#14125=IFCDIRECTION((0.,0.,1.));
#14126=IFCDIRECTION((1.,0.,0.));
#14127=IFCAXIS2PLACEMENT3D(#14124,#14125,#14126);
#14128=IFCLOCALPLACEMENT($,#14127);
#14129=IFCPROPERTYSET('12P3tvMy1FheUsakOOTxWV',$,'Other',$,(#14131,#14132,#14133));
#14130=IFCRELDEFINESBYPROPERTIES('1Udx$_erfFMhV1CSLi2nxA',$,$,$,(#14107),#14129);
#14131=IFCPROPERTYSINGLEVALUE('Ax',$,IFCLABEL('0.001'),$);
#14132=IFCPROPERTYSINGLEVALUE('Ay',$,IFCLABEL('0.001'),$);
#14133=IFCPROPERTYSINGLEVALUE('Section',$,IFCLABEL('Rect'),$);
#14134=IFCCOLUMN('1c7__7YXXFxeqg9LUvvpxv',$,$,$,$,#14155,#14145,$,$);
#14135=IFCCARTESIANPOINTLIST2D(((-200.,-200.),(200.,-200.),(200.,200.),(-200.,200.)));
#14136=IFCINDEXEDPOLYCURVE(#14135,(IFCLINEINDEX((1,2,3,4,1))),$);
#14137=IFCARBITRARYCLOSEDPROFILEDEF(.AREA.,'Arbitrary',#14136);
#14138=IFCCARTESIANPOINT((0.,0.,0.));
#14139=IFCDIRECTION((0.,0.,1.));
#14140=IFCDIRECTION((1.,0.,0.));
#14141=IFCAXIS2PLACEMENT3D(#14138,#14139,#14140);
#14142=IFCDIRECTION((0.,0.,1.));
#14143=IFCEXTRUDEDAREASOLID(#14137,#14141,#14142,3000.);
#14144=IFCSHAPEREPRESENTATION(#11,'Body','SweptSolid',(#14143));
#14145=IFCPRODUCTDEFINITIONSHAPE($,$,(#14144));
#14151=IFCCARTESIANPOINT((18000.,0.,0.));
#14152=IFCDIRECTION((0.,0.,1.));
#14153=IFCDIRECTION((1.,0.,0.));
#14154=IFCAXIS2PLACEMENT3D(#14151,#14152,#14153);
#14155=IFCLOCALPLACEMENT($,#14154);
#14156=IFCPROPERTYSET('0nPhOThVz49fPJHX3WnL1Q',$,'Other',$,(#14158,#14159,#14160));
#14157=IFCRELDEFINESBYPROPERTIES('373cyAtMf718RqiRoYIg9X',$,$,$,(#14134),#14156);
#14158=IFCPROPERTYSINGLEVALUE('Ax',$,IFCLABEL('0.001'),$);
#14159=IFCPROPERTYSINGLEVALUE('Ay',$,IFCLABEL('0.001'),$);
#14160=IFCPROPERTYSINGLEVALUE('Section',$,IFCLABEL('Rect'),$);
#14161=IFCCOLUMN('3CbRt3YzT6Yw566FAXOgh0',$,$,$,$,#14182,#14172,$,$);
#14162=IFCCARTESIANPOINTLIST2D(((-200.,-200.),(200.,-200.),(200.,200.),(-200.,200.)));
#14163=IFCINDEXEDPOLYCURVE(#14162,(IFCLINEINDEX((1,2,3,4,1))),$);
#14164=IFCARBITRARYCLOSEDPROFILEDEF(.AREA.,'Arbitrary',#14163);
#14165=IFCCARTESIANPOINT((0.,0.,0.));
#14166=IFCDIRECTION((0.,0.,1.));
#14167=IFCDIRECTION((1.,0.,0.));
#14168=IFCAXIS2PLACEMENT3D(#14165,#14166,#14167);
#14169=IFCDIRECTION((0.,0.,1.));
#14170=IFCEXTRUDEDAREASOLID(#14164,#14168,#14169,3000.);
#14171=IFCSHAPEREPRESENTATION(#11,'Body','SweptSolid',(#14170));
#14172=IFCPRODUCTDEFINITIONSHAPE($,$,(#14171));
#14178=IFCCARTESIANPOINT((18000.,6000.,0.));
#14179=IFCDIRECTION((0.,0.,1.));
#14180=IFCDIRECTION((1.,0.,0.));
#14181=IFCAXIS2PLACEMENT3D(#14178,#14179,#14180);
#14182=IFCLOCALPLACEMENT($,#14181);
#14183=IFCPROPERTYSET('0FkQYsEobBcOnKx$8jzpGZ',$,'Other',$,(#14185,#14186,#14187));
#14184=IFCRELDEFINESBYPROPERTIES('0i9EyHa8fBWPpoidCBSj7j',$,$,$,(#14161),#14183);
#14185=IFCPROPERTYSINGLEVALUE('Ax',$,IFCLABEL('0.001'),$);
#14186=IFCPROPERTYSINGLEVALUE('Ay',$,IFCLABEL('0.001'),$);
#14187=IFCPROPERTYSINGLEVALUE('Section',$,IFCLABEL('Rect'),$);
#14188=IFCCOLUMN('2nvRCNnWrEK8DOV$AfwWF6',$,$,$,$,#14209,#14199,$,$);
#14189=IFCCARTESIANPOINTLIST2D(((-200.,-200.),(200.,-200.),(200.,200.),(-200.,200.)));
#14190=IFCINDEXEDPOLYCURVE(#14189,(IFCLINEINDEX((1,2,3,4,1))),$);
#14191=IFCARBITRARYCLOSEDPROFILEDEF(.AREA.,'Arbitrary',#14190);
#14192=IFCCARTESIANPOINT((0.,0.,0.));
#14193=IFCDIRECTION((0.,0.,1.));
#14194=IFCDIRECTION((1.,0.,0.));
#14195=IFCAXIS2PLACEMENT3D(#14192,#14193,#14194);
#14196=IFCDIRECTION((0.,0.,1.));
#14197=IFCEXTRUDEDAREASOLID(#14191,#14195,#14196,3000.);
#14198=IFCSHAPEREPRESENTATION(#11,'Body','SweptSolid',(#14197));
#14199=IFCPRODUCTDEFINITIONSHAPE($,$,(#14198));
#14205=IFCCARTESIANPOINT((24000.,6000.,0.));
#14206=IFCDIRECTION((0.,0.,1.));
#14207=IFCDIRECTION((1.,0.,0.));
#14208=IFCAXIS2PLACEMENT3D(#14205,#14206,#14207);
#14209=IFCLOCALPLACEMENT($,#14208);
#14210=IFCPROPERTYSET('3Xu1P$N$L2yfQk8cRCVAkn',$,'Other',$,(#14212,#14213,#14214));
#14211=IFCRELDEFINESBYPROPERTIES('3SgTbtBYr84Q9G4uOUPtmc',$,$,$,(#14188),#14210);
#14212=IFCPROPERTYSINGLEVALUE('Ax',$,IFCLABEL('0.001'),$);
#14213=IFCPROPERTYSINGLEVALUE('Ay',$,IFCLABEL('0.001'),$);
#14214=IFCPROPERTYSINGLEVALUE('Section',$,IFCLABEL('Rect'),$);
#14215=IFCCOLUMN('2bSCciUcD6y8yBX44Y5Y$2',$,$,$,$,#14236,#14226,$,$);
#14216=IFCCARTESIANPOINTLIST2D(((-200.,-200.),(200.,-200.),(200.,200.),(-200.,200.)));
#14217=IFCINDEXEDPOLYCURVE(#14216,(IFCLINEINDEX((1,2,3,4,1))),$);
#14218=IFCARBITRARYCLOSEDPROFILEDEF(.AREA.,'Arbitrary',#14217);
#14219=IFCCARTESIANPOINT((0.,0.,0.));
#14220=IFCDIRECTION((0.,0.,1.));
#14221=IFCDIRECTION((1.,0.,0.));
#14222=IFCAXIS2PLACEMENT3D(#14219,#14220,#14221);
#14223=IFCDIRECTION((0.,0.,1.));
#14224=IFCEXTRUDEDAREASOLID(#14218,#14222,#14223,3000.);
#14225=IFCSHAPEREPRESENTATION(#11,'Body','SweptSolid',(#14224));
#14226=IFCPRODUCTDEFINITIONSHAPE($,$,(#14225));
#14232=IFCCARTESIANPOINT((12000.,0.,0.));
#14233=IFCDIRECTION((0.,0.,1.));
#14234=IFCDIRECTION((1.,0.,0.));
#14235=IFCAXIS2PLACEMENT3D(#14232,#14233,#14234);
#14236=IFCLOCALPLACEMENT($,#14235);
#14237=IFCPROPERTYSET('11Zia6XqzDFRlh$ax98Tiv',$,'Other',$,(#14239,#14240,#14241));
#14238=IFCRELDEFINESBYPROPERTIES('2UP2mcTNH8nxn$Pry8fevr',$,$,$,(#14215),#14237);
#14239=IFCPROPERTYSINGLEVALUE('Ax',$,IFCLABEL('0.001'),$);
#14240=IFCPROPERTYSINGLEVALUE('Ay',$,IFCLABEL('0.001'),$);
#14241=IFCPROPERTYSINGLEVALUE('Section',$,IFCLABEL('Rect'),$);
#14242=IFCCOLUMN('3QpoY1_Ar15v$y6b0O1Tal',$,$,$,$,#14263,#14253,$,$);
#14243=IFCCARTESIANPOINTLIST2D(((-200.,-200.),(200.,-200.),(200.,200.),(-200.,200.)));
#14244=IFCINDEXEDPOLYCURVE(#14243,(IFCLINEINDEX((1,2,3,4,1))),$);
#14245=IFCARBITRARYCLOSEDPROFILEDEF(.AREA.,'Arbitrary',#14244);
#14246=IFCCARTESIANPOINT((0.,0.,0.));
#14247=IFCDIRECTION((0.,0.,1.));
#14248=IFCDIRECTION((1.,0.,0.));
#14249=IFCAXIS2PLACEMENT3D(#14246,#14247,#14248);
#14250=IFCDIRECTION((0.,0.,1.));
#14251=IFCEXTRUDEDAREASOLID(#14245,#14249,#14250,3000.);
#14252=IFCSHAPEREPRESENTATION(#11,'Body','SweptSolid',(#14251));
#14253=IFCPRODUCTDEFINITIONSHAPE($,$,(#14252));
#14259=IFCCARTESIANPOINT((12000.,6000.,0.));
#14260=IFCDIRECTION((0.,0.,1.));
#14261=IFCDIRECTION((1.,0.,0.));
#14262=IFCAXIS2PLACEMENT3D(#14259,#14260,#14261);
#14263=IFCLOCALPLACEMENT($,#14262);
#14264=IFCPROPERTYSET('0$DE6cs9X7Tx98TVQiXyW_',$,'Other',$,(#14266,#14267,#14268));
#14265=IFCRELDEFINESBYPROPERTIES('2bEWFPaQrFg8goNI8HxnKZ',$,$,$,(#14242),#14264);
#14266=IFCPROPERTYSINGLEVALUE('Ax',$,IFCLABEL('0.001'),$);
#14267=IFCPROPERTYSINGLEVALUE('Ay',$,IFCLABEL('0.001'),$);
#14268=IFCPROPERTYSINGLEVALUE('Section',$,IFCLABEL('Rect'),$);
#14269=IFCCOLUMN('1$BYc72XbBDeXHBpJrw2XB',$,$,$,$,#14290,#14280,$,$);
#14270=IFCCARTESIANPOINTLIST2D(((-200.,-200.),(200.,-200.),(200.,200.),(-200.,200.)));
#14271=IFCINDEXEDPOLYCURVE(#14270,(IFCLINEINDEX((1,2,3,4,1))),$);
#14272=IFCARBITRARYCLOSEDPROFILEDEF(.AREA.,'Arbitrary',#14271);
#14273=IFCCARTESIANPOINT((0.,0.,0.));
#14274=IFCDIRECTION((0.,0.,1.));
#14275=IFCDIRECTION((1.,0.,0.));
#14276=IFCAXIS2PLACEMENT3D(#14273,#14274,#14275);
#14277=IFCDIRECTION((0.,0.,1.));
#14278=IFCEXTRUDEDAREASOLID(#14272,#14276,#14277,3000.);
#14279=IFCSHAPEREPRESENTATION(#11,'Body','SweptSolid',(#14278));
#14280=IFCPRODUCTDEFINITIONSHAPE($,$,(#14279));
#14286=IFCCARTESIANPOINT((30000.,12000.,21000.));
#14287=IFCDIRECTION((0.,0.,1.));
#14288=IFCDIRECTION((1.,0.,0.));
#14289=IFCAXIS2PLACEMENT3D(#14286,#14287,#14288);
#14290=IFCLOCALPLACEMENT($,#14289);
#14291=IFCPROPERTYSET('2N2AodSl9CgRf7MueX8pYN',$,'Other',$,(#14293,#14294,#14295));
#14292=IFCRELDEFINESBYPROPERTIES('0P5OjgyojB8Bj9TJ8X$TEN',$,$,$,(#14269),#14291);
#14293=IFCPROPERTYSINGLEVALUE('Ax',$,IFCLABEL('0.001'),$);
#14294=IFCPROPERTYSINGLEVALUE('Ay',$,IFCLABEL('0.001'),$);
#14295=IFCPROPERTYSINGLEVALUE('Section',$,IFCLABEL('Rect'),$);
#14296=IFCCOLUMN('0tVGeJYDfFzgz6lSsjIWWb',$,$,$,$,#14317,#14307,$,$);
#14297=IFCCARTESIANPOINTLIST2D(((-200.,-200.),(200.,-200.),(200.,200.),(-200.,200.)));
#14298=IFCINDEXEDPOLYCURVE(#14297,(IFCLINEINDEX((1,2,3,4,1))),$);
#14299=IFCARBITRARYCLOSEDPROFILEDEF(.AREA.,'Arbitrary',#14298);
#14300=IFCCARTESIANPOINT((0.,0.,0.));
#14301=IFCDIRECTION((0.,0.,1.));
#14302=IFCDIRECTION((1.,0.,0.));
#14303=IFCAXIS2PLACEMENT3D(#14300,#14301,#14302);
#14304=IFCDIRECTION((0.,0.,1.));
#14305=IFCEXTRUDEDAREASOLID(#14299,#14303,#14304,3000.);
#14306=IFCSHAPEREPRESENTATION(#11,'Body','SweptSolid',(#14305));
#14307=IFCPRODUCTDEFINITIONSHAPE($,$,(#14306));
#14313=IFCCARTESIANPOINT((30000.,12000.,18000.));
#14314=IFCDIRECTION((0.,0.,1.));
#14315=IFCDIRECTION((1.,0.,0.));
#14316=IFCAXIS2PLACEMENT3D(#14313,#14314,#14315);
#14317=IFCLOCALPLACEMENT($,#14316);
#14318=IFCPROPERTYSET('2QhgFyrqP5$8eRzjJd2HtK',$,'Other',$,(#14320,#14321,#14322));
#14319=IFCRELDEFINESBYPROPERTIES('3WpBjmEnH28fkLMRHRau44',$,$,$,(#14296),#14318);
#14320=IFCPROPERTYSINGLEVALUE('Ax',$,IFCLABEL('0.001'),$);
#14321=IFCPROPERTYSINGLEVALUE('Ay',$,IFCLABEL('0.001'),$);
#14322=IFCPROPERTYSINGLEVALUE('Section',$,IFCLABEL('Rect'),$);
#14323=IFCCOLUMN('07iv5UmUD2Kv3e7vPxQAdi',$,$,$,$,#14344,#14334,$,$);
#14324=IFCCARTESIANPOINTLIST2D(((-200.,-200.),(200.,-200.),(200.,200.),(-200.,200.)));
#14325=IFCINDEXEDPOLYCURVE(#14324,(IFCLINEINDEX((1,2,3,4,1))),$);
#14326=IFCARBITRARYCLOSEDPROFILEDEF(.AREA.,'Arbitrary',#14325);
#14327=IFCCARTESIANPOINT((0.,0.,0.));
#14328=IFCDIRECTION((0.,0.,1.));
#14329=IFCDIRECTION((1.,0.,0.));
#14330=IFCAXIS2PLACEMENT3D(#14327,#14328,#14329);
#14331=IFCDIRECTION((0.,0.,1.));
#14332=IFCEXTRUDEDAREASOLID(#14326,#14330,#14331,3000.);
#14333=IFCSHAPEREPRESENTATION(#11,'Body','SweptSolid',(#14332));
#14334=IFCPRODUCTDEFINITIONSHAPE($,$,(#14333));
#14340=IFCCARTESIANPOINT((30000.,12000.,15000.));
#14341=IFCDIRECTION((0.,0.,1.));
#14342=IFCDIRECTION((1.,0.,0.));
#14343=IFCAXIS2PLACEMENT3D(#14340,#14341,#14342);
#14344=IFCLOCALPLACEMENT($,#14343);
#14345=IFCPROPERTYSET('1zk$3Ekhb2OeKEv8e3815m',$,'Other',$,(#14347,#14348,#14349));
#14346=IFCRELDEFINESBYPROPERTIES('11YSAt4Pn1mvEHi6PIS4o4',$,$,$,(#14323),#14345);
#14347=IFCPROPERTYSINGLEVALUE('Ax',$,IFCLABEL('0.001'),$);
#14348=IFCPROPERTYSINGLEVALUE('Ay',$,IFCLABEL('0.001'),$);
#14349=IFCPROPERTYSINGLEVALUE('Section',$,IFCLABEL('Rect'),$);
#14350=IFCCOLUMN('3BWIUGtdX31vGjCkwg6S7a',$,$,$,$,#14371,#14361,$,$);
#14351=IFCCARTESIANPOINTLIST2D(((-200.,-200.),(200.,-200.),(200.,200.),(-200.,200.)));
#14352=IFCINDEXEDPOLYCURVE(#14351,(IFCLINEINDEX((1,2,3,4,1))),$);
#14353=IFCARBITRARYCLOSEDPROFILEDEF(.AREA.,'Arbitrary',#14352);
#14354=IFCCARTESIANPOINT((0.,0.,0.));
#14355=IFCDIRECTION((0.,0.,1.));
#14356=IFCDIRECTION((1.,0.,0.));
#14357=IFCAXIS2PLACEMENT3D(#14354,#14355,#14356);
#14358=IFCDIRECTION((0.,0.,1.));
#14359=IFCEXTRUDEDAREASOLID(#14353,#14357,#14358,3000.);
#14360=IFCSHAPEREPRESENTATION(#11,'Body','SweptSolid',(#14359));
#14361=IFCPRODUCTDEFINITIONSHAPE($,$,(#14360));
#14367=IFCCARTESIANPOINT((30000.,12000.,12000.));
#14368=IFCDIRECTION((0.,0.,1.));
#14369=IFCDIRECTION((1.,0.,0.));
#14370=IFCAXIS2PLACEMENT3D(#14367,#14368,#14369);
#14371=IFCLOCALPLACEMENT($,#14370);
#14372=IFCPROPERTYSET('1EX2S4uir0mRMQ248EQUy6',$,'Other',$,(#14374,#14375,#14376));
#14373=IFCRELDEFINESBYPROPERTIES('0gQ2IEThPEvuRbtWgfoKkR',$,$,$,(#14350),#14372);
#14374=IFCPROPERTYSINGLEVALUE('Ax',$,IFCLABEL('0.001'),$);
#14375=IFCPROPERTYSINGLEVALUE('Ay',$,IFCLABEL('0.001'),$);
#14376=IFCPROPERTYSINGLEVALUE('Section',$,IFCLABEL('Rect'),$);
#14377=IFCCOLUMN('3o6KhbYO91Mv80LfVV9gKi',$,$,$,$,#14398,#14388,$,$);
#14378=IFCCARTESIANPOINTLIST2D(((-200.,-200.),(200.,-200.),(200.,200.),(-200.,200.)));
#14379=IFCINDEXEDPOLYCURVE(#14378,(IFCLINEINDEX((1,2,3,4,1))),$);
#14380=IFCARBITRARYCLOSEDPROFILEDEF(.AREA.,'Arbitrary',#14379);
#14381=IFCCARTESIANPOINT((0.,0.,0.));
#14382=IFCDIRECTION((0.,0.,1.));
#14383=IFCDIRECTION((1.,0.,0.));
#14384=IFCAXIS2PLACEMENT3D(#14381,#14382,#14383);
#14385=IFCDIRECTION((0.,0.,1.));
#14386=IFCEXTRUDEDAREASOLID(#14380,#14384,#14385,3000.);
#14387=IFCSHAPEREPRESENTATION(#11,'Body','SweptSolid',(#14386));
#14388=IFCPRODUCTDEFINITIONSHAPE($,$,(#14387));
#14394=IFCCARTESIANPOINT((30000.,12000.,9000.));
#14395=IFCDIRECTION((0.,0.,1.));
#14396=IFCDIRECTION((1.,0.,0.));
#14397=IFCAXIS2PLACEMENT3D(#14394,#14395,#14396);
#14398=IFCLOCALPLACEMENT($,#14397);
#14399=IFCPROPERTYSET('1UXJGHa2TFpObV0QmFO9dk',$,'Other',$,(#14401,#14402,#14403));
#14400=IFCRELDEFINESBYPROPERTIES('3gCLJX1u50zgFq5yF$_3jP',$,$,$,(#14377),#14399);
#14401=IFCPROPERTYSINGLEVALUE('Ax',$,IFCLABEL('0.001'),$);
#14402=IFCPROPERTYSINGLEVALUE('Ay',$,IFCLABEL('0.001'),$);
#14403=IFCPROPERTYSINGLEVALUE('Section',$,IFCLABEL('Rect'),$);
#14404=IFCCOLUMN('0WBIiRU_X07OmQoKq0lHy_',$,$,$,$,#14425,#14415,$,$);
#14405=IFCCARTESIANPOINTLIST2D(((-200.,-200.),(200.,-200.),(200.,200.),(-200.,200.)));
#14406=IFCINDEXEDPOLYCURVE(#14405,(IFCLINEINDEX((1,2,3,4,1))),$);
#14407=IFCARBITRARYCLOSEDPROFILEDEF(.AREA.,'Arbitrary',#14406);
#14408=IFCCARTESIANPOINT((0.,0.,0.));
#14409=IFCDIRECTION((0.,0.,1.));
#14410=IFCDIRECTION((1.,0.,0.));
#14411=IFCAXIS2PLACEMENT3D(#14408,#14409,#14410);
#14412=IFCDIRECTION((0.,0.,1.));
#14413=IFCEXTRUDEDAREASOLID(#14407,#14411,#14412,3000.);
#14414=IFCSHAPEREPRESENTATION(#11,'Body','SweptSolid',(#14413));
#14415=IFCPRODUCTDEFINITIONSHAPE($,$,(#14414));
#14421=IFCCARTESIANPOINT((30000.,12000.,6000.));
#14422=IFCDIRECTION((0.,0.,1.));
#14423=IFCDIRECTION((1.,0.,0.));
#14424=IFCAXIS2PLACEMENT3D(#14421,#14422,#14423);
#14425=IFCLOCALPLACEMENT($,#14424);
#14426=IFCPROPERTYSET('3jnAAHsrDDq8EVh_6ehFgb',$,'Other',$,(#14428,#14429,#14430));
#14427=IFCRELDEFINESBYPROPERTIES('2vvZt9nk56RexlE8EYl6eg',$,$,$,(#14404),#14426);
#14428=IFCPROPERTYSINGLEVALUE('Ax',$,IFCLABEL('0.001'),$);
#14429=IFCPROPERTYSINGLEVALUE('Ay',$,IFCLABEL('0.001'),$);
#14430=IFCPROPERTYSINGLEVALUE('Section',$,IFCLABEL('Rect'),$);
#14431=IFCCOLUMN('2Z0rtqwhb5X8xAHAUAkHwg',$,$,$,$,#14452,#14442,$,$);
#14432=IFCCARTESIANPOINTLIST2D(((-200.,-200.),(200.,-200.),(200.,200.),(-200.,200.)));
#14433=IFCINDEXEDPOLYCURVE(#14432,(IFCLINEINDEX((1,2,3,4,1))),$);
#14434=IFCARBITRARYCLOSEDPROFILEDEF(.AREA.,'Arbitrary',#14433);
#14435=IFCCARTESIANPOINT((0.,0.,0.));
#14436=IFCDIRECTION((0.,0.,1.));
#14437=IFCDIRECTION((1.,0.,0.));
#14438=IFCAXIS2PLACEMENT3D(#14435,#14436,#14437);
#14439=IFCDIRECTION((0.,0.,1.));
#14440=IFCEXTRUDEDAREASOLID(#14434,#14438,#14439,3000.);
#14441=IFCSHAPEREPRESENTATION(#11,'Body','SweptSolid',(#14440));
#14442=IFCPRODUCTDEFINITIONSHAPE($,$,(#14441));
#14448=IFCCARTESIANPOINT((30000.,12000.,3000.));
#14449=IFCDIRECTION((0.,0.,1.));
#14450=IFCDIRECTION((1.,0.,0.));
#14451=IFCAXIS2PLACEMENT3D(#14448,#14449,#14450);
#14452=IFCLOCALPLACEMENT($,#14451);
#14453=IFCPROPERTYSET('2dx78gmDX3eAqePPLIOJHj',$,'Other',$,(#14455,#14456,#14457));
#14454=IFCRELDEFINESBYPROPERTIES('2e_7llIH5Efh6ZcRXnUoLH',$,$,$,(#14431),#14453);
#14455=IFCPROPERTYSINGLEVALUE('Ax',$,IFCLABEL('0.001'),$);
#14456=IFCPROPERTYSINGLEVALUE('Ay',$,IFCLABEL('0.001'),$);
#14457=IFCPROPERTYSINGLEVALUE('Section',$,IFCLABEL('Rect'),$);
#14458=IFCCOLUMN('3XJpP0AW9598QXgY_BOtX_',$,$,$,$,#14479,#14469,$,$);
#14459=IFCCARTESIANPOINTLIST2D(((-200.,-200.),(200.,-200.),(200.,200.),(-200.,200.)));
#14460=IFCINDEXEDPOLYCURVE(#14459,(IFCLINEINDEX((1,2,3,4,1))),$);
#14461=IFCARBITRARYCLOSEDPROFILEDEF(.AREA.,'Arbitrary',#14460);
#14462=IFCCARTESIANPOINT((0.,0.,0.));
#14463=IFCDIRECTION((0.,0.,1.));
#14464=IFCDIRECTION((1.,0.,0.));
#14465=IFCAXIS2PLACEMENT3D(#14462,#14463,#14464);
#14466=IFCDIRECTION((0.,0.,1.));
#14467=IFCEXTRUDEDAREASOLID(#14461,#14465,#14466,3000.);
#14468=IFCSHAPEREPRESENTATION(#11,'Body','SweptSolid',(#14467));
#14469=IFCPRODUCTDEFINITIONSHAPE($,$,(#14468));
#14475=IFCCARTESIANPOINT((30000.,12000.,0.));
#14476=IFCDIRECTION((0.,0.,1.));
#14477=IFCDIRECTION((1.,0.,0.));
#14478=IFCAXIS2PLACEMENT3D(#14475,#14476,#14477);
#14479=IFCLOCALPLACEMENT($,#14478);
#14480=IFCPROPERTYSET('3RMnEuVwv7KRuKsyZdZVXa',$,'Other',$,(#14482,#14483,#14484));
#14481=IFCRELDEFINESBYPROPERTIES('39N2SG9HX7cBExXk6NCcUV',$,$,$,(#14458),#14480);
#14482=IFCPROPERTYSINGLEVALUE('Ax',$,IFCLABEL('0.001'),$);
#14483=IFCPROPERTYSINGLEVALUE('Ay',$,IFCLABEL('0.001'),$);
#14484=IFCPROPERTYSINGLEVALUE('Section',$,IFCLABEL('Rect'),$);
#14485=IFCCOLUMN('1CJEPPNUL30OoZYOZDbtsX',$,$,$,$,#14506,#14496,$,$);
#14486=IFCCARTESIANPOINTLIST2D(((-200.,-200.),(200.,-200.),(200.,200.),(-200.,200.)));
#14487=IFCINDEXEDPOLYCURVE(#14486,(IFCLINEINDEX((1,2,3,4,1))),$);
#14488=IFCARBITRARYCLOSEDPROFILEDEF(.AREA.,'Arbitrary',#14487);
#14489=IFCCARTESIANPOINT((0.,0.,0.));
#14490=IFCDIRECTION((0.,0.,1.));
#14491=IFCDIRECTION((1.,0.,0.));
#14492=IFCAXIS2PLACEMENT3D(#14489,#14490,#14491);
#14493=IFCDIRECTION((0.,0.,1.));
#14494=IFCEXTRUDEDAREASOLID(#14488,#14492,#14493,3000.);
#14495=IFCSHAPEREPRESENTATION(#11,'Body','SweptSolid',(#14494));
#14496=IFCPRODUCTDEFINITIONSHAPE($,$,(#14495));
#14502=IFCCARTESIANPOINT((30000.,6000.,21000.));
#14503=IFCDIRECTION((0.,0.,1.));
#14504=IFCDIRECTION((1.,0.,0.));
#14505=IFCAXIS2PLACEMENT3D(#14502,#14503,#14504);
#14506=IFCLOCALPLACEMENT($,#14505);
#14507=IFCPROPERTYSET('1Re0Fg10T7GfsM4MfGHvBr',$,'Other',$,(#14509,#14510,#14511));
#14508=IFCRELDEFINESBYPROPERTIES('1I7aRTZmDEZQ5vAJFI6ASG',$,$,$,(#14485),#14507);
#14509=IFCPROPERTYSINGLEVALUE('Ax',$,IFCLABEL('0.001'),$);
#14510=IFCPROPERTYSINGLEVALUE('Ay',$,IFCLABEL('0.001'),$);
#14511=IFCPROPERTYSINGLEVALUE('Section',$,IFCLABEL('Rect'),$);
#14512=IFCCOLUMN('2G_iYOGuTCpRK86Pa2CgNZ',$,$,$,$,#14533,#14523,$,$);
#14513=IFCCARTESIANPOINTLIST2D(((-200.,-200.),(200.,-200.),(200.,200.),(-200.,200.)));
#14514=IFCINDEXEDPOLYCURVE(#14513,(IFCLINEINDEX((1,2,3,4,1))),$);
#14515=IFCARBITRARYCLOSEDPROFILEDEF(.AREA.,'Arbitrary',#14514);
#14516=IFCCARTESIANPOINT((0.,0.,0.));
#14517=IFCDIRECTION((0.,0.,1.));
#14518=IFCDIRECTION((1.,0.,0.));
#14519=IFCAXIS2PLACEMENT3D(#14516,#14517,#14518);
#14520=IFCDIRECTION((0.,0.,1.));
#14521=IFCEXTRUDEDAREASOLID(#14515,#14519,#14520,3000.);
#14522=IFCSHAPEREPRESENTATION(#11,'Body','SweptSolid',(#14521));
#14523=IFCPRODUCTDEFINITIONSHAPE($,$,(#14522));
#14529=IFCCARTESIANPOINT((30000.,6000.,18000.));
#14530=IFCDIRECTION((0.,0.,1.));
#14531=IFCDIRECTION((1.,0.,0.));
#14532=IFCAXIS2PLACEMENT3D(#14529,#14530,#14531);
#14533=IFCLOCALPLACEMENT($,#14532);
#14534=IFCPROPERTYSET('2bKA_G0QjEXhfIUPeioYTm',$,'Other',$,(#14536,#14537,#14538));
#14535=IFCRELDEFINESBYPROPERTIES('0FCwDs7cbFaRoIdpmRB027',$,$,$,(#14512),#14534);
#14536=IFCPROPERTYSINGLEVALUE('Ax',$,IFCLABEL('0.001'),$);
#14537=IFCPROPERTYSINGLEVALUE('Ay',$,IFCLABEL('0.001'),$);
#14538=IFCPROPERTYSINGLEVALUE('Section',$,IFCLABEL('Rect'),$);
#14539=IFCCOLUMN('1Io$TN5VLBbQl8h2kjjL$O',$,$,$,$,#14560,#14550,$,$);
#14540=IFCCARTESIANPOINTLIST2D(((-200.,-200.),(200.,-200.),(200.,200.),(-200.,200.)));
#14541=IFCINDEXEDPOLYCURVE(#14540,(IFCLINEINDEX((1,2,3,4,1))),$);
#14542=IFCARBITRARYCLOSEDPROFILEDEF(.AREA.,'Arbitrary',#14541);
#14543=IFCCARTESIANPOINT((0.,0.,0.));
#14544=IFCDIRECTION((0.,0.,1.));
#14545=IFCDIRECTION((1.,0.,0.));
#14546=IFCAXIS2PLACEMENT3D(#14543,#14544,#14545);
#14547=IFCDIRECTION((0.,0.,1.));
#14548=IFCEXTRUDEDAREASOLID(#14542,#14546,#14547,3000.);
#14549=IFCSHAPEREPRESENTATION(#11,'Body','SweptSolid',(#14548));
#14550=IFCPRODUCTDEFINITIONSHAPE($,$,(#14549));
#14556=IFCCARTESIANPOINT((30000.,6000.,15000.));
#14557=IFCDIRECTION((0.,0.,1.));
#14558=IFCDIRECTION((1.,0.,0.));
#14559=IFCAXIS2PLACEMENT3D(#14556,#14557,#14558);
#14560=IFCLOCALPLACEMENT($,#14559);
#14561=IFCPROPERTYSET('1cjteflHH3MBowiWd6S2Bx',$,'Other',$,(#14563,#14564,#14565));
#14562=IFCRELDEFINESBYPROPERTIES('3Uf$8i1cP5Iw6jD45QOg1V',$,$,$,(#14539),#14561);
#14563=IFCPROPERTYSINGLEVALUE('Ax',$,IFCLABEL('0.001'),$);
#14564=IFCPROPERTYSINGLEVALUE('Ay',$,IFCLABEL('0.001'),$);
#14565=IFCPROPERTYSINGLEVALUE('Section',$,IFCLABEL('Rect'),$);
#14566=IFCCOLUMN('2FowITRV14dBSoNP5sJmmt',$,$,$,$,#14587,#14577,$,$);
#14567=IFCCARTESIANPOINTLIST2D(((-200.,-200.),(200.,-200.),(200.,200.),(-200.,200.)));
#14568=IFCINDEXEDPOLYCURVE(#14567,(IFCLINEINDEX((1,2,3,4,1))),$);
#14569=IFCARBITRARYCLOSEDPROFILEDEF(.AREA.,'Arbitrary',#14568);
#14570=IFCCARTESIANPOINT((0.,0.,0.));
#14571=IFCDIRECTION((0.,0.,1.));
#14572=IFCDIRECTION((1.,0.,0.));
#14573=IFCAXIS2PLACEMENT3D(#14570,#14571,#14572);
#14574=IFCDIRECTION((0.,0.,1.));
#14575=IFCEXTRUDEDAREASOLID(#14569,#14573,#14574,3000.);
#14576=IFCSHAPEREPRESENTATION(#11,'Body','SweptSolid',(#14575));
#14577=IFCPRODUCTDEFINITIONSHAPE($,$,(#14576));
#14583=IFCCARTESIANPOINT((30000.,6000.,12000.));
#14584=IFCDIRECTION((0.,0.,1.));
#14585=IFCDIRECTION((1.,0.,0.));
#14586=IFCAXIS2PLACEMENT3D(#14583,#14584,#14585);
#14587=IFCLOCALPLACEMENT($,#14586);
#14588=IFCPROPERTYSET('30MsQkjoX1UPFMH$rL9Kzx',$,'Other',$,(#14590,#14591,#14592));
#14589=IFCRELDEFINESBYPROPERTIES('1Umubwn_r2YvsSXyuG4xkM',$,$,$,(#14566),#14588);
#14590=IFCPROPERTYSINGLEVALUE('Ax',$,IFCLABEL('0.001'),$);
#14591=IFCPROPERTYSINGLEVALUE('Ay',$,IFCLABEL('0.001'),$);
#14592=IFCPROPERTYSINGLEVALUE('Section',$,IFCLABEL('Rect'),$);
#14593=IFCCOLUMN('1nRaQdtWLCeeRkDUsse99T',$,$,$,$,#14614,#14604,$,$);
#14594=IFCCARTESIANPOINTLIST2D(((-200.,-200.),(200.,-200.),(200.,200.),(-200.,200.)));
#14595=IFCINDEXEDPOLYCURVE(#14594,(IFCLINEINDEX((1,2,3,4,1))),$);
#14596=IFCARBITRARYCLOSEDPROFILEDEF(.AREA.,'Arbitrary',#14595);
#14597=IFCCARTESIANPOINT((0.,0.,0.));
#14598=IFCDIRECTION((0.,0.,1.));
#14599=IFCDIRECTION((1.,0.,0.));
#14600=IFCAXIS2PLACEMENT3D(#14597,#14598,#14599);
#14601=IFCDIRECTION((0.,0.,1.));
#14602=IFCEXTRUDEDAREASOLID(#14596,#14600,#14601,3000.);
#14603=IFCSHAPEREPRESENTATION(#11,'Body','SweptSolid',(#14602));
#14604=IFCPRODUCTDEFINITIONSHAPE($,$,(#14603));
#14610=IFCCARTESIANPOINT((30000.,6000.,9000.));
#14611=IFCDIRECTION((0.,0.,1.));
#14612=IFCDIRECTION((1.,0.,0.));
#14613=IFCAXIS2PLACEMENT3D(#14610,#14611,#14612);
#14614=IFCLOCALPLACEMENT($,#14613);
#14615=IFCPROPERTYSET('0OLu458S940B5DGro9NhxI',$,'Other',$,(#14617,#14618,#14619));
#14616=IFCRELDEFINESBYPROPERTIES('3lbSlgcDjCJBKV17IyfM7W',$,$,$,(#14593),#14615);
#14617=IFCPROPERTYSINGLEVALUE('Ax',$,IFCLABEL('0.001'),$);
#14618=IFCPROPERTYSINGLEVALUE('Ay',$,IFCLABEL('0.001'),$);
#14619=IFCPROPERTYSINGLEVALUE('Section',$,IFCLABEL('Rect'),$);
#14620=IFCCOLUMN('17DSlalyLBYusPFUZGKwKK',$,$,$,$,#14641,#14631,$,$);
#14621=IFCCARTESIANPOINTLIST2D(((-200.,-200.),(200.,-200.),(200.,200.),(-200.,200.)));
#14622=IFCINDEXEDPOLYCURVE(#14621,(IFCLINEINDEX((1,2,3,4,1))),$);
#14623=IFCARBITRARYCLOSEDPROFILEDEF(.AREA.,'Arbitrary',#14622);
#14624=IFCCARTESIANPOINT((0.,0.,0.));
#14625=IFCDIRECTION((0.,0.,1.));
#14626=IFCDIRECTION((1.,0.,0.));
#14627=IFCAXIS2PLACEMENT3D(#14624,#14625,#14626);
#14628=IFCDIRECTION((0.,0.,1.));
#14629=IFCEXTRUDEDAREASOLID(#14623,#14627,#14628,3000.);
#14630=IFCSHAPEREPRESENTATION(#11,'Body','SweptSolid',(#14629));
#14631=IFCPRODUCTDEFINITIONSHAPE($,$,(#14630));
#14637=IFCCARTESIANPOINT((30000.,6000.,6000.));
#14638=IFCDIRECTION((0.,0.,1.));
#14639=IFCDIRECTION((1.,0.,0.));
#14640=IFCAXIS2PLACEMENT3D(#14637,#14638,#14639);
#14641=IFCLOCALPLACEMENT($,#14640);
#14642=IFCPROPERTYSET('2sHR498gHEv8nO9SSVi8j$',$,'Other',$,(#14644,#14645,#14646));
#14643=IFCRELDEFINESBYPROPERTIES('0PfK_mqL96shiFds8cHLqH',$,$,$,(#14620),#14642);
#14644=IFCPROPERTYSINGLEVALUE('Ax',$,IFCLABEL('0.001'),$);
#14645=IFCPROPERTYSINGLEVALUE('Ay',$,IFCLABEL('0.001'),$);
#14646=IFCPROPERTYSINGLEVALUE('Section',$,IFCLABEL('Rect'),$);
#14647=IFCCOLUMN('3UZvtIsfrCigOUJMoGofvr',$,$,$,$,#14668,#14658,$,$);
#14648=IFCCARTESIANPOINTLIST2D(((-200.,-200.),(200.,-200.),(200.,200.),(-200.,200.)));
#14649=IFCINDEXEDPOLYCURVE(#14648,(IFCLINEINDEX((1,2,3,4,1))),$);
#14650=IFCARBITRARYCLOSEDPROFILEDEF(.AREA.,'Arbitrary',#14649);
#14651=IFCCARTESIANPOINT((0.,0.,0.));
#14652=IFCDIRECTION((0.,0.,1.));
#14653=IFCDIRECTION((1.,0.,0.));
#14654=IFCAXIS2PLACEMENT3D(#14651,#14652,#14653);
#14655=IFCDIRECTION((0.,0.,1.));
#14656=IFCEXTRUDEDAREASOLID(#14650,#14654,#14655,3000.);
#14657=IFCSHAPEREPRESENTATION(#11,'Body','SweptSolid',(#14656));
#14658=IFCPRODUCTDEFINITIONSHAPE($,$,(#14657));
#14664=IFCCARTESIANPOINT((30000.,6000.,3000.));
#14665=IFCDIRECTION((0.,0.,1.));
#14666=IFCDIRECTION((1.,0.,0.));
#14667=IFCAXIS2PLACEMENT3D(#14664,#14665,#14666);
#14668=IFCLOCALPLACEMENT($,#14667);
#14669=IFCPROPERTYSET('3TLKPOABj2WQgacA9AzUzZ',$,'Other',$,(#14671,#14672,#14673));
#14670=IFCRELDEFINESBYPROPERTIES('013KGpv6nARf0ccJUNGpls',$,$,$,(#14647),#14669);
#14671=IFCPROPERTYSINGLEVALUE('Ax',$,IFCLABEL('0.001'),$);
#14672=IFCPROPERTYSINGLEVALUE('Ay',$,IFCLABEL('0.001'),$);
#14673=IFCPROPERTYSINGLEVALUE('Section',$,IFCLABEL('Rect'),$);
#14674=IFCCOLUMN('1TixEWzC52SxsnuYJ4DD47',$,$,$,$,#14695,#14685,$,$);
#14675=IFCCARTESIANPOINTLIST2D(((-200.,-200.),(200.,-200.),(200.,200.),(-200.,200.)));
#14676=IFCINDEXEDPOLYCURVE(#14675,(IFCLINEINDEX((1,2,3,4,1))),$);
#14677=IFCARBITRARYCLOSEDPROFILEDEF(.AREA.,'Arbitrary',#14676);
#14678=IFCCARTESIANPOINT((0.,0.,0.));
#14679=IFCDIRECTION((0.,0.,1.));
#14680=IFCDIRECTION((1.,0.,0.));
#14681=IFCAXIS2PLACEMENT3D(#14678,#14679,#14680);
#14682=IFCDIRECTION((0.,0.,1.));
#14683=IFCEXTRUDEDAREASOLID(#14677,#14681,#14682,3000.);
#14684=IFCSHAPEREPRESENTATION(#11,'Body','SweptSolid',(#14683));
#14685=IFCPRODUCTDEFINITIONSHAPE($,$,(#14684));
#14691=IFCCARTESIANPOINT((30000.,6000.,0.));
#14692=IFCDIRECTION((0.,0.,1.));
#14693=IFCDIRECTION((1.,0.,0.));
#14694=IFCAXIS2PLACEMENT3D(#14691,#14692,#14693);
#14695=IFCLOCALPLACEMENT($,#14694);
#14696=IFCPROPERTYSET('06C43xZoTDyvgblZngcbcC',$,'Other',$,(#14698,#14699,#14700));
#14697=IFCRELDEFINESBYPROPERTIES('09Esj6nArBcOgvSxcVTGOq',$,$,$,(#14674),#14696);
#14698=IFCPROPERTYSINGLEVALUE('Ax',$,IFCLABEL('0.001'),$);
#14699=IFCPROPERTYSINGLEVALUE('Ay',$,IFCLABEL('0.001'),$);
#14700=IFCPROPERTYSINGLEVALUE('Section',$,IFCLABEL('Rect'),$);
#14701=IFCCOLUMN('209eqKQSfEJv1uI$UQWngj',$,$,$,$,#14722,#14712,$,$);
#14702=IFCCARTESIANPOINTLIST2D(((-200.,-200.),(200.,-200.),(200.,200.),(-200.,200.)));
#14703=IFCINDEXEDPOLYCURVE(#14702,(IFCLINEINDEX((1,2,3,4,1))),$);
#14704=IFCARBITRARYCLOSEDPROFILEDEF(.AREA.,'Arbitrary',#14703);
#14705=IFCCARTESIANPOINT((0.,0.,0.));
#14706=IFCDIRECTION((0.,0.,1.));
#14707=IFCDIRECTION((1.,0.,0.));
#14708=IFCAXIS2PLACEMENT3D(#14705,#14706,#14707);
#14709=IFCDIRECTION((0.,0.,1.));
#14710=IFCEXTRUDEDAREASOLID(#14704,#14708,#14709,3000.);
#14711=IFCSHAPEREPRESENTATION(#11,'Body','SweptSolid',(#14710));
#14712=IFCPRODUCTDEFINITIONSHAPE($,$,(#14711));
#14718=IFCCARTESIANPOINT((30000.,1000.,21000.));
#14719=IFCDIRECTION((0.,0.,1.));
#14720=IFCDIRECTION((1.,0.,0.));
#14721=IFCAXIS2PLACEMENT3D(#14718,#14719,#14720);
#14722=IFCLOCALPLACEMENT($,#14721);
#14723=IFCPROPERTYSET('3wb4_Ay8HBEBkOfl9TP_m1',$,'Other',$,(#14725,#14726,#14727));
#14724=IFCRELDEFINESBYPROPERTIES('2hjLHjy61DmfjINnNNtqFb',$,$,$,(#14701),#14723);
#14725=IFCPROPERTYSINGLEVALUE('Ax',$,IFCLABEL('0.001'),$);
#14726=IFCPROPERTYSINGLEVALUE('Ay',$,IFCLABEL('0.001'),$);
#14727=IFCPROPERTYSINGLEVALUE('Section',$,IFCLABEL('Rect'),$);
#14728=IFCCOLUMN('21XAxWCIrC9fzZhXIBx_Fu',$,$,$,$,#14749,#14739,$,$);
#14729=IFCCARTESIANPOINTLIST2D(((-200.,-200.),(200.,-200.),(200.,200.),(-200.,200.)));
#14730=IFCINDEXEDPOLYCURVE(#14729,(IFCLINEINDEX((1,2,3,4,1))),$);
#14731=IFCARBITRARYCLOSEDPROFILEDEF(.AREA.,'Arbitrary',#14730);
#14732=IFCCARTESIANPOINT((0.,0.,0.));
#14733=IFCDIRECTION((0.,0.,1.));
#14734=IFCDIRECTION((1.,0.,0.));
#14735=IFCAXIS2PLACEMENT3D(#14732,#14733,#14734);
#14736=IFCDIRECTION((0.,0.,1.));
#14737=IFCEXTRUDEDAREASOLID(#14731,#14735,#14736,3000.);
#14738=IFCSHAPEREPRESENTATION(#11,'Body','SweptSolid',(#14737));
#14739=IFCPRODUCTDEFINITIONSHAPE($,$,(#14738));
#14745=IFCCARTESIANPOINT((30000.,1000.,18000.));
#14746=IFCDIRECTION((0.,0.,1.));
#14747=IFCDIRECTION((1.,0.,0.));
#14748=IFCAXIS2PLACEMENT3D(#14745,#14746,#14747);
#14749=IFCLOCALPLACEMENT($,#14748);
#14750=IFCPROPERTYSET('0IeXVB2tPEbRAHiBgtxJ$4',$,'Other',$,(#14752,#14753,#14754));
#14751=IFCRELDEFINESBYPROPERTIES('0h2UePMQn79w$l1evtN6vl',$,$,$,(#14728),#14750);
#14752=IFCPROPERTYSINGLEVALUE('Ax',$,IFCLABEL('0.001'),$);
#14753=IFCPROPERTYSINGLEVALUE('Ay',$,IFCLABEL('0.001'),$);
#14754=IFCPROPERTYSINGLEVALUE('Section',$,IFCLABEL('Rect'),$);
#14755=IFCCOLUMN('3DxTtIDGj4AhhuKgODk1D7',$,$,$,$,#14776,#14766,$,$);
#14756=IFCCARTESIANPOINTLIST2D(((-200.,-200.),(200.,-200.),(200.,200.),(-200.,200.)));
#14757=IFCINDEXEDPOLYCURVE(#14756,(IFCLINEINDEX((1,2,3,4,1))),$);
#14758=IFCARBITRARYCLOSEDPROFILEDEF(.AREA.,'Arbitrary',#14757);
#14759=IFCCARTESIANPOINT((0.,0.,0.));
#14760=IFCDIRECTION((0.,0.,1.));
#14761=IFCDIRECTION((1.,0.,0.));
#14762=IFCAXIS2PLACEMENT3D(#14759,#14760,#14761);
#14763=IFCDIRECTION((0.,0.,1.));
#14764=IFCEXTRUDEDAREASOLID(#14758,#14762,#14763,3000.);
#14765=IFCSHAPEREPRESENTATION(#11,'Body','SweptSolid',(#14764));
#14766=IFCPRODUCTDEFINITIONSHAPE($,$,(#14765));
#14772=IFCCARTESIANPOINT((30000.,1000.,15000.));
#14773=IFCDIRECTION((0.,0.,1.));
#14774=IFCDIRECTION((1.,0.,0.));
#14775=IFCAXIS2PLACEMENT3D(#14772,#14773,#14774);
#14776=IFCLOCALPLACEMENT($,#14775);
#14777=IFCPROPERTYSET('3$CSoNXGz8DgNCS61V6djT',$,'Other',$,(#14779,#14780,#14781));
#14778=IFCRELDEFINESBYPROPERTIES('1LF$PtAKbEof8DW$pPdJpx',$,$,$,(#14755),#14777);
#14779=IFCPROPERTYSINGLEVALUE('Ax',$,IFCLABEL('0.001'),$);
#14780=IFCPROPERTYSINGLEVALUE('Ay',$,IFCLABEL('0.001'),$);
#14781=IFCPROPERTYSINGLEVALUE('Section',$,IFCLABEL('Rect'),$);
#14782=IFCCOLUMN('0Y$ftQTY57Ohi76DH6dhMm',$,$,$,$,#14803,#14793,$,$);
#14783=IFCCARTESIANPOINTLIST2D(((-200.,-200.),(200.,-200.),(200.,200.),(-200.,200.)));
#14784=IFCINDEXEDPOLYCURVE(#14783,(IFCLINEINDEX((1,2,3,4,1))),$);
#14785=IFCARBITRARYCLOSEDPROFILEDEF(.AREA.,'Arbitrary',#14784);
#14786=IFCCARTESIANPOINT((0.,0.,0.));
#14787=IFCDIRECTION((0.,0.,1.));
#14788=IFCDIRECTION((1.,0.,0.));
#14789=IFCAXIS2PLACEMENT3D(#14786,#14787,#14788);
#14790=IFCDIRECTION((0.,0.,1.));
#14791=IFCEXTRUDEDAREASOLID(#14785,#14789,#14790,3000.);
#14792=IFCSHAPEREPRESENTATION(#11,'Body','SweptSolid',(#14791));
#14793=IFCPRODUCTDEFINITIONSHAPE($,$,(#14792));
#14799=IFCCARTESIANPOINT((30000.,1000.,12000.));
#14800=IFCDIRECTION((0.,0.,1.));
#14801=IFCDIRECTION((1.,0.,0.));
#14802=IFCAXIS2PLACEMENT3D(#14799,#14800,#14801);
#14803=IFCLOCALPLACEMENT($,#14802);
#14804=IFCPROPERTYSET('3A5fP4bL99YufnNRAgk8Zx',$,'Other',$,(#14806,#14807,#14808));
#14805=IFCRELDEFINESBYPROPERTIES('06rl5hh8n0he9ObOkqcSKC',$,$,$,(#14782),#14804);
#14806=IFCPROPERTYSINGLEVALUE('Ax',$,IFCLABEL('0.001'),$);
#14807=IFCPROPERTYSINGLEVALUE('Ay',$,IFCLABEL('0.001'),$);
#14808=IFCPROPERTYSINGLEVALUE('Section',$,IFCLABEL('Rect'),$);
#14809=IFCCOLUMN('03Q7SIIoH2oPjsSGoHWFy3',$,$,$,$,#14830,#14820,$,$);
#14810=IFCCARTESIANPOINTLIST2D(((-200.,-200.),(200.,-200.),(200.,200.),(-200.,200.)));
#14811=IFCINDEXEDPOLYCURVE(#14810,(IFCLINEINDEX((1,2,3,4,1))),$);
#14812=IFCARBITRARYCLOSEDPROFILEDEF(.AREA.,'Arbitrary',#14811);
#14813=IFCCARTESIANPOINT((0.,0.,0.));
#14814=IFCDIRECTION((0.,0.,1.));
#14815=IFCDIRECTION((1.,0.,0.));
#14816=IFCAXIS2PLACEMENT3D(#14813,#14814,#14815);
#14817=IFCDIRECTION((0.,0.,1.));
#14818=IFCEXTRUDEDAREASOLID(#14812,#14816,#14817,3000.);
#14819=IFCSHAPEREPRESENTATION(#11,'Body','SweptSolid',(#14818));
#14820=IFCPRODUCTDEFINITIONSHAPE($,$,(#14819));
#14826=IFCCARTESIANPOINT((30000.,1000.,9000.));
#14827=IFCDIRECTION((0.,0.,1.));
#14828=IFCDIRECTION((1.,0.,0.));
#14829=IFCAXIS2PLACEMENT3D(#14826,#14827,#14828);
#14830=IFCLOCALPLACEMENT($,#14829);
#14831=IFCPROPERTYSET('0MhLo5aI5618WENc4ixZ0F',$,'Other',$,(#14833,#14834,#14835));
#14832=IFCRELDEFINESBYPROPERTIES('1hOxn384v08O4rWJ4uLt7W',$,$,$,(#14809),#14831);
#14833=IFCPROPERTYSINGLEVALUE('Ax',$,IFCLABEL('0.001'),$);
#14834=IFCPROPERTYSINGLEVALUE('Ay',$,IFCLABEL('0.001'),$);
#14835=IFCPROPERTYSINGLEVALUE('Section',$,IFCLABEL('Rect'),$);
#14836=IFCCOLUMN('1ImJjz3Yn9yP0bUlH8Vzg9',$,$,$,$,#14857,#14847,$,$);
#14837=IFCCARTESIANPOINTLIST2D(((-200.,-200.),(200.,-200.),(200.,200.),(-200.,200.)));
#14838=IFCINDEXEDPOLYCURVE(#14837,(IFCLINEINDEX((1,2,3,4,1))),$);
#14839=IFCARBITRARYCLOSEDPROFILEDEF(.AREA.,'Arbitrary',#14838);
#14840=IFCCARTESIANPOINT((0.,0.,0.));
#14841=IFCDIRECTION((0.,0.,1.));
#14842=IFCDIRECTION((1.,0.,0.));
#14843=IFCAXIS2PLACEMENT3D(#14840,#14841,#14842);
#14844=IFCDIRECTION((0.,0.,1.));
#14845=IFCEXTRUDEDAREASOLID(#14839,#14843,#14844,3000.);
#14846=IFCSHAPEREPRESENTATION(#11,'Body','SweptSolid',(#14845));
#14847=IFCPRODUCTDEFINITIONSHAPE($,$,(#14846));
#14853=IFCCARTESIANPOINT((30000.,1000.,6000.));
#14854=IFCDIRECTION((0.,0.,1.));
#14855=IFCDIRECTION((1.,0.,0.));
#14856=IFCAXIS2PLACEMENT3D(#14853,#14854,#14855);
#14857=IFCLOCALPLACEMENT($,#14856);
#14858=IFCPROPERTYSET('2OwQlzdCvFifGSLCuZgGpH',$,'Other',$,(#14860,#14861,#14862));
#14859=IFCRELDEFINESBYPROPERTIES('2ugr8evT56g9VfJpph7Jtt',$,$,$,(#14836),#14858);
#14860=IFCPROPERTYSINGLEVALUE('Ax',$,IFCLABEL('0.001'),$);
#14861=IFCPROPERTYSINGLEVALUE('Ay',$,IFCLABEL('0.001'),$);
#14862=IFCPROPERTYSINGLEVALUE('Section',$,IFCLABEL('Rect'),$);
#14863=IFCCOLUMN('3l0CqG4ZT54vppHq8$_XvA',$,$,$,$,#14884,#14874,$,$);
#14864=IFCCARTESIANPOINTLIST2D(((-200.,-200.),(200.,-200.),(200.,200.),(-200.,200.)));
#14865=IFCINDEXEDPOLYCURVE(#14864,(IFCLINEINDEX((1,2,3,4,1))),$);
#14866=IFCARBITRARYCLOSEDPROFILEDEF(.AREA.,'Arbitrary',#14865);
#14867=IFCCARTESIANPOINT((0.,0.,0.));
#14868=IFCDIRECTION((0.,0.,1.));
#14869=IFCDIRECTION((1.,0.,0.));
#14870=IFCAXIS2PLACEMENT3D(#14867,#14868,#14869);
#14871=IFCDIRECTION((0.,0.,1.));
#14872=IFCEXTRUDEDAREASOLID(#14866,#14870,#14871,3000.);
#14873=IFCSHAPEREPRESENTATION(#11,'Body','SweptSolid',(#14872));
#14874=IFCPRODUCTDEFINITIONSHAPE($,$,(#14873));
#14880=IFCCARTESIANPOINT((30000.,1000.,3000.));
#14881=IFCDIRECTION((0.,0.,1.));
#14882=IFCDIRECTION((1.,0.,0.));
#14883=IFCAXIS2PLACEMENT3D(#14880,#14881,#14882);
#14884=IFCLOCALPLACEMENT($,#14883);
#14885=IFCPROPERTYSET('39C6rzzg9EEO$V24p$Ik5$',$,'Other',$,(#14887,#14888,#14889));
#14886=IFCRELDEFINESBYPROPERTIES('0pT4JdLsT2AumiBqswpd6z',$,$,$,(#14863),#14885);
#14887=IFCPROPERTYSINGLEVALUE('Ax',$,IFCLABEL('0.001'),$);
#14888=IFCPROPERTYSINGLEVALUE('Ay',$,IFCLABEL('0.001'),$);
#14889=IFCPROPERTYSINGLEVALUE('Section',$,IFCLABEL('Rect'),$);
#14890=IFCCOLUMN('2RW8GgiMr9Mu_bAuVvysE3',$,$,$,$,#14911,#14901,$,$);
#14891=IFCCARTESIANPOINTLIST2D(((-200.,-200.),(200.,-200.),(200.,200.),(-200.,200.)));
#14892=IFCINDEXEDPOLYCURVE(#14891,(IFCLINEINDEX((1,2,3,4,1))),$);
#14893=IFCARBITRARYCLOSEDPROFILEDEF(.AREA.,'Arbitrary',#14892);
#14894=IFCCARTESIANPOINT((0.,0.,0.));
#14895=IFCDIRECTION((0.,0.,1.));
#14896=IFCDIRECTION((1.,0.,0.));
#14897=IFCAXIS2PLACEMENT3D(#14894,#14895,#14896);
#14898=IFCDIRECTION((0.,0.,1.));
#14899=IFCEXTRUDEDAREASOLID(#14893,#14897,#14898,3000.);
#14900=IFCSHAPEREPRESENTATION(#11,'Body','SweptSolid',(#14899));
#14901=IFCPRODUCTDEFINITIONSHAPE($,$,(#14900));
#14907=IFCCARTESIANPOINT((30000.,1000.,0.));
#14908=IFCDIRECTION((0.,0.,1.));
#14909=IFCDIRECTION((1.,0.,0.));
#14910=IFCAXIS2PLACEMENT3D(#14907,#14908,#14909);
#14911=IFCLOCALPLACEMENT($,#14910);
#14912=IFCPROPERTYSET('3oBuVwDY5BfBhSSsj1AgZ4',$,'Other',$,(#14914,#14915,#14916));
#14913=IFCRELDEFINESBYPROPERTIES('3uy2s5AIfDeRI35GwAXJ1z',$,$,$,(#14890),#14912);
#14914=IFCPROPERTYSINGLEVALUE('Ax',$,IFCLABEL('0.001'),$);
#14915=IFCPROPERTYSINGLEVALUE('Ay',$,IFCLABEL('0.001'),$);
#14916=IFCPROPERTYSINGLEVALUE('Section',$,IFCLABEL('Rect'),$);
#14917=IFCCOLUMN('2UD$7cpYD0ww4NqeqQcpRC',$,$,$,$,#14938,#14928,$,$);
#14918=IFCCARTESIANPOINTLIST2D(((-200.,-200.),(200.,-200.),(200.,200.),(-200.,200.)));
#14919=IFCINDEXEDPOLYCURVE(#14918,(IFCLINEINDEX((1,2,3,4,1))),$);
#14920=IFCARBITRARYCLOSEDPROFILEDEF(.AREA.,'Arbitrary',#14919);
#14921=IFCCARTESIANPOINT((0.,0.,0.));
#14922=IFCDIRECTION((0.,0.,1.));
#14923=IFCDIRECTION((1.,0.,0.));
#14924=IFCAXIS2PLACEMENT3D(#14921,#14922,#14923);
#14925=IFCDIRECTION((0.,0.,1.));
#14926=IFCEXTRUDEDAREASOLID(#14920,#14924,#14925,3000.);
#14927=IFCSHAPEREPRESENTATION(#11,'Body','SweptSolid',(#14926));
#14928=IFCPRODUCTDEFINITIONSHAPE($,$,(#14927));
#14934=IFCCARTESIANPOINT((0.,6000.,21000.));
#14935=IFCDIRECTION((0.,0.,1.));
#14936=IFCDIRECTION((1.,0.,0.));
#14937=IFCAXIS2PLACEMENT3D(#14934,#14935,#14936);
#14938=IFCLOCALPLACEMENT($,#14937);
#14939=IFCPROPERTYSET('11EXGeXen4ShNCu_ry8vcD',$,'Other',$,(#14941,#14942,#14943));
#14940=IFCRELDEFINESBYPROPERTIES('0s2Q5Qb1D5SPWe0U9fpQbN',$,$,$,(#14917),#14939);
#14941=IFCPROPERTYSINGLEVALUE('Ax',$,IFCLABEL('0.001'),$);
#14942=IFCPROPERTYSINGLEVALUE('Ay',$,IFCLABEL('0.001'),$);
#14943=IFCPROPERTYSINGLEVALUE('Section',$,IFCLABEL('Rect'),$);
#14944=IFCCOLUMN('1NVJIDSGX448g_wsIdJb9Q',$,$,$,$,#14965,#14955,$,$);
#14945=IFCCARTESIANPOINTLIST2D(((-200.,-200.),(200.,-200.),(200.,200.),(-200.,200.)));
#14946=IFCINDEXEDPOLYCURVE(#14945,(IFCLINEINDEX((1,2,3,4,1))),$);
#14947=IFCARBITRARYCLOSEDPROFILEDEF(.AREA.,'Arbitrary',#14946);
#14948=IFCCARTESIANPOINT((0.,0.,0.));
#14949=IFCDIRECTION((0.,0.,1.));
#14950=IFCDIRECTION((1.,0.,0.));
#14951=IFCAXIS2PLACEMENT3D(#14948,#14949,#14950);
#14952=IFCDIRECTION((0.,0.,1.));
#14953=IFCEXTRUDEDAREASOLID(#14947,#14951,#14952,3000.);
#14954=IFCSHAPEREPRESENTATION(#11,'Body','SweptSolid',(#14953));
#14955=IFCPRODUCTDEFINITIONSHAPE($,$,(#14954));
#14961=IFCCARTESIANPOINT((0.,6000.,18000.));
#14962=IFCDIRECTION((0.,0.,1.));
#14963=IFCDIRECTION((1.,0.,0.));
#14964=IFCAXIS2PLACEMENT3D(#14961,#14962,#14963);
#14965=IFCLOCALPLACEMENT($,#14964);
#14966=IFCPROPERTYSET('1JTCHfMyrF48eyBA5t5aeB',$,'Other',$,(#14968,#14969,#14970));
#14967=IFCRELDEFINESBYPROPERTIES('3BME89xPT7R9$qIb8DWDEz',$,$,$,(#14944),#14966);
#14968=IFCPROPERTYSINGLEVALUE('Ax',$,IFCLABEL('0.001'),$);
#14969=IFCPROPERTYSINGLEVALUE('Ay',$,IFCLABEL('0.001'),$);
#14970=IFCPROPERTYSINGLEVALUE('Section',$,IFCLABEL('Rect'),$);
#14971=IFCCOLUMN('1$snEHQH5FvvpRFr_duZer',$,$,$,$,#14992,#14982,$,$);
#14972=IFCCARTESIANPOINTLIST2D(((-200.,-200.),(200.,-200.),(200.,200.),(-200.,200.)));
#14973=IFCINDEXEDPOLYCURVE(#14972,(IFCLINEINDEX((1,2,3,4,1))),$);
#14974=IFCARBITRARYCLOSEDPROFILEDEF(.AREA.,'Arbitrary',#14973);
#14975=IFCCARTESIANPOINT((0.,0.,0.));
#14976=IFCDIRECTION((0.,0.,1.));
#14977=IFCDIRECTION((1.,0.,0.));
#14978=IFCAXIS2PLACEMENT3D(#14975,#14976,#14977);
#14979=IFCDIRECTION((0.,0.,1.));
#14980=IFCEXTRUDEDAREASOLID(#14974,#14978,#14979,3000.);
#14981=IFCSHAPEREPRESENTATION(#11,'Body','SweptSolid',(#14980));
#14982=IFCPRODUCTDEFINITIONSHAPE($,$,(#14981));
#14988=IFCCARTESIANPOINT((0.,6000.,15000.));
#14989=IFCDIRECTION((0.,0.,1.));
#14990=IFCDIRECTION((1.,0.,0.));
#14991=IFCAXIS2PLACEMENT3D(#14988,#14989,#14990);
#14992=IFCLOCALPLACEMENT($,#14991);
#14993=IFCPROPERTYSET('2zZtWaQSTEyuOSwDBlnh4s',$,'Other',$,(#14995,#14996,#14997));
#14994=IFCRELDEFINESBYPROPERTIES('2u$tpBRfLEqw9bQrLFPlgK',$,$,$,(#14971),#14993);
#14995=IFCPROPERTYSINGLEVALUE('Ax',$,IFCLABEL('0.001'),$);
#14996=IFCPROPERTYSINGLEVALUE('Ay',$,IFCLABEL('0.001'),$);
#14997=IFCPROPERTYSINGLEVALUE('Section',$,IFCLABEL('Rect'),$);
#14998=IFCCOLUMN('0A_3r$zm1FGhgiL6HZd6mw',$,$,$,$,#15019,#15009,$,$);
#14999=IFCCARTESIANPOINTLIST2D(((-200.,-200.),(200.,-200.),(200.,200.),(-200.,200.)));
#15000=IFCINDEXEDPOLYCURVE(#14999,(IFCLINEINDEX((1,2,3,4,1))),$);
#15001=IFCARBITRARYCLOSEDPROFILEDEF(.AREA.,'Arbitrary',#15000);
#15002=IFCCARTESIANPOINT((0.,0.,0.));
#15003=IFCDIRECTION((0.,0.,1.));
#15004=IFCDIRECTION((1.,0.,0.));
#15005=IFCAXIS2PLACEMENT3D(#15002,#15003,#15004);
#15006=IFCDIRECTION((0.,0.,1.));
#15007=IFCEXTRUDEDAREASOLID(#15001,#15005,#15006,3000.);
#15008=IFCSHAPEREPRESENTATION(#11,'Body','SweptSolid',(#15007));
#15009=IFCPRODUCTDEFINITIONSHAPE($,$,(#15008));
#15015=IFCCARTESIANPOINT((0.,6000.,12000.));
#15016=IFCDIRECTION((0.,0.,1.));
#15017=IFCDIRECTION((1.,0.,0.));
#15018=IFCAXIS2PLACEMENT3D(#15015,#15016,#15017);
#15019=IFCLOCALPLACEMENT($,#15018);
#15020=IFCPROPERTYSET('0NvV_ZID9Fju$o1AYJR$ym',$,'Other',$,(#15022,#15023,#15024));
#15021=IFCRELDEFINESBYPROPERTIES('0cZKmM1NL788_cU6O1c9Cq',$,$,$,(#14998),#15020);
#15022=IFCPROPERTYSINGLEVALUE('Ax',$,IFCLABEL('0.001'),$);
#15023=IFCPROPERTYSINGLEVALUE('Ay',$,IFCLABEL('0.001'),$);
#15024=IFCPROPERTYSINGLEVALUE('Section',$,IFCLABEL('Rect'),$);
#15025=IFCCOLUMN('38nFBtldXDofmpu28v7YQo',$,$,$,$,#15046,#15036,$,$);
#15026=IFCCARTESIANPOINTLIST2D(((-200.,-200.),(200.,-200.),(200.,200.),(-200.,200.)));
#15027=IFCINDEXEDPOLYCURVE(#15026,(IFCLINEINDEX((1,2,3,4,1))),$);
#15028=IFCARBITRARYCLOSEDPROFILEDEF(.AREA.,'Arbitrary',#15027);
#15029=IFCCARTESIANPOINT((0.,0.,0.));
#15030=IFCDIRECTION((0.,0.,1.));
#15031=IFCDIRECTION((1.,0.,0.));
#15032=IFCAXIS2PLACEMENT3D(#15029,#15030,#15031);
#15033=IFCDIRECTION((0.,0.,1.));
#15034=IFCEXTRUDEDAREASOLID(#15028,#15032,#15033,3000.);
#15035=IFCSHAPEREPRESENTATION(#11,'Body','SweptSolid',(#15034));
#15036=IFCPRODUCTDEFINITIONSHAPE($,$,(#15035));
#15042=IFCCARTESIANPOINT((0.,6000.,9000.));
#15043=IFCDIRECTION((0.,0.,1.));
#15044=IFCDIRECTION((1.,0.,0.));
#15045=IFCAXIS2PLACEMENT3D(#15042,#15043,#15044);
#15046=IFCLOCALPLACEMENT($,#15045);
#15047=IFCPROPERTYSET('0aNKm$H91ABQJBeeBnzm9s',$,'Other',$,(#15049,#15050,#15051));
#15048=IFCRELDEFINESBYPROPERTIES('18CP5epaPBzfG1fXMzt0TC',$,$,$,(#15025),#15047);
#15049=IFCPROPERTYSINGLEVALUE('Ax',$,IFCLABEL('0.001'),$);
#15050=IFCPROPERTYSINGLEVALUE('Ay',$,IFCLABEL('0.001'),$);
#15051=IFCPROPERTYSINGLEVALUE('Section',$,IFCLABEL('Rect'),$);
#15052=IFCCOLUMN('3a6JQu1m9039s6IC12KgLA',$,$,$,$,#15073,#15063,$,$);
#15053=IFCCARTESIANPOINTLIST2D(((-200.,-200.),(200.,-200.),(200.,200.),(-200.,200.)));
#15054=IFCINDEXEDPOLYCURVE(#15053,(IFCLINEINDEX((1,2,3,4,1))),$);
#15055=IFCARBITRARYCLOSEDPROFILEDEF(.AREA.,'Arbitrary',#15054);
#15056=IFCCARTESIANPOINT((0.,0.,0.));
#15057=IFCDIRECTION((0.,0.,1.));
#15058=IFCDIRECTION((1.,0.,0.));
#15059=IFCAXIS2PLACEMENT3D(#15056,#15057,#15058);
#15060=IFCDIRECTION((0.,0.,1.));
#15061=IFCEXTRUDEDAREASOLID(#15055,#15059,#15060,3000.);
#15062=IFCSHAPEREPRESENTATION(#11,'Body','SweptSolid',(#15061));
#15063=IFCPRODUCTDEFINITIONSHAPE($,$,(#15062));
#15069=IFCCARTESIANPOINT((0.,6000.,6000.));
#15070=IFCDIRECTION((0.,0.,1.));
#15071=IFCDIRECTION((1.,0.,0.));
#15072=IFCAXIS2PLACEMENT3D(#15069,#15070,#15071);
#15073=IFCLOCALPLACEMENT($,#15072);
#15074=IFCPROPERTYSET('1tRv9hBxr2fvHMUZ7QRQvG',$,'Other',$,(#15076,#15077,#15078));
#15075=IFCRELDEFINESBYPROPERTIES('3SNqG$diH3_x0sHs9bSQ7u',$,$,$,(#15052),#15074);
#15076=IFCPROPERTYSINGLEVALUE('Ax',$,IFCLABEL('0.001'),$);
#15077=IFCPROPERTYSINGLEVALUE('Ay',$,IFCLABEL('0.001'),$);
#15078=IFCPROPERTYSINGLEVALUE('Section',$,IFCLABEL('Rect'),$);
#15079=IFCCOLUMN('0_sqJHMJX8l8V9t2LRmFc6',$,$,$,$,#15100,#15090,$,$);
#15080=IFCCARTESIANPOINTLIST2D(((-200.,-200.),(200.,-200.),(200.,200.),(-200.,200.)));
#15081=IFCINDEXEDPOLYCURVE(#15080,(IFCLINEINDEX((1,2,3,4,1))),$);
#15082=IFCARBITRARYCLOSEDPROFILEDEF(.AREA.,'Arbitrary',#15081);
#15083=IFCCARTESIANPOINT((0.,0.,0.));
#15084=IFCDIRECTION((0.,0.,1.));
#15085=IFCDIRECTION((1.,0.,0.));
#15086=IFCAXIS2PLACEMENT3D(#15083,#15084,#15085);
#15087=IFCDIRECTION((0.,0.,1.));
#15088=IFCEXTRUDEDAREASOLID(#15082,#15086,#15087,3000.);
#15089=IFCSHAPEREPRESENTATION(#11,'Body','SweptSolid',(#15088));
#15090=IFCPRODUCTDEFINITIONSHAPE($,$,(#15089));
#15096=IFCCARTESIANPOINT((0.,6000.,3000.));
#15097=IFCDIRECTION((0.,0.,1.));
#15098=IFCDIRECTION((1.,0.,0.));
#15099=IFCAXIS2PLACEMENT3D(#15096,#15097,#15098);
#15100=IFCLOCALPLACEMENT($,#15099);
#15101=IFCPROPERTYSET('0u5wwvc_bAcOp9VuiDikKr',$,'Other',$,(#15103,#15104,#15105));
#15102=IFCRELDEFINESBYPROPERTIES('19iz_jOpb0aBSN6D6klL9i',$,$,$,(#15079),#15101);
#15103=IFCPROPERTYSINGLEVALUE('Ax',$,IFCLABEL('0.001'),$);
#15104=IFCPROPERTYSINGLEVALUE('Ay',$,IFCLABEL('0.001'),$);
#15105=IFCPROPERTYSINGLEVALUE('Section',$,IFCLABEL('Rect'),$);
#15106=IFCCOLUMN('2QBH5D2Y9FKe9r6tv2zNUz',$,$,$,$,#15127,#15117,$,$);
#15107=IFCCARTESIANPOINTLIST2D(((-200.,-200.),(200.,-200.),(200.,200.),(-200.,200.)));
#15108=IFCINDEXEDPOLYCURVE(#15107,(IFCLINEINDEX((1,2,3,4,1))),$);
#15109=IFCARBITRARYCLOSEDPROFILEDEF(.AREA.,'Arbitrary',#15108);
#15110=IFCCARTESIANPOINT((0.,0.,0.));
#15111=IFCDIRECTION((0.,0.,1.));
#15112=IFCDIRECTION((1.,0.,0.));
#15113=IFCAXIS2PLACEMENT3D(#15110,#15111,#15112);
#15114=IFCDIRECTION((0.,0.,1.));
#15115=IFCEXTRUDEDAREASOLID(#15109,#15113,#15114,3000.);
#15116=IFCSHAPEREPRESENTATION(#11,'Body','SweptSolid',(#15115));
#15117=IFCPRODUCTDEFINITIONSHAPE($,$,(#15116));
#15123=IFCCARTESIANPOINT((0.,6000.,0.));
#15124=IFCDIRECTION((0.,0.,1.));
#15125=IFCDIRECTION((1.,0.,0.));
#15126=IFCAXIS2PLACEMENT3D(#15123,#15124,#15125);
#15127=IFCLOCALPLACEMENT($,#15126);
#15128=IFCPROPERTYSET('09fICGc7vACg31qIBl$g0S',$,'Other',$,(#15130,#15131,#15132));
#15129=IFCRELDEFINESBYPROPERTIES('33KFZR$XL9aOAZUxPF_NQW',$,$,$,(#15106),#15128);
#15130=IFCPROPERTYSINGLEVALUE('Ax',$,IFCLABEL('0.001'),$);
#15131=IFCPROPERTYSINGLEVALUE('Ay',$,IFCLABEL('0.001'),$);
#15132=IFCPROPERTYSINGLEVALUE('Section',$,IFCLABEL('Rect'),$);
#15133=IFCCOLUMN('3t2uuuIkr6kuTXPr5nieBd',$,$,$,$,#15154,#15144,$,$);
#15134=IFCCARTESIANPOINTLIST2D(((-200.,-200.),(200.,-200.),(200.,200.),(-200.,200.)));
#15135=IFCINDEXEDPOLYCURVE(#15134,(IFCLINEINDEX((1,2,3,4,1))),$);
#15136=IFCARBITRARYCLOSEDPROFILEDEF(.AREA.,'Arbitrary',#15135);
#15137=IFCCARTESIANPOINT((0.,0.,0.));
#15138=IFCDIRECTION((0.,0.,1.));
#15139=IFCDIRECTION((1.,0.,0.));
#15140=IFCAXIS2PLACEMENT3D(#15137,#15138,#15139);
#15141=IFCDIRECTION((0.,0.,1.));
#15142=IFCEXTRUDEDAREASOLID(#15136,#15140,#15141,3000.);
#15143=IFCSHAPEREPRESENTATION(#11,'Body','SweptSolid',(#15142));
#15144=IFCPRODUCTDEFINITIONSHAPE($,$,(#15143));
#15150=IFCCARTESIANPOINT((6000.,6000.,21000.));
#15151=IFCDIRECTION((0.,0.,1.));
#15152=IFCDIRECTION((1.,0.,0.));
#15153=IFCAXIS2PLACEMENT3D(#15150,#15151,#15152);
#15154=IFCLOCALPLACEMENT($,#15153);
#15155=IFCPROPERTYSET('0Zo6XFf6H8XvgJveDKKqi_',$,'Other',$,(#15157,#15158,#15159));
#15156=IFCRELDEFINESBYPROPERTIES('3WhQC6oa9CVx0qKCRHCNNJ',$,$,$,(#15133),#15155);
#15157=IFCPROPERTYSINGLEVALUE('Ax',$,IFCLABEL('0.001'),$);
#15158=IFCPROPERTYSINGLEVALUE('Ay',$,IFCLABEL('0.001'),$);
#15159=IFCPROPERTYSINGLEVALUE('Section',$,IFCLABEL('Rect'),$);
#15160=IFCCOLUMN('2wGuTanH9Ax8MBriPusLuA',$,$,$,$,#15181,#15171,$,$);
#15161=IFCCARTESIANPOINTLIST2D(((-200.,-200.),(200.,-200.),(200.,200.),(-200.,200.)));
#15162=IFCINDEXEDPOLYCURVE(#15161,(IFCLINEINDEX((1,2,3,4,1))),$);
#15163=IFCARBITRARYCLOSEDPROFILEDEF(.AREA.,'Arbitrary',#15162);
#15164=IFCCARTESIANPOINT((0.,0.,0.));
#15165=IFCDIRECTION((0.,0.,1.));
#15166=IFCDIRECTION((1.,0.,0.));
#15167=IFCAXIS2PLACEMENT3D(#15164,#15165,#15166);
#15168=IFCDIRECTION((0.,0.,1.));
#15169=IFCEXTRUDEDAREASOLID(#15163,#15167,#15168,3000.);
#15170=IFCSHAPEREPRESENTATION(#11,'Body','SweptSolid',(#15169));
#15171=IFCPRODUCTDEFINITIONSHAPE($,$,(#15170));
#15177=IFCCARTESIANPOINT((6000.,6000.,18000.));
#15178=IFCDIRECTION((0.,0.,1.));
#15179=IFCDIRECTION((1.,0.,0.));
#15180=IFCAXIS2PLACEMENT3D(#15177,#15178,#15179);
#15181=IFCLOCALPLACEMENT($,#15180);
#15182=IFCPROPERTYSET('0CAbFixVj9AuARwUEsh9H3',$,'Other',$,(#15184,#15185,#15186));
#15183=IFCRELDEFINESBYPROPERTIES('2PKNKY2gXB1epFt7cxjDF2',$,$,$,(#15160),#15182);
#15184=IFCPROPERTYSINGLEVALUE('Ax',$,IFCLABEL('0.001'),$);
#15185=IFCPROPERTYSINGLEVALUE('Ay',$,IFCLABEL('0.001'),$);
#15186=IFCPROPERTYSINGLEVALUE('Section',$,IFCLABEL('Rect'),$);
#15187=IFCCOLUMN('3SYx6HIUXF$9zWeynNYSsx',$,$,$,$,#15208,#15198,$,$);
#15188=IFCCARTESIANPOINTLIST2D(((-200.,-200.),(200.,-200.),(200.,200.),(-200.,200.)));
#15189=IFCINDEXEDPOLYCURVE(#15188,(IFCLINEINDEX((1,2,3,4,1))),$);
#15190=IFCARBITRARYCLOSEDPROFILEDEF(.AREA.,'Arbitrary',#15189);
#15191=IFCCARTESIANPOINT((0.,0.,0.));
#15192=IFCDIRECTION((0.,0.,1.));
#15193=IFCDIRECTION((1.,0.,0.));
#15194=IFCAXIS2PLACEMENT3D(#15191,#15192,#15193);
#15195=IFCDIRECTION((0.,0.,1.));
#15196=IFCEXTRUDEDAREASOLID(#15190,#15194,#15195,3000.);
#15197=IFCSHAPEREPRESENTATION(#11,'Body','SweptSolid',(#15196));
#15198=IFCPRODUCTDEFINITIONSHAPE($,$,(#15197));
#15204=IFCCARTESIANPOINT((6000.,6000.,15000.));
#15205=IFCDIRECTION((0.,0.,1.));
#15206=IFCDIRECTION((1.,0.,0.));
#15207=IFCAXIS2PLACEMENT3D(#15204,#15205,#15206);
#15208=IFCLOCALPLACEMENT($,#15207);
#15209=IFCPROPERTYSET('1BXejS6A9EC9B_srXuSxMu',$,'Other',$,(#15211,#15212,#15213));
#15210=IFCRELDEFINESBYPROPERTIES('2PXCEN8o9EKvc2x63s4kVy',$,$,$,(#15187),#15209);
#15211=IFCPROPERTYSINGLEVALUE('Ax',$,IFCLABEL('0.001'),$);
#15212=IFCPROPERTYSINGLEVALUE('Ay',$,IFCLABEL('0.001'),$);
#15213=IFCPROPERTYSINGLEVALUE('Section',$,IFCLABEL('Rect'),$);
#15214=IFCCOLUMN('30kS30$xf5FO735sUJ1BnX',$,$,$,$,#15235,#15225,$,$);
#15215=IFCCARTESIANPOINTLIST2D(((-200.,-200.),(200.,-200.),(200.,200.),(-200.,200.)));
#15216=IFCINDEXEDPOLYCURVE(#15215,(IFCLINEINDEX((1,2,3,4,1))),$);
#15217=IFCARBITRARYCLOSEDPROFILEDEF(.AREA.,'Arbitrary',#15216);
#15218=IFCCARTESIANPOINT((0.,0.,0.));
#15219=IFCDIRECTION((0.,0.,1.));
#15220=IFCDIRECTION((1.,0.,0.));
#15221=IFCAXIS2PLACEMENT3D(#15218,#15219,#15220);
#15222=IFCDIRECTION((0.,0.,1.));
#15223=IFCEXTRUDEDAREASOLID(#15217,#15221,#15222,3000.);
#15224=IFCSHAPEREPRESENTATION(#11,'Body','SweptSolid',(#15223));
#15225=IFCPRODUCTDEFINITIONSHAPE($,$,(#15224));
#15231=IFCCARTESIANPOINT((6000.,6000.,12000.));
#15232=IFCDIRECTION((0.,0.,1.));
#15233=IFCDIRECTION((1.,0.,0.));
#15234=IFCAXIS2PLACEMENT3D(#15231,#15232,#15233);
#15235=IFCLOCALPLACEMENT($,#15234);
#15236=IFCPROPERTYSET('0MO3wybxb828b73378mVwt',$,'Other',$,(#15238,#15239,#15240));
#15237=IFCRELDEFINESBYPROPERTIES('2RNz$YPzD4GOZkXhQRyAAi',$,$,$,(#15214),#15236);
#15238=IFCPROPERTYSINGLEVALUE('Ax',$,IFCLABEL('0.001'),$);
#15239=IFCPROPERTYSINGLEVALUE('Ay',$,IFCLABEL('0.001'),$);
#15240=IFCPROPERTYSINGLEVALUE('Section',$,IFCLABEL('Rect'),$);
#15241=IFCCOLUMN('1JRoqnldHFtQ$ohWiGVekY',$,$,$,$,#15262,#15252,$,$);
#15242=IFCCARTESIANPOINTLIST2D(((-200.,-200.),(200.,-200.),(200.,200.),(-200.,200.)));
#15243=IFCINDEXEDPOLYCURVE(#15242,(IFCLINEINDEX((1,2,3,4,1))),$);
#15244=IFCARBITRARYCLOSEDPROFILEDEF(.AREA.,'Arbitrary',#15243);
#15245=IFCCARTESIANPOINT((0.,0.,0.));
#15246=IFCDIRECTION((0.,0.,1.));
#15247=IFCDIRECTION((1.,0.,0.));
#15248=IFCAXIS2PLACEMENT3D(#15245,#15246,#15247);
#15249=IFCDIRECTION((0.,0.,1.));
#15250=IFCEXTRUDEDAREASOLID(#15244,#15248,#15249,3000.);
#15251=IFCSHAPEREPRESENTATION(#11,'Body','SweptSolid',(#15250));
#15252=IFCPRODUCTDEFINITIONSHAPE($,$,(#15251));
#15258=IFCCARTESIANPOINT((6000.,6000.,9000.));
#15259=IFCDIRECTION((0.,0.,1.));
#15260=IFCDIRECTION((1.,0.,0.));
#15261=IFCAXIS2PLACEMENT3D(#15258,#15259,#15260);
#15262=IFCLOCALPLACEMENT($,#15261);
#15263=IFCPROPERTYSET('1nh7iwhnbBJwLDk1iM8X3U',$,'Other',$,(#15265,#15266,#15267));
#15264=IFCRELDEFINESBYPROPERTIES('1i$J8tMB1E0xNpkmHELREM',$,$,$,(#15241),#15263);
#15265=IFCPROPERTYSINGLEVALUE('Ax',$,IFCLABEL('0.001'),$);
#15266=IFCPROPERTYSINGLEVALUE('Ay',$,IFCLABEL('0.001'),$);
#15267=IFCPROPERTYSINGLEVALUE('Section',$,IFCLABEL('Rect'),$);
#15268=IFCCOLUMN('2VQd3m0aLBZw31z3xrKjWP',$,$,$,$,#15289,#15279,$,$);
#15269=IFCCARTESIANPOINTLIST2D(((-200.,-200.),(200.,-200.),(200.,200.),(-200.,200.)));
#15270=IFCINDEXEDPOLYCURVE(#15269,(IFCLINEINDEX((1,2,3,4,1))),$);
#15271=IFCARBITRARYCLOSEDPROFILEDEF(.AREA.,'Arbitrary',#15270);
#15272=IFCCARTESIANPOINT((0.,0.,0.));
#15273=IFCDIRECTION((0.,0.,1.));
#15274=IFCDIRECTION((1.,0.,0.));
#15275=IFCAXIS2PLACEMENT3D(#15272,#15273,#15274);
#15276=IFCDIRECTION((0.,0.,1.));
#15277=IFCEXTRUDEDAREASOLID(#15271,#15275,#15276,3000.);
#15278=IFCSHAPEREPRESENTATION(#11,'Body','SweptSolid',(#15277));
#15279=IFCPRODUCTDEFINITIONSHAPE($,$,(#15278));
#15285=IFCCARTESIANPOINT((6000.,6000.,6000.));
#15286=IFCDIRECTION((0.,0.,1.));
#15287=IFCDIRECTION((1.,0.,0.));
#15288=IFCAXIS2PLACEMENT3D(#15285,#15286,#15287);
#15289=IFCLOCALPLACEMENT($,#15288);
#15290=IFCPROPERTYSET('3l596mc417MA49OcZkiYtL',$,'Other',$,(#15292,#15293,#15294));
#15291=IFCRELDEFINESBYPROPERTIES('1Lw9MrkOX6zhBio0cPPSMB',$,$,$,(#15268),#15290);
#15292=IFCPROPERTYSINGLEVALUE('Ax',$,IFCLABEL('0.001'),$);
#15293=IFCPROPERTYSINGLEVALUE('Ay',$,IFCLABEL('0.001'),$);
#15294=IFCPROPERTYSINGLEVALUE('Section',$,IFCLABEL('Rect'),$);
#15295=IFCCOLUMN('0uyBWKuz57lu2C7GXrxOwD',$,$,$,$,#15316,#15306,$,$);
#15296=IFCCARTESIANPOINTLIST2D(((-200.,-200.),(200.,-200.),(200.,200.),(-200.,200.)));
#15297=IFCINDEXEDPOLYCURVE(#15296,(IFCLINEINDEX((1,2,3,4,1))),$);
#15298=IFCARBITRARYCLOSEDPROFILEDEF(.AREA.,'Arbitrary',#15297);
#15299=IFCCARTESIANPOINT((0.,0.,0.));
#15300=IFCDIRECTION((0.,0.,1.));
#15301=IFCDIRECTION((1.,0.,0.));
#15302=IFCAXIS2PLACEMENT3D(#15299,#15300,#15301);
#15303=IFCDIRECTION((0.,0.,1.));
#15304=IFCEXTRUDEDAREASOLID(#15298,#15302,#15303,3000.);
#15305=IFCSHAPEREPRESENTATION(#11,'Body','SweptSolid',(#15304));
#15306=IFCPRODUCTDEFINITIONSHAPE($,$,(#15305));
#15312=IFCCARTESIANPOINT((6000.,6000.,3000.));
#15313=IFCDIRECTION((0.,0.,1.));
#15314=IFCDIRECTION((1.,0.,0.));
#15315=IFCAXIS2PLACEMENT3D(#15312,#15313,#15314);
#15316=IFCLOCALPLACEMENT($,#15315);
#15317=IFCPROPERTYSET('2dskF8jkf4agX$$PmZwmSt',$,'Other',$,(#15319,#15320,#15321));
#15318=IFCRELDEFINESBYPROPERTIES('2CWGytcUzEfxdeX4zFyXnK',$,$,$,(#15295),#15317);
#15319=IFCPROPERTYSINGLEVALUE('Ax',$,IFCLABEL('0.001'),$);
#15320=IFCPROPERTYSINGLEVALUE('Ay',$,IFCLABEL('0.001'),$);
#15321=IFCPROPERTYSINGLEVALUE('Section',$,IFCLABEL('Rect'),$);
#15322=IFCCOLUMN('2U7zFM8YH04QU5ZtGOnp6Z',$,$,$,$,#15343,#15333,$,$);
#15323=IFCCARTESIANPOINTLIST2D(((-200.,-200.),(200.,-200.),(200.,200.),(-200.,200.)));
#15324=IFCINDEXEDPOLYCURVE(#15323,(IFCLINEINDEX((1,2,3,4,1))),$);
#15325=IFCARBITRARYCLOSEDPROFILEDEF(.AREA.,'Arbitrary',#15324);
#15326=IFCCARTESIANPOINT((0.,0.,0.));
#15327=IFCDIRECTION((0.,0.,1.));
#15328=IFCDIRECTION((1.,0.,0.));
#15329=IFCAXIS2PLACEMENT3D(#15326,#15327,#15328);
#15330=IFCDIRECTION((0.,0.,1.));
#15331=IFCEXTRUDEDAREASOLID(#15325,#15329,#15330,3000.);
#15332=IFCSHAPEREPRESENTATION(#11,'Body','SweptSolid',(#15331));
#15333=IFCPRODUCTDEFINITIONSHAPE($,$,(#15332));
#15339=IFCCARTESIANPOINT((6000.,6000.,0.));
#15340=IFCDIRECTION((0.,0.,1.));
#15341=IFCDIRECTION((1.,0.,0.));
#15342=IFCAXIS2PLACEMENT3D(#15339,#15340,#15341);
#15343=IFCLOCALPLACEMENT($,#15342);
#15344=IFCPROPERTYSET('2SFwyrnrPB2RN563ml2af6',$,'Other',$,(#15346,#15347,#15348));
#15345=IFCRELDEFINESBYPROPERTIES('3FXcrr1fP0Ux8WT8Ldnn8U',$,$,$,(#15322),#15344);
#15346=IFCPROPERTYSINGLEVALUE('Ax',$,IFCLABEL('0.001'),$);
#15347=IFCPROPERTYSINGLEVALUE('Ay',$,IFCLABEL('0.001'),$);
#15348=IFCPROPERTYSINGLEVALUE('Section',$,IFCLABEL('Rect'),$);
#15349=IFCCOLUMN('2zTOznG9nEJAC6SNF5j5VY',$,$,$,$,#15370,#15360,$,$);
#15350=IFCCARTESIANPOINTLIST2D(((-200.,-200.),(200.,-200.),(200.,200.),(-200.,200.)));
#15351=IFCINDEXEDPOLYCURVE(#15350,(IFCLINEINDEX((1,2,3,4,1))),$);
#15352=IFCARBITRARYCLOSEDPROFILEDEF(.AREA.,'Arbitrary',#15351);
#15353=IFCCARTESIANPOINT((0.,0.,0.));
#15354=IFCDIRECTION((0.,0.,1.));
#15355=IFCDIRECTION((1.,0.,0.));
#15356=IFCAXIS2PLACEMENT3D(#15353,#15354,#15355);
#15357=IFCDIRECTION((0.,0.,1.));
#15358=IFCEXTRUDEDAREASOLID(#15352,#15356,#15357,3000.);
#15359=IFCSHAPEREPRESENTATION(#11,'Body','SweptSolid',(#15358));
#15360=IFCPRODUCTDEFINITIONSHAPE($,$,(#15359));
#15366=IFCCARTESIANPOINT((6000.,0.,21000.));
#15367=IFCDIRECTION((0.,0.,1.));
#15368=IFCDIRECTION((1.,0.,0.));
#15369=IFCAXIS2PLACEMENT3D(#15366,#15367,#15368);
#15370=IFCLOCALPLACEMENT($,#15369);
#15371=IFCPROPERTYSET('06lDQWOxnFtfK9nV_6_EWa',$,'Other',$,(#15373,#15374,#15375));
#15372=IFCRELDEFINESBYPROPERTIES('3qg8TIfCD8482_RtbM7Nm8',$,$,$,(#15349),#15371);
#15373=IFCPROPERTYSINGLEVALUE('Ax',$,IFCLABEL('0.001'),$);
#15374=IFCPROPERTYSINGLEVALUE('Ay',$,IFCLABEL('0.001'),$);
#15375=IFCPROPERTYSINGLEVALUE('Section',$,IFCLABEL('Rect'),$);
#15376=IFCCOLUMN('0HoyevzQP1rQkf2dOOX7WU',$,$,$,$,#15397,#15387,$,$);
#15377=IFCCARTESIANPOINTLIST2D(((-200.,-200.),(200.,-200.),(200.,200.),(-200.,200.)));
#15378=IFCINDEXEDPOLYCURVE(#15377,(IFCLINEINDEX((1,2,3,4,1))),$);
#15379=IFCARBITRARYCLOSEDPROFILEDEF(.AREA.,'Arbitrary',#15378);
#15380=IFCCARTESIANPOINT((0.,0.,0.));
#15381=IFCDIRECTION((0.,0.,1.));
#15382=IFCDIRECTION((1.,0.,0.));
#15383=IFCAXIS2PLACEMENT3D(#15380,#15381,#15382);
#15384=IFCDIRECTION((0.,0.,1.));
#15385=IFCEXTRUDEDAREASOLID(#15379,#15383,#15384,3000.);
#15386=IFCSHAPEREPRESENTATION(#11,'Body','SweptSolid',(#15385));
#15387=IFCPRODUCTDEFINITIONSHAPE($,$,(#15386));
#15393=IFCCARTESIANPOINT((6000.,0.,18000.));
#15394=IFCDIRECTION((0.,0.,1.));
#15395=IFCDIRECTION((1.,0.,0.));
#15396=IFCAXIS2PLACEMENT3D(#15393,#15394,#15395);
#15397=IFCLOCALPLACEMENT($,#15396);
#15398=IFCPROPERTYSET('1aBdHKDXHCUxLo7AOMqfbv',$,'Other',$,(#15400,#15401,#15402));
#15399=IFCRELDEFINESBYPROPERTIES('0yZDIJfDLErRgq3aonfgvy',$,$,$,(#15376),#15398);
#15400=IFCPROPERTYSINGLEVALUE('Ax',$,IFCLABEL('0.001'),$);
#15401=IFCPROPERTYSINGLEVALUE('Ay',$,IFCLABEL('0.001'),$);
#15402=IFCPROPERTYSINGLEVALUE('Section',$,IFCLABEL('Rect'),$);
#15403=IFCCOLUMN('03P7EdieX0qedZFQ6pQK4G',$,$,$,$,#15424,#15414,$,$);
#15404=IFCCARTESIANPOINTLIST2D(((-200.,-200.),(200.,-200.),(200.,200.),(-200.,200.)));
#15405=IFCINDEXEDPOLYCURVE(#15404,(IFCLINEINDEX((1,2,3,4,1))),$);
#15406=IFCARBITRARYCLOSEDPROFILEDEF(.AREA.,'Arbitrary',#15405);
#15407=IFCCARTESIANPOINT((0.,0.,0.));
#15408=IFCDIRECTION((0.,0.,1.));
#15409=IFCDIRECTION((1.,0.,0.));
#15410=IFCAXIS2PLACEMENT3D(#15407,#15408,#15409);
#15411=IFCDIRECTION((0.,0.,1.));
#15412=IFCEXTRUDEDAREASOLID(#15406,#15410,#15411,3000.);
#15413=IFCSHAPEREPRESENTATION(#11,'Body','SweptSolid',(#15412));
#15414=IFCPRODUCTDEFINITIONSHAPE($,$,(#15413));
#15420=IFCCARTESIANPOINT((6000.,0.,15000.));
#15421=IFCDIRECTION((0.,0.,1.));
#15422=IFCDIRECTION((1.,0.,0.));
#15423=IFCAXIS2PLACEMENT3D(#15420,#15421,#15422);
#15424=IFCLOCALPLACEMENT($,#15423);
#15425=IFCPROPERTYSET('1wMsvo2Pf1BfTouWA3WbPE',$,'Other',$,(#15427,#15428,#15429));
#15426=IFCRELDEFINESBYPROPERTIES('0XFzECfUjFF806OP6UKK6x',$,$,$,(#15403),#15425);
#15427=IFCPROPERTYSINGLEVALUE('Ax',$,IFCLABEL('0.001'),$);
#15428=IFCPROPERTYSINGLEVALUE('Ay',$,IFCLABEL('0.001'),$);
#15429=IFCPROPERTYSINGLEVALUE('Section',$,IFCLABEL('Rect'),$);
#15430=IFCCOLUMN('0baXceyqz4XxIQUxjvfvJ9',$,$,$,$,#15451,#15441,$,$);
#15431=IFCCARTESIANPOINTLIST2D(((-200.,-200.),(200.,-200.),(200.,200.),(-200.,200.)));
#15432=IFCINDEXEDPOLYCURVE(#15431,(IFCLINEINDEX((1,2,3,4,1))),$);
#15433=IFCARBITRARYCLOSEDPROFILEDEF(.AREA.,'Arbitrary',#15432);
#15434=IFCCARTESIANPOINT((0.,0.,0.));
#15435=IFCDIRECTION((0.,0.,1.));
#15436=IFCDIRECTION((1.,0.,0.));
#15437=IFCAXIS2PLACEMENT3D(#15434,#15435,#15436);
#15438=IFCDIRECTION((0.,0.,1.));
#15439=IFCEXTRUDEDAREASOLID(#15433,#15437,#15438,3000.);
#15440=IFCSHAPEREPRESENTATION(#11,'Body','SweptSolid',(#15439));
#15441=IFCPRODUCTDEFINITIONSHAPE($,$,(#15440));
#15447=IFCCARTESIANPOINT((6000.,0.,12000.));
#15448=IFCDIRECTION((0.,0.,1.));
#15449=IFCDIRECTION((1.,0.,0.));
#15450=IFCAXIS2PLACEMENT3D(#15447,#15448,#15449);
#15451=IFCLOCALPLACEMENT($,#15450);
#15452=IFCPROPERTYSET('2NPa$JGq9EEPm_705PKBak',$,'Other',$,(#15454,#15455,#15456));
#15453=IFCRELDEFINESBYPROPERTIES('1$WG$Pkhn6Z8ZTps77DZrL',$,$,$,(#15430),#15452);
#15454=IFCPROPERTYSINGLEVALUE('Ax',$,IFCLABEL('0.001'),$);
#15455=IFCPROPERTYSINGLEVALUE('Ay',$,IFCLABEL('0.001'),$);
#15456=IFCPROPERTYSINGLEVALUE('Section',$,IFCLABEL('Rect'),$);
#15457=IFCCOLUMN('2Lx5sNVtf5BP3We7fri5QQ',$,$,$,$,#15478,#15468,$,$);
#15458=IFCCARTESIANPOINTLIST2D(((-200.,-200.),(200.,-200.),(200.,200.),(-200.,200.)));
#15459=IFCINDEXEDPOLYCURVE(#15458,(IFCLINEINDEX((1,2,3,4,1))),$);
#15460=IFCARBITRARYCLOSEDPROFILEDEF(.AREA.,'Arbitrary',#15459);
#15461=IFCCARTESIANPOINT((0.,0.,0.));
#15462=IFCDIRECTION((0.,0.,1.));
#15463=IFCDIRECTION((1.,0.,0.));
#15464=IFCAXIS2PLACEMENT3D(#15461,#15462,#15463);
#15465=IFCDIRECTION((0.,0.,1.));
#15466=IFCEXTRUDEDAREASOLID(#15460,#15464,#15465,3000.);
#15467=IFCSHAPEREPRESENTATION(#11,'Body','SweptSolid',(#15466));
#15468=IFCPRODUCTDEFINITIONSHAPE($,$,(#15467));
#15474=IFCCARTESIANPOINT((6000.,0.,9000.));
#15475=IFCDIRECTION((0.,0.,1.));
#15476=IFCDIRECTION((1.,0.,0.));
#15477=IFCAXIS2PLACEMENT3D(#15474,#15475,#15476);
#15478=IFCLOCALPLACEMENT($,#15477);
#15479=IFCPROPERTYSET('0gC_UfiEjDiwJweXNd9zpJ',$,'Other',$,(#15481,#15482,#15483));
#15480=IFCRELDEFINESBYPROPERTIES('1x2qbca_D8BhVIOmplX4GR',$,$,$,(#15457),#15479);
#15481=IFCPROPERTYSINGLEVALUE('Ax',$,IFCLABEL('0.001'),$);
#15482=IFCPROPERTYSINGLEVALUE('Ay',$,IFCLABEL('0.001'),$);
#15483=IFCPROPERTYSINGLEVALUE('Section',$,IFCLABEL('Rect'),$);
#15484=IFCCOLUMN('1MaT5EZ4LEyf8eJxRn3USD',$,$,$,$,#15505,#15495,$,$);
#15485=IFCCARTESIANPOINTLIST2D(((-200.,-200.),(200.,-200.),(200.,200.),(-200.,200.)));
#15486=IFCINDEXEDPOLYCURVE(#15485,(IFCLINEINDEX((1,2,3,4,1))),$);
#15487=IFCARBITRARYCLOSEDPROFILEDEF(.AREA.,'Arbitrary',#15486);
#15488=IFCCARTESIANPOINT((0.,0.,0.));
#15489=IFCDIRECTION((0.,0.,1.));
#15490=IFCDIRECTION((1.,0.,0.));
#15491=IFCAXIS2PLACEMENT3D(#15488,#15489,#15490);
#15492=IFCDIRECTION((0.,0.,1.));
#15493=IFCEXTRUDEDAREASOLID(#15487,#15491,#15492,3000.);
#15494=IFCSHAPEREPRESENTATION(#11,'Body','SweptSolid',(#15493));
#15495=IFCPRODUCTDEFINITIONSHAPE($,$,(#15494));
#15501=IFCCARTESIANPOINT((6000.,0.,6000.));
#15502=IFCDIRECTION((0.,0.,1.));
#15503=IFCDIRECTION((1.,0.,0.));
#15504=IFCAXIS2PLACEMENT3D(#15501,#15502,#15503);
#15505=IFCLOCALPLACEMENT($,#15504);
#15506=IFCPROPERTYSET('1R9ALdPKzAYPHtSinrgVbM',$,'Other',$,(#15508,#15509,#15510));
#15507=IFCRELDEFINESBYPROPERTIES('14mNikInnAYQBqVBwJn31j',$,$,$,(#15484),#15506);
#15508=IFCPROPERTYSINGLEVALUE('Ax',$,IFCLABEL('0.001'),$);
#15509=IFCPROPERTYSINGLEVALUE('Ay',$,IFCLABEL('0.001'),$);
#15510=IFCPROPERTYSINGLEVALUE('Section',$,IFCLABEL('Rect'),$);
#15511=IFCCOLUMN('2JAFyardv1lhnjZgMcqmrT',$,$,$,$,#15532,#15522,$,$);
#15512=IFCCARTESIANPOINTLIST2D(((-200.,-200.),(200.,-200.),(200.,200.),(-200.,200.)));
#15513=IFCINDEXEDPOLYCURVE(#15512,(IFCLINEINDEX((1,2,3,4,1))),$);
#15514=IFCARBITRARYCLOSEDPROFILEDEF(.AREA.,'Arbitrary',#15513);
#15515=IFCCARTESIANPOINT((0.,0.,0.));
#15516=IFCDIRECTION((0.,0.,1.));
#15517=IFCDIRECTION((1.,0.,0.));
#15518=IFCAXIS2PLACEMENT3D(#15515,#15516,#15517);
#15519=IFCDIRECTION((0.,0.,1.));
#15520=IFCEXTRUDEDAREASOLID(#15514,#15518,#15519,3000.);
#15521=IFCSHAPEREPRESENTATION(#11,'Body','SweptSolid',(#15520));
#15522=IFCPRODUCTDEFINITIONSHAPE($,$,(#15521));
#15528=IFCCARTESIANPOINT((6000.,0.,3000.));
#15529=IFCDIRECTION((0.,0.,1.));
#15530=IFCDIRECTION((1.,0.,0.));
#15531=IFCAXIS2PLACEMENT3D(#15528,#15529,#15530);
#15532=IFCLOCALPLACEMENT($,#15531);
#15533=IFCPROPERTYSET('16ykUknav5nPLNlLE2rgkK',$,'Other',$,(#15535,#15536,#15537));
#15534=IFCRELDEFINESBYPROPERTIES('1gVKjvj0DEsuMI7fcralcn',$,$,$,(#15511),#15533);
#15535=IFCPROPERTYSINGLEVALUE('Ax',$,IFCLABEL('0.001'),$);
#15536=IFCPROPERTYSINGLEVALUE('Ay',$,IFCLABEL('0.001'),$);
#15537=IFCPROPERTYSINGLEVALUE('Section',$,IFCLABEL('Rect'),$);
#15538=IFCCOLUMN('2VIaAu1ZP6a9aBRdxG2Tms',$,$,$,$,#15559,#15549,$,$);
#15539=IFCCARTESIANPOINTLIST2D(((-200.,-200.),(200.,-200.),(200.,200.),(-200.,200.)));
#15540=IFCINDEXEDPOLYCURVE(#15539,(IFCLINEINDEX((1,2,3,4,1))),$);
#15541=IFCARBITRARYCLOSEDPROFILEDEF(.AREA.,'Arbitrary',#15540);
#15542=IFCCARTESIANPOINT((0.,0.,0.));
#15543=IFCDIRECTION((0.,0.,1.));
#15544=IFCDIRECTION((1.,0.,0.));
#15545=IFCAXIS2PLACEMENT3D(#15542,#15543,#15544);
#15546=IFCDIRECTION((0.,0.,1.));
#15547=IFCEXTRUDEDAREASOLID(#15541,#15545,#15546,3000.);
#15548=IFCSHAPEREPRESENTATION(#11,'Body','SweptSolid',(#15547));
#15549=IFCPRODUCTDEFINITIONSHAPE($,$,(#15548));
#15555=IFCCARTESIANPOINT((6000.,0.,0.));
#15556=IFCDIRECTION((0.,0.,1.));
#15557=IFCDIRECTION((1.,0.,0.));
#15558=IFCAXIS2PLACEMENT3D(#15555,#15556,#15557);
#15559=IFCLOCALPLACEMENT($,#15558);
#15560=IFCPROPERTYSET('0oumOUNcLA8AaFMr6rgVho',$,'Other',$,(#15562,#15563,#15564));
#15561=IFCRELDEFINESBYPROPERTIES('3NcTjLs8D1QQyP_IeG3DWn',$,$,$,(#15538),#15560);
#15562=IFCPROPERTYSINGLEVALUE('Ax',$,IFCLABEL('0.001'),$);
#15563=IFCPROPERTYSINGLEVALUE('Ay',$,IFCLABEL('0.001'),$);
#15564=IFCPROPERTYSINGLEVALUE('Section',$,IFCLABEL('Rect'),$);
#15565=IFCCOLUMN('0m_jP8rXT8ufccQe7YKB5i',$,$,$,$,#15586,#15576,$,$);
#15566=IFCCARTESIANPOINTLIST2D(((-200.,-200.),(200.,-200.),(200.,200.),(-200.,200.)));
#15567=IFCINDEXEDPOLYCURVE(#15566,(IFCLINEINDEX((1,2,3,4,1))),$);
#15568=IFCARBITRARYCLOSEDPROFILEDEF(.AREA.,'Arbitrary',#15567);
#15569=IFCCARTESIANPOINT((0.,0.,0.));
#15570=IFCDIRECTION((0.,0.,1.));
#15571=IFCDIRECTION((1.,0.,0.));
#15572=IFCAXIS2PLACEMENT3D(#15569,#15570,#15571);
#15573=IFCDIRECTION((0.,0.,1.));
#15574=IFCEXTRUDEDAREASOLID(#15568,#15572,#15573,3000.);
#15575=IFCSHAPEREPRESENTATION(#11,'Body','SweptSolid',(#15574));
#15576=IFCPRODUCTDEFINITIONSHAPE($,$,(#15575));
#15582=IFCCARTESIANPOINT((0.,0.,21000.));
#15583=IFCDIRECTION((0.,0.,1.));
#15584=IFCDIRECTION((1.,0.,0.));
#15585=IFCAXIS2PLACEMENT3D(#15582,#15583,#15584);
#15586=IFCLOCALPLACEMENT($,#15585);
#15587=IFCPROPERTYSET('09Dgow0mz8Kw0gmd0GhcQz',$,'Other',$,(#15589,#15590,#15591));
#15588=IFCRELDEFINESBYPROPERTIES('0JalsZOU1D8e1xSBvWZab_',$,$,$,(#15565),#15587);
#15589=IFCPROPERTYSINGLEVALUE('Ax',$,IFCLABEL('0.001'),$);
#15590=IFCPROPERTYSINGLEVALUE('Ay',$,IFCLABEL('0.001'),$);
#15591=IFCPROPERTYSINGLEVALUE('Section',$,IFCLABEL('Rect'),$);
#15592=IFCCOLUMN('2USp1sat5DFuk1$ufb5TjT',$,$,$,$,#15613,#15603,$,$);
#15593=IFCCARTESIANPOINTLIST2D(((-200.,-200.),(200.,-200.),(200.,200.),(-200.,200.)));
#15594=IFCINDEXEDPOLYCURVE(#15593,(IFCLINEINDEX((1,2,3,4,1))),$);
#15595=IFCARBITRARYCLOSEDPROFILEDEF(.AREA.,'Arbitrary',#15594);
#15596=IFCCARTESIANPOINT((0.,0.,0.));
#15597=IFCDIRECTION((0.,0.,1.));
#15598=IFCDIRECTION((1.,0.,0.));
#15599=IFCAXIS2PLACEMENT3D(#15596,#15597,#15598);
#15600=IFCDIRECTION((0.,0.,1.));
#15601=IFCEXTRUDEDAREASOLID(#15595,#15599,#15600,3000.);
#15602=IFCSHAPEREPRESENTATION(#11,'Body','SweptSolid',(#15601));
#15603=IFCPRODUCTDEFINITIONSHAPE($,$,(#15602));
#15609=IFCCARTESIANPOINT((0.,0.,18000.));
#15610=IFCDIRECTION((0.,0.,1.));
#15611=IFCDIRECTION((1.,0.,0.));
#15612=IFCAXIS2PLACEMENT3D(#15609,#15610,#15611);
#15613=IFCLOCALPLACEMENT($,#15612);
#15614=IFCPROPERTYSET('3TDvCl2Wb3BxYdlTCn62gP',$,'Other',$,(#15616,#15617,#15618));
#15615=IFCRELDEFINESBYPROPERTIES('1Hz7HfNN92vwxyjNBUfaLe',$,$,$,(#15592),#15614);
#15616=IFCPROPERTYSINGLEVALUE('Ax',$,IFCLABEL('0.001'),$);
#15617=IFCPROPERTYSINGLEVALUE('Ay',$,IFCLABEL('0.001'),$);
#15618=IFCPROPERTYSINGLEVALUE('Section',$,IFCLABEL('Rect'),$);
#15619=IFCCOLUMN('0O7bDHAU55ZQmo7GL3EeAE',$,$,$,$,#15640,#15630,$,$);
#15620=IFCCARTESIANPOINTLIST2D(((-200.,-200.),(200.,-200.),(200.,200.),(-200.,200.)));
#15621=IFCINDEXEDPOLYCURVE(#15620,(IFCLINEINDEX((1,2,3,4,1))),$);
#15622=IFCARBITRARYCLOSEDPROFILEDEF(.AREA.,'Arbitrary',#15621);
#15623=IFCCARTESIANPOINT((0.,0.,0.));
#15624=IFCDIRECTION((0.,0.,1.));
#15625=IFCDIRECTION((1.,0.,0.));
#15626=IFCAXIS2PLACEMENT3D(#15623,#15624,#15625);
#15627=IFCDIRECTION((0.,0.,1.));
#15628=IFCEXTRUDEDAREASOLID(#15622,#15626,#15627,3000.);
#15629=IFCSHAPEREPRESENTATION(#11,'Body','SweptSolid',(#15628));
#15630=IFCPRODUCTDEFINITIONSHAPE($,$,(#15629));
#15636=IFCCARTESIANPOINT((0.,0.,15000.));
#15637=IFCDIRECTION((0.,0.,1.));
#15638=IFCDIRECTION((1.,0.,0.));
#15639=IFCAXIS2PLACEMENT3D(#15636,#15637,#15638);
#15640=IFCLOCALPLACEMENT($,#15639);
#15641=IFCPROPERTYSET('2AsACrepn8dRL3qc1LA3PD',$,'Other',$,(#15643,#15644,#15645));
#15642=IFCRELDEFINESBYPROPERTIES('0tdZdx9_L0mhpndf6gyO5U',$,$,$,(#15619),#15641);
#15643=IFCPROPERTYSINGLEVALUE('Ax',$,IFCLABEL('0.001'),$);
#15644=IFCPROPERTYSINGLEVALUE('Ay',$,IFCLABEL('0.001'),$);
#15645=IFCPROPERTYSINGLEVALUE('Section',$,IFCLABEL('Rect'),$);
#15646=IFCCOLUMN('2C129lK8rA6Qd3Laspdx5J',$,$,$,$,#15667,#15657,$,$);
#15647=IFCCARTESIANPOINTLIST2D(((-200.,-200.),(200.,-200.),(200.,200.),(-200.,200.)));
#15648=IFCINDEXEDPOLYCURVE(#15647,(IFCLINEINDEX((1,2,3,4,1))),$);
#15649=IFCARBITRARYCLOSEDPROFILEDEF(.AREA.,'Arbitrary',#15648);
#15650=IFCCARTESIANPOINT((0.,0.,0.));
#15651=IFCDIRECTION((0.,0.,1.));
#15652=IFCDIRECTION((1.,0.,0.));
#15653=IFCAXIS2PLACEMENT3D(#15650,#15651,#15652);
#15654=IFCDIRECTION((0.,0.,1.));
#15655=IFCEXTRUDEDAREASOLID(#15649,#15653,#15654,3000.);
#15656=IFCSHAPEREPRESENTATION(#11,'Body','SweptSolid',(#15655));
#15657=IFCPRODUCTDEFINITIONSHAPE($,$,(#15656));
#15663=IFCCARTESIANPOINT((0.,0.,12000.));
#15664=IFCDIRECTION((0.,0.,1.));
#15665=IFCDIRECTION((1.,0.,0.));
#15666=IFCAXIS2PLACEMENT3D(#15663,#15664,#15665);
#15667=IFCLOCALPLACEMENT($,#15666);
#15668=IFCPROPERTYSET('1eb_$GdPP06hEbEt947tDZ',$,'Other',$,(#15670,#15671,#15672));
#15669=IFCRELDEFINESBYPROPERTIES('2d6TD6mAL3UeGfs3$kQ1Vn',$,$,$,(#15646),#15668);
#15670=IFCPROPERTYSINGLEVALUE('Ax',$,IFCLABEL('0.001'),$);
#15671=IFCPROPERTYSINGLEVALUE('Ay',$,IFCLABEL('0.001'),$);
#15672=IFCPROPERTYSINGLEVALUE('Section',$,IFCLABEL('Rect'),$);
#15673=IFCCOLUMN('1W5iY4tsvFqBiI5AGfjkA2',$,$,$,$,#15694,#15684,$,$);
#15674=IFCCARTESIANPOINTLIST2D(((-200.,-200.),(200.,-200.),(200.,200.),(-200.,200.)));
#15675=IFCINDEXEDPOLYCURVE(#15674,(IFCLINEINDEX((1,2,3,4,1))),$);
#15676=IFCARBITRARYCLOSEDPROFILEDEF(.AREA.,'Arbitrary',#15675);
#15677=IFCCARTESIANPOINT((0.,0.,0.));
#15678=IFCDIRECTION((0.,0.,1.));
#15679=IFCDIRECTION((1.,0.,0.));
#15680=IFCAXIS2PLACEMENT3D(#15677,#15678,#15679);
#15681=IFCDIRECTION((0.,0.,1.));
#15682=IFCEXTRUDEDAREASOLID(#15676,#15680,#15681,3000.);
#15683=IFCSHAPEREPRESENTATION(#11,'Body','SweptSolid',(#15682));
#15684=IFCPRODUCTDEFINITIONSHAPE($,$,(#15683));
#15690=IFCCARTESIANPOINT((0.,0.,9000.));
#15691=IFCDIRECTION((0.,0.,1.));
#15692=IFCDIRECTION((1.,0.,0.));
#15693=IFCAXIS2PLACEMENT3D(#15690,#15691,#15692);
#15694=IFCLOCALPLACEMENT($,#15693);
#15695=IFCPROPERTYSET('1k7rnwUXz6yBigwc6$xtb9',$,'Other',$,(#15697,#15698,#15699));
#15696=IFCRELDEFINESBYPROPERTIES('0LpLaKFdTFjBl68vadicGV',$,$,$,(#15673),#15695);
#15697=IFCPROPERTYSINGLEVALUE('Ax',$,IFCLABEL('0.001'),$);
#15698=IFCPROPERTYSINGLEVALUE('Ay',$,IFCLABEL('0.001'),$);
#15699=IFCPROPERTYSINGLEVALUE('Section',$,IFCLABEL('Rect'),$);
#15700=IFCCOLUMN('1qXp5W54PALuyQTn1a1UzO',$,$,$,$,#15721,#15711,$,$);
#15701=IFCCARTESIANPOINTLIST2D(((-200.,-200.),(200.,-200.),(200.,200.),(-200.,200.)));
#15702=IFCINDEXEDPOLYCURVE(#15701,(IFCLINEINDEX((1,2,3,4,1))),$);
#15703=IFCARBITRARYCLOSEDPROFILEDEF(.AREA.,'Arbitrary',#15702);
#15704=IFCCARTESIANPOINT((0.,0.,0.));
#15705=IFCDIRECTION((0.,0.,1.));
#15706=IFCDIRECTION((1.,0.,0.));
#15707=IFCAXIS2PLACEMENT3D(#15704,#15705,#15706);
#15708=IFCDIRECTION((0.,0.,1.));
#15709=IFCEXTRUDEDAREASOLID(#15703,#15707,#15708,3000.);
#15710=IFCSHAPEREPRESENTATION(#11,'Body','SweptSolid',(#15709));
#15711=IFCPRODUCTDEFINITIONSHAPE($,$,(#15710));
#15717=IFCCARTESIANPOINT((0.,0.,6000.));
#15718=IFCDIRECTION((0.,0.,1.));
#15719=IFCDIRECTION((1.,0.,0.));
#15720=IFCAXIS2PLACEMENT3D(#15717,#15718,#15719);
#15721=IFCLOCALPLACEMENT($,#15720);
#15722=IFCPROPERTYSET('2pDIHq9Fr52eI4vRPIe_ar',$,'Other',$,(#15724,#15725,#15726));
#15723=IFCRELDEFINESBYPROPERTIES('3pYSoDSL1CEPy7634oRteC',$,$,$,(#15700),#15722);
#15724=IFCPROPERTYSINGLEVALUE('Ax',$,IFCLABEL('0.001'),$);
#15725=IFCPROPERTYSINGLEVALUE('Ay',$,IFCLABEL('0.001'),$);
#15726=IFCPROPERTYSINGLEVALUE('Section',$,IFCLABEL('Rect'),$);
#15727=IFCCOLUMN('0Vv2hIPsr9kRHy4OzFD2RT',$,$,$,$,#15748,#15738,$,$);
#15728=IFCCARTESIANPOINTLIST2D(((-200.,-200.),(200.,-200.),(200.,200.),(-200.,200.)));
#15729=IFCINDEXEDPOLYCURVE(#15728,(IFCLINEINDEX((1,2,3,4,1))),$);
#15730=IFCARBITRARYCLOSEDPROFILEDEF(.AREA.,'Arbitrary',#15729);
#15731=IFCCARTESIANPOINT((0.,0.,0.));
#15732=IFCDIRECTION((0.,0.,1.));
#15733=IFCDIRECTION((1.,0.,0.));
#15734=IFCAXIS2PLACEMENT3D(#15731,#15732,#15733);
#15735=IFCDIRECTION((0.,0.,1.));
#15736=IFCEXTRUDEDAREASOLID(#15730,#15734,#15735,3000.);
#15737=IFCSHAPEREPRESENTATION(#11,'Body','SweptSolid',(#15736));
#15738=IFCPRODUCTDEFINITIONSHAPE($,$,(#15737));
#15744=IFCCARTESIANPOINT((0.,0.,3000.));
#15745=IFCDIRECTION((0.,0.,1.));
#15746=IFCDIRECTION((1.,0.,0.));
#15747=IFCAXIS2PLACEMENT3D(#15744,#15745,#15746);
#15748=IFCLOCALPLACEMENT($,#15747);
#15749=IFCPROPERTYSET('1d5mJ$kpz3sxLwbqwunH4F',$,'Other',$,(#15751,#15752,#15753));
#15750=IFCRELDEFINESBYPROPERTIES('3nIqJEQqH9COZdIhlDD5M1',$,$,$,(#15727),#15749);
#15751=IFCPROPERTYSINGLEVALUE('Ax',$,IFCLABEL('0.001'),$);
#15752=IFCPROPERTYSINGLEVALUE('Ay',$,IFCLABEL('0.001'),$);
#15753=IFCPROPERTYSINGLEVALUE('Section',$,IFCLABEL('Rect'),$);
#15754=IFCCOLUMN('2R4sGqVRjDQRslixJv4NQ_',$,$,$,$,#15775,#15765,$,$);
#15755=IFCCARTESIANPOINTLIST2D(((-200.,-200.),(200.,-200.),(200.,200.),(-200.,200.)));
#15756=IFCINDEXEDPOLYCURVE(#15755,(IFCLINEINDEX((1,2,3,4,1))),$);
#15757=IFCARBITRARYCLOSEDPROFILEDEF(.AREA.,'Arbitrary',#15756);
#15758=IFCCARTESIANPOINT((0.,0.,0.));
#15759=IFCDIRECTION((0.,0.,1.));
#15760=IFCDIRECTION((1.,0.,0.));
#15761=IFCAXIS2PLACEMENT3D(#15758,#15759,#15760);
#15762=IFCDIRECTION((0.,0.,1.));
#15763=IFCEXTRUDEDAREASOLID(#15757,#15761,#15762,3000.);
#15764=IFCSHAPEREPRESENTATION(#11,'Body','SweptSolid',(#15763));
#15765=IFCPRODUCTDEFINITIONSHAPE($,$,(#15764));
#15771=IFCCARTESIANPOINT((0.,0.,0.));
#15772=IFCDIRECTION((0.,0.,1.));
#15773=IFCDIRECTION((1.,0.,0.));
#15774=IFCAXIS2PLACEMENT3D(#15771,#15772,#15773);
#15775=IFCLOCALPLACEMENT($,#15774);
#15776=IFCPROPERTYSET('0KQh1SZ013cOJL3k2cjJ80',$,'Other',$,(#15778,#15779,#15780));
#15777=IFCRELDEFINESBYPROPERTIES('0DDqBte8L6R853tmGmUh_R',$,$,$,(#15754),#15776);
#15778=IFCPROPERTYSINGLEVALUE('Ax',$,IFCLABEL('0.001'),$);
#15779=IFCPROPERTYSINGLEVALUE('Ay',$,IFCLABEL('0.001'),$);
#15780=IFCPROPERTYSINGLEVALUE('Section',$,IFCLABEL('Rect'),$);
#15781=IFCCOLUMN('1qouUKzXrB58_mynwkTKHX',$,$,$,$,#15802,#15792,$,$);
#15782=IFCCARTESIANPOINTLIST2D(((-200.,-200.),(200.,-200.),(200.,200.),(-200.,200.)));
#15783=IFCINDEXEDPOLYCURVE(#15782,(IFCLINEINDEX((1,2,3,4,1))),$);
#15784=IFCARBITRARYCLOSEDPROFILEDEF(.AREA.,'Arbitrary',#15783);
#15785=IFCCARTESIANPOINT((0.,0.,0.));
#15786=IFCDIRECTION((0.,0.,1.));
#15787=IFCDIRECTION((1.,0.,0.));
#15788=IFCAXIS2PLACEMENT3D(#15785,#15786,#15787);
#15789=IFCDIRECTION((0.,0.,1.));
#15790=IFCEXTRUDEDAREASOLID(#15784,#15788,#15789,3000.);
#15791=IFCSHAPEREPRESENTATION(#11,'Body','SweptSolid',(#15790));
#15792=IFCPRODUCTDEFINITIONSHAPE($,$,(#15791));
#15798=IFCCARTESIANPOINT((24000.,0.,0.));
#15799=IFCDIRECTION((0.,0.,1.));
#15800=IFCDIRECTION((1.,0.,0.));
#15801=IFCAXIS2PLACEMENT3D(#15798,#15799,#15800);
#15802=IFCLOCALPLACEMENT($,#15801);
#15803=IFCPROPERTYSET('1SUdcVg_HCZwMjiBWAUz0X',$,'Other',$,(#15805,#15806,#15807));
#15804=IFCRELDEFINESBYPROPERTIES('1vj$WoySH8pw2K7c3A8zT9',$,$,$,(#15781),#15803);
#15805=IFCPROPERTYSINGLEVALUE('Ax',$,IFCLABEL('0.001'),$);
#15806=IFCPROPERTYSINGLEVALUE('Ay',$,IFCLABEL('0.001'),$);
#15807=IFCPROPERTYSINGLEVALUE('Section',$,IFCLABEL('Rect'),$);
#15808=IFCCOLUMN('1BVeRVdhT2VxHf2kJisoSM',$,$,$,$,#15829,#15819,$,$);
#15809=IFCCARTESIANPOINTLIST2D(((-200.,-200.),(200.,-200.),(200.,200.),(-200.,200.)));
#15810=IFCINDEXEDPOLYCURVE(#15809,(IFCLINEINDEX((1,2,3,4,1))),$);
#15811=IFCARBITRARYCLOSEDPROFILEDEF(.AREA.,'Arbitrary',#15810);
#15812=IFCCARTESIANPOINT((0.,0.,0.));
#15813=IFCDIRECTION((0.,0.,1.));
#15814=IFCDIRECTION((1.,0.,0.));
#15815=IFCAXIS2PLACEMENT3D(#15812,#15813,#15814);
#15816=IFCDIRECTION((0.,0.,1.));
#15817=IFCEXTRUDEDAREASOLID(#15811,#15815,#15816,3000.);
#15818=IFCSHAPEREPRESENTATION(#11,'Body','SweptSolid',(#15817));
#15819=IFCPRODUCTDEFINITIONSHAPE($,$,(#15818));
#15825=IFCCARTESIANPOINT((24000.,0.,3000.));
#15826=IFCDIRECTION((0.,0.,1.));
#15827=IFCDIRECTION((1.,0.,0.));
#15828=IFCAXIS2PLACEMENT3D(#15825,#15826,#15827);
#15829=IFCLOCALPLACEMENT($,#15828);
#15830=IFCPROPERTYSET('0AAW7smFf1UwLiIz1VeyAA',$,'Other',$,(#15832,#15833,#15834));
#15831=IFCRELDEFINESBYPROPERTIES('1trFZ3$Rv9SReLA3tbZfPN',$,$,$,(#15808),#15830);
#15832=IFCPROPERTYSINGLEVALUE('Ax',$,IFCLABEL('0.001'),$);
#15833=IFCPROPERTYSINGLEVALUE('Ay',$,IFCLABEL('0.001'),$);
#15834=IFCPROPERTYSINGLEVALUE('Section',$,IFCLABEL('Rect'),$);
#15835=IFCCOLUMN('33vzoKKEDFSQAi8Y1VN$NU',$,$,$,$,#15856,#15846,$,$);
#15836=IFCCARTESIANPOINTLIST2D(((-200.,-200.),(200.,-200.),(200.,200.),(-200.,200.)));
#15837=IFCINDEXEDPOLYCURVE(#15836,(IFCLINEINDEX((1,2,3,4,1))),$);
#15838=IFCARBITRARYCLOSEDPROFILEDEF(.AREA.,'Arbitrary',#15837);
#15839=IFCCARTESIANPOINT((0.,0.,0.));
#15840=IFCDIRECTION((0.,0.,1.));
#15841=IFCDIRECTION((1.,0.,0.));
#15842=IFCAXIS2PLACEMENT3D(#15839,#15840,#15841);
#15843=IFCDIRECTION((0.,0.,1.));
#15844=IFCEXTRUDEDAREASOLID(#15838,#15842,#15843,3000.);
#15845=IFCSHAPEREPRESENTATION(#11,'Body','SweptSolid',(#15844));
#15846=IFCPRODUCTDEFINITIONSHAPE($,$,(#15845));
#15852=IFCCARTESIANPOINT((24000.,0.,6000.));
#15853=IFCDIRECTION((0.,0.,1.));
#15854=IFCDIRECTION((1.,0.,0.));
#15855=IFCAXIS2PLACEMENT3D(#15852,#15853,#15854);
#15856=IFCLOCALPLACEMENT($,#15855);
#15857=IFCPROPERTYSET('0yGt_uZ754$vLx4WmnimkD',$,'Other',$,(#15859,#15860,#15861));
#15858=IFCRELDEFINESBYPROPERTIES('0JlWFCVDj9I8ssg7pU74$B',$,$,$,(#15835),#15857);
#15859=IFCPROPERTYSINGLEVALUE('Ax',$,IFCLABEL('0.001'),$);
#15860=IFCPROPERTYSINGLEVALUE('Ay',$,IFCLABEL('0.001'),$);
#15861=IFCPROPERTYSINGLEVALUE('Section',$,IFCLABEL('Rect'),$);
#15862=IFCCOLUMN('1G4SfojpP7nvEnbQWoZGa8',$,$,$,$,#15883,#15873,$,$);
#15863=IFCCARTESIANPOINTLIST2D(((-200.,-200.),(200.,-200.),(200.,200.),(-200.,200.)));
#15864=IFCINDEXEDPOLYCURVE(#15863,(IFCLINEINDEX((1,2,3,4,1))),$);
#15865=IFCARBITRARYCLOSEDPROFILEDEF(.AREA.,'Arbitrary',#15864);
#15866=IFCCARTESIANPOINT((0.,0.,0.));
#15867=IFCDIRECTION((0.,0.,1.));
#15868=IFCDIRECTION((1.,0.,0.));
#15869=IFCAXIS2PLACEMENT3D(#15866,#15867,#15868);
#15870=IFCDIRECTION((0.,0.,1.));
#15871=IFCEXTRUDEDAREASOLID(#15865,#15869,#15870,3000.);
#15872=IFCSHAPEREPRESENTATION(#11,'Body','SweptSolid',(#15871));
#15873=IFCPRODUCTDEFINITIONSHAPE($,$,(#15872));
#15879=IFCCARTESIANPOINT((24000.,0.,21000.));
#15880=IFCDIRECTION((0.,0.,1.));
#15881=IFCDIRECTION((1.,0.,0.));
#15882=IFCAXIS2PLACEMENT3D(#15879,#15880,#15881);
#15883=IFCLOCALPLACEMENT($,#15882);
#15884=IFCPROPERTYSET('32_r4cV91BNPKr$61mCENM',$,'Other',$,(#15886,#15887,#15888));
#15885=IFCRELDEFINESBYPROPERTIES('0wrH36N1z3dgS7jT3Q5IYU',$,$,$,(#15862),#15884);
#15886=IFCPROPERTYSINGLEVALUE('Ax',$,IFCLABEL('0.001'),$);
#15887=IFCPROPERTYSINGLEVALUE('Ay',$,IFCLABEL('0.001'),$);
#15888=IFCPROPERTYSINGLEVALUE('Section',$,IFCLABEL('Rect'),$);
#15889=IFCCOLUMN('37quLs$6f2NfQ9jnZQL9te',$,$,$,$,#15910,#15900,$,$);
#15890=IFCCARTESIANPOINTLIST2D(((-200.,-200.),(200.,-200.),(200.,200.),(-200.,200.)));
#15891=IFCINDEXEDPOLYCURVE(#15890,(IFCLINEINDEX((1,2,3,4,1))),$);
#15892=IFCARBITRARYCLOSEDPROFILEDEF(.AREA.,'Arbitrary',#15891);
#15893=IFCCARTESIANPOINT((0.,0.,0.));
#15894=IFCDIRECTION((0.,0.,1.));
#15895=IFCDIRECTION((1.,0.,0.));
#15896=IFCAXIS2PLACEMENT3D(#15893,#15894,#15895);
#15897=IFCDIRECTION((0.,0.,1.));
#15898=IFCEXTRUDEDAREASOLID(#15892,#15896,#15897,3000.);
#15899=IFCSHAPEREPRESENTATION(#11,'Body','SweptSolid',(#15898));
#15900=IFCPRODUCTDEFINITIONSHAPE($,$,(#15899));
#15906=IFCCARTESIANPOINT((24000.,0.,18000.));
#15907=IFCDIRECTION((0.,0.,1.));
#15908=IFCDIRECTION((1.,0.,0.));
#15909=IFCAXIS2PLACEMENT3D(#15906,#15907,#15908);
#15910=IFCLOCALPLACEMENT($,#15909);
#15911=IFCPROPERTYSET('1cRJzKVkH99ehRetBfSOvr',$,'Other',$,(#15913,#15914,#15915));
#15912=IFCRELDEFINESBYPROPERTIES('33_IKBNJj1nx1A3TZrPFz_',$,$,$,(#15889),#15911);
#15913=IFCPROPERTYSINGLEVALUE('Ax',$,IFCLABEL('0.001'),$);
#15914=IFCPROPERTYSINGLEVALUE('Ay',$,IFCLABEL('0.001'),$);
#15915=IFCPROPERTYSINGLEVALUE('Section',$,IFCLABEL('Rect'),$);
#15916=IFCCOLUMN('3F0tGPQNH4DObtT7aSaNC2',$,$,$,$,#15937,#15927,$,$);
#15917=IFCCARTESIANPOINTLIST2D(((-200.,-200.),(200.,-200.),(200.,200.),(-200.,200.)));
#15918=IFCINDEXEDPOLYCURVE(#15917,(IFCLINEINDEX((1,2,3,4,1))),$);
#15919=IFCARBITRARYCLOSEDPROFILEDEF(.AREA.,'Arbitrary',#15918);
#15920=IFCCARTESIANPOINT((0.,0.,0.));
#15921=IFCDIRECTION((0.,0.,1.));
#15922=IFCDIRECTION((1.,0.,0.));
#15923=IFCAXIS2PLACEMENT3D(#15920,#15921,#15922);
#15924=IFCDIRECTION((0.,0.,1.));
#15925=IFCEXTRUDEDAREASOLID(#15919,#15923,#15924,3000.);
#15926=IFCSHAPEREPRESENTATION(#11,'Body','SweptSolid',(#15925));
#15927=IFCPRODUCTDEFINITIONSHAPE($,$,(#15926));
#15933=IFCCARTESIANPOINT((24000.,0.,15000.));
#15934=IFCDIRECTION((0.,0.,1.));
#15935=IFCDIRECTION((1.,0.,0.));
#15936=IFCAXIS2PLACEMENT3D(#15933,#15934,#15935);
#15937=IFCLOCALPLACEMENT($,#15936);
#15938=IFCPROPERTYSET('2Bge4NiHj7OvEZOgEPmA$Y',$,'Other',$,(#15940,#15941,#15942));
#15939=IFCRELDEFINESBYPROPERTIES('0HLjNG_tX1tuTBTrrzR$X4',$,$,$,(#15916),#15938);
#15940=IFCPROPERTYSINGLEVALUE('Ax',$,IFCLABEL('0.001'),$);
#15941=IFCPROPERTYSINGLEVALUE('Ay',$,IFCLABEL('0.001'),$);
#15942=IFCPROPERTYSINGLEVALUE('Section',$,IFCLABEL('Rect'),$);
#15943=IFCCOLUMN('0BX02F78H6l8r7OcsyMzzv',$,$,$,$,#15964,#15954,$,$);
#15944=IFCCARTESIANPOINTLIST2D(((-200.,-200.),(200.,-200.),(200.,200.),(-200.,200.)));
#15945=IFCINDEXEDPOLYCURVE(#15944,(IFCLINEINDEX((1,2,3,4,1))),$);
#15946=IFCARBITRARYCLOSEDPROFILEDEF(.AREA.,'Arbitrary',#15945);
#15947=IFCCARTESIANPOINT((0.,0.,0.));
#15948=IFCDIRECTION((0.,0.,1.));
#15949=IFCDIRECTION((1.,0.,0.));
#15950=IFCAXIS2PLACEMENT3D(#15947,#15948,#15949);
#15951=IFCDIRECTION((0.,0.,1.));
#15952=IFCEXTRUDEDAREASOLID(#15946,#15950,#15951,3000.);
#15953=IFCSHAPEREPRESENTATION(#11,'Body','SweptSolid',(#15952));
#15954=IFCPRODUCTDEFINITIONSHAPE($,$,(#15953));
#15960=IFCCARTESIANPOINT((24000.,0.,12000.));
#15961=IFCDIRECTION((0.,0.,1.));
#15962=IFCDIRECTION((1.,0.,0.));
#15963=IFCAXIS2PLACEMENT3D(#15960,#15961,#15962);
#15964=IFCLOCALPLACEMENT($,#15963);
#15965=IFCPROPERTYSET('3E4nCvJLn8dfkLHT4ri_KU',$,'Other',$,(#15967,#15968,#15969));
#15966=IFCRELDEFINESBYPROPERTIES('1_YwXLfM5DaOKK4wGGbC05',$,$,$,(#15943),#15965);
#15967=IFCPROPERTYSINGLEVALUE('Ax',$,IFCLABEL('0.001'),$);
#15968=IFCPROPERTYSINGLEVALUE('Ay',$,IFCLABEL('0.001'),$);
#15969=IFCPROPERTYSINGLEVALUE('Section',$,IFCLABEL('Rect'),$);
#15970=IFCCOLUMN('2k4X8FwRTF$e0HHfnM1xzP',$,$,$,$,#15991,#15981,$,$);
#15971=IFCCARTESIANPOINTLIST2D(((-200.,-200.),(200.,-200.),(200.,200.),(-200.,200.)));
#15972=IFCINDEXEDPOLYCURVE(#15971,(IFCLINEINDEX((1,2,3,4,1))),$);
#15973=IFCARBITRARYCLOSEDPROFILEDEF(.AREA.,'Arbitrary',#15972);
#15974=IFCCARTESIANPOINT((0.,0.,0.));
#15975=IFCDIRECTION((0.,0.,1.));
#15976=IFCDIRECTION((1.,0.,0.));
#15977=IFCAXIS2PLACEMENT3D(#15974,#15975,#15976);
#15978=IFCDIRECTION((0.,0.,1.));
#15979=IFCEXTRUDEDAREASOLID(#15973,#15977,#15978,3000.);
#15980=IFCSHAPEREPRESENTATION(#11,'Body','SweptSolid',(#15979));
#15981=IFCPRODUCTDEFINITIONSHAPE($,$,(#15980));
#15987=IFCCARTESIANPOINT((24000.,0.,9000.));
#15988=IFCDIRECTION((0.,0.,1.));
#15989=IFCDIRECTION((1.,0.,0.));
#15990=IFCAXIS2PLACEMENT3D(#15987,#15988,#15989);
#15991=IFCLOCALPLACEMENT($,#15990);
#15992=IFCPROPERTYSET('1cPIAuXUv7ewrrokom9$j2',$,'Other',$,(#15994,#15995,#15996));
#15993=IFCRELDEFINESBYPROPERTIES('17GGwxXqD8m9xrHbOToIwS',$,$,$,(#15970),#15992);
#15994=IFCPROPERTYSINGLEVALUE('Ax',$,IFCLABEL('0.001'),$);
#15995=IFCPROPERTYSINGLEVALUE('Ay',$,IFCLABEL('0.001'),$);
#15996=IFCPROPERTYSINGLEVALUE('Section',$,IFCLABEL('Rect'),$);
#15997=IFCCOLUMN('3iTWQ$e$L36QZ0w45aNp$h',$,$,$,$,#16018,#16008,$,$);
#15998=IFCCARTESIANPOINTLIST2D(((-200.,-200.),(200.,-200.),(200.,200.),(-200.,200.)));
#15999=IFCINDEXEDPOLYCURVE(#15998,(IFCLINEINDEX((1,2,3,4,1))),$);
#16000=IFCARBITRARYCLOSEDPROFILEDEF(.AREA.,'Arbitrary',#15999);
#16001=IFCCARTESIANPOINT((0.,0.,0.));
#16002=IFCDIRECTION((0.,0.,1.));
#16003=IFCDIRECTION((1.,0.,0.));
#16004=IFCAXIS2PLACEMENT3D(#16001,#16002,#16003);
#16005=IFCDIRECTION((0.,0.,1.));
#16006=IFCEXTRUDEDAREASOLID(#16000,#16004,#16005,3000.);
#16007=IFCSHAPEREPRESENTATION(#11,'Body','SweptSolid',(#16006));
#16008=IFCPRODUCTDEFINITIONSHAPE($,$,(#16007));
#16014=IFCCARTESIANPOINT((24000.,12000.,21000.));
#16015=IFCDIRECTION((0.,0.,1.));
#16016=IFCDIRECTION((1.,0.,0.));
#16017=IFCAXIS2PLACEMENT3D(#16014,#16015,#16016);
#16018=IFCLOCALPLACEMENT($,#16017);
#16019=IFCPROPERTYSET('3mtNeXGX19ZPoAyYF1J7Gh',$,'Other',$,(#16021,#16022,#16023));
#16020=IFCRELDEFINESBYPROPERTIES('0UVW7WBHn90PbqrAyJBOIJ',$,$,$,(#15997),#16019);
#16021=IFCPROPERTYSINGLEVALUE('Ax',$,IFCLABEL('0.001'),$);
#16022=IFCPROPERTYSINGLEVALUE('Ay',$,IFCLABEL('0.001'),$);
#16023=IFCPROPERTYSINGLEVALUE('Section',$,IFCLABEL('Rect'),$);
#16024=IFCCOLUMN('3O375VGWH8kBhWwhvsNhEW',$,$,$,$,#16045,#16035,$,$);
#16025=IFCCARTESIANPOINTLIST2D(((-200.,-200.),(200.,-200.),(200.,200.),(-200.,200.)));
#16026=IFCINDEXEDPOLYCURVE(#16025,(IFCLINEINDEX((1,2,3,4,1))),$);
#16027=IFCARBITRARYCLOSEDPROFILEDEF(.AREA.,'Arbitrary',#16026);
#16028=IFCCARTESIANPOINT((0.,0.,0.));
#16029=IFCDIRECTION((0.,0.,1.));
#16030=IFCDIRECTION((1.,0.,0.));
#16031=IFCAXIS2PLACEMENT3D(#16028,#16029,#16030);
#16032=IFCDIRECTION((0.,0.,1.));
#16033=IFCEXTRUDEDAREASOLID(#16027,#16031,#16032,3000.);
#16034=IFCSHAPEREPRESENTATION(#11,'Body','SweptSolid',(#16033));
#16035=IFCPRODUCTDEFINITIONSHAPE($,$,(#16034));
#16041=IFCCARTESIANPOINT((24000.,12000.,18000.));
#16042=IFCDIRECTION((0.,0.,1.));
#16043=IFCDIRECTION((1.,0.,0.));
#16044=IFCAXIS2PLACEMENT3D(#16041,#16042,#16043);
#16045=IFCLOCALPLACEMENT($,#16044);
#16046=IFCPROPERTYSET('24bfpLcXDA_RiGMtCDPzJe',$,'Other',$,(#16048,#16049,#16050));
#16047=IFCRELDEFINESBYPROPERTIES('1XQV7wx$r49e4hXn_BbxZc',$,$,$,(#16024),#16046);
#16048=IFCPROPERTYSINGLEVALUE('Ax',$,IFCLABEL('0.001'),$);
#16049=IFCPROPERTYSINGLEVALUE('Ay',$,IFCLABEL('0.001'),$);
#16050=IFCPROPERTYSINGLEVALUE('Section',$,IFCLABEL('Rect'),$);
#16051=IFCCOLUMN('0ds5yJU9j59xyiWV5qX_zX',$,$,$,$,#16072,#16062,$,$);
#16052=IFCCARTESIANPOINTLIST2D(((-200.,-200.),(200.,-200.),(200.,200.),(-200.,200.)));
#16053=IFCINDEXEDPOLYCURVE(#16052,(IFCLINEINDEX((1,2,3,4,1))),$);
#16054=IFCARBITRARYCLOSEDPROFILEDEF(.AREA.,'Arbitrary',#16053);
#16055=IFCCARTESIANPOINT((0.,0.,0.));
#16056=IFCDIRECTION((0.,0.,1.));
#16057=IFCDIRECTION((1.,0.,0.));
#16058=IFCAXIS2PLACEMENT3D(#16055,#16056,#16057);
#16059=IFCDIRECTION((0.,0.,1.));
#16060=IFCEXTRUDEDAREASOLID(#16054,#16058,#16059,3000.);
#16061=IFCSHAPEREPRESENTATION(#11,'Body','SweptSolid',(#16060));
#16062=IFCPRODUCTDEFINITIONSHAPE($,$,(#16061));
#16068=IFCCARTESIANPOINT((24000.,12000.,15000.));
#16069=IFCDIRECTION((0.,0.,1.));
#16070=IFCDIRECTION((1.,0.,0.));
#16071=IFCAXIS2PLACEMENT3D(#16068,#16069,#16070);
#16072=IFCLOCALPLACEMENT($,#16071);
#16073=IFCPROPERTYSET('1QzDvvNorB1vo7yotUNEOG',$,'Other',$,(#16075,#16076,#16077));
#16074=IFCRELDEFINESBYPROPERTIES('1fOAwkdmL69AwNt2nLKnSg',$,$,$,(#16051),#16073);
#16075=IFCPROPERTYSINGLEVALUE('Ax',$,IFCLABEL('0.001'),$);
#16076=IFCPROPERTYSINGLEVALUE('Ay',$,IFCLABEL('0.001'),$);
#16077=IFCPROPERTYSINGLEVALUE('Section',$,IFCLABEL('Rect'),$);
#16078=IFCCOLUMN('2K5nJHoEbCRQmr5R0kl_cn',$,$,$,$,#16099,#16089,$,$);
#16079=IFCCARTESIANPOINTLIST2D(((-200.,-200.),(200.,-200.),(200.,200.),(-200.,200.)));
#16080=IFCINDEXEDPOLYCURVE(#16079,(IFCLINEINDEX((1,2,3,4,1))),$);
#16081=IFCARBITRARYCLOSEDPROFILEDEF(.AREA.,'Arbitrary',#16080);
#16082=IFCCARTESIANPOINT((0.,0.,0.));
#16083=IFCDIRECTION((0.,0.,1.));
#16084=IFCDIRECTION((1.,0.,0.));
#16085=IFCAXIS2PLACEMENT3D(#16082,#16083,#16084);
#16086=IFCDIRECTION((0.,0.,1.));
#16087=IFCEXTRUDEDAREASOLID(#16081,#16085,#16086,3000.);
#16088=IFCSHAPEREPRESENTATION(#11,'Body','SweptSolid',(#16087));
#16089=IFCPRODUCTDEFINITIONSHAPE($,$,(#16088));
#16095=IFCCARTESIANPOINT((24000.,12000.,12000.));
#16096=IFCDIRECTION((0.,0.,1.));
#16097=IFCDIRECTION((1.,0.,0.));
#16098=IFCAXIS2PLACEMENT3D(#16095,#16096,#16097);
#16099=IFCLOCALPLACEMENT($,#16098);
#16100=IFCPROPERTYSET('1Otse9ONL6TO196jX_j6iN',$,'Other',$,(#16102,#16103,#16104));
#16101=IFCRELDEFINESBYPROPERTIES('1N_o0pyNv22uIfSpkBhk0E',$,$,$,(#16078),#16100);
#16102=IFCPROPERTYSINGLEVALUE('Ax',$,IFCLABEL('0.001'),$);
#16103=IFCPROPERTYSINGLEVALUE('Ay',$,IFCLABEL('0.001'),$);
#16104=IFCPROPERTYSINGLEVALUE('Section',$,IFCLABEL('Rect'),$);
#16105=IFCCOLUMN('332XVfGjD1JePuXqsYliK8',$,$,$,$,#16126,#16116,$,$);
#16106=IFCCARTESIANPOINTLIST2D(((-200.,-200.),(200.,-200.),(200.,200.),(-200.,200.)));
#16107=IFCINDEXEDPOLYCURVE(#16106,(IFCLINEINDEX((1,2,3,4,1))),$);
#16108=IFCARBITRARYCLOSEDPROFILEDEF(.AREA.,'Arbitrary',#16107);
#16109=IFCCARTESIANPOINT((0.,0.,0.));
#16110=IFCDIRECTION((0.,0.,1.));
#16111=IFCDIRECTION((1.,0.,0.));
#16112=IFCAXIS2PLACEMENT3D(#16109,#16110,#16111);
#16113=IFCDIRECTION((0.,0.,1.));
#16114=IFCEXTRUDEDAREASOLID(#16108,#16112,#16113,3000.);
#16115=IFCSHAPEREPRESENTATION(#11,'Body','SweptSolid',(#16114));
#16116=IFCPRODUCTDEFINITIONSHAPE($,$,(#16115));
#16122=IFCCARTESIANPOINT((24000.,12000.,9000.));
#16123=IFCDIRECTION((0.,0.,1.));
#16124=IFCDIRECTION((1.,0.,0.));
#16125=IFCAXIS2PLACEMENT3D(#16122,#16123,#16124);
#16126=IFCLOCALPLACEMENT($,#16125);
#16127=IFCPROPERTYSET('2nkcikxAj4Hg4ayi64NSnY',$,'Other',$,(#16129,#16130,#16131));
#16128=IFCRELDEFINESBYPROPERTIES('09fca2BUX5lOjYY_8PavCH',$,$,$,(#16105),#16127);
#16129=IFCPROPERTYSINGLEVALUE('Ax',$,IFCLABEL('0.001'),$);
#16130=IFCPROPERTYSINGLEVALUE('Ay',$,IFCLABEL('0.001'),$);
#16131=IFCPROPERTYSINGLEVALUE('Section',$,IFCLABEL('Rect'),$);
#16132=IFCCOLUMN('0cfbHTq5T42wuDNYc_FsHA',$,$,$,$,#16153,#16143,$,$);
#16133=IFCCARTESIANPOINTLIST2D(((-200.,-200.),(200.,-200.),(200.,200.),(-200.,200.)));
#16134=IFCINDEXEDPOLYCURVE(#16133,(IFCLINEINDEX((1,2,3,4,1))),$);
#16135=IFCARBITRARYCLOSEDPROFILEDEF(.AREA.,'Arbitrary',#16134);
#16136=IFCCARTESIANPOINT((0.,0.,0.));
#16137=IFCDIRECTION((0.,0.,1.));
#16138=IFCDIRECTION((1.,0.,0.));
#16139=IFCAXIS2PLACEMENT3D(#16136,#16137,#16138);
#16140=IFCDIRECTION((0.,0.,1.));
#16141=IFCEXTRUDEDAREASOLID(#16135,#16139,#16140,3000.);
#16142=IFCSHAPEREPRESENTATION(#11,'Body','SweptSolid',(#16141));
#16143=IFCPRODUCTDEFINITIONSHAPE($,$,(#16142));
#16149=IFCCARTESIANPOINT((24000.,12000.,6000.));
#16150=IFCDIRECTION((0.,0.,1.));
#16151=IFCDIRECTION((1.,0.,0.));
#16152=IFCAXIS2PLACEMENT3D(#16149,#16150,#16151);
#16153=IFCLOCALPLACEMENT($,#16152);
#16154=IFCPROPERTYSET('0Kw08upinFBxC552rF$KEa',$,'Other',$,(#16156,#16157,#16158));
#16155=IFCRELDEFINESBYPROPERTIES('389x7FRcb7G9VtayquXTBM',$,$,$,(#16132),#16154);
#16156=IFCPROPERTYSINGLEVALUE('Ax',$,IFCLABEL('0.001'),$);
#16157=IFCPROPERTYSINGLEVALUE('Ay',$,IFCLABEL('0.001'),$);
#16158=IFCPROPERTYSINGLEVALUE('Section',$,IFCLABEL('Rect'),$);
#16159=IFCCOLUMN('1viiabKAL9O9Hj4mfqVMH6',$,$,$,$,#16180,#16170,$,$);
#16160=IFCCARTESIANPOINTLIST2D(((-200.,-200.),(200.,-200.),(200.,200.),(-200.,200.)));
#16161=IFCINDEXEDPOLYCURVE(#16160,(IFCLINEINDEX((1,2,3,4,1))),$);
#16162=IFCARBITRARYCLOSEDPROFILEDEF(.AREA.,'Arbitrary',#16161);
#16163=IFCCARTESIANPOINT((0.,0.,0.));
#16164=IFCDIRECTION((0.,0.,1.));
#16165=IFCDIRECTION((1.,0.,0.));
#16166=IFCAXIS2PLACEMENT3D(#16163,#16164,#16165);
#16167=IFCDIRECTION((0.,0.,1.));
#16168=IFCEXTRUDEDAREASOLID(#16162,#16166,#16167,3000.);
#16169=IFCSHAPEREPRESENTATION(#11,'Body','SweptSolid',(#16168));
#16170=IFCPRODUCTDEFINITIONSHAPE($,$,(#16169));
#16176=IFCCARTESIANPOINT((24000.,12000.,3000.));
#16177=IFCDIRECTION((0.,0.,1.));
#16178=IFCDIRECTION((1.,0.,0.));
#16179=IFCAXIS2PLACEMENT3D(#16176,#16177,#16178);
#16180=IFCLOCALPLACEMENT($,#16179);
#16181=IFCPROPERTYSET('2rNicnk6v0CRLB_Jm9PBHk',$,'Other',$,(#16183,#16184,#16185));
#16182=IFCRELDEFINESBYPROPERTIES('0oZWQXGTv8ZQrUUnHKxKy3',$,$,$,(#16159),#16181);
#16183=IFCPROPERTYSINGLEVALUE('Ax',$,IFCLABEL('0.001'),$);
#16184=IFCPROPERTYSINGLEVALUE('Ay',$,IFCLABEL('0.001'),$);
#16185=IFCPROPERTYSINGLEVALUE('Section',$,IFCLABEL('Rect'),$);
#16186=IFCCOLUMN('3fqHwpJmX6cQvA54lz2$R0',$,$,$,$,#16207,#16197,$,$);
#16187=IFCCARTESIANPOINTLIST2D(((-200.,-200.),(200.,-200.),(200.,200.),(-200.,200.)));
#16188=IFCINDEXEDPOLYCURVE(#16187,(IFCLINEINDEX((1,2,3,4,1))),$);
#16189=IFCARBITRARYCLOSEDPROFILEDEF(.AREA.,'Arbitrary',#16188);
#16190=IFCCARTESIANPOINT((0.,0.,0.));
#16191=IFCDIRECTION((0.,0.,1.));
#16192=IFCDIRECTION((1.,0.,0.));
#16193=IFCAXIS2PLACEMENT3D(#16190,#16191,#16192);
#16194=IFCDIRECTION((0.,0.,1.));
#16195=IFCEXTRUDEDAREASOLID(#16189,#16193,#16194,3000.);
#16196=IFCSHAPEREPRESENTATION(#11,'Body','SweptSolid',(#16195));
#16197=IFCPRODUCTDEFINITIONSHAPE($,$,(#16196));
#16203=IFCCARTESIANPOINT((24000.,12000.,0.));
#16204=IFCDIRECTION((0.,0.,1.));
#16205=IFCDIRECTION((1.,0.,0.));
#16206=IFCAXIS2PLACEMENT3D(#16203,#16204,#16205);
#16207=IFCLOCALPLACEMENT($,#16206);
#16208=IFCPROPERTYSET('0G31_$pGn7EQNiOF7bnoO9',$,'Other',$,(#16210,#16211,#16212));
#16209=IFCRELDEFINESBYPROPERTIES('1HU96W6C53aw0II$zZMwJK',$,$,$,(#16186),#16208);
#16210=IFCPROPERTYSINGLEVALUE('Ax',$,IFCLABEL('0.001'),$);
#16211=IFCPROPERTYSINGLEVALUE('Ay',$,IFCLABEL('0.001'),$);
#16212=IFCPROPERTYSINGLEVALUE('Section',$,IFCLABEL('Rect'),$);
#16213=IFCSLAB('2fTdm2Nkb7kwoYf1STPdMr',$,$,$,$,#16234,#16224,$,$);
#16214=IFCCARTESIANPOINTLIST2D(((0.,6000.),(3000.,6000.),(3000.,12000.),(0.,12000.)));
#16215=IFCINDEXEDPOLYCURVE(#16214,(IFCLINEINDEX((1,2,3,4,1))),$);
#16216=IFCARBITRARYCLOSEDPROFILEDEF(.AREA.,'Arbitrary',#16215);
#16217=IFCCARTESIANPOINT((0.,0.,0.));
#16218=IFCDIRECTION((0.,0.,1.));
#16219=IFCDIRECTION((1.,0.,0.));
#16220=IFCAXIS2PLACEMENT3D(#16217,#16218,#16219);
#16221=IFCDIRECTION((0.,0.,1.));
#16222=IFCEXTRUDEDAREASOLID(#16216,#16220,#16221,-120.);
#16223=IFCSHAPEREPRESENTATION(#11,'Body','SweptSolid',(#16222));
#16224=IFCPRODUCTDEFINITIONSHAPE($,$,(#16223));
#16230=IFCCARTESIANPOINT((0.,0.,24000.));
#16231=IFCDIRECTION((0.,0.,1.));
#16232=IFCDIRECTION((1.,0.,0.));
#16233=IFCAXIS2PLACEMENT3D(#16230,#16231,#16232);
#16234=IFCLOCALPLACEMENT($,#16233);
#16235=IFCPROPERTYSET('1dr8$ij258g9sgGLS$AFr$',$,'Other',$,(#16237,#16238));
#16236=IFCRELDEFINESBYPROPERTIES('287Sx8Emf1cOEaF7gBAUXB',$,$,$,(#16213),#16235);
#16237=IFCPROPERTYSINGLEVALUE('Ax',$,IFCLABEL('0.001'),$);
#16238=IFCPROPERTYSINGLEVALUE('Ay',$,IFCLABEL('0.001'),$);
#16239=IFCSLAB('1xCYxG2CD4Num$9sBx5UCJ',$,$,$,$,#16260,#16250,$,$);
#16240=IFCCARTESIANPOINTLIST2D(((3000.,6000.),(6000.,6000.),(6000.,12000.),(3000.,12000.)));
#16241=IFCINDEXEDPOLYCURVE(#16240,(IFCLINEINDEX((1,2,3,4,1))),$);
#16242=IFCARBITRARYCLOSEDPROFILEDEF(.AREA.,'Arbitrary',#16241);
#16243=IFCCARTESIANPOINT((0.,0.,0.));
#16244=IFCDIRECTION((0.,0.,1.));
#16245=IFCDIRECTION((1.,0.,0.));
#16246=IFCAXIS2PLACEMENT3D(#16243,#16244,#16245);
#16247=IFCDIRECTION((0.,0.,1.));
#16248=IFCEXTRUDEDAREASOLID(#16242,#16246,#16247,-120.);
#16249=IFCSHAPEREPRESENTATION(#11,'Body','SweptSolid',(#16248));
#16250=IFCPRODUCTDEFINITIONSHAPE($,$,(#16249));
#16256=IFCCARTESIANPOINT((0.,0.,24000.));
#16257=IFCDIRECTION((0.,0.,1.));
#16258=IFCDIRECTION((1.,0.,0.));
#16259=IFCAXIS2PLACEMENT3D(#16256,#16257,#16258);
#16260=IFCLOCALPLACEMENT($,#16259);
#16261=IFCPROPERTYSET('0B7pu8W4f5sBnidjrORQoA',$,'Other',$,(#16263,#16264));
#16262=IFCRELDEFINESBYPROPERTIES('1xTBPprz97lwUEKRhXTx_s',$,$,$,(#16239),#16261);
#16263=IFCPROPERTYSINGLEVALUE('Ax',$,IFCLABEL('0.001'),$);
#16264=IFCPROPERTYSINGLEVALUE('Ay',$,IFCLABEL('0.001'),$);
#16265=IFCSLAB('1fXbj6Onj148eRO_MjfWjo',$,$,$,$,#16286,#16276,$,$);
#16266=IFCCARTESIANPOINTLIST2D(((0.,12000.),(3000.,12000.),(3000.,18000.),(0.,18000.)));
#16267=IFCINDEXEDPOLYCURVE(#16266,(IFCLINEINDEX((1,2,3,4,1))),$);
#16268=IFCARBITRARYCLOSEDPROFILEDEF(.AREA.,'Arbitrary',#16267);
#16269=IFCCARTESIANPOINT((0.,0.,0.));
#16270=IFCDIRECTION((0.,0.,1.));
#16271=IFCDIRECTION((1.,0.,0.));
#16272=IFCAXIS2PLACEMENT3D(#16269,#16270,#16271);
#16273=IFCDIRECTION((0.,0.,1.));
#16274=IFCEXTRUDEDAREASOLID(#16268,#16272,#16273,-120.);
#16275=IFCSHAPEREPRESENTATION(#11,'Body','SweptSolid',(#16274));
#16276=IFCPRODUCTDEFINITIONSHAPE($,$,(#16275));
#16282=IFCCARTESIANPOINT((0.,0.,24000.));
#16283=IFCDIRECTION((0.,0.,1.));
#16284=IFCDIRECTION((1.,0.,0.));
#16285=IFCAXIS2PLACEMENT3D(#16282,#16283,#16284);
#16286=IFCLOCALPLACEMENT($,#16285);
#16287=IFCPROPERTYSET('1KTL_mhWD8MwuBW_1AAvIr',$,'Other',$,(#16289,#16290));
#16288=IFCRELDEFINESBYPROPERTIES('1HOUTL2$D2YPQtUOJHt_xJ',$,$,$,(#16265),#16287);
#16289=IFCPROPERTYSINGLEVALUE('Ax',$,IFCLABEL('0.001'),$);
#16290=IFCPROPERTYSINGLEVALUE('Ay',$,IFCLABEL('0.001'),$);
#16291=IFCSLAB('39h6yI7iPCg9tuNh0H6lDN',$,$,$,$,#16312,#16302,$,$);
#16292=IFCCARTESIANPOINTLIST2D(((3000.,12000.),(6000.,12000.),(6000.,18000.),(3000.,18000.)));
#16293=IFCINDEXEDPOLYCURVE(#16292,(IFCLINEINDEX((1,2,3,4,1))),$);
#16294=IFCARBITRARYCLOSEDPROFILEDEF(.AREA.,'Arbitrary',#16293);
#16295=IFCCARTESIANPOINT((0.,0.,0.));
#16296=IFCDIRECTION((0.,0.,1.));
#16297=IFCDIRECTION((1.,0.,0.));
#16298=IFCAXIS2PLACEMENT3D(#16295,#16296,#16297);
#16299=IFCDIRECTION((0.,0.,1.));
#16300=IFCEXTRUDEDAREASOLID(#16294,#16298,#16299,-120.);
#16301=IFCSHAPEREPRESENTATION(#11,'Body','SweptSolid',(#16300));
#16302=IFCPRODUCTDEFINITIONSHAPE($,$,(#16301));
#16308=IFCCARTESIANPOINT((0.,0.,24000.));
#16309=IFCDIRECTION((0.,0.,1.));
#16310=IFCDIRECTION((1.,0.,0.));
#16311=IFCAXIS2PLACEMENT3D(#16308,#16309,#16310);
#16312=IFCLOCALPLACEMENT($,#16311);
#16313=IFCPROPERTYSET('1iIm5JQyrBRAog4pOUxT1j',$,'Other',$,(#16315,#16316));
#16314=IFCRELDEFINESBYPROPERTIES('2910CT0ofEmRJZ4j_tIm3G',$,$,$,(#16291),#16313);
#16315=IFCPROPERTYSINGLEVALUE('Ax',$,IFCLABEL('0.001'),$);
#16316=IFCPROPERTYSINGLEVALUE('Ay',$,IFCLABEL('0.001'),$);
#16317=IFCSLAB('12cndij7z0JPB1UuvxMGdQ',$,$,$,$,#16338,#16328,$,$);
#16318=IFCCARTESIANPOINTLIST2D(((6000.,12000.),(9000.,12000.),(9000.,18000.),(6000.,18000.)));
#16319=IFCINDEXEDPOLYCURVE(#16318,(IFCLINEINDEX((1,2,3,4,1))),$);
#16320=IFCARBITRARYCLOSEDPROFILEDEF(.AREA.,'Arbitrary',#16319);
#16321=IFCCARTESIANPOINT((0.,0.,0.));
#16322=IFCDIRECTION((0.,0.,1.));
#16323=IFCDIRECTION((1.,0.,0.));
#16324=IFCAXIS2PLACEMENT3D(#16321,#16322,#16323);
#16325=IFCDIRECTION((0.,0.,1.));
#16326=IFCEXTRUDEDAREASOLID(#16320,#16324,#16325,-120.);
#16327=IFCSHAPEREPRESENTATION(#11,'Body','SweptSolid',(#16326));
#16328=IFCPRODUCTDEFINITIONSHAPE($,$,(#16327));
#16334=IFCCARTESIANPOINT((0.,0.,24000.));
#16335=IFCDIRECTION((0.,0.,1.));
#16336=IFCDIRECTION((1.,0.,0.));
#16337=IFCAXIS2PLACEMENT3D(#16334,#16335,#16336);
#16338=IFCLOCALPLACEMENT($,#16337);
#16339=IFCPROPERTYSET('0J2qw0mzrCBekhBb48X4tQ',$,'Other',$,(#16341,#16342));
#16340=IFCRELDEFINESBYPROPERTIES('3JdBV8Y9T78epXfY1rAm0Q',$,$,$,(#16317),#16339);
#16341=IFCPROPERTYSINGLEVALUE('Ax',$,IFCLABEL('0.001'),$);
#16342=IFCPROPERTYSINGLEVALUE('Ay',$,IFCLABEL('0.001'),$);
#16343=IFCSLAB('3v9cviqknDIuaI4Nvk1lSk',$,$,$,$,#16364,#16354,$,$);
#16344=IFCCARTESIANPOINTLIST2D(((9000.,12000.),(12000.,12000.),(12000.,18000.),(9000.,18000.)));
#16345=IFCINDEXEDPOLYCURVE(#16344,(IFCLINEINDEX((1,2,3,4,1))),$);
#16346=IFCARBITRARYCLOSEDPROFILEDEF(.AREA.,'Arbitrary',#16345);
#16347=IFCCARTESIANPOINT((0.,0.,0.));
#16348=IFCDIRECTION((0.,0.,1.));
#16349=IFCDIRECTION((1.,0.,0.));
#16350=IFCAXIS2PLACEMENT3D(#16347,#16348,#16349);
#16351=IFCDIRECTION((0.,0.,1.));
#16352=IFCEXTRUDEDAREASOLID(#16346,#16350,#16351,-120.);
#16353=IFCSHAPEREPRESENTATION(#11,'Body','SweptSolid',(#16352));
#16354=IFCPRODUCTDEFINITIONSHAPE($,$,(#16353));
#16360=IFCCARTESIANPOINT((0.,0.,24000.));
#16361=IFCDIRECTION((0.,0.,1.));
#16362=IFCDIRECTION((1.,0.,0.));
#16363=IFCAXIS2PLACEMENT3D(#16360,#16361,#16362);
#16364=IFCLOCALPLACEMENT($,#16363);
#16365=IFCPROPERTYSET('2y4kyJSkD6GOmltaVYmXOn',$,'Other',$,(#16367,#16368));
#16366=IFCRELDEFINESBYPROPERTIES('1_mmw9TuzFOxCfea$DvPW0',$,$,$,(#16343),#16365);
#16367=IFCPROPERTYSINGLEVALUE('Ax',$,IFCLABEL('0.001'),$);
#16368=IFCPROPERTYSINGLEVALUE('Ay',$,IFCLABEL('0.001'),$);
#16369=IFCSLAB('0tICNpmQz5N8HVs$Cg0d_g',$,$,$,$,#16390,#16380,$,$);
#16370=IFCCARTESIANPOINTLIST2D(((12000.,12000.),(15000.,12000.),(15000.,18000.),(12000.,18000.)));
#16371=IFCINDEXEDPOLYCURVE(#16370,(IFCLINEINDEX((1,2,3,4,1))),$);
#16372=IFCARBITRARYCLOSEDPROFILEDEF(.AREA.,'Arbitrary',#16371);
#16373=IFCCARTESIANPOINT((0.,0.,0.));
#16374=IFCDIRECTION((0.,0.,1.));
#16375=IFCDIRECTION((1.,0.,0.));
#16376=IFCAXIS2PLACEMENT3D(#16373,#16374,#16375);
#16377=IFCDIRECTION((0.,0.,1.));
#16378=IFCEXTRUDEDAREASOLID(#16372,#16376,#16377,-120.);
#16379=IFCSHAPEREPRESENTATION(#11,'Body','SweptSolid',(#16378));
#16380=IFCPRODUCTDEFINITIONSHAPE($,$,(#16379));
#16386=IFCCARTESIANPOINT((0.,0.,24000.));
#16387=IFCDIRECTION((0.,0.,1.));
#16388=IFCDIRECTION((1.,0.,0.));
#16389=IFCAXIS2PLACEMENT3D(#16386,#16387,#16388);
#16390=IFCLOCALPLACEMENT($,#16389);
#16391=IFCPROPERTYSET('04V6bGnNTC6Bojqk821kh$',$,'Other',$,(#16393,#16394));
#16392=IFCRELDEFINESBYPROPERTIES('3k6PALHkf9RvPoirh$yniP',$,$,$,(#16369),#16391);
#16393=IFCPROPERTYSINGLEVALUE('Ax',$,IFCLABEL('0.001'),$);
#16394=IFCPROPERTYSINGLEVALUE('Ay',$,IFCLABEL('0.001'),$);
#16395=IFCSLAB('1sXytp8KHFGu22_tBHr_73',$,$,$,$,#16416,#16406,$,$);
#16396=IFCCARTESIANPOINTLIST2D(((15000.,12000.),(18000.,12000.),(18000.,18000.),(15000.,18000.)));
#16397=IFCINDEXEDPOLYCURVE(#16396,(IFCLINEINDEX((1,2,3,4,1))),$);
#16398=IFCARBITRARYCLOSEDPROFILEDEF(.AREA.,'Arbitrary',#16397);
#16399=IFCCARTESIANPOINT((0.,0.,0.));
#16400=IFCDIRECTION((0.,0.,1.));
#16401=IFCDIRECTION((1.,0.,0.));
#16402=IFCAXIS2PLACEMENT3D(#16399,#16400,#16401);
#16403=IFCDIRECTION((0.,0.,1.));
#16404=IFCEXTRUDEDAREASOLID(#16398,#16402,#16403,-120.);
#16405=IFCSHAPEREPRESENTATION(#11,'Body','SweptSolid',(#16404));
#16406=IFCPRODUCTDEFINITIONSHAPE($,$,(#16405));
#16412=IFCCARTESIANPOINT((0.,0.,24000.));
#16413=IFCDIRECTION((0.,0.,1.));
#16414=IFCDIRECTION((1.,0.,0.));
#16415=IFCAXIS2PLACEMENT3D(#16412,#16413,#16414);
#16416=IFCLOCALPLACEMENT($,#16415);
#16417=IFCPROPERTYSET('2qOaQGgjD2xgHgs6W_pBfL',$,'Other',$,(#16419,#16420));
#16418=IFCRELDEFINESBYPROPERTIES('0gGsTCpFX9M8z2sv2rCExD',$,$,$,(#16395),#16417);
#16419=IFCPROPERTYSINGLEVALUE('Ax',$,IFCLABEL('0.001'),$);
#16420=IFCPROPERTYSINGLEVALUE('Ay',$,IFCLABEL('0.001'),$);
#16421=IFCSLAB('23f7NBTivAlx1PQvaX$ZOU',$,$,$,$,#16442,#16432,$,$);
#16422=IFCCARTESIANPOINTLIST2D(((18000.,12000.),(21000.,12000.),(21000.,18000.),(18000.,18000.)));
#16423=IFCINDEXEDPOLYCURVE(#16422,(IFCLINEINDEX((1,2,3,4,1))),$);
#16424=IFCARBITRARYCLOSEDPROFILEDEF(.AREA.,'Arbitrary',#16423);
#16425=IFCCARTESIANPOINT((0.,0.,0.));
#16426=IFCDIRECTION((0.,0.,1.));
#16427=IFCDIRECTION((1.,0.,0.));
#16428=IFCAXIS2PLACEMENT3D(#16425,#16426,#16427);
#16429=IFCDIRECTION((0.,0.,1.));
#16430=IFCEXTRUDEDAREASOLID(#16424,#16428,#16429,-120.);
#16431=IFCSHAPEREPRESENTATION(#11,'Body','SweptSolid',(#16430));
#16432=IFCPRODUCTDEFINITIONSHAPE($,$,(#16431));
#16438=IFCCARTESIANPOINT((0.,0.,24000.));
#16439=IFCDIRECTION((0.,0.,1.));
#16440=IFCDIRECTION((1.,0.,0.));
#16441=IFCAXIS2PLACEMENT3D(#16438,#16439,#16440);
#16442=IFCLOCALPLACEMENT($,#16441);
#16443=IFCPROPERTYSET('2A4pLePKfEXu1rxInvCnUM',$,'Other',$,(#16445,#16446));
#16444=IFCRELDEFINESBYPROPERTIES('0iTM4oFLTE_hZ4AT1HIfC9',$,$,$,(#16421),#16443);
#16445=IFCPROPERTYSINGLEVALUE('Ax',$,IFCLABEL('0.001'),$);
#16446=IFCPROPERTYSINGLEVALUE('Ay',$,IFCLABEL('0.001'),$);
#16447=IFCSLAB('1s1eg3ZdrBgfATNeY6KVQy',$,$,$,$,#16468,#16458,$,$);
#16448=IFCCARTESIANPOINTLIST2D(((21000.,12000.),(24000.,12000.),(24000.,18000.),(21000.,18000.)));
#16449=IFCINDEXEDPOLYCURVE(#16448,(IFCLINEINDEX((1,2,3,4,1))),$);
#16450=IFCARBITRARYCLOSEDPROFILEDEF(.AREA.,'Arbitrary',#16449);
#16451=IFCCARTESIANPOINT((0.,0.,0.));
#16452=IFCDIRECTION((0.,0.,1.));
#16453=IFCDIRECTION((1.,0.,0.));
#16454=IFCAXIS2PLACEMENT3D(#16451,#16452,#16453);
#16455=IFCDIRECTION((0.,0.,1.));
#16456=IFCEXTRUDEDAREASOLID(#16450,#16454,#16455,-120.);
#16457=IFCSHAPEREPRESENTATION(#11,'Body','SweptSolid',(#16456));
#16458=IFCPRODUCTDEFINITIONSHAPE($,$,(#16457));
#16464=IFCCARTESIANPOINT((0.,0.,24000.));
#16465=IFCDIRECTION((0.,0.,1.));
#16466=IFCDIRECTION((1.,0.,0.));
#16467=IFCAXIS2PLACEMENT3D(#16464,#16465,#16466);
#16468=IFCLOCALPLACEMENT($,#16467);
#16469=IFCPROPERTYSET('2z37h3gwD7nBUUJWWCNqOo',$,'Other',$,(#16471,#16472));
#16470=IFCRELDEFINESBYPROPERTIES('0hssSeBor9ceJeqIQ2lOS4',$,$,$,(#16447),#16469);
#16471=IFCPROPERTYSINGLEVALUE('Ax',$,IFCLABEL('0.001'),$);
#16472=IFCPROPERTYSINGLEVALUE('Ay',$,IFCLABEL('0.001'),$);
#16473=IFCSLAB('1ASjojAZjDUgSMlvWqxK4X',$,$,$,$,#16494,#16484,$,$);
#16474=IFCCARTESIANPOINTLIST2D(((24000.,12000.),(27000.,12000.),(27000.,18000.),(24000.,18000.)));
#16475=IFCINDEXEDPOLYCURVE(#16474,(IFCLINEINDEX((1,2,3,4,1))),$);
#16476=IFCARBITRARYCLOSEDPROFILEDEF(.AREA.,'Arbitrary',#16475);
#16477=IFCCARTESIANPOINT((0.,0.,0.));
#16478=IFCDIRECTION((0.,0.,1.));
#16479=IFCDIRECTION((1.,0.,0.));
#16480=IFCAXIS2PLACEMENT3D(#16477,#16478,#16479);
#16481=IFCDIRECTION((0.,0.,1.));
#16482=IFCEXTRUDEDAREASOLID(#16476,#16480,#16481,-120.);
#16483=IFCSHAPEREPRESENTATION(#11,'Body','SweptSolid',(#16482));
#16484=IFCPRODUCTDEFINITIONSHAPE($,$,(#16483));
#16490=IFCCARTESIANPOINT((0.,0.,24000.));
#16491=IFCDIRECTION((0.,0.,1.));
#16492=IFCDIRECTION((1.,0.,0.));
#16493=IFCAXIS2PLACEMENT3D(#16490,#16491,#16492);
#16494=IFCLOCALPLACEMENT($,#16493);
#16495=IFCPROPERTYSET('2r$VpA9TLBfQ8pDkfG6t5b',$,'Other',$,(#16497,#16498));
#16496=IFCRELDEFINESBYPROPERTIES('2nm09vZr1Ebv6cRWZcwyxD',$,$,$,(#16473),#16495);
#16497=IFCPROPERTYSINGLEVALUE('Ax',$,IFCLABEL('0.001'),$);
#16498=IFCPROPERTYSINGLEVALUE('Ay',$,IFCLABEL('0.001'),$);
#16499=IFCSLAB('0GrRJacW18Vxun0Ian30o2',$,$,$,$,#16520,#16510,$,$);
#16500=IFCCARTESIANPOINTLIST2D(((27000.,12000.),(30000.,12000.),(30000.,18000.),(27000.,18000.)));
#16501=IFCINDEXEDPOLYCURVE(#16500,(IFCLINEINDEX((1,2,3,4,1))),$);
#16502=IFCARBITRARYCLOSEDPROFILEDEF(.AREA.,'Arbitrary',#16501);
#16503=IFCCARTESIANPOINT((0.,0.,0.));
#16504=IFCDIRECTION((0.,0.,1.));
#16505=IFCDIRECTION((1.,0.,0.));
#16506=IFCAXIS2PLACEMENT3D(#16503,#16504,#16505);
#16507=IFCDIRECTION((0.,0.,1.));
#16508=IFCEXTRUDEDAREASOLID(#16502,#16506,#16507,-120.);
#16509=IFCSHAPEREPRESENTATION(#11,'Body','SweptSolid',(#16508));
#16510=IFCPRODUCTDEFINITIONSHAPE($,$,(#16509));
#16516=IFCCARTESIANPOINT((0.,0.,24000.));
#16517=IFCDIRECTION((0.,0.,1.));
#16518=IFCDIRECTION((1.,0.,0.));
#16519=IFCAXIS2PLACEMENT3D(#16516,#16517,#16518);
#16520=IFCLOCALPLACEMENT($,#16519);
#16521=IFCPROPERTYSET('3TeMmVaFb1p9arpzVvhEH0',$,'Other',$,(#16523,#16524));
#16522=IFCRELDEFINESBYPROPERTIES('0r14lcskzBpAMOGulSzJex',$,$,$,(#16499),#16521);
#16523=IFCPROPERTYSINGLEVALUE('Ax',$,IFCLABEL('0.001'),$);
#16524=IFCPROPERTYSINGLEVALUE('Ay',$,IFCLABEL('0.001'),$);
#16525=IFCSLAB('0WuKp1fF52M956zVNxJH2H',$,$,$,$,#16546,#16536,$,$);
#16526=IFCCARTESIANPOINTLIST2D(((6000.,6000.),(9000.,6000.),(9000.,12000.),(6000.,12000.)));
#16527=IFCINDEXEDPOLYCURVE(#16526,(IFCLINEINDEX((1,2,3,4,1))),$);
#16528=IFCARBITRARYCLOSEDPROFILEDEF(.AREA.,'Arbitrary',#16527);
#16529=IFCCARTESIANPOINT((0.,0.,0.));
#16530=IFCDIRECTION((0.,0.,1.));
#16531=IFCDIRECTION((1.,0.,0.));
#16532=IFCAXIS2PLACEMENT3D(#16529,#16530,#16531);
#16533=IFCDIRECTION((0.,0.,1.));
#16534=IFCEXTRUDEDAREASOLID(#16528,#16532,#16533,-120.);
#16535=IFCSHAPEREPRESENTATION(#11,'Body','SweptSolid',(#16534));
#16536=IFCPRODUCTDEFINITIONSHAPE($,$,(#16535));
#16542=IFCCARTESIANPOINT((0.,0.,24000.));
#16543=IFCDIRECTION((0.,0.,1.));
#16544=IFCDIRECTION((1.,0.,0.));
#16545=IFCAXIS2PLACEMENT3D(#16542,#16543,#16544);
#16546=IFCLOCALPLACEMENT($,#16545);
#16547=IFCPROPERTYSET('37WDpYyybDHgT4EbYCXTsf',$,'Other',$,(#16549,#16550));
#16548=IFCRELDEFINESBYPROPERTIES('3ZPvPu6Sr5qQryv1ge1tTK',$,$,$,(#16525),#16547);
#16549=IFCPROPERTYSINGLEVALUE('Ax',$,IFCLABEL('0.001'),$);
#16550=IFCPROPERTYSINGLEVALUE('Ay',$,IFCLABEL('0.001'),$);
#16551=IFCSLAB('3Rom8yQjH5j95bxMiTRnWO',$,$,$,$,#16572,#16562,$,$);
#16552=IFCCARTESIANPOINTLIST2D(((9000.,6000.),(12000.,6000.),(12000.,12000.),(9000.,12000.)));
#16553=IFCINDEXEDPOLYCURVE(#16552,(IFCLINEINDEX((1,2,3,4,1))),$);
#16554=IFCARBITRARYCLOSEDPROFILEDEF(.AREA.,'Arbitrary',#16553);
#16555=IFCCARTESIANPOINT((0.,0.,0.));
#16556=IFCDIRECTION((0.,0.,1.));
#16557=IFCDIRECTION((1.,0.,0.));
#16558=IFCAXIS2PLACEMENT3D(#16555,#16556,#16557);
#16559=IFCDIRECTION((0.,0.,1.));
#16560=IFCEXTRUDEDAREASOLID(#16554,#16558,#16559,-120.);
#16561=IFCSHAPEREPRESENTATION(#11,'Body','SweptSolid',(#16560));
#16562=IFCPRODUCTDEFINITIONSHAPE($,$,(#16561));
#16568=IFCCARTESIANPOINT((0.,0.,24000.));
#16569=IFCDIRECTION((0.,0.,1.));
#16570=IFCDIRECTION((1.,0.,0.));
#16571=IFCAXIS2PLACEMENT3D(#16568,#16569,#16570);
#16572=IFCLOCALPLACEMENT($,#16571);
#16573=IFCPROPERTYSET('0zNHifN4LCPhYOfEnKWf9u',$,'Other',$,(#16575,#16576));
#16574=IFCRELDEFINESBYPROPERTIES('2$2pVDfb95pvkeR1eA4zeI',$,$,$,(#16551),#16573);
#16575=IFCPROPERTYSINGLEVALUE('Ax',$,IFCLABEL('0.001'),$);
#16576=IFCPROPERTYSINGLEVALUE('Ay',$,IFCLABEL('0.001'),$);
#16577=IFCSLAB('3x4lJgw5b17Rx3cNAmIMN9',$,$,$,$,#16598,#16588,$,$);
#16578=IFCCARTESIANPOINTLIST2D(((12000.,6000.),(15000.,6000.),(15000.,12000.),(12000.,12000.)));
#16579=IFCINDEXEDPOLYCURVE(#16578,(IFCLINEINDEX((1,2,3,4,1))),$);
#16580=IFCARBITRARYCLOSEDPROFILEDEF(.AREA.,'Arbitrary',#16579);
#16581=IFCCARTESIANPOINT((0.,0.,0.));
#16582=IFCDIRECTION((0.,0.,1.));
#16583=IFCDIRECTION((1.,0.,0.));
#16584=IFCAXIS2PLACEMENT3D(#16581,#16582,#16583);
#16585=IFCDIRECTION((0.,0.,1.));
#16586=IFCEXTRUDEDAREASOLID(#16580,#16584,#16585,-120.);
#16587=IFCSHAPEREPRESENTATION(#11,'Body','SweptSolid',(#16586));
#16588=IFCPRODUCTDEFINITIONSHAPE($,$,(#16587));
#16594=IFCCARTESIANPOINT((0.,0.,24000.));
#16595=IFCDIRECTION((0.,0.,1.));
#16596=IFCDIRECTION((1.,0.,0.));
#16597=IFCAXIS2PLACEMENT3D(#16594,#16595,#16596);
#16598=IFCLOCALPLACEMENT($,#16597);
#16599=IFCPROPERTYSET('3FGjOrj0LDaPmshIsJAKDD',$,'Other',$,(#16601,#16602));
#16600=IFCRELDEFINESBYPROPERTIES('3SCnD$za59nuG17r0i9ZN0',$,$,$,(#16577),#16599);
#16601=IFCPROPERTYSINGLEVALUE('Ax',$,IFCLABEL('0.001'),$);
#16602=IFCPROPERTYSINGLEVALUE('Ay',$,IFCLABEL('0.001'),$);
#16603=IFCSLAB('277i6Ky$15JPiOv0_B03Z_',$,$,$,$,#16624,#16614,$,$);
#16604=IFCCARTESIANPOINTLIST2D(((15000.,6000.),(18000.,6000.),(18000.,12000.),(15000.,12000.)));
#16605=IFCINDEXEDPOLYCURVE(#16604,(IFCLINEINDEX((1,2,3,4,1))),$);
#16606=IFCARBITRARYCLOSEDPROFILEDEF(.AREA.,'Arbitrary',#16605);
#16607=IFCCARTESIANPOINT((0.,0.,0.));
#16608=IFCDIRECTION((0.,0.,1.));
#16609=IFCDIRECTION((1.,0.,0.));
#16610=IFCAXIS2PLACEMENT3D(#16607,#16608,#16609);
#16611=IFCDIRECTION((0.,0.,1.));
#16612=IFCEXTRUDEDAREASOLID(#16606,#16610,#16611,-120.);
#16613=IFCSHAPEREPRESENTATION(#11,'Body','SweptSolid',(#16612));
#16614=IFCPRODUCTDEFINITIONSHAPE($,$,(#16613));
#16620=IFCCARTESIANPOINT((0.,0.,24000.));
#16621=IFCDIRECTION((0.,0.,1.));
#16622=IFCDIRECTION((1.,0.,0.));
#16623=IFCAXIS2PLACEMENT3D(#16620,#16621,#16622);
#16624=IFCLOCALPLACEMENT($,#16623);
#16625=IFCPROPERTYSET('2RsxInymL6b9xleT$zDvTf',$,'Other',$,(#16627,#16628));
#16626=IFCRELDEFINESBYPROPERTIES('18izDel9v3EfjMWZ6vb9sU',$,$,$,(#16603),#16625);
#16627=IFCPROPERTYSINGLEVALUE('Ax',$,IFCLABEL('0.001'),$);
#16628=IFCPROPERTYSINGLEVALUE('Ay',$,IFCLABEL('0.001'),$);
#16629=IFCSLAB('1ykKS0GLzEOx8V$Kp7ppKE',$,$,$,$,#16650,#16640,$,$);
#16630=IFCCARTESIANPOINTLIST2D(((18000.,6000.),(21000.,6000.),(21000.,12000.),(18000.,12000.)));
#16631=IFCINDEXEDPOLYCURVE(#16630,(IFCLINEINDEX((1,2,3,4,1))),$);
#16632=IFCARBITRARYCLOSEDPROFILEDEF(.AREA.,'Arbitrary',#16631);
#16633=IFCCARTESIANPOINT((0.,0.,0.));
#16634=IFCDIRECTION((0.,0.,1.));
#16635=IFCDIRECTION((1.,0.,0.));
#16636=IFCAXIS2PLACEMENT3D(#16633,#16634,#16635);
#16637=IFCDIRECTION((0.,0.,1.));
#16638=IFCEXTRUDEDAREASOLID(#16632,#16636,#16637,-120.);
#16639=IFCSHAPEREPRESENTATION(#11,'Body','SweptSolid',(#16638));
#16640=IFCPRODUCTDEFINITIONSHAPE($,$,(#16639));
#16646=IFCCARTESIANPOINT((0.,0.,24000.));
#16647=IFCDIRECTION((0.,0.,1.));
#16648=IFCDIRECTION((1.,0.,0.));
#16649=IFCAXIS2PLACEMENT3D(#16646,#16647,#16648);
#16650=IFCLOCALPLACEMENT($,#16649);
#16651=IFCPROPERTYSET('02fGzB66T49A4og6Qnc5Ov',$,'Other',$,(#16653,#16654));
#16652=IFCRELDEFINESBYPROPERTIES('06VboPQgHEhfcu0QkI7OI6',$,$,$,(#16629),#16651);
#16653=IFCPROPERTYSINGLEVALUE('Ax',$,IFCLABEL('0.001'),$);
#16654=IFCPROPERTYSINGLEVALUE('Ay',$,IFCLABEL('0.001'),$);
#16655=IFCSLAB('1o2PLoeMv9yR4KS_17O4Nz',$,$,$,$,#16676,#16666,$,$);
#16656=IFCCARTESIANPOINTLIST2D(((21000.,6000.),(24000.,6000.),(24000.,12000.),(21000.,12000.)));
#16657=IFCINDEXEDPOLYCURVE(#16656,(IFCLINEINDEX((1,2,3,4,1))),$);
#16658=IFCARBITRARYCLOSEDPROFILEDEF(.AREA.,'Arbitrary',#16657);
#16659=IFCCARTESIANPOINT((0.,0.,0.));
#16660=IFCDIRECTION((0.,0.,1.));
#16661=IFCDIRECTION((1.,0.,0.));
#16662=IFCAXIS2PLACEMENT3D(#16659,#16660,#16661);
#16663=IFCDIRECTION((0.,0.,1.));
#16664=IFCEXTRUDEDAREASOLID(#16658,#16662,#16663,-120.);
#16665=IFCSHAPEREPRESENTATION(#11,'Body','SweptSolid',(#16664));
#16666=IFCPRODUCTDEFINITIONSHAPE($,$,(#16665));
#16672=IFCCARTESIANPOINT((0.,0.,24000.));
#16673=IFCDIRECTION((0.,0.,1.));
#16674=IFCDIRECTION((1.,0.,0.));
#16675=IFCAXIS2PLACEMENT3D(#16672,#16673,#16674);
#16676=IFCLOCALPLACEMENT($,#16675);
#16677=IFCPROPERTYSET('3ToVWy1pX22Qp7E2SFXjKA',$,'Other',$,(#16679,#16680));
#16678=IFCRELDEFINESBYPROPERTIES('2RmF_MCxH97A5x3chRJWGC',$,$,$,(#16655),#16677);
#16679=IFCPROPERTYSINGLEVALUE('Ax',$,IFCLABEL('0.001'),$);
#16680=IFCPROPERTYSINGLEVALUE('Ay',$,IFCLABEL('0.001'),$);
#16681=IFCSLAB('1Qyf95lwvDju6nmv6NN1Bz',$,$,$,$,#16702,#16692,$,$);
#16682=IFCCARTESIANPOINTLIST2D(((6000.,0.),(9000.,0.),(9000.,6000.),(6000.,6000.)));
#16683=IFCINDEXEDPOLYCURVE(#16682,(IFCLINEINDEX((1,2,3,4,1))),$);
#16684=IFCARBITRARYCLOSEDPROFILEDEF(.AREA.,'Arbitrary',#16683);
#16685=IFCCARTESIANPOINT((0.,0.,0.));
#16686=IFCDIRECTION((0.,0.,1.));
#16687=IFCDIRECTION((1.,0.,0.));
#16688=IFCAXIS2PLACEMENT3D(#16685,#16686,#16687);
#16689=IFCDIRECTION((0.,0.,1.));
#16690=IFCEXTRUDEDAREASOLID(#16684,#16688,#16689,-120.);
#16691=IFCSHAPEREPRESENTATION(#11,'Body','SweptSolid',(#16690));
#16692=IFCPRODUCTDEFINITIONSHAPE($,$,(#16691));
#16698=IFCCARTESIANPOINT((0.,0.,24000.));
#16699=IFCDIRECTION((0.,0.,1.));
#16700=IFCDIRECTION((1.,0.,0.));
#16701=IFCAXIS2PLACEMENT3D(#16698,#16699,#16700);
#16702=IFCLOCALPLACEMENT($,#16701);
#16703=IFCPROPERTYSET('28a7bJkPjDsByYbcnfL5q8',$,'Other',$,(#16705,#16706));
#16704=IFCRELDEFINESBYPROPERTIES('0UqiITMgHCoAYYJOTiQKSP',$,$,$,(#16681),#16703);
#16705=IFCPROPERTYSINGLEVALUE('Ax',$,IFCLABEL('0.001'),$);
#16706=IFCPROPERTYSINGLEVALUE('Ay',$,IFCLABEL('0.001'),$);
#16707=IFCSLAB('0pCCf6c0LBhw7EmUlj1PaW',$,$,$,$,#16728,#16718,$,$);
#16708=IFCCARTESIANPOINTLIST2D(((9000.,0.),(12000.,0.),(12000.,6000.),(9000.,6000.)));
#16709=IFCINDEXEDPOLYCURVE(#16708,(IFCLINEINDEX((1,2,3,4,1))),$);
#16710=IFCARBITRARYCLOSEDPROFILEDEF(.AREA.,'Arbitrary',#16709);
#16711=IFCCARTESIANPOINT((0.,0.,0.));
#16712=IFCDIRECTION((0.,0.,1.));
#16713=IFCDIRECTION((1.,0.,0.));
#16714=IFCAXIS2PLACEMENT3D(#16711,#16712,#16713);
#16715=IFCDIRECTION((0.,0.,1.));
#16716=IFCEXTRUDEDAREASOLID(#16710,#16714,#16715,-120.);
#16717=IFCSHAPEREPRESENTATION(#11,'Body','SweptSolid',(#16716));
#16718=IFCPRODUCTDEFINITIONSHAPE($,$,(#16717));
#16724=IFCCARTESIANPOINT((0.,0.,24000.));
#16725=IFCDIRECTION((0.,0.,1.));
#16726=IFCDIRECTION((1.,0.,0.));
#16727=IFCAXIS2PLACEMENT3D(#16724,#16725,#16726);
#16728=IFCLOCALPLACEMENT($,#16727);
#16729=IFCPROPERTYSET('14_JIF1U59Ye3D2Utj0VKG',$,'Other',$,(#16731,#16732));
#16730=IFCRELDEFINESBYPROPERTIES('0Pe6gYoQn8MO$xZXLJ0GvH',$,$,$,(#16707),#16729);
#16731=IFCPROPERTYSINGLEVALUE('Ax',$,IFCLABEL('0.001'),$);
#16732=IFCPROPERTYSINGLEVALUE('Ay',$,IFCLABEL('0.001'),$);
#16733=IFCSLAB('059$P3YaD2DvKwiYWVNq_p',$,$,$,$,#16754,#16744,$,$);
#16734=IFCCARTESIANPOINTLIST2D(((12000.,0.),(15000.,0.),(15000.,6000.),(12000.,6000.)));
#16735=IFCINDEXEDPOLYCURVE(#16734,(IFCLINEINDEX((1,2,3,4,1))),$);
#16736=IFCARBITRARYCLOSEDPROFILEDEF(.AREA.,'Arbitrary',#16735);
#16737=IFCCARTESIANPOINT((0.,0.,0.));
#16738=IFCDIRECTION((0.,0.,1.));
#16739=IFCDIRECTION((1.,0.,0.));
#16740=IFCAXIS2PLACEMENT3D(#16737,#16738,#16739);
#16741=IFCDIRECTION((0.,0.,1.));
#16742=IFCEXTRUDEDAREASOLID(#16736,#16740,#16741,-120.);
#16743=IFCSHAPEREPRESENTATION(#11,'Body','SweptSolid',(#16742));
#16744=IFCPRODUCTDEFINITIONSHAPE($,$,(#16743));
#16750=IFCCARTESIANPOINT((0.,0.,24000.));
#16751=IFCDIRECTION((0.,0.,1.));
#16752=IFCDIRECTION((1.,0.,0.));
#16753=IFCAXIS2PLACEMENT3D(#16750,#16751,#16752);
#16754=IFCLOCALPLACEMENT($,#16753);
#16755=IFCPROPERTYSET('3QmaNecbv9ghDshjr8ALK9',$,'Other',$,(#16757,#16758));
#16756=IFCRELDEFINESBYPROPERTIES('2x50b4zj91XfmMvCq3mxqP',$,$,$,(#16733),#16755);
#16757=IFCPROPERTYSINGLEVALUE('Ax',$,IFCLABEL('0.001'),$);
#16758=IFCPROPERTYSINGLEVALUE('Ay',$,IFCLABEL('0.001'),$);
#16759=IFCSLAB('0D9$fti2zDxR1U7gyG5C4E',$,$,$,$,#16780,#16770,$,$);
#16760=IFCCARTESIANPOINTLIST2D(((15000.,0.),(18000.,0.),(18000.,6000.),(15000.,6000.)));
#16761=IFCINDEXEDPOLYCURVE(#16760,(IFCLINEINDEX((1,2,3,4,1))),$);
#16762=IFCARBITRARYCLOSEDPROFILEDEF(.AREA.,'Arbitrary',#16761);
#16763=IFCCARTESIANPOINT((0.,0.,0.));
#16764=IFCDIRECTION((0.,0.,1.));
#16765=IFCDIRECTION((1.,0.,0.));
#16766=IFCAXIS2PLACEMENT3D(#16763,#16764,#16765);
#16767=IFCDIRECTION((0.,0.,1.));
#16768=IFCEXTRUDEDAREASOLID(#16762,#16766,#16767,-120.);
#16769=IFCSHAPEREPRESENTATION(#11,'Body','SweptSolid',(#16768));
#16770=IFCPRODUCTDEFINITIONSHAPE($,$,(#16769));
#16776=IFCCARTESIANPOINT((0.,0.,24000.));
#16777=IFCDIRECTION((0.,0.,1.));
#16778=IFCDIRECTION((1.,0.,0.));
#16779=IFCAXIS2PLACEMENT3D(#16776,#16777,#16778);
#16780=IFCLOCALPLACEMENT($,#16779);
#16781=IFCPROPERTYSET('2hzVEBbLXECfK8a8cCU59n',$,'Other',$,(#16783,#16784));
#16782=IFCRELDEFINESBYPROPERTIES('0Kb5xDWO92GgqPECHLj45_',$,$,$,(#16759),#16781);
#16783=IFCPROPERTYSINGLEVALUE('Ax',$,IFCLABEL('0.001'),$);
#16784=IFCPROPERTYSINGLEVALUE('Ay',$,IFCLABEL('0.001'),$);
#16785=IFCSLAB('2hrv9UPPD8kfm7db1y8n97',$,$,$,$,#16806,#16796,$,$);
#16786=IFCCARTESIANPOINTLIST2D(((18000.,0.),(21000.,0.),(21000.,6000.),(18000.,6000.)));
#16787=IFCINDEXEDPOLYCURVE(#16786,(IFCLINEINDEX((1,2,3,4,1))),$);
#16788=IFCARBITRARYCLOSEDPROFILEDEF(.AREA.,'Arbitrary',#16787);
#16789=IFCCARTESIANPOINT((0.,0.,0.));
#16790=IFCDIRECTION((0.,0.,1.));
#16791=IFCDIRECTION((1.,0.,0.));
#16792=IFCAXIS2PLACEMENT3D(#16789,#16790,#16791);
#16793=IFCDIRECTION((0.,0.,1.));
#16794=IFCEXTRUDEDAREASOLID(#16788,#16792,#16793,-120.);
#16795=IFCSHAPEREPRESENTATION(#11,'Body','SweptSolid',(#16794));
#16796=IFCPRODUCTDEFINITIONSHAPE($,$,(#16795));
#16802=IFCCARTESIANPOINT((0.,0.,24000.));
#16803=IFCDIRECTION((0.,0.,1.));
#16804=IFCDIRECTION((1.,0.,0.));
#16805=IFCAXIS2PLACEMENT3D(#16802,#16803,#16804);
#16806=IFCLOCALPLACEMENT($,#16805);
#16807=IFCPROPERTYSET('2Wawn474P21fWTlthrLyLF',$,'Other',$,(#16809,#16810));
#16808=IFCRELDEFINESBYPROPERTIES('03LGgNRQj99QAQdY552x00',$,$,$,(#16785),#16807);
#16809=IFCPROPERTYSINGLEVALUE('Ax',$,IFCLABEL('0.001'),$);
#16810=IFCPROPERTYSINGLEVALUE('Ay',$,IFCLABEL('0.001'),$);
#16811=IFCSLAB('2yZu7j69r18e0bY1W5y7Pu',$,$,$,$,#16832,#16822,$,$);
#16812=IFCCARTESIANPOINTLIST2D(((21000.,0.),(24000.,0.),(24000.,6000.),(21000.,6000.)));
#16813=IFCINDEXEDPOLYCURVE(#16812,(IFCLINEINDEX((1,2,3,4,1))),$);
#16814=IFCARBITRARYCLOSEDPROFILEDEF(.AREA.,'Arbitrary',#16813);
#16815=IFCCARTESIANPOINT((0.,0.,0.));
#16816=IFCDIRECTION((0.,0.,1.));
#16817=IFCDIRECTION((1.,0.,0.));
#16818=IFCAXIS2PLACEMENT3D(#16815,#16816,#16817);
#16819=IFCDIRECTION((0.,0.,1.));
#16820=IFCEXTRUDEDAREASOLID(#16814,#16818,#16819,-120.);
#16821=IFCSHAPEREPRESENTATION(#11,'Body','SweptSolid',(#16820));
#16822=IFCPRODUCTDEFINITIONSHAPE($,$,(#16821));
#16828=IFCCARTESIANPOINT((0.,0.,24000.));
#16829=IFCDIRECTION((0.,0.,1.));
#16830=IFCDIRECTION((1.,0.,0.));
#16831=IFCAXIS2PLACEMENT3D(#16828,#16829,#16830);
#16832=IFCLOCALPLACEMENT($,#16831);
#16833=IFCPROPERTYSET('3QozL4OB93keGFFKgnfDPV',$,'Other',$,(#16835,#16836));
#16834=IFCRELDEFINESBYPROPERTIES('3qQJMskuT72O2e5MFcIeTG',$,$,$,(#16811),#16833);
#16835=IFCPROPERTYSINGLEVALUE('Ax',$,IFCLABEL('0.001'),$);
#16836=IFCPROPERTYSINGLEVALUE('Ay',$,IFCLABEL('0.001'),$);
#16837=IFCSLAB('0EPQb1k5nEpOjIUMyurnaA',$,$,$,$,#16858,#16848,$,$);
#16838=IFCCARTESIANPOINTLIST2D(((3000.,0.),(6000.,0.),(6000.,6000.),(3000.,6000.)));
#16839=IFCINDEXEDPOLYCURVE(#16838,(IFCLINEINDEX((1,2,3,4,1))),$);
#16840=IFCARBITRARYCLOSEDPROFILEDEF(.AREA.,'Arbitrary',#16839);
#16841=IFCCARTESIANPOINT((0.,0.,0.));
#16842=IFCDIRECTION((0.,0.,1.));
#16843=IFCDIRECTION((1.,0.,0.));
#16844=IFCAXIS2PLACEMENT3D(#16841,#16842,#16843);
#16845=IFCDIRECTION((0.,0.,1.));
#16846=IFCEXTRUDEDAREASOLID(#16840,#16844,#16845,-120.);
#16847=IFCSHAPEREPRESENTATION(#11,'Body','SweptSolid',(#16846));
#16848=IFCPRODUCTDEFINITIONSHAPE($,$,(#16847));
#16854=IFCCARTESIANPOINT((0.,0.,24000.));
#16855=IFCDIRECTION((0.,0.,1.));
#16856=IFCDIRECTION((1.,0.,0.));
#16857=IFCAXIS2PLACEMENT3D(#16854,#16855,#16856);
#16858=IFCLOCALPLACEMENT($,#16857);
#16859=IFCPROPERTYSET('1nnghKugP1gwHGsaef1If9',$,'Other',$,(#16861,#16862));
#16860=IFCRELDEFINESBYPROPERTIES('33$4DylS96LRBXIuQ$g3Yw',$,$,$,(#16837),#16859);
#16861=IFCPROPERTYSINGLEVALUE('Ax',$,IFCLABEL('0.001'),$);
#16862=IFCPROPERTYSINGLEVALUE('Ay',$,IFCLABEL('0.001'),$);
#16863=IFCSLAB('2B2prY6w5DfuWBD5wSJbn1',$,$,$,$,#16884,#16874,$,$);
#16864=IFCCARTESIANPOINTLIST2D(((24000.,6000.),(27000.,6000.),(27000.,12000.),(24000.,12000.)));
#16865=IFCINDEXEDPOLYCURVE(#16864,(IFCLINEINDEX((1,2,3,4,1))),$);
#16866=IFCARBITRARYCLOSEDPROFILEDEF(.AREA.,'Arbitrary',#16865);
#16867=IFCCARTESIANPOINT((0.,0.,0.));
#16868=IFCDIRECTION((0.,0.,1.));
#16869=IFCDIRECTION((1.,0.,0.));
#16870=IFCAXIS2PLACEMENT3D(#16867,#16868,#16869);
#16871=IFCDIRECTION((0.,0.,1.));
#16872=IFCEXTRUDEDAREASOLID(#16866,#16870,#16871,-120.);
#16873=IFCSHAPEREPRESENTATION(#11,'Body','SweptSolid',(#16872));
#16874=IFCPRODUCTDEFINITIONSHAPE($,$,(#16873));
#16880=IFCCARTESIANPOINT((0.,0.,24000.));
#16881=IFCDIRECTION((0.,0.,1.));
#16882=IFCDIRECTION((1.,0.,0.));
#16883=IFCAXIS2PLACEMENT3D(#16880,#16881,#16882);
#16884=IFCLOCALPLACEMENT($,#16883);
#16885=IFCPROPERTYSET('3ZGvZyW9jEIALY$r77MVS$',$,'Other',$,(#16887,#16888));
#16886=IFCRELDEFINESBYPROPERTIES('23s3YZHuf68we84AsK43Hy',$,$,$,(#16863),#16885);
#16887=IFCPROPERTYSINGLEVALUE('Ax',$,IFCLABEL('0.001'),$);
#16888=IFCPROPERTYSINGLEVALUE('Ay',$,IFCLABEL('0.001'),$);
#16889=IFCSLAB('2zBNFos9z9z9noTwnHED8H',$,$,$,$,#16910,#16900,$,$);
#16890=IFCCARTESIANPOINTLIST2D(((0.,6000.),(3000.,6000.),(3000.,12000.),(0.,12000.)));
#16891=IFCINDEXEDPOLYCURVE(#16890,(IFCLINEINDEX((1,2,3,4,1))),$);
#16892=IFCARBITRARYCLOSEDPROFILEDEF(.AREA.,'Arbitrary',#16891);
#16893=IFCCARTESIANPOINT((0.,0.,0.));
#16894=IFCDIRECTION((0.,0.,1.));
#16895=IFCDIRECTION((1.,0.,0.));
#16896=IFCAXIS2PLACEMENT3D(#16893,#16894,#16895);
#16897=IFCDIRECTION((0.,0.,1.));
#16898=IFCEXTRUDEDAREASOLID(#16892,#16896,#16897,-120.);
#16899=IFCSHAPEREPRESENTATION(#11,'Body','SweptSolid',(#16898));
#16900=IFCPRODUCTDEFINITIONSHAPE($,$,(#16899));
#16906=IFCCARTESIANPOINT((0.,0.,21000.));
#16907=IFCDIRECTION((0.,0.,1.));
#16908=IFCDIRECTION((1.,0.,0.));
#16909=IFCAXIS2PLACEMENT3D(#16906,#16907,#16908);
#16910=IFCLOCALPLACEMENT($,#16909);
#16911=IFCPROPERTYSET('1RcV26iqz5kvqykEbPFQfy',$,'Other',$,(#16913,#16914));
#16912=IFCRELDEFINESBYPROPERTIES('2YUmHASQn1JQkgLAW6k3xL',$,$,$,(#16889),#16911);
#16913=IFCPROPERTYSINGLEVALUE('Ax',$,IFCLABEL('0.001'),$);
#16914=IFCPROPERTYSINGLEVALUE('Ay',$,IFCLABEL('0.001'),$);
#16915=IFCSLAB('1jBngzwk196QO9XFK5gALD',$,$,$,$,#16936,#16926,$,$);
#16916=IFCCARTESIANPOINTLIST2D(((3000.,6000.),(6000.,6000.),(6000.,12000.),(3000.,12000.)));
#16917=IFCINDEXEDPOLYCURVE(#16916,(IFCLINEINDEX((1,2,3,4,1))),$);
#16918=IFCARBITRARYCLOSEDPROFILEDEF(.AREA.,'Arbitrary',#16917);
#16919=IFCCARTESIANPOINT((0.,0.,0.));
#16920=IFCDIRECTION((0.,0.,1.));
#16921=IFCDIRECTION((1.,0.,0.));
#16922=IFCAXIS2PLACEMENT3D(#16919,#16920,#16921);
#16923=IFCDIRECTION((0.,0.,1.));
#16924=IFCEXTRUDEDAREASOLID(#16918,#16922,#16923,-120.);
#16925=IFCSHAPEREPRESENTATION(#11,'Body','SweptSolid',(#16924));
#16926=IFCPRODUCTDEFINITIONSHAPE($,$,(#16925));
#16932=IFCCARTESIANPOINT((0.,0.,21000.));
#16933=IFCDIRECTION((0.,0.,1.));
#16934=IFCDIRECTION((1.,0.,0.));
#16935=IFCAXIS2PLACEMENT3D(#16932,#16933,#16934);
#16936=IFCLOCALPLACEMENT($,#16935);
#16937=IFCPROPERTYSET('2g_I0QKtD44O5u3bnxuTgL',$,'Other',$,(#16939,#16940));
#16938=IFCRELDEFINESBYPROPERTIES('1DyS2GDj1ANPWaCTI1oH9$',$,$,$,(#16915),#16937);
#16939=IFCPROPERTYSINGLEVALUE('Ax',$,IFCLABEL('0.001'),$);
#16940=IFCPROPERTYSINGLEVALUE('Ay',$,IFCLABEL('0.001'),$);
#16941=IFCSLAB('1OynjCvnb8dQfTy$hgO3Ce',$,$,$,$,#16962,#16952,$,$);
#16942=IFCCARTESIANPOINTLIST2D(((0.,12000.),(3000.,12000.),(3000.,18000.),(0.,18000.)));
#16943=IFCINDEXEDPOLYCURVE(#16942,(IFCLINEINDEX((1,2,3,4,1))),$);
#16944=IFCARBITRARYCLOSEDPROFILEDEF(.AREA.,'Arbitrary',#16943);
#16945=IFCCARTESIANPOINT((0.,0.,0.));
#16946=IFCDIRECTION((0.,0.,1.));
#16947=IFCDIRECTION((1.,0.,0.));
#16948=IFCAXIS2PLACEMENT3D(#16945,#16946,#16947);
#16949=IFCDIRECTION((0.,0.,1.));
#16950=IFCEXTRUDEDAREASOLID(#16944,#16948,#16949,-120.);
#16951=IFCSHAPEREPRESENTATION(#11,'Body','SweptSolid',(#16950));
#16952=IFCPRODUCTDEFINITIONSHAPE($,$,(#16951));
#16958=IFCCARTESIANPOINT((0.,0.,21000.));
#16959=IFCDIRECTION((0.,0.,1.));
#16960=IFCDIRECTION((1.,0.,0.));
#16961=IFCAXIS2PLACEMENT3D(#16958,#16959,#16960);
#16962=IFCLOCALPLACEMENT($,#16961);
#16963=IFCPROPERTYSET('0G1OKmhW1ApQCoAw$E9bd1',$,'Other',$,(#16965,#16966));
#16964=IFCRELDEFINESBYPROPERTIES('1rs$JTHzD2F9Id1T3hk03W',$,$,$,(#16941),#16963);
#16965=IFCPROPERTYSINGLEVALUE('Ax',$,IFCLABEL('0.001'),$);
#16966=IFCPROPERTYSINGLEVALUE('Ay',$,IFCLABEL('0.001'),$);
#16967=IFCSLAB('0DnwIFC5HDtOVBjur_5JIy',$,$,$,$,#16988,#16978,$,$);
#16968=IFCCARTESIANPOINTLIST2D(((3000.,12000.),(6000.,12000.),(6000.,18000.),(3000.,18000.)));
#16969=IFCINDEXEDPOLYCURVE(#16968,(IFCLINEINDEX((1,2,3,4,1))),$);
#16970=IFCARBITRARYCLOSEDPROFILEDEF(.AREA.,'Arbitrary',#16969);
#16971=IFCCARTESIANPOINT((0.,0.,0.));
#16972=IFCDIRECTION((0.,0.,1.));
#16973=IFCDIRECTION((1.,0.,0.));
#16974=IFCAXIS2PLACEMENT3D(#16971,#16972,#16973);
#16975=IFCDIRECTION((0.,0.,1.));
#16976=IFCEXTRUDEDAREASOLID(#16970,#16974,#16975,-120.);
#16977=IFCSHAPEREPRESENTATION(#11,'Body','SweptSolid',(#16976));
#16978=IFCPRODUCTDEFINITIONSHAPE($,$,(#16977));
#16984=IFCCARTESIANPOINT((0.,0.,21000.));
#16985=IFCDIRECTION((0.,0.,1.));
#16986=IFCDIRECTION((1.,0.,0.));
#16987=IFCAXIS2PLACEMENT3D(#16984,#16985,#16986);
#16988=IFCLOCALPLACEMENT($,#16987);
#16989=IFCPROPERTYSET('3BwE_qwcj8DfGCs4yKowDS',$,'Other',$,(#16991,#16992));
#16990=IFCRELDEFINESBYPROPERTIES('0G0rhZp_fCTRGa4ZaRao_6',$,$,$,(#16967),#16989);
#16991=IFCPROPERTYSINGLEVALUE('Ax',$,IFCLABEL('0.001'),$);
#16992=IFCPROPERTYSINGLEVALUE('Ay',$,IFCLABEL('0.001'),$);
#16993=IFCSLAB('0iHwWrCSzEsB9Ao3Pxm2SA',$,$,$,$,#17014,#17004,$,$);
#16994=IFCCARTESIANPOINTLIST2D(((6000.,12000.),(9000.,12000.),(9000.,18000.),(6000.,18000.)));
#16995=IFCINDEXEDPOLYCURVE(#16994,(IFCLINEINDEX((1,2,3,4,1))),$);
#16996=IFCARBITRARYCLOSEDPROFILEDEF(.AREA.,'Arbitrary',#16995);
#16997=IFCCARTESIANPOINT((0.,0.,0.));
#16998=IFCDIRECTION((0.,0.,1.));
#16999=IFCDIRECTION((1.,0.,0.));
#17000=IFCAXIS2PLACEMENT3D(#16997,#16998,#16999);
#17001=IFCDIRECTION((0.,0.,1.));
#17002=IFCEXTRUDEDAREASOLID(#16996,#17000,#17001,-120.);
#17003=IFCSHAPEREPRESENTATION(#11,'Body','SweptSolid',(#17002));
#17004=IFCPRODUCTDEFINITIONSHAPE($,$,(#17003));
#17010=IFCCARTESIANPOINT((0.,0.,21000.));
#17011=IFCDIRECTION((0.,0.,1.));
#17012=IFCDIRECTION((1.,0.,0.));
#17013=IFCAXIS2PLACEMENT3D(#17010,#17011,#17012);
#17014=IFCLOCALPLACEMENT($,#17013);
#17015=IFCPROPERTYSET('3fvieZh3TANOay$DUFMozq',$,'Other',$,(#17017,#17018));
#17016=IFCRELDEFINESBYPROPERTIES('1_URlp0uH8iBpcRVLaWt$K',$,$,$,(#16993),#17015);
#17017=IFCPROPERTYSINGLEVALUE('Ax',$,IFCLABEL('0.001'),$);
#17018=IFCPROPERTYSINGLEVALUE('Ay',$,IFCLABEL('0.001'),$);
#17019=IFCSLAB('2SdB_7PtHEivi12MZAg0Vc',$,$,$,$,#17040,#17030,$,$);
#17020=IFCCARTESIANPOINTLIST2D(((9000.,12000.),(12000.,12000.),(12000.,18000.),(9000.,18000.)));
#17021=IFCINDEXEDPOLYCURVE(#17020,(IFCLINEINDEX((1,2,3,4,1))),$);
#17022=IFCARBITRARYCLOSEDPROFILEDEF(.AREA.,'Arbitrary',#17021);
#17023=IFCCARTESIANPOINT((0.,0.,0.));
#17024=IFCDIRECTION((0.,0.,1.));
#17025=IFCDIRECTION((1.,0.,0.));
#17026=IFCAXIS2PLACEMENT3D(#17023,#17024,#17025);
#17027=IFCDIRECTION((0.,0.,1.));
#17028=IFCEXTRUDEDAREASOLID(#17022,#17026,#17027,-120.);
#17029=IFCSHAPEREPRESENTATION(#11,'Body','SweptSolid',(#17028));
#17030=IFCPRODUCTDEFINITIONSHAPE($,$,(#17029));
#17036=IFCCARTESIANPOINT((0.,0.,21000.));
#17037=IFCDIRECTION((0.,0.,1.));
#17038=IFCDIRECTION((1.,0.,0.));
#17039=IFCAXIS2PLACEMENT3D(#17036,#17037,#17038);
#17040=IFCLOCALPLACEMENT($,#17039);
#17041=IFCPROPERTYSET('0f2Nit$8jDaftolDhdfGda',$,'Other',$,(#17043,#17044));
#17042=IFCRELDEFINESBYPROPERTIES('0PIsSzcED1_ehYIVeWYvvF',$,$,$,(#17019),#17041);
#17043=IFCPROPERTYSINGLEVALUE('Ax',$,IFCLABEL('0.001'),$);
#17044=IFCPROPERTYSINGLEVALUE('Ay',$,IFCLABEL('0.001'),$);
#17045=IFCSLAB('0jx4XYMDbFueySRXZodHhA',$,$,$,$,#17066,#17056,$,$);
#17046=IFCCARTESIANPOINTLIST2D(((12000.,12000.),(15000.,12000.),(15000.,18000.),(12000.,18000.)));
#17047=IFCINDEXEDPOLYCURVE(#17046,(IFCLINEINDEX((1,2,3,4,1))),$);
#17048=IFCARBITRARYCLOSEDPROFILEDEF(.AREA.,'Arbitrary',#17047);
#17049=IFCCARTESIANPOINT((0.,0.,0.));
#17050=IFCDIRECTION((0.,0.,1.));
#17051=IFCDIRECTION((1.,0.,0.));
#17052=IFCAXIS2PLACEMENT3D(#17049,#17050,#17051);
#17053=IFCDIRECTION((0.,0.,1.));
#17054=IFCEXTRUDEDAREASOLID(#17048,#17052,#17053,-120.);
#17055=IFCSHAPEREPRESENTATION(#11,'Body','SweptSolid',(#17054));
#17056=IFCPRODUCTDEFINITIONSHAPE($,$,(#17055));
#17062=IFCCARTESIANPOINT((0.,0.,21000.));
#17063=IFCDIRECTION((0.,0.,1.));
#17064=IFCDIRECTION((1.,0.,0.));
#17065=IFCAXIS2PLACEMENT3D(#17062,#17063,#17064);
#17066=IFCLOCALPLACEMENT($,#17065);
#17067=IFCPROPERTYSET('3VyZ9A8XrB_xh6IlJKioQv',$,'Other',$,(#17069,#17070));
#17068=IFCRELDEFINESBYPROPERTIES('2wFFu3lNbETPhZWZprrksQ',$,$,$,(#17045),#17067);
#17069=IFCPROPERTYSINGLEVALUE('Ax',$,IFCLABEL('0.001'),$);
#17070=IFCPROPERTYSINGLEVALUE('Ay',$,IFCLABEL('0.001'),$);
#17071=IFCSLAB('0P92hG7Wf0DPHifPCK4xnv',$,$,$,$,#17092,#17082,$,$);
#17072=IFCCARTESIANPOINTLIST2D(((15000.,12000.),(18000.,12000.),(18000.,18000.),(15000.,18000.)));
#17073=IFCINDEXEDPOLYCURVE(#17072,(IFCLINEINDEX((1,2,3,4,1))),$);
#17074=IFCARBITRARYCLOSEDPROFILEDEF(.AREA.,'Arbitrary',#17073);
#17075=IFCCARTESIANPOINT((0.,0.,0.));
#17076=IFCDIRECTION((0.,0.,1.));
#17077=IFCDIRECTION((1.,0.,0.));
#17078=IFCAXIS2PLACEMENT3D(#17075,#17076,#17077);
#17079=IFCDIRECTION((0.,0.,1.));
#17080=IFCEXTRUDEDAREASOLID(#17074,#17078,#17079,-120.);
#17081=IFCSHAPEREPRESENTATION(#11,'Body','SweptSolid',(#17080));
#17082=IFCPRODUCTDEFINITIONSHAPE($,$,(#17081));
#17088=IFCCARTESIANPOINT((0.,0.,21000.));
#17089=IFCDIRECTION((0.,0.,1.));
#17090=IFCDIRECTION((1.,0.,0.));
#17091=IFCAXIS2PLACEMENT3D(#17088,#17089,#17090);
#17092=IFCLOCALPLACEMENT($,#17091);
#17093=IFCPROPERTYSET('33D7AxTBLBWB5z6JF24tuK',$,'Other',$,(#17095,#17096));
#17094=IFCRELDEFINESBYPROPERTIES('1EBegkvqL10fuKOD7l01YX',$,$,$,(#17071),#17093);
#17095=IFCPROPERTYSINGLEVALUE('Ax',$,IFCLABEL('0.001'),$);
#17096=IFCPROPERTYSINGLEVALUE('Ay',$,IFCLABEL('0.001'),$);
#17097=IFCSLAB('0xnmjBgxH1r8GzS$JrkP15',$,$,$,$,#17118,#17108,$,$);
#17098=IFCCARTESIANPOINTLIST2D(((18000.,12000.),(21000.,12000.),(21000.,18000.),(18000.,18000.)));
#17099=IFCINDEXEDPOLYCURVE(#17098,(IFCLINEINDEX((1,2,3,4,1))),$);
#17100=IFCARBITRARYCLOSEDPROFILEDEF(.AREA.,'Arbitrary',#17099);
#17101=IFCCARTESIANPOINT((0.,0.,0.));
#17102=IFCDIRECTION((0.,0.,1.));
#17103=IFCDIRECTION((1.,0.,0.));
#17104=IFCAXIS2PLACEMENT3D(#17101,#17102,#17103);
#17105=IFCDIRECTION((0.,0.,1.));
#17106=IFCEXTRUDEDAREASOLID(#17100,#17104,#17105,-120.);
#17107=IFCSHAPEREPRESENTATION(#11,'Body','SweptSolid',(#17106));
#17108=IFCPRODUCTDEFINITIONSHAPE($,$,(#17107));
#17114=IFCCARTESIANPOINT((0.,0.,21000.));
#17115=IFCDIRECTION((0.,0.,1.));
#17116=IFCDIRECTION((1.,0.,0.));
#17117=IFCAXIS2PLACEMENT3D(#17114,#17115,#17116);
#17118=IFCLOCALPLACEMENT($,#17117);
#17119=IFCPROPERTYSET('0R3zbnI0fFIhBo8zeO180u',$,'Other',$,(#17121,#17122));
#17120=IFCRELDEFINESBYPROPERTIES('1VIjg_iGrAZOI0Kr_hpTu$',$,$,$,(#17097),#17119);
#17121=IFCPROPERTYSINGLEVALUE('Ax',$,IFCLABEL('0.001'),$);
#17122=IFCPROPERTYSINGLEVALUE('Ay',$,IFCLABEL('0.001'),$);
#17123=IFCSLAB('0He5SeYKf6thBgfZPUPNj4',$,$,$,$,#17144,#17134,$,$);
#17124=IFCCARTESIANPOINTLIST2D(((21000.,12000.),(24000.,12000.),(24000.,18000.),(21000.,18000.)));
#17125=IFCINDEXEDPOLYCURVE(#17124,(IFCLINEINDEX((1,2,3,4,1))),$);
#17126=IFCARBITRARYCLOSEDPROFILEDEF(.AREA.,'Arbitrary',#17125);
#17127=IFCCARTESIANPOINT((0.,0.,0.));
#17128=IFCDIRECTION((0.,0.,1.));
#17129=IFCDIRECTION((1.,0.,0.));
#17130=IFCAXIS2PLACEMENT3D(#17127,#17128,#17129);
#17131=IFCDIRECTION((0.,0.,1.));
#17132=IFCEXTRUDEDAREASOLID(#17126,#17130,#17131,-120.);
#17133=IFCSHAPEREPRESENTATION(#11,'Body','SweptSolid',(#17132));
#17134=IFCPRODUCTDEFINITIONSHAPE($,$,(#17133));
#17140=IFCCARTESIANPOINT((0.,0.,21000.));
#17141=IFCDIRECTION((0.,0.,1.));
#17142=IFCDIRECTION((1.,0.,0.));
#17143=IFCAXIS2PLACEMENT3D(#17140,#17141,#17142);
#17144=IFCLOCALPLACEMENT($,#17143);
#17145=IFCPROPERTYSET('1OL5_LdtvEI8FBcnxLw6Qq',$,'Other',$,(#17147,#17148));
#17146=IFCRELDEFINESBYPROPERTIES('39ESX_B7f7$g5886DBUxLl',$,$,$,(#17123),#17145);
#17147=IFCPROPERTYSINGLEVALUE('Ax',$,IFCLABEL('0.001'),$);
#17148=IFCPROPERTYSINGLEVALUE('Ay',$,IFCLABEL('0.001'),$);
#17149=IFCSLAB('29fsNs2YD9OuKQ2Kb8Ul2K',$,$,$,$,#17170,#17160,$,$);
#17150=IFCCARTESIANPOINTLIST2D(((24000.,12000.),(27000.,12000.),(27000.,18000.),(24000.,18000.)));
#17151=IFCINDEXEDPOLYCURVE(#17150,(IFCLINEINDEX((1,2,3,4,1))),$);
#17152=IFCARBITRARYCLOSEDPROFILEDEF(.AREA.,'Arbitrary',#17151);
#17153=IFCCARTESIANPOINT((0.,0.,0.));
#17154=IFCDIRECTION((0.,0.,1.));
#17155=IFCDIRECTION((1.,0.,0.));
#17156=IFCAXIS2PLACEMENT3D(#17153,#17154,#17155);
#17157=IFCDIRECTION((0.,0.,1.));
#17158=IFCEXTRUDEDAREASOLID(#17152,#17156,#17157,-120.);
#17159=IFCSHAPEREPRESENTATION(#11,'Body','SweptSolid',(#17158));
#17160=IFCPRODUCTDEFINITIONSHAPE($,$,(#17159));
#17166=IFCCARTESIANPOINT((0.,0.,21000.));
#17167=IFCDIRECTION((0.,0.,1.));
#17168=IFCDIRECTION((1.,0.,0.));
#17169=IFCAXIS2PLACEMENT3D(#17166,#17167,#17168);
#17170=IFCLOCALPLACEMENT($,#17169);
#17171=IFCPROPERTYSET('2t6HjZm0D5XuPXQ_$$TbK6',$,'Other',$,(#17173,#17174));
#17172=IFCRELDEFINESBYPROPERTIES('0e5j3kZmP4YvK7zghYJ2BT',$,$,$,(#17149),#17171);
#17173=IFCPROPERTYSINGLEVALUE('Ax',$,IFCLABEL('0.001'),$);
#17174=IFCPROPERTYSINGLEVALUE('Ay',$,IFCLABEL('0.001'),$);
#17175=IFCSLAB('3VfiJ3_ovBlOSzs99tWoOd',$,$,$,$,#17196,#17186,$,$);
#17176=IFCCARTESIANPOINTLIST2D(((27000.,12000.),(30000.,12000.),(30000.,18000.),(27000.,18000.)));
#17177=IFCINDEXEDPOLYCURVE(#17176,(IFCLINEINDEX((1,2,3,4,1))),$);
#17178=IFCARBITRARYCLOSEDPROFILEDEF(.AREA.,'Arbitrary',#17177);
#17179=IFCCARTESIANPOINT((0.,0.,0.));
#17180=IFCDIRECTION((0.,0.,1.));
#17181=IFCDIRECTION((1.,0.,0.));
#17182=IFCAXIS2PLACEMENT3D(#17179,#17180,#17181);
#17183=IFCDIRECTION((0.,0.,1.));
#17184=IFCEXTRUDEDAREASOLID(#17178,#17182,#17183,-120.);
#17185=IFCSHAPEREPRESENTATION(#11,'Body','SweptSolid',(#17184));
#17186=IFCPRODUCTDEFINITIONSHAPE($,$,(#17185));
#17192=IFCCARTESIANPOINT((0.,0.,21000.));
#17193=IFCDIRECTION((0.,0.,1.));
#17194=IFCDIRECTION((1.,0.,0.));
#17195=IFCAXIS2PLACEMENT3D(#17192,#17193,#17194);
#17196=IFCLOCALPLACEMENT($,#17195);
#17197=IFCPROPERTYSET('08viA0t4TBTQBXbd1tzKRL',$,'Other',$,(#17199,#17200));
#17198=IFCRELDEFINESBYPROPERTIES('2HEjOpr1fBo8tlr$hHa3M$',$,$,$,(#17175),#17197);
#17199=IFCPROPERTYSINGLEVALUE('Ax',$,IFCLABEL('0.001'),$);
#17200=IFCPROPERTYSINGLEVALUE('Ay',$,IFCLABEL('0.001'),$);
#17201=IFCSLAB('2Wj0hHJDb1fQ5WJDYTvx$A',$,$,$,$,#17222,#17212,$,$);
#17202=IFCCARTESIANPOINTLIST2D(((6000.,6000.),(9000.,6000.),(9000.,12000.),(6000.,12000.)));
#17203=IFCINDEXEDPOLYCURVE(#17202,(IFCLINEINDEX((1,2,3,4,1))),$);
#17204=IFCARBITRARYCLOSEDPROFILEDEF(.AREA.,'Arbitrary',#17203);
#17205=IFCCARTESIANPOINT((0.,0.,0.));
#17206=IFCDIRECTION((0.,0.,1.));
#17207=IFCDIRECTION((1.,0.,0.));
#17208=IFCAXIS2PLACEMENT3D(#17205,#17206,#17207);
#17209=IFCDIRECTION((0.,0.,1.));
#17210=IFCEXTRUDEDAREASOLID(#17204,#17208,#17209,-120.);
#17211=IFCSHAPEREPRESENTATION(#11,'Body','SweptSolid',(#17210));
#17212=IFCPRODUCTDEFINITIONSHAPE($,$,(#17211));
#17218=IFCCARTESIANPOINT((0.,0.,21000.));
#17219=IFCDIRECTION((0.,0.,1.));
#17220=IFCDIRECTION((1.,0.,0.));
#17221=IFCAXIS2PLACEMENT3D(#17218,#17219,#17220);
#17222=IFCLOCALPLACEMENT($,#17221);
#17223=IFCPROPERTYSET('0wxF6rESz8juyZEBQSisSx',$,'Other',$,(#17225,#17226));
#17224=IFCRELDEFINESBYPROPERTIES('3Awe8TzyP7SAQr3geXnXm5',$,$,$,(#17201),#17223);
#17225=IFCPROPERTYSINGLEVALUE('Ax',$,IFCLABEL('0.001'),$);
#17226=IFCPROPERTYSINGLEVALUE('Ay',$,IFCLABEL('0.001'),$);
#17227=IFCSLAB('0gbcAcb3DEYRYWNcjSpEP9',$,$,$,$,#17248,#17238,$,$);
#17228=IFCCARTESIANPOINTLIST2D(((9000.,6000.),(12000.,6000.),(12000.,12000.),(9000.,12000.)));
#17229=IFCINDEXEDPOLYCURVE(#17228,(IFCLINEINDEX((1,2,3,4,1))),$);
#17230=IFCARBITRARYCLOSEDPROFILEDEF(.AREA.,'Arbitrary',#17229);
#17231=IFCCARTESIANPOINT((0.,0.,0.));
#17232=IFCDIRECTION((0.,0.,1.));
#17233=IFCDIRECTION((1.,0.,0.));
#17234=IFCAXIS2PLACEMENT3D(#17231,#17232,#17233);
#17235=IFCDIRECTION((0.,0.,1.));
#17236=IFCEXTRUDEDAREASOLID(#17230,#17234,#17235,-120.);
#17237=IFCSHAPEREPRESENTATION(#11,'Body','SweptSolid',(#17236));
#17238=IFCPRODUCTDEFINITIONSHAPE($,$,(#17237));
#17244=IFCCARTESIANPOINT((0.,0.,21000.));
#17245=IFCDIRECTION((0.,0.,1.));
#17246=IFCDIRECTION((1.,0.,0.));
#17247=IFCAXIS2PLACEMENT3D(#17244,#17245,#17246);
#17248=IFCLOCALPLACEMENT($,#17247);
#17249=IFCPROPERTYSET('3RRjl7zZrC8fU3v726bZkO',$,'Other',$,(#17251,#17252));
#17250=IFCRELDEFINESBYPROPERTIES('1VxgRxqG93fh0VCcUByorO',$,$,$,(#17227),#17249);
#17251=IFCPROPERTYSINGLEVALUE('Ax',$,IFCLABEL('0.001'),$);
#17252=IFCPROPERTYSINGLEVALUE('Ay',$,IFCLABEL('0.001'),$);
#17253=IFCSLAB('0K4vl$ylf58OkJ217VOKFB',$,$,$,$,#17274,#17264,$,$);
#17254=IFCCARTESIANPOINTLIST2D(((12000.,6000.),(15000.,6000.),(15000.,12000.),(12000.,12000.)));
#17255=IFCINDEXEDPOLYCURVE(#17254,(IFCLINEINDEX((1,2,3,4,1))),$);
#17256=IFCARBITRARYCLOSEDPROFILEDEF(.AREA.,'Arbitrary',#17255);
#17257=IFCCARTESIANPOINT((0.,0.,0.));
#17258=IFCDIRECTION((0.,0.,1.));
#17259=IFCDIRECTION((1.,0.,0.));
#17260=IFCAXIS2PLACEMENT3D(#17257,#17258,#17259);
#17261=IFCDIRECTION((0.,0.,1.));
#17262=IFCEXTRUDEDAREASOLID(#17256,#17260,#17261,-120.);
#17263=IFCSHAPEREPRESENTATION(#11,'Body','SweptSolid',(#17262));
#17264=IFCPRODUCTDEFINITIONSHAPE($,$,(#17263));
#17270=IFCCARTESIANPOINT((0.,0.,21000.));
#17271=IFCDIRECTION((0.,0.,1.));
#17272=IFCDIRECTION((1.,0.,0.));
#17273=IFCAXIS2PLACEMENT3D(#17270,#17271,#17272);
#17274=IFCLOCALPLACEMENT($,#17273);
#17275=IFCPROPERTYSET('3cdiIbLtTA6e1e_$GrM3$R',$,'Other',$,(#17277,#17278));
#17276=IFCRELDEFINESBYPROPERTIES('0Wf53X3GvDFfJyP2PKqRDO',$,$,$,(#17253),#17275);
#17277=IFCPROPERTYSINGLEVALUE('Ax',$,IFCLABEL('0.001'),$);
#17278=IFCPROPERTYSINGLEVALUE('Ay',$,IFCLABEL('0.001'),$);
#17279=IFCSLAB('1otgMg0z9F4PVasfmItj33',$,$,$,$,#17300,#17290,$,$);
#17280=IFCCARTESIANPOINTLIST2D(((15000.,6000.),(18000.,6000.),(18000.,12000.),(15000.,12000.)));
#17281=IFCINDEXEDPOLYCURVE(#17280,(IFCLINEINDEX((1,2,3,4,1))),$);
#17282=IFCARBITRARYCLOSEDPROFILEDEF(.AREA.,'Arbitrary',#17281);
#17283=IFCCARTESIANPOINT((0.,0.,0.));
#17284=IFCDIRECTION((0.,0.,1.));
#17285=IFCDIRECTION((1.,0.,0.));
#17286=IFCAXIS2PLACEMENT3D(#17283,#17284,#17285);
#17287=IFCDIRECTION((0.,0.,1.));
#17288=IFCEXTRUDEDAREASOLID(#17282,#17286,#17287,-120.);
#17289=IFCSHAPEREPRESENTATION(#11,'Body','SweptSolid',(#17288));
#17290=IFCPRODUCTDEFINITIONSHAPE($,$,(#17289));
#17296=IFCCARTESIANPOINT((0.,0.,21000.));
#17297=IFCDIRECTION((0.,0.,1.));
#17298=IFCDIRECTION((1.,0.,0.));
#17299=IFCAXIS2PLACEMENT3D(#17296,#17297,#17298);
#17300=IFCLOCALPLACEMENT($,#17299);
#17301=IFCPROPERTYSET('3JiCKFHIT6nAKKliapvHqU',$,'Other',$,(#17303,#17304));
#17302=IFCRELDEFINESBYPROPERTIES('0zZAEqL2L4FRV8wd53nSD1',$,$,$,(#17279),#17301);
#17303=IFCPROPERTYSINGLEVALUE('Ax',$,IFCLABEL('0.001'),$);
#17304=IFCPROPERTYSINGLEVALUE('Ay',$,IFCLABEL('0.001'),$);
#17305=IFCSLAB('29eXMjinj85wUowEocDsER',$,$,$,$,#17326,#17316,$,$);
#17306=IFCCARTESIANPOINTLIST2D(((18000.,6000.),(21000.,6000.),(21000.,12000.),(18000.,12000.)));
#17307=IFCINDEXEDPOLYCURVE(#17306,(IFCLINEINDEX((1,2,3,4,1))),$);
#17308=IFCARBITRARYCLOSEDPROFILEDEF(.AREA.,'Arbitrary',#17307);
#17309=IFCCARTESIANPOINT((0.,0.,0.));
#17310=IFCDIRECTION((0.,0.,1.));
#17311=IFCDIRECTION((1.,0.,0.));
#17312=IFCAXIS2PLACEMENT3D(#17309,#17310,#17311);
#17313=IFCDIRECTION((0.,0.,1.));
#17314=IFCEXTRUDEDAREASOLID(#17308,#17312,#17313,-120.);
#17315=IFCSHAPEREPRESENTATION(#11,'Body','SweptSolid',(#17314));
#17316=IFCPRODUCTDEFINITIONSHAPE($,$,(#17315));
#17322=IFCCARTESIANPOINT((0.,0.,21000.));
#17323=IFCDIRECTION((0.,0.,1.));
#17324=IFCDIRECTION((1.,0.,0.));
#17325=IFCAXIS2PLACEMENT3D(#17322,#17323,#17324);
#17326=IFCLOCALPLACEMENT($,#17325);
#17327=IFCPROPERTYSET('1oPhflDPj5hADWNnDHl3q_',$,'Other',$,(#17329,#17330));
#17328=IFCRELDEFINESBYPROPERTIES('3HV_IAVEj2Wvt_w0m3_G60',$,$,$,(#17305),#17327);
#17329=IFCPROPERTYSINGLEVALUE('Ax',$,IFCLABEL('0.001'),$);
#17330=IFCPROPERTYSINGLEVALUE('Ay',$,IFCLABEL('0.001'),$);
#17331=IFCSLAB('31xh1m$8TCWBKVHRzSt4i2',$,$,$,$,#17352,#17342,$,$);
#17332=IFCCARTESIANPOINTLIST2D(((21000.,6000.),(24000.,6000.),(24000.,12000.),(21000.,12000.)));
#17333=IFCINDEXEDPOLYCURVE(#17332,(IFCLINEINDEX((1,2,3,4,1))),$);
#17334=IFCARBITRARYCLOSEDPROFILEDEF(.AREA.,'Arbitrary',#17333);
#17335=IFCCARTESIANPOINT((0.,0.,0.));
#17336=IFCDIRECTION((0.,0.,1.));
#17337=IFCDIRECTION((1.,0.,0.));
#17338=IFCAXIS2PLACEMENT3D(#17335,#17336,#17337);
#17339=IFCDIRECTION((0.,0.,1.));
#17340=IFCEXTRUDEDAREASOLID(#17334,#17338,#17339,-120.);
#17341=IFCSHAPEREPRESENTATION(#11,'Body','SweptSolid',(#17340));
#17342=IFCPRODUCTDEFINITIONSHAPE($,$,(#17341));
#17348=IFCCARTESIANPOINT((0.,0.,21000.));
#17349=IFCDIRECTION((0.,0.,1.));
#17350=IFCDIRECTION((1.,0.,0.));
#17351=IFCAXIS2PLACEMENT3D(#17348,#17349,#17350);
#17352=IFCLOCALPLACEMENT($,#17351);
#17353=IFCPROPERTYSET('0uOQ2e0kj8je2oCd1DK$HT',$,'Other',$,(#17355,#17356));
#17354=IFCRELDEFINESBYPROPERTIES('205jGhcZf98OsOiUkzq5yP',$,$,$,(#17331),#17353);
#17355=IFCPROPERTYSINGLEVALUE('Ax',$,IFCLABEL('0.001'),$);
#17356=IFCPROPERTYSINGLEVALUE('Ay',$,IFCLABEL('0.001'),$);
#17357=IFCSLAB('0Ayvxf6a9D$g4qZ3fhfw$m',$,$,$,$,#17378,#17368,$,$);
#17358=IFCCARTESIANPOINTLIST2D(((6000.,0.),(9000.,0.),(9000.,6000.),(6000.,6000.)));
#17359=IFCINDEXEDPOLYCURVE(#17358,(IFCLINEINDEX((1,2,3,4,1))),$);
#17360=IFCARBITRARYCLOSEDPROFILEDEF(.AREA.,'Arbitrary',#17359);
#17361=IFCCARTESIANPOINT((0.,0.,0.));
#17362=IFCDIRECTION((0.,0.,1.));
#17363=IFCDIRECTION((1.,0.,0.));
#17364=IFCAXIS2PLACEMENT3D(#17361,#17362,#17363);
#17365=IFCDIRECTION((0.,0.,1.));
#17366=IFCEXTRUDEDAREASOLID(#17360,#17364,#17365,-120.);
#17367=IFCSHAPEREPRESENTATION(#11,'Body','SweptSolid',(#17366));
#17368=IFCPRODUCTDEFINITIONSHAPE($,$,(#17367));
#17374=IFCCARTESIANPOINT((0.,0.,21000.));
#17375=IFCDIRECTION((0.,0.,1.));
#17376=IFCDIRECTION((1.,0.,0.));
#17377=IFCAXIS2PLACEMENT3D(#17374,#17375,#17376);
#17378=IFCLOCALPLACEMENT($,#17377);
#17379=IFCPROPERTYSET('1VyerWRFf4EOzvcDyFqQKe',$,'Other',$,(#17381,#17382));
#17380=IFCRELDEFINESBYPROPERTIES('3dJH9SIJj2JR7cCBee8acw',$,$,$,(#17357),#17379);
#17381=IFCPROPERTYSINGLEVALUE('Ax',$,IFCLABEL('0.001'),$);
#17382=IFCPROPERTYSINGLEVALUE('Ay',$,IFCLABEL('0.001'),$);
#17383=IFCSLAB('2eHKaYRVv4XQwfeDo0eroK',$,$,$,$,#17404,#17394,$,$);
#17384=IFCCARTESIANPOINTLIST2D(((9000.,0.),(12000.,0.),(12000.,6000.),(9000.,6000.)));
#17385=IFCINDEXEDPOLYCURVE(#17384,(IFCLINEINDEX((1,2,3,4,1))),$);
#17386=IFCARBITRARYCLOSEDPROFILEDEF(.AREA.,'Arbitrary',#17385);
#17387=IFCCARTESIANPOINT((0.,0.,0.));
#17388=IFCDIRECTION((0.,0.,1.));
#17389=IFCDIRECTION((1.,0.,0.));
#17390=IFCAXIS2PLACEMENT3D(#17387,#17388,#17389);
#17391=IFCDIRECTION((0.,0.,1.));
#17392=IFCEXTRUDEDAREASOLID(#17386,#17390,#17391,-120.);
#17393=IFCSHAPEREPRESENTATION(#11,'Body','SweptSolid',(#17392));
#17394=IFCPRODUCTDEFINITIONSHAPE($,$,(#17393));
#17400=IFCCARTESIANPOINT((0.,0.,21000.));
#17401=IFCDIRECTION((0.,0.,1.));
#17402=IFCDIRECTION((1.,0.,0.));
#17403=IFCAXIS2PLACEMENT3D(#17400,#17401,#17402);
#17404=IFCLOCALPLACEMENT($,#17403);
#17405=IFCPROPERTYSET('3$uNtalCbCWALiaV9LJnX6',$,'Other',$,(#17407,#17408));
#17406=IFCRELDEFINESBYPROPERTIES('1S9hhngMPDIQCaDBQ5gdCs',$,$,$,(#17383),#17405);
#17407=IFCPROPERTYSINGLEVALUE('Ax',$,IFCLABEL('0.001'),$);
#17408=IFCPROPERTYSINGLEVALUE('Ay',$,IFCLABEL('0.001'),$);
#17409=IFCSLAB('2tyfUZjWf54xqU$qH_kbnT',$,$,$,$,#17430,#17420,$,$);
#17410=IFCCARTESIANPOINTLIST2D(((12000.,0.),(15000.,0.),(15000.,6000.),(12000.,6000.)));
#17411=IFCINDEXEDPOLYCURVE(#17410,(IFCLINEINDEX((1,2,3,4,1))),$);
#17412=IFCARBITRARYCLOSEDPROFILEDEF(.AREA.,'Arbitrary',#17411);
#17413=IFCCARTESIANPOINT((0.,0.,0.));
#17414=IFCDIRECTION((0.,0.,1.));
#17415=IFCDIRECTION((1.,0.,0.));
#17416=IFCAXIS2PLACEMENT3D(#17413,#17414,#17415);
#17417=IFCDIRECTION((0.,0.,1.));
#17418=IFCEXTRUDEDAREASOLID(#17412,#17416,#17417,-120.);
#17419=IFCSHAPEREPRESENTATION(#11,'Body','SweptSolid',(#17418));
#17420=IFCPRODUCTDEFINITIONSHAPE($,$,(#17419));
#17426=IFCCARTESIANPOINT((0.,0.,21000.));
#17427=IFCDIRECTION((0.,0.,1.));
#17428=IFCDIRECTION((1.,0.,0.));
#17429=IFCAXIS2PLACEMENT3D(#17426,#17427,#17428);
#17430=IFCLOCALPLACEMENT($,#17429);
#17431=IFCPROPERTYSET('1Kau2TnrD6ZAJu8aGHXmmn',$,'Other',$,(#17433,#17434));
#17432=IFCRELDEFINESBYPROPERTIES('1KcozXdQj2cx68sjuaP_D$',$,$,$,(#17409),#17431);
#17433=IFCPROPERTYSINGLEVALUE('Ax',$,IFCLABEL('0.001'),$);
#17434=IFCPROPERTYSINGLEVALUE('Ay',$,IFCLABEL('0.001'),$);
#17435=IFCSLAB('0OTBcP$sf11fBoBVjSQ0Wx',$,$,$,$,#17456,#17446,$,$);
#17436=IFCCARTESIANPOINTLIST2D(((15000.,0.),(18000.,0.),(18000.,6000.),(15000.,6000.)));
#17437=IFCINDEXEDPOLYCURVE(#17436,(IFCLINEINDEX((1,2,3,4,1))),$);
#17438=IFCARBITRARYCLOSEDPROFILEDEF(.AREA.,'Arbitrary',#17437);
#17439=IFCCARTESIANPOINT((0.,0.,0.));
#17440=IFCDIRECTION((0.,0.,1.));
#17441=IFCDIRECTION((1.,0.,0.));
#17442=IFCAXIS2PLACEMENT3D(#17439,#17440,#17441);
#17443=IFCDIRECTION((0.,0.,1.));
#17444=IFCEXTRUDEDAREASOLID(#17438,#17442,#17443,-120.);
#17445=IFCSHAPEREPRESENTATION(#11,'Body','SweptSolid',(#17444));
#17446=IFCPRODUCTDEFINITIONSHAPE($,$,(#17445));
#17452=IFCCARTESIANPOINT((0.,0.,21000.));
#17453=IFCDIRECTION((0.,0.,1.));
#17454=IFCDIRECTION((1.,0.,0.));
#17455=IFCAXIS2PLACEMENT3D(#17452,#17453,#17454);
#17456=IFCLOCALPLACEMENT($,#17455);
#17457=IFCPROPERTYSET('19q3HgBt1A5QcX5V9P0vEM',$,'Other',$,(#17459,#17460));
#17458=IFCRELDEFINESBYPROPERTIES('2oCuTRa9H4SeaJPK4$j4Ld',$,$,$,(#17435),#17457);
#17459=IFCPROPERTYSINGLEVALUE('Ax',$,IFCLABEL('0.001'),$);
#17460=IFCPROPERTYSINGLEVALUE('Ay',$,IFCLABEL('0.001'),$);
#17461=IFCSLAB('0$Gw59xkL3hRJicDPt3Tqg',$,$,$,$,#17482,#17472,$,$);
#17462=IFCCARTESIANPOINTLIST2D(((18000.,0.),(21000.,0.),(21000.,6000.),(18000.,6000.)));
#17463=IFCINDEXEDPOLYCURVE(#17462,(IFCLINEINDEX((1,2,3,4,1))),$);
#17464=IFCARBITRARYCLOSEDPROFILEDEF(.AREA.,'Arbitrary',#17463);
#17465=IFCCARTESIANPOINT((0.,0.,0.));
#17466=IFCDIRECTION((0.,0.,1.));
#17467=IFCDIRECTION((1.,0.,0.));
#17468=IFCAXIS2PLACEMENT3D(#17465,#17466,#17467);
#17469=IFCDIRECTION((0.,0.,1.));
#17470=IFCEXTRUDEDAREASOLID(#17464,#17468,#17469,-120.);
#17471=IFCSHAPEREPRESENTATION(#11,'Body','SweptSolid',(#17470));
#17472=IFCPRODUCTDEFINITIONSHAPE($,$,(#17471));
#17478=IFCCARTESIANPOINT((0.,0.,21000.));
#17479=IFCDIRECTION((0.,0.,1.));
#17480=IFCDIRECTION((1.,0.,0.));
#17481=IFCAXIS2PLACEMENT3D(#17478,#17479,#17480);
#17482=IFCLOCALPLACEMENT($,#17481);
#17483=IFCPROPERTYSET('14JcQwhmb9Q8D2tOcLO585',$,'Other',$,(#17485,#17486));
#17484=IFCRELDEFINESBYPROPERTIES('3Ndu$Zu595LOKuYe55IOQr',$,$,$,(#17461),#17483);
#17485=IFCPROPERTYSINGLEVALUE('Ax',$,IFCLABEL('0.001'),$);
#17486=IFCPROPERTYSINGLEVALUE('Ay',$,IFCLABEL('0.001'),$);
#17487=IFCSLAB('1aMs_t78T0rhtBou4xlFIe',$,$,$,$,#17508,#17498,$,$);
#17488=IFCCARTESIANPOINTLIST2D(((21000.,0.),(24000.,0.),(24000.,6000.),(21000.,6000.)));
#17489=IFCINDEXEDPOLYCURVE(#17488,(IFCLINEINDEX((1,2,3,4,1))),$);
#17490=IFCARBITRARYCLOSEDPROFILEDEF(.AREA.,'Arbitrary',#17489);
#17491=IFCCARTESIANPOINT((0.,0.,0.));
#17492=IFCDIRECTION((0.,0.,1.));
#17493=IFCDIRECTION((1.,0.,0.));
#17494=IFCAXIS2PLACEMENT3D(#17491,#17492,#17493);
#17495=IFCDIRECTION((0.,0.,1.));
#17496=IFCEXTRUDEDAREASOLID(#17490,#17494,#17495,-120.);
#17497=IFCSHAPEREPRESENTATION(#11,'Body','SweptSolid',(#17496));
#17498=IFCPRODUCTDEFINITIONSHAPE($,$,(#17497));
#17504=IFCCARTESIANPOINT((0.,0.,21000.));
#17505=IFCDIRECTION((0.,0.,1.));
#17506=IFCDIRECTION((1.,0.,0.));
#17507=IFCAXIS2PLACEMENT3D(#17504,#17505,#17506);
#17508=IFCLOCALPLACEMENT($,#17507);
#17509=IFCPROPERTYSET('2gsrbCUwX2bPdyHTO8a$Zg',$,'Other',$,(#17511,#17512));
#17510=IFCRELDEFINESBYPROPERTIES('0LMra2r$1FcPYXTJSsfura',$,$,$,(#17487),#17509);
#17511=IFCPROPERTYSINGLEVALUE('Ax',$,IFCLABEL('0.001'),$);
#17512=IFCPROPERTYSINGLEVALUE('Ay',$,IFCLABEL('0.001'),$);
#17513=IFCSLAB('0T2KM$A2bBwQoWxb6HUX34',$,$,$,$,#17534,#17524,$,$);
#17514=IFCCARTESIANPOINTLIST2D(((3000.,0.),(6000.,0.),(6000.,6000.),(3000.,6000.)));
#17515=IFCINDEXEDPOLYCURVE(#17514,(IFCLINEINDEX((1,2,3,4,1))),$);
#17516=IFCARBITRARYCLOSEDPROFILEDEF(.AREA.,'Arbitrary',#17515);
#17517=IFCCARTESIANPOINT((0.,0.,0.));
#17518=IFCDIRECTION((0.,0.,1.));
#17519=IFCDIRECTION((1.,0.,0.));
#17520=IFCAXIS2PLACEMENT3D(#17517,#17518,#17519);
#17521=IFCDIRECTION((0.,0.,1.));
#17522=IFCEXTRUDEDAREASOLID(#17516,#17520,#17521,-120.);
#17523=IFCSHAPEREPRESENTATION(#11,'Body','SweptSolid',(#17522));
#17524=IFCPRODUCTDEFINITIONSHAPE($,$,(#17523));
#17530=IFCCARTESIANPOINT((0.,0.,21000.));
#17531=IFCDIRECTION((0.,0.,1.));
#17532=IFCDIRECTION((1.,0.,0.));
#17533=IFCAXIS2PLACEMENT3D(#17530,#17531,#17532);
#17534=IFCLOCALPLACEMENT($,#17533);
#17535=IFCPROPERTYSET('3PHCogrObFgxEfVxwV98Zy',$,'Other',$,(#17537,#17538));
#17536=IFCRELDEFINESBYPROPERTIES('0MrUkFjKn26QhqQmGqUm7G',$,$,$,(#17513),#17535);
#17537=IFCPROPERTYSINGLEVALUE('Ax',$,IFCLABEL('0.001'),$);
#17538=IFCPROPERTYSINGLEVALUE('Ay',$,IFCLABEL('0.001'),$);
#17539=IFCSLAB('2BFeHarYn8LgRS$6g3NgO1',$,$,$,$,#17560,#17550,$,$);
#17540=IFCCARTESIANPOINTLIST2D(((24000.,6000.),(27000.,6000.),(27000.,12000.),(24000.,12000.)));
#17541=IFCINDEXEDPOLYCURVE(#17540,(IFCLINEINDEX((1,2,3,4,1))),$);
#17542=IFCARBITRARYCLOSEDPROFILEDEF(.AREA.,'Arbitrary',#17541);
#17543=IFCCARTESIANPOINT((0.,0.,0.));
#17544=IFCDIRECTION((0.,0.,1.));
#17545=IFCDIRECTION((1.,0.,0.));
#17546=IFCAXIS2PLACEMENT3D(#17543,#17544,#17545);
#17547=IFCDIRECTION((0.,0.,1.));
#17548=IFCEXTRUDEDAREASOLID(#17542,#17546,#17547,-120.);
#17549=IFCSHAPEREPRESENTATION(#11,'Body','SweptSolid',(#17548));
#17550=IFCPRODUCTDEFINITIONSHAPE($,$,(#17549));
#17556=IFCCARTESIANPOINT((0.,0.,21000.));
#17557=IFCDIRECTION((0.,0.,1.));
#17558=IFCDIRECTION((1.,0.,0.));
#17559=IFCAXIS2PLACEMENT3D(#17556,#17557,#17558);
#17560=IFCLOCALPLACEMENT($,#17559);
#17561=IFCPROPERTYSET('3X2C4vTt9Bd9EQYgLXnJoc',$,'Other',$,(#17563,#17564));
#17562=IFCRELDEFINESBYPROPERTIES('2BeZeBSt17pPFrV8GWvFvk',$,$,$,(#17539),#17561);
#17563=IFCPROPERTYSINGLEVALUE('Ax',$,IFCLABEL('0.001'),$);
#17564=IFCPROPERTYSINGLEVALUE('Ay',$,IFCLABEL('0.001'),$);
#17565=IFCSLAB('2BuVhhZG5DOBaTmqW5geQn',$,$,$,$,#17586,#17576,$,$);
#17566=IFCCARTESIANPOINTLIST2D(((0.,6000.),(3000.,6000.),(3000.,12000.),(0.,12000.)));
#17567=IFCINDEXEDPOLYCURVE(#17566,(IFCLINEINDEX((1,2,3,4,1))),$);
#17568=IFCARBITRARYCLOSEDPROFILEDEF(.AREA.,'Arbitrary',#17567);
#17569=IFCCARTESIANPOINT((0.,0.,0.));
#17570=IFCDIRECTION((0.,0.,1.));
#17571=IFCDIRECTION((1.,0.,0.));
#17572=IFCAXIS2PLACEMENT3D(#17569,#17570,#17571);
#17573=IFCDIRECTION((0.,0.,1.));
#17574=IFCEXTRUDEDAREASOLID(#17568,#17572,#17573,-120.);
#17575=IFCSHAPEREPRESENTATION(#11,'Body','SweptSolid',(#17574));
#17576=IFCPRODUCTDEFINITIONSHAPE($,$,(#17575));
#17582=IFCCARTESIANPOINT((0.,0.,18000.));
#17583=IFCDIRECTION((0.,0.,1.));
#17584=IFCDIRECTION((1.,0.,0.));
#17585=IFCAXIS2PLACEMENT3D(#17582,#17583,#17584);
#17586=IFCLOCALPLACEMENT($,#17585);
#17587=IFCPROPERTYSET('0AU8FjTrvFdhBT9N09NDUJ',$,'Other',$,(#17589,#17590));
#17588=IFCRELDEFINESBYPROPERTIES('2$pXF49qPAYvX4cUmUJpgn',$,$,$,(#17565),#17587);
#17589=IFCPROPERTYSINGLEVALUE('Ax',$,IFCLABEL('0.001'),$);
#17590=IFCPROPERTYSINGLEVALUE('Ay',$,IFCLABEL('0.001'),$);
#17591=IFCSLAB('3t7s5zHFjDWhWbtynAvkR2',$,$,$,$,#17612,#17602,$,$);
#17592=IFCCARTESIANPOINTLIST2D(((3000.,6000.),(6000.,6000.),(6000.,12000.),(3000.,12000.)));
#17593=IFCINDEXEDPOLYCURVE(#17592,(IFCLINEINDEX((1,2,3,4,1))),$);
#17594=IFCARBITRARYCLOSEDPROFILEDEF(.AREA.,'Arbitrary',#17593);
#17595=IFCCARTESIANPOINT((0.,0.,0.));
#17596=IFCDIRECTION((0.,0.,1.));
#17597=IFCDIRECTION((1.,0.,0.));
#17598=IFCAXIS2PLACEMENT3D(#17595,#17596,#17597);
#17599=IFCDIRECTION((0.,0.,1.));
#17600=IFCEXTRUDEDAREASOLID(#17594,#17598,#17599,-120.);
#17601=IFCSHAPEREPRESENTATION(#11,'Body','SweptSolid',(#17600));
#17602=IFCPRODUCTDEFINITIONSHAPE($,$,(#17601));
#17608=IFCCARTESIANPOINT((0.,0.,18000.));
#17609=IFCDIRECTION((0.,0.,1.));
#17610=IFCDIRECTION((1.,0.,0.));
#17611=IFCAXIS2PLACEMENT3D(#17608,#17609,#17610);
#17612=IFCLOCALPLACEMENT($,#17611);
#17613=IFCPROPERTYSET('1ajUw8AQz39gmql_o_4Da9',$,'Other',$,(#17615,#17616));
#17614=IFCRELDEFINESBYPROPERTIES('0RN6TZ7Kf97f4X0lCjC9F_',$,$,$,(#17591),#17613);
#17615=IFCPROPERTYSINGLEVALUE('Ax',$,IFCLABEL('0.001'),$);
#17616=IFCPROPERTYSINGLEVALUE('Ay',$,IFCLABEL('0.001'),$);
#17617=IFCSLAB('3CiC9LsJb5L8huWDy3axdH',$,$,$,$,#17638,#17628,$,$);
#17618=IFCCARTESIANPOINTLIST2D(((0.,12000.),(3000.,12000.),(3000.,18000.),(0.,18000.)));
#17619=IFCINDEXEDPOLYCURVE(#17618,(IFCLINEINDEX((1,2,3,4,1))),$);
#17620=IFCARBITRARYCLOSEDPROFILEDEF(.AREA.,'Arbitrary',#17619);
#17621=IFCCARTESIANPOINT((0.,0.,0.));
#17622=IFCDIRECTION((0.,0.,1.));
#17623=IFCDIRECTION((1.,0.,0.));
#17624=IFCAXIS2PLACEMENT3D(#17621,#17622,#17623);
#17625=IFCDIRECTION((0.,0.,1.));
#17626=IFCEXTRUDEDAREASOLID(#17620,#17624,#17625,-120.);
#17627=IFCSHAPEREPRESENTATION(#11,'Body','SweptSolid',(#17626));
#17628=IFCPRODUCTDEFINITIONSHAPE($,$,(#17627));
#17634=IFCCARTESIANPOINT((0.,0.,18000.));
#17635=IFCDIRECTION((0.,0.,1.));
#17636=IFCDIRECTION((1.,0.,0.));
#17637=IFCAXIS2PLACEMENT3D(#17634,#17635,#17636);
#17638=IFCLOCALPLACEMENT($,#17637);
#17639=IFCPROPERTYSET('3l2vH93cDEXART0Sdb9N2O',$,'Other',$,(#17641,#17642));
#17640=IFCRELDEFINESBYPROPERTIES('0rceOhroLD2uH3VsQj2mfb',$,$,$,(#17617),#17639);
#17641=IFCPROPERTYSINGLEVALUE('Ax',$,IFCLABEL('0.001'),$);
#17642=IFCPROPERTYSINGLEVALUE('Ay',$,IFCLABEL('0.001'),$);
#17643=IFCSLAB('3LaL88gUj6kOj0bi4IuCFS',$,$,$,$,#17664,#17654,$,$);
#17644=IFCCARTESIANPOINTLIST2D(((3000.,12000.),(6000.,12000.),(6000.,18000.),(3000.,18000.)));
#17645=IFCINDEXEDPOLYCURVE(#17644,(IFCLINEINDEX((1,2,3,4,1))),$);
#17646=IFCARBITRARYCLOSEDPROFILEDEF(.AREA.,'Arbitrary',#17645);
#17647=IFCCARTESIANPOINT((0.,0.,0.));
#17648=IFCDIRECTION((0.,0.,1.));
#17649=IFCDIRECTION((1.,0.,0.));
#17650=IFCAXIS2PLACEMENT3D(#17647,#17648,#17649);
#17651=IFCDIRECTION((0.,0.,1.));
#17652=IFCEXTRUDEDAREASOLID(#17646,#17650,#17651,-120.);
#17653=IFCSHAPEREPRESENTATION(#11,'Body','SweptSolid',(#17652));
#17654=IFCPRODUCTDEFINITIONSHAPE($,$,(#17653));
#17660=IFCCARTESIANPOINT((0.,0.,18000.));
#17661=IFCDIRECTION((0.,0.,1.));
#17662=IFCDIRECTION((1.,0.,0.));
#17663=IFCAXIS2PLACEMENT3D(#17660,#17661,#17662);
#17664=IFCLOCALPLACEMENT($,#17663);
#17665=IFCPROPERTYSET('3KJRBPu$9AohTRQdNiV8Cu',$,'Other',$,(#17667,#17668));
#17666=IFCRELDEFINESBYPROPERTIES('0qyp8T8Hb5GvpAZlcEmd8F',$,$,$,(#17643),#17665);
#17667=IFCPROPERTYSINGLEVALUE('Ax',$,IFCLABEL('0.001'),$);
#17668=IFCPROPERTYSINGLEVALUE('Ay',$,IFCLABEL('0.001'),$);
#17669=IFCSLAB('12K5iqZO932u75ZPfH0nRV',$,$,$,$,#17690,#17680,$,$);
#17670=IFCCARTESIANPOINTLIST2D(((6000.,12000.),(9000.,12000.),(9000.,18000.),(6000.,18000.)));
#17671=IFCINDEXEDPOLYCURVE(#17670,(IFCLINEINDEX((1,2,3,4,1))),$);
#17672=IFCARBITRARYCLOSEDPROFILEDEF(.AREA.,'Arbitrary',#17671);
#17673=IFCCARTESIANPOINT((0.,0.,0.));
#17674=IFCDIRECTION((0.,0.,1.));
#17675=IFCDIRECTION((1.,0.,0.));
#17676=IFCAXIS2PLACEMENT3D(#17673,#17674,#17675);
#17677=IFCDIRECTION((0.,0.,1.));
#17678=IFCEXTRUDEDAREASOLID(#17672,#17676,#17677,-120.);
#17679=IFCSHAPEREPRESENTATION(#11,'Body','SweptSolid',(#17678));
#17680=IFCPRODUCTDEFINITIONSHAPE($,$,(#17679));
#17686=IFCCARTESIANPOINT((0.,0.,18000.));
#17687=IFCDIRECTION((0.,0.,1.));
#17688=IFCDIRECTION((1.,0.,0.));
#17689=IFCAXIS2PLACEMENT3D(#17686,#17687,#17688);
#17690=IFCLOCALPLACEMENT($,#17689);
#17691=IFCPROPERTYSET('0dFgpt0Wf5LuarFGOqzmEb',$,'Other',$,(#17693,#17694));
#17692=IFCRELDEFINESBYPROPERTIES('16t$JC$J1AAhis6s$QIprj',$,$,$,(#17669),#17691);
#17693=IFCPROPERTYSINGLEVALUE('Ax',$,IFCLABEL('0.001'),$);
#17694=IFCPROPERTYSINGLEVALUE('Ay',$,IFCLABEL('0.001'),$);
#17695=IFCSLAB('0_c5z1ubr9Z9JHt5rAC9lr',$,$,$,$,#17716,#17706,$,$);
#17696=IFCCARTESIANPOINTLIST2D(((9000.,12000.),(12000.,12000.),(12000.,18000.),(9000.,18000.)));
#17697=IFCINDEXEDPOLYCURVE(#17696,(IFCLINEINDEX((1,2,3,4,1))),$);
#17698=IFCARBITRARYCLOSEDPROFILEDEF(.AREA.,'Arbitrary',#17697);
#17699=IFCCARTESIANPOINT((0.,0.,0.));
#17700=IFCDIRECTION((0.,0.,1.));
#17701=IFCDIRECTION((1.,0.,0.));
#17702=IFCAXIS2PLACEMENT3D(#17699,#17700,#17701);
#17703=IFCDIRECTION((0.,0.,1.));
#17704=IFCEXTRUDEDAREASOLID(#17698,#17702,#17703,-120.);
#17705=IFCSHAPEREPRESENTATION(#11,'Body','SweptSolid',(#17704));
#17706=IFCPRODUCTDEFINITIONSHAPE($,$,(#17705));
#17712=IFCCARTESIANPOINT((0.,0.,18000.));
#17713=IFCDIRECTION((0.,0.,1.));
#17714=IFCDIRECTION((1.,0.,0.));
#17715=IFCAXIS2PLACEMENT3D(#17712,#17713,#17714);
#17716=IFCLOCALPLACEMENT($,#17715);
#17717=IFCPROPERTYSET('3gNvXtY8vAa8BY9NX$gF1G',$,'Other',$,(#17719,#17720));
#17718=IFCRELDEFINESBYPROPERTIES('2BQzUyiuX3p8o6WeGAr3D3',$,$,$,(#17695),#17717);
#17719=IFCPROPERTYSINGLEVALUE('Ax',$,IFCLABEL('0.001'),$);
#17720=IFCPROPERTYSINGLEVALUE('Ay',$,IFCLABEL('0.001'),$);
#17721=IFCSLAB('2JizSsNkP2evUQxhsgKVAo',$,$,$,$,#17742,#17732,$,$);
#17722=IFCCARTESIANPOINTLIST2D(((12000.,12000.),(15000.,12000.),(15000.,18000.),(12000.,18000.)));
#17723=IFCINDEXEDPOLYCURVE(#17722,(IFCLINEINDEX((1,2,3,4,1))),$);
#17724=IFCARBITRARYCLOSEDPROFILEDEF(.AREA.,'Arbitrary',#17723);
#17725=IFCCARTESIANPOINT((0.,0.,0.));
#17726=IFCDIRECTION((0.,0.,1.));
#17727=IFCDIRECTION((1.,0.,0.));
#17728=IFCAXIS2PLACEMENT3D(#17725,#17726,#17727);
#17729=IFCDIRECTION((0.,0.,1.));
#17730=IFCEXTRUDEDAREASOLID(#17724,#17728,#17729,-120.);
#17731=IFCSHAPEREPRESENTATION(#11,'Body','SweptSolid',(#17730));
#17732=IFCPRODUCTDEFINITIONSHAPE($,$,(#17731));
#17738=IFCCARTESIANPOINT((0.,0.,18000.));
#17739=IFCDIRECTION((0.,0.,1.));
#17740=IFCDIRECTION((1.,0.,0.));
#17741=IFCAXIS2PLACEMENT3D(#17738,#17739,#17740);
#17742=IFCLOCALPLACEMENT($,#17741);
#17743=IFCPROPERTYSET('3cJQjQ_Rj1Mf6EDQwMYFfK',$,'Other',$,(#17745,#17746));
#17744=IFCRELDEFINESBYPROPERTIES('0I4ngPBur3E9E9gA7efQFs',$,$,$,(#17721),#17743);
#17745=IFCPROPERTYSINGLEVALUE('Ax',$,IFCLABEL('0.001'),$);
#17746=IFCPROPERTYSINGLEVALUE('Ay',$,IFCLABEL('0.001'),$);
#17747=IFCSLAB('2wdxLKaaDA3w8yJGdBkKKE',$,$,$,$,#17768,#17758,$,$);
#17748=IFCCARTESIANPOINTLIST2D(((15000.,12000.),(18000.,12000.),(18000.,18000.),(15000.,18000.)));
#17749=IFCINDEXEDPOLYCURVE(#17748,(IFCLINEINDEX((1,2,3,4,1))),$);
#17750=IFCARBITRARYCLOSEDPROFILEDEF(.AREA.,'Arbitrary',#17749);
#17751=IFCCARTESIANPOINT((0.,0.,0.));
#17752=IFCDIRECTION((0.,0.,1.));
#17753=IFCDIRECTION((1.,0.,0.));
#17754=IFCAXIS2PLACEMENT3D(#17751,#17752,#17753);
#17755=IFCDIRECTION((0.,0.,1.));
#17756=IFCEXTRUDEDAREASOLID(#17750,#17754,#17755,-120.);
#17757=IFCSHAPEREPRESENTATION(#11,'Body','SweptSolid',(#17756));
#17758=IFCPRODUCTDEFINITIONSHAPE($,$,(#17757));
#17764=IFCCARTESIANPOINT((0.,0.,18000.));
#17765=IFCDIRECTION((0.,0.,1.));
#17766=IFCDIRECTION((1.,0.,0.));
#17767=IFCAXIS2PLACEMENT3D(#17764,#17765,#17766);
#17768=IFCLOCALPLACEMENT($,#17767);
#17769=IFCPROPERTYSET('1Ftuo6h99FTgaOn1nguNtj',$,'Other',$,(#17771,#17772));
#17770=IFCRELDEFINESBYPROPERTIES('28cYpqBiX4iQyvW_pkbz1V',$,$,$,(#17747),#17769);
#17771=IFCPROPERTYSINGLEVALUE('Ax',$,IFCLABEL('0.001'),$);
#17772=IFCPROPERTYSINGLEVALUE('Ay',$,IFCLABEL('0.001'),$);
#17773=IFCSLAB('33nrMv25n7qw54wcgI4V_j',$,$,$,$,#17794,#17784,$,$);
#17774=IFCCARTESIANPOINTLIST2D(((18000.,12000.),(21000.,12000.),(21000.,18000.),(18000.,18000.)));
#17775=IFCINDEXEDPOLYCURVE(#17774,(IFCLINEINDEX((1,2,3,4,1))),$);
#17776=IFCARBITRARYCLOSEDPROFILEDEF(.AREA.,'Arbitrary',#17775);
#17777=IFCCARTESIANPOINT((0.,0.,0.));
#17778=IFCDIRECTION((0.,0.,1.));
#17779=IFCDIRECTION((1.,0.,0.));
#17780=IFCAXIS2PLACEMENT3D(#17777,#17778,#17779);
#17781=IFCDIRECTION((0.,0.,1.));
#17782=IFCEXTRUDEDAREASOLID(#17776,#17780,#17781,-120.);
#17783=IFCSHAPEREPRESENTATION(#11,'Body','SweptSolid',(#17782));
#17784=IFCPRODUCTDEFINITIONSHAPE($,$,(#17783));
#17790=IFCCARTESIANPOINT((0.,0.,18000.));
#17791=IFCDIRECTION((0.,0.,1.));
#17792=IFCDIRECTION((1.,0.,0.));
#17793=IFCAXIS2PLACEMENT3D(#17790,#17791,#17792);
#17794=IFCLOCALPLACEMENT($,#17793);
#17795=IFCPROPERTYSET('06MsiC_251yQFcmMNjfG$6',$,'Other',$,(#17797,#17798));
#17796=IFCRELDEFINESBYPROPERTIES('0ZMlp9A4nBEeHJL5GnA6Ql',$,$,$,(#17773),#17795);
#17797=IFCPROPERTYSINGLEVALUE('Ax',$,IFCLABEL('0.001'),$);
#17798=IFCPROPERTYSINGLEVALUE('Ay',$,IFCLABEL('0.001'),$);
#17799=IFCSLAB('1J8dXrj7j73BBPY81OoCD4',$,$,$,$,#17820,#17810,$,$);
#17800=IFCCARTESIANPOINTLIST2D(((21000.,12000.),(24000.,12000.),(24000.,18000.),(21000.,18000.)));
#17801=IFCINDEXEDPOLYCURVE(#17800,(IFCLINEINDEX((1,2,3,4,1))),$);
#17802=IFCARBITRARYCLOSEDPROFILEDEF(.AREA.,'Arbitrary',#17801);
#17803=IFCCARTESIANPOINT((0.,0.,0.));
#17804=IFCDIRECTION((0.,0.,1.));
#17805=IFCDIRECTION((1.,0.,0.));
#17806=IFCAXIS2PLACEMENT3D(#17803,#17804,#17805);
#17807=IFCDIRECTION((0.,0.,1.));
#17808=IFCEXTRUDEDAREASOLID(#17802,#17806,#17807,-120.);
#17809=IFCSHAPEREPRESENTATION(#11,'Body','SweptSolid',(#17808));
#17810=IFCPRODUCTDEFINITIONSHAPE($,$,(#17809));
#17816=IFCCARTESIANPOINT((0.,0.,18000.));
#17817=IFCDIRECTION((0.,0.,1.));
#17818=IFCDIRECTION((1.,0.,0.));
#17819=IFCAXIS2PLACEMENT3D(#17816,#17817,#17818);
#17820=IFCLOCALPLACEMENT($,#17819);
#17821=IFCPROPERTYSET('2yul0rJxD1m99w7ZLTi8_O',$,'Other',$,(#17823,#17824));
#17822=IFCRELDEFINESBYPROPERTIES('2XeDkjVX5ApPaw3jH462af',$,$,$,(#17799),#17821);
#17823=IFCPROPERTYSINGLEVALUE('Ax',$,IFCLABEL('0.001'),$);
#17824=IFCPROPERTYSINGLEVALUE('Ay',$,IFCLABEL('0.001'),$);
#17825=IFCSLAB('0DNnKYnoT1NRmRKSX7cA$0',$,$,$,$,#17846,#17836,$,$);
#17826=IFCCARTESIANPOINTLIST2D(((24000.,12000.),(27000.,12000.),(27000.,18000.),(24000.,18000.)));
#17827=IFCINDEXEDPOLYCURVE(#17826,(IFCLINEINDEX((1,2,3,4,1))),$);
#17828=IFCARBITRARYCLOSEDPROFILEDEF(.AREA.,'Arbitrary',#17827);
#17829=IFCCARTESIANPOINT((0.,0.,0.));
#17830=IFCDIRECTION((0.,0.,1.));
#17831=IFCDIRECTION((1.,0.,0.));
#17832=IFCAXIS2PLACEMENT3D(#17829,#17830,#17831);
#17833=IFCDIRECTION((0.,0.,1.));
#17834=IFCEXTRUDEDAREASOLID(#17828,#17832,#17833,-120.);
#17835=IFCSHAPEREPRESENTATION(#11,'Body','SweptSolid',(#17834));
#17836=IFCPRODUCTDEFINITIONSHAPE($,$,(#17835));
#17842=IFCCARTESIANPOINT((0.,0.,18000.));
#17843=IFCDIRECTION((0.,0.,1.));
#17844=IFCDIRECTION((1.,0.,0.));
#17845=IFCAXIS2PLACEMENT3D(#17842,#17843,#17844);
#17846=IFCLOCALPLACEMENT($,#17845);
#17847=IFCPROPERTYSET('0BoPWcgGr6FOh8hyLAxoTx',$,'Other',$,(#17849,#17850));
#17848=IFCRELDEFINESBYPROPERTIES('0ECsXcZTfBSQ2iWGFR1$PW',$,$,$,(#17825),#17847);
#17849=IFCPROPERTYSINGLEVALUE('Ax',$,IFCLABEL('0.001'),$);
#17850=IFCPROPERTYSINGLEVALUE('Ay',$,IFCLABEL('0.001'),$);
#17851=IFCSLAB('3vHvDu2rT5KwiIeAqM_68P',$,$,$,$,#17872,#17862,$,$);
#17852=IFCCARTESIANPOINTLIST2D(((27000.,12000.),(30000.,12000.),(30000.,18000.),(27000.,18000.)));
#17853=IFCINDEXEDPOLYCURVE(#17852,(IFCLINEINDEX((1,2,3,4,1))),$);
#17854=IFCARBITRARYCLOSEDPROFILEDEF(.AREA.,'Arbitrary',#17853);
#17855=IFCCARTESIANPOINT((0.,0.,0.));
#17856=IFCDIRECTION((0.,0.,1.));
#17857=IFCDIRECTION((1.,0.,0.));
#17858=IFCAXIS2PLACEMENT3D(#17855,#17856,#17857);
#17859=IFCDIRECTION((0.,0.,1.));
#17860=IFCEXTRUDEDAREASOLID(#17854,#17858,#17859,-120.);
#17861=IFCSHAPEREPRESENTATION(#11,'Body','SweptSolid',(#17860));
#17862=IFCPRODUCTDEFINITIONSHAPE($,$,(#17861));
#17868=IFCCARTESIANPOINT((0.,0.,18000.));
#17869=IFCDIRECTION((0.,0.,1.));
#17870=IFCDIRECTION((1.,0.,0.));
#17871=IFCAXIS2PLACEMENT3D(#17868,#17869,#17870);
#17872=IFCLOCALPLACEMENT($,#17871);
#17873=IFCPROPERTYSET('1obQhOyBLFA8csLPFp5dlX',$,'Other',$,(#17875,#17876));
#17874=IFCRELDEFINESBYPROPERTIES('18H_mGSNT0buHzqqbiJtdE',$,$,$,(#17851),#17873);
#17875=IFCPROPERTYSINGLEVALUE('Ax',$,IFCLABEL('0.001'),$);
#17876=IFCPROPERTYSINGLEVALUE('Ay',$,IFCLABEL('0.001'),$);
#17877=IFCSLAB('0L75rTwLr9YPGOfZOZYC9Y',$,$,$,$,#17898,#17888,$,$);
#17878=IFCCARTESIANPOINTLIST2D(((6000.,6000.),(9000.,6000.),(9000.,12000.),(6000.,12000.)));
#17879=IFCINDEXEDPOLYCURVE(#17878,(IFCLINEINDEX((1,2,3,4,1))),$);
#17880=IFCARBITRARYCLOSEDPROFILEDEF(.AREA.,'Arbitrary',#17879);
#17881=IFCCARTESIANPOINT((0.,0.,0.));
#17882=IFCDIRECTION((0.,0.,1.));
#17883=IFCDIRECTION((1.,0.,0.));
#17884=IFCAXIS2PLACEMENT3D(#17881,#17882,#17883);
#17885=IFCDIRECTION((0.,0.,1.));
#17886=IFCEXTRUDEDAREASOLID(#17880,#17884,#17885,-120.);
#17887=IFCSHAPEREPRESENTATION(#11,'Body','SweptSolid',(#17886));
#17888=IFCPRODUCTDEFINITIONSHAPE($,$,(#17887));
#17894=IFCCARTESIANPOINT((0.,0.,18000.));
#17895=IFCDIRECTION((0.,0.,1.));
#17896=IFCDIRECTION((1.,0.,0.));
#17897=IFCAXIS2PLACEMENT3D(#17894,#17895,#17896);
#17898=IFCLOCALPLACEMENT($,#17897);
#17899=IFCPROPERTYSET('1A2IaaigL7CA5c$oNvu7NN',$,'Other',$,(#17901,#17902));
#17900=IFCRELDEFINESBYPROPERTIES('3ALuAnVYHANfIOEwFupxhC',$,$,$,(#17877),#17899);
#17901=IFCPROPERTYSINGLEVALUE('Ax',$,IFCLABEL('0.001'),$);
#17902=IFCPROPERTYSINGLEVALUE('Ay',$,IFCLABEL('0.001'),$);
#17903=IFCSLAB('1pTX9vw2P5aP28$6Dokx6L',$,$,$,$,#17924,#17914,$,$);
#17904=IFCCARTESIANPOINTLIST2D(((9000.,6000.),(12000.,6000.),(12000.,12000.),(9000.,12000.)));
#17905=IFCINDEXEDPOLYCURVE(#17904,(IFCLINEINDEX((1,2,3,4,1))),$);
#17906=IFCARBITRARYCLOSEDPROFILEDEF(.AREA.,'Arbitrary',#17905);
#17907=IFCCARTESIANPOINT((0.,0.,0.));
#17908=IFCDIRECTION((0.,0.,1.));
#17909=IFCDIRECTION((1.,0.,0.));
#17910=IFCAXIS2PLACEMENT3D(#17907,#17908,#17909);
#17911=IFCDIRECTION((0.,0.,1.));
#17912=IFCEXTRUDEDAREASOLID(#17906,#17910,#17911,-120.);
#17913=IFCSHAPEREPRESENTATION(#11,'Body','SweptSolid',(#17912));
#17914=IFCPRODUCTDEFINITIONSHAPE($,$,(#17913));
#17920=IFCCARTESIANPOINT((0.,0.,18000.));
#17921=IFCDIRECTION((0.,0.,1.));
#17922=IFCDIRECTION((1.,0.,0.));
#17923=IFCAXIS2PLACEMENT3D(#17920,#17921,#17922);
#17924=IFCLOCALPLACEMENT($,#17923);
#17925=IFCPROPERTYSET('02bY_qNeDC1wPyxhwDikg3',$,'Other',$,(#17927,#17928));
#17926=IFCRELDEFINESBYPROPERTIES('2yMWkzpsL3KB5B1An5LA4o',$,$,$,(#17903),#17925);
#17927=IFCPROPERTYSINGLEVALUE('Ax',$,IFCLABEL('0.001'),$);
#17928=IFCPROPERTYSINGLEVALUE('Ay',$,IFCLABEL('0.001'),$);
#17929=IFCSLAB('3CQowcomf6pOW3bvsRsOTr',$,$,$,$,#17950,#17940,$,$);
#17930=IFCCARTESIANPOINTLIST2D(((12000.,6000.),(15000.,6000.),(15000.,12000.),(12000.,12000.)));
#17931=IFCINDEXEDPOLYCURVE(#17930,(IFCLINEINDEX((1,2,3,4,1))),$);
#17932=IFCARBITRARYCLOSEDPROFILEDEF(.AREA.,'Arbitrary',#17931);
#17933=IFCCARTESIANPOINT((0.,0.,0.));
#17934=IFCDIRECTION((0.,0.,1.));
#17935=IFCDIRECTION((1.,0.,0.));
#17936=IFCAXIS2PLACEMENT3D(#17933,#17934,#17935);
#17937=IFCDIRECTION((0.,0.,1.));
#17938=IFCEXTRUDEDAREASOLID(#17932,#17936,#17937,-120.);
#17939=IFCSHAPEREPRESENTATION(#11,'Body','SweptSolid',(#17938));
#17940=IFCPRODUCTDEFINITIONSHAPE($,$,(#17939));
#17946=IFCCARTESIANPOINT((0.,0.,18000.));
#17947=IFCDIRECTION((0.,0.,1.));
#17948=IFCDIRECTION((1.,0.,0.));
#17949=IFCAXIS2PLACEMENT3D(#17946,#17947,#17948);
#17950=IFCLOCALPLACEMENT($,#17949);
#17951=IFCPROPERTYSET('3IDtUzw5T4c9iSSC$i3a7$',$,'Other',$,(#17953,#17954));
#17952=IFCRELDEFINESBYPROPERTIES('20xZW07BvB9uY_arDxU5xb',$,$,$,(#17929),#17951);
#17953=IFCPROPERTYSINGLEVALUE('Ax',$,IFCLABEL('0.001'),$);
#17954=IFCPROPERTYSINGLEVALUE('Ay',$,IFCLABEL('0.001'),$);
#17955=IFCSLAB('2m$SIBWCrFSPH4okzpP4LX',$,$,$,$,#17976,#17966,$,$);
#17956=IFCCARTESIANPOINTLIST2D(((15000.,6000.),(18000.,6000.),(18000.,12000.),(15000.,12000.)));
#17957=IFCINDEXEDPOLYCURVE(#17956,(IFCLINEINDEX((1,2,3,4,1))),$);
#17958=IFCARBITRARYCLOSEDPROFILEDEF(.AREA.,'Arbitrary',#17957);
#17959=IFCCARTESIANPOINT((0.,0.,0.));
#17960=IFCDIRECTION((0.,0.,1.));
#17961=IFCDIRECTION((1.,0.,0.));
#17962=IFCAXIS2PLACEMENT3D(#17959,#17960,#17961);
#17963=IFCDIRECTION((0.,0.,1.));
#17964=IFCEXTRUDEDAREASOLID(#17958,#17962,#17963,-120.);
#17965=IFCSHAPEREPRESENTATION(#11,'Body','SweptSolid',(#17964));
#17966=IFCPRODUCTDEFINITIONSHAPE($,$,(#17965));
#17972=IFCCARTESIANPOINT((0.,0.,18000.));
#17973=IFCDIRECTION((0.,0.,1.));
#17974=IFCDIRECTION((1.,0.,0.));
#17975=IFCAXIS2PLACEMENT3D(#17972,#17973,#17974);
#17976=IFCLOCALPLACEMENT($,#17975);
#17977=IFCPROPERTYSET('24FF4xbA18TOCiDPYZfV8s',$,'Other',$,(#17979,#17980));
#17978=IFCRELDEFINESBYPROPERTIES('3LJpF6tin1TQIjbhp$71sD',$,$,$,(#17955),#17977);
#17979=IFCPROPERTYSINGLEVALUE('Ax',$,IFCLABEL('0.001'),$);
#17980=IFCPROPERTYSINGLEVALUE('Ay',$,IFCLABEL('0.001'),$);
#17981=IFCSLAB('0RYlZqcdH8jPm1W$4HNzUK',$,$,$,$,#18002,#17992,$,$);
#17982=IFCCARTESIANPOINTLIST2D(((18000.,6000.),(21000.,6000.),(21000.,12000.),(18000.,12000.)));
#17983=IFCINDEXEDPOLYCURVE(#17982,(IFCLINEINDEX((1,2,3,4,1))),$);
#17984=IFCARBITRARYCLOSEDPROFILEDEF(.AREA.,'Arbitrary',#17983);
#17985=IFCCARTESIANPOINT((0.,0.,0.));
#17986=IFCDIRECTION((0.,0.,1.));
#17987=IFCDIRECTION((1.,0.,0.));
#17988=IFCAXIS2PLACEMENT3D(#17985,#17986,#17987);
#17989=IFCDIRECTION((0.,0.,1.));
#17990=IFCEXTRUDEDAREASOLID(#17984,#17988,#17989,-120.);
#17991=IFCSHAPEREPRESENTATION(#11,'Body','SweptSolid',(#17990));
#17992=IFCPRODUCTDEFINITIONSHAPE($,$,(#17991));
#17998=IFCCARTESIANPOINT((0.,0.,18000.));
#17999=IFCDIRECTION((0.,0.,1.));
#18000=IFCDIRECTION((1.,0.,0.));
#18001=IFCAXIS2PLACEMENT3D(#17998,#17999,#18000);
#18002=IFCLOCALPLACEMENT($,#18001);
#18003=IFCPROPERTYSET('2d7xd76AP15fTHo7bFvYSJ',$,'Other',$,(#18005,#18006));
#18004=IFCRELDEFINESBYPROPERTIES('3O_wAlD5n37A0OknYHs17i',$,$,$,(#17981),#18003);
#18005=IFCPROPERTYSINGLEVALUE('Ax',$,IFCLABEL('0.001'),$);
#18006=IFCPROPERTYSINGLEVALUE('Ay',$,IFCLABEL('0.001'),$);
#18007=IFCSLAB('3EdFmFGLzAZwOZF6dCOiPm',$,$,$,$,#18028,#18018,$,$);
#18008=IFCCARTESIANPOINTLIST2D(((21000.,6000.),(24000.,6000.),(24000.,12000.),(21000.,12000.)));
#18009=IFCINDEXEDPOLYCURVE(#18008,(IFCLINEINDEX((1,2,3,4,1))),$);
#18010=IFCARBITRARYCLOSEDPROFILEDEF(.AREA.,'Arbitrary',#18009);
#18011=IFCCARTESIANPOINT((0.,0.,0.));
#18012=IFCDIRECTION((0.,0.,1.));
#18013=IFCDIRECTION((1.,0.,0.));
#18014=IFCAXIS2PLACEMENT3D(#18011,#18012,#18013);
#18015=IFCDIRECTION((0.,0.,1.));
#18016=IFCEXTRUDEDAREASOLID(#18010,#18014,#18015,-120.);
#18017=IFCSHAPEREPRESENTATION(#11,'Body','SweptSolid',(#18016));
#18018=IFCPRODUCTDEFINITIONSHAPE($,$,(#18017));
#18024=IFCCARTESIANPOINT((0.,0.,18000.));
#18025=IFCDIRECTION((0.,0.,1.));
#18026=IFCDIRECTION((1.,0.,0.));
#18027=IFCAXIS2PLACEMENT3D(#18024,#18025,#18026);
#18028=IFCLOCALPLACEMENT($,#18027);
#18029=IFCPROPERTYSET('1SrubLCyPD6RBA_p5m6xrH',$,'Other',$,(#18031,#18032));
#18030=IFCRELDEFINESBYPROPERTIES('3_bpvCuk12f8N8hd4ywwCq',$,$,$,(#18007),#18029);
#18031=IFCPROPERTYSINGLEVALUE('Ax',$,IFCLABEL('0.001'),$);
#18032=IFCPROPERTYSINGLEVALUE('Ay',$,IFCLABEL('0.001'),$);
#18033=IFCSLAB('3c29TGsmzDwwLMWvZybMum',$,$,$,$,#18054,#18044,$,$);
#18034=IFCCARTESIANPOINTLIST2D(((6000.,0.),(9000.,0.),(9000.,6000.),(6000.,6000.)));
#18035=IFCINDEXEDPOLYCURVE(#18034,(IFCLINEINDEX((1,2,3,4,1))),$);
#18036=IFCARBITRARYCLOSEDPROFILEDEF(.AREA.,'Arbitrary',#18035);
#18037=IFCCARTESIANPOINT((0.,0.,0.));
#18038=IFCDIRECTION((0.,0.,1.));
#18039=IFCDIRECTION((1.,0.,0.));
#18040=IFCAXIS2PLACEMENT3D(#18037,#18038,#18039);
#18041=IFCDIRECTION((0.,0.,1.));
#18042=IFCEXTRUDEDAREASOLID(#18036,#18040,#18041,-120.);
#18043=IFCSHAPEREPRESENTATION(#11,'Body','SweptSolid',(#18042));
#18044=IFCPRODUCTDEFINITIONSHAPE($,$,(#18043));
#18050=IFCCARTESIANPOINT((0.,0.,18000.));
#18051=IFCDIRECTION((0.,0.,1.));
#18052=IFCDIRECTION((1.,0.,0.));
#18053=IFCAXIS2PLACEMENT3D(#18050,#18051,#18052);
#18054=IFCLOCALPLACEMENT($,#18053);
#18055=IFCPROPERTYSET('06sED4bYX5dfrJ6VDnMkhq',$,'Other',$,(#18057,#18058));
#18056=IFCRELDEFINESBYPROPERTIES('2Wfn5KsPn0BRTwVsu0Vgmx',$,$,$,(#18033),#18055);
#18057=IFCPROPERTYSINGLEVALUE('Ax',$,IFCLABEL('0.001'),$);
#18058=IFCPROPERTYSINGLEVALUE('Ay',$,IFCLABEL('0.001'),$);
#18059=IFCSLAB('3p$DVhSSj9fOFGZB4g1BlM',$,$,$,$,#18080,#18070,$,$);
#18060=IFCCARTESIANPOINTLIST2D(((9000.,0.),(12000.,0.),(12000.,6000.),(9000.,6000.)));
#18061=IFCINDEXEDPOLYCURVE(#18060,(IFCLINEINDEX((1,2,3,4,1))),$);
#18062=IFCARBITRARYCLOSEDPROFILEDEF(.AREA.,'Arbitrary',#18061);
#18063=IFCCARTESIANPOINT((0.,0.,0.));
#18064=IFCDIRECTION((0.,0.,1.));
#18065=IFCDIRECTION((1.,0.,0.));
#18066=IFCAXIS2PLACEMENT3D(#18063,#18064,#18065);
#18067=IFCDIRECTION((0.,0.,1.));
#18068=IFCEXTRUDEDAREASOLID(#18062,#18066,#18067,-120.);
#18069=IFCSHAPEREPRESENTATION(#11,'Body','SweptSolid',(#18068));
#18070=IFCPRODUCTDEFINITIONSHAPE($,$,(#18069));
#18076=IFCCARTESIANPOINT((0.,0.,18000.));
#18077=IFCDIRECTION((0.,0.,1.));
#18078=IFCDIRECTION((1.,0.,0.));
#18079=IFCAXIS2PLACEMENT3D(#18076,#18077,#18078);
#18080=IFCLOCALPLACEMENT($,#18079);
#18081=IFCPROPERTYSET('1tYkmXPzX0KQwR_S4oxsO$',$,'Other',$,(#18083,#18084));
#18082=IFCRELDEFINESBYPROPERTIES('1BvJqBVJTCtQf0AAERWSWP',$,$,$,(#18059),#18081);
#18083=IFCPROPERTYSINGLEVALUE('Ax',$,IFCLABEL('0.001'),$);
#18084=IFCPROPERTYSINGLEVALUE('Ay',$,IFCLABEL('0.001'),$);
#18085=IFCSLAB('3IXXuPyZP10wAIyAuepycH',$,$,$,$,#18106,#18096,$,$);
#18086=IFCCARTESIANPOINTLIST2D(((12000.,0.),(15000.,0.),(15000.,6000.),(12000.,6000.)));
#18087=IFCINDEXEDPOLYCURVE(#18086,(IFCLINEINDEX((1,2,3,4,1))),$);
#18088=IFCARBITRARYCLOSEDPROFILEDEF(.AREA.,'Arbitrary',#18087);
#18089=IFCCARTESIANPOINT((0.,0.,0.));
#18090=IFCDIRECTION((0.,0.,1.));
#18091=IFCDIRECTION((1.,0.,0.));
#18092=IFCAXIS2PLACEMENT3D(#18089,#18090,#18091);
#18093=IFCDIRECTION((0.,0.,1.));
#18094=IFCEXTRUDEDAREASOLID(#18088,#18092,#18093,-120.);
#18095=IFCSHAPEREPRESENTATION(#11,'Body','SweptSolid',(#18094));
#18096=IFCPRODUCTDEFINITIONSHAPE($,$,(#18095));
#18102=IFCCARTESIANPOINT((0.,0.,18000.));
#18103=IFCDIRECTION((0.,0.,1.));
#18104=IFCDIRECTION((1.,0.,0.));
#18105=IFCAXIS2PLACEMENT3D(#18102,#18103,#18104);
#18106=IFCLOCALPLACEMENT($,#18105);
#18107=IFCPROPERTYSET('3WvMuUw9D2rwv3F3AA3CBo',$,'Other',$,(#18109,#18110));
#18108=IFCRELDEFINESBYPROPERTIES('07YPffPzn6rfMqjXsmvMG1',$,$,$,(#18085),#18107);
#18109=IFCPROPERTYSINGLEVALUE('Ax',$,IFCLABEL('0.001'),$);
#18110=IFCPROPERTYSINGLEVALUE('Ay',$,IFCLABEL('0.001'),$);
#18111=IFCSLAB('07XeFIhED0$wGYwFtFgtM4',$,$,$,$,#18132,#18122,$,$);
#18112=IFCCARTESIANPOINTLIST2D(((15000.,0.),(18000.,0.),(18000.,6000.),(15000.,6000.)));
#18113=IFCINDEXEDPOLYCURVE(#18112,(IFCLINEINDEX((1,2,3,4,1))),$);
#18114=IFCARBITRARYCLOSEDPROFILEDEF(.AREA.,'Arbitrary',#18113);
#18115=IFCCARTESIANPOINT((0.,0.,0.));
#18116=IFCDIRECTION((0.,0.,1.));
#18117=IFCDIRECTION((1.,0.,0.));
#18118=IFCAXIS2PLACEMENT3D(#18115,#18116,#18117);
#18119=IFCDIRECTION((0.,0.,1.));
#18120=IFCEXTRUDEDAREASOLID(#18114,#18118,#18119,-120.);
#18121=IFCSHAPEREPRESENTATION(#11,'Body','SweptSolid',(#18120));
#18122=IFCPRODUCTDEFINITIONSHAPE($,$,(#18121));
#18128=IFCCARTESIANPOINT((0.,0.,18000.));
#18129=IFCDIRECTION((0.,0.,1.));
#18130=IFCDIRECTION((1.,0.,0.));
#18131=IFCAXIS2PLACEMENT3D(#18128,#18129,#18130);
#18132=IFCLOCALPLACEMENT($,#18131);
#18133=IFCPROPERTYSET('2k__hq4xDFMehmaGpySo5R',$,'Other',$,(#18135,#18136));
#18134=IFCRELDEFINESBYPROPERTIES('2L6mdVwC1CQvaIg4W7RwT4',$,$,$,(#18111),#18133);
#18135=IFCPROPERTYSINGLEVALUE('Ax',$,IFCLABEL('0.001'),$);
#18136=IFCPROPERTYSINGLEVALUE('Ay',$,IFCLABEL('0.001'),$);
#18137=IFCSLAB('2KE90KcLnDTu3DuxkAut2h',$,$,$,$,#18158,#18148,$,$);
#18138=IFCCARTESIANPOINTLIST2D(((18000.,0.),(21000.,0.),(21000.,6000.),(18000.,6000.)));
#18139=IFCINDEXEDPOLYCURVE(#18138,(IFCLINEINDEX((1,2,3,4,1))),$);
#18140=IFCARBITRARYCLOSEDPROFILEDEF(.AREA.,'Arbitrary',#18139);
#18141=IFCCARTESIANPOINT((0.,0.,0.));
#18142=IFCDIRECTION((0.,0.,1.));
#18143=IFCDIRECTION((1.,0.,0.));
#18144=IFCAXIS2PLACEMENT3D(#18141,#18142,#18143);
#18145=IFCDIRECTION((0.,0.,1.));
#18146=IFCEXTRUDEDAREASOLID(#18140,#18144,#18145,-120.);
#18147=IFCSHAPEREPRESENTATION(#11,'Body','SweptSolid',(#18146));
#18148=IFCPRODUCTDEFINITIONSHAPE($,$,(#18147));
#18154=IFCCARTESIANPOINT((0.,0.,18000.));
#18155=IFCDIRECTION((0.,0.,1.));
#18156=IFCDIRECTION((1.,0.,0.));
#18157=IFCAXIS2PLACEMENT3D(#18154,#18155,#18156);
#18158=IFCLOCALPLACEMENT($,#18157);
#18159=IFCPROPERTYSET('0Vy6c80vj9XOHuNN725ehm',$,'Other',$,(#18161,#18162));
#18160=IFCRELDEFINESBYPROPERTIES('34zo8qKcn7$RwA23EJlYUH',$,$,$,(#18137),#18159);
#18161=IFCPROPERTYSINGLEVALUE('Ax',$,IFCLABEL('0.001'),$);
#18162=IFCPROPERTYSINGLEVALUE('Ay',$,IFCLABEL('0.001'),$);
#18163=IFCSLAB('13wJ$cApL0pxMBcu$vsnVZ',$,$,$,$,#18184,#18174,$,$);
#18164=IFCCARTESIANPOINTLIST2D(((21000.,0.),(24000.,0.),(24000.,6000.),(21000.,6000.)));
#18165=IFCINDEXEDPOLYCURVE(#18164,(IFCLINEINDEX((1,2,3,4,1))),$);
#18166=IFCARBITRARYCLOSEDPROFILEDEF(.AREA.,'Arbitrary',#18165);
#18167=IFCCARTESIANPOINT((0.,0.,0.));
#18168=IFCDIRECTION((0.,0.,1.));
#18169=IFCDIRECTION((1.,0.,0.));
#18170=IFCAXIS2PLACEMENT3D(#18167,#18168,#18169);
#18171=IFCDIRECTION((0.,0.,1.));
#18172=IFCEXTRUDEDAREASOLID(#18166,#18170,#18171,-120.);
#18173=IFCSHAPEREPRESENTATION(#11,'Body','SweptSolid',(#18172));
#18174=IFCPRODUCTDEFINITIONSHAPE($,$,(#18173));
#18180=IFCCARTESIANPOINT((0.,0.,18000.));
#18181=IFCDIRECTION((0.,0.,1.));
#18182=IFCDIRECTION((1.,0.,0.));
#18183=IFCAXIS2PLACEMENT3D(#18180,#18181,#18182);
#18184=IFCLOCALPLACEMENT($,#18183);
#18185=IFCPROPERTYSET('0kIQOIQjzBfeptVvyjbaKl',$,'Other',$,(#18187,#18188));
#18186=IFCRELDEFINESBYPROPERTIES('1klRiDZnfFkB054Fd$AqYy',$,$,$,(#18163),#18185);
#18187=IFCPROPERTYSINGLEVALUE('Ax',$,IFCLABEL('0.001'),$);
#18188=IFCPROPERTYSINGLEVALUE('Ay',$,IFCLABEL('0.001'),$);
#18189=IFCSLAB('1RRI7bm19DxhOEsfn6_aFQ',$,$,$,$,#18210,#18200,$,$);
#18190=IFCCARTESIANPOINTLIST2D(((3000.,0.),(6000.,0.),(6000.,6000.),(3000.,6000.)));
#18191=IFCINDEXEDPOLYCURVE(#18190,(IFCLINEINDEX((1,2,3,4,1))),$);
#18192=IFCARBITRARYCLOSEDPROFILEDEF(.AREA.,'Arbitrary',#18191);
#18193=IFCCARTESIANPOINT((0.,0.,0.));
#18194=IFCDIRECTION((0.,0.,1.));
#18195=IFCDIRECTION((1.,0.,0.));
#18196=IFCAXIS2PLACEMENT3D(#18193,#18194,#18195);
#18197=IFCDIRECTION((0.,0.,1.));
#18198=IFCEXTRUDEDAREASOLID(#18192,#18196,#18197,-120.);
#18199=IFCSHAPEREPRESENTATION(#11,'Body','SweptSolid',(#18198));
#18200=IFCPRODUCTDEFINITIONSHAPE($,$,(#18199));
#18206=IFCCARTESIANPOINT((0.,0.,18000.));
#18207=IFCDIRECTION((0.,0.,1.));
#18208=IFCDIRECTION((1.,0.,0.));
#18209=IFCAXIS2PLACEMENT3D(#18206,#18207,#18208);
#18210=IFCLOCALPLACEMENT($,#18209);
#18211=IFCPROPERTYSET('0qW8szwLP0ChqPOuMRN_IC',$,'Other',$,(#18213,#18214));
#18212=IFCRELDEFINESBYPROPERTIES('0xwQ0bD$DEhBRAnwx2LFpd',$,$,$,(#18189),#18211);
#18213=IFCPROPERTYSINGLEVALUE('Ax',$,IFCLABEL('0.001'),$);
#18214=IFCPROPERTYSINGLEVALUE('Ay',$,IFCLABEL('0.001'),$);
#18215=IFCSLAB('2Y01g_QcT2OhyWh8MWV8Ff',$,$,$,$,#18236,#18226,$,$);
#18216=IFCCARTESIANPOINTLIST2D(((24000.,6000.),(27000.,6000.),(27000.,12000.),(24000.,12000.)));
#18217=IFCINDEXEDPOLYCURVE(#18216,(IFCLINEINDEX((1,2,3,4,1))),$);
#18218=IFCARBITRARYCLOSEDPROFILEDEF(.AREA.,'Arbitrary',#18217);
#18219=IFCCARTESIANPOINT((0.,0.,0.));
#18220=IFCDIRECTION((0.,0.,1.));
#18221=IFCDIRECTION((1.,0.,0.));
#18222=IFCAXIS2PLACEMENT3D(#18219,#18220,#18221);
#18223=IFCDIRECTION((0.,0.,1.));
#18224=IFCEXTRUDEDAREASOLID(#18218,#18222,#18223,-120.);
#18225=IFCSHAPEREPRESENTATION(#11,'Body','SweptSolid',(#18224));
#18226=IFCPRODUCTDEFINITIONSHAPE($,$,(#18225));
#18232=IFCCARTESIANPOINT((0.,0.,18000.));
#18233=IFCDIRECTION((0.,0.,1.));
#18234=IFCDIRECTION((1.,0.,0.));
#18235=IFCAXIS2PLACEMENT3D(#18232,#18233,#18234);
#18236=IFCLOCALPLACEMENT($,#18235);
#18237=IFCPROPERTYSET('1HNnMxgcz6nP9S3gRe1b9i',$,'Other',$,(#18239,#18240));
#18238=IFCRELDEFINESBYPROPERTIES('2Kw$JtqszBcfEURGaBv5xV',$,$,$,(#18215),#18237);
#18239=IFCPROPERTYSINGLEVALUE('Ax',$,IFCLABEL('0.001'),$);
#18240=IFCPROPERTYSINGLEVALUE('Ay',$,IFCLABEL('0.001'),$);
#18241=IFCSLAB('2g_OSjBKT6bhRr4lsSTLsr',$,$,$,$,#18262,#18252,$,$);
#18242=IFCCARTESIANPOINTLIST2D(((0.,6000.),(3000.,6000.),(3000.,12000.),(0.,12000.)));
#18243=IFCINDEXEDPOLYCURVE(#18242,(IFCLINEINDEX((1,2,3,4,1))),$);
#18244=IFCARBITRARYCLOSEDPROFILEDEF(.AREA.,'Arbitrary',#18243);
#18245=IFCCARTESIANPOINT((0.,0.,0.));
#18246=IFCDIRECTION((0.,0.,1.));
#18247=IFCDIRECTION((1.,0.,0.));
#18248=IFCAXIS2PLACEMENT3D(#18245,#18246,#18247);
#18249=IFCDIRECTION((0.,0.,1.));
#18250=IFCEXTRUDEDAREASOLID(#18244,#18248,#18249,-120.);
#18251=IFCSHAPEREPRESENTATION(#11,'Body','SweptSolid',(#18250));
#18252=IFCPRODUCTDEFINITIONSHAPE($,$,(#18251));
#18258=IFCCARTESIANPOINT((0.,0.,15000.));
#18259=IFCDIRECTION((0.,0.,1.));
#18260=IFCDIRECTION((1.,0.,0.));
#18261=IFCAXIS2PLACEMENT3D(#18258,#18259,#18260);
#18262=IFCLOCALPLACEMENT($,#18261);
#18263=IFCPROPERTYSET('2q_zy8j8j62PnMZXHIO0nf',$,'Other',$,(#18265,#18266));
#18264=IFCRELDEFINESBYPROPERTIES('3UD6J8wpf1U9yNwuCe86pH',$,$,$,(#18241),#18263);
#18265=IFCPROPERTYSINGLEVALUE('Ax',$,IFCLABEL('0.001'),$);
#18266=IFCPROPERTYSINGLEVALUE('Ay',$,IFCLABEL('0.001'),$);
#18267=IFCSLAB('3gAOPamZ16h8Fkrf7yupep',$,$,$,$,#18288,#18278,$,$);
#18268=IFCCARTESIANPOINTLIST2D(((3000.,6000.),(6000.,6000.),(6000.,12000.),(3000.,12000.)));
#18269=IFCINDEXEDPOLYCURVE(#18268,(IFCLINEINDEX((1,2,3,4,1))),$);
#18270=IFCARBITRARYCLOSEDPROFILEDEF(.AREA.,'Arbitrary',#18269);
#18271=IFCCARTESIANPOINT((0.,0.,0.));
#18272=IFCDIRECTION((0.,0.,1.));
#18273=IFCDIRECTION((1.,0.,0.));
#18274=IFCAXIS2PLACEMENT3D(#18271,#18272,#18273);
#18275=IFCDIRECTION((0.,0.,1.));
#18276=IFCEXTRUDEDAREASOLID(#18270,#18274,#18275,-120.);
#18277=IFCSHAPEREPRESENTATION(#11,'Body','SweptSolid',(#18276));
#18278=IFCPRODUCTDEFINITIONSHAPE($,$,(#18277));
#18284=IFCCARTESIANPOINT((0.,0.,15000.));
#18285=IFCDIRECTION((0.,0.,1.));
#18286=IFCDIRECTION((1.,0.,0.));
#18287=IFCAXIS2PLACEMENT3D(#18284,#18285,#18286);
#18288=IFCLOCALPLACEMENT($,#18287);
#18289=IFCPROPERTYSET('15qGSIICj1APpJI43V1BqU',$,'Other',$,(#18291,#18292));
#18290=IFCRELDEFINESBYPROPERTIES('2DP2YMLw9A0x_3qsrLN42j',$,$,$,(#18267),#18289);
#18291=IFCPROPERTYSINGLEVALUE('Ax',$,IFCLABEL('0.001'),$);
#18292=IFCPROPERTYSINGLEVALUE('Ay',$,IFCLABEL('0.001'),$);
#18293=IFCSLAB('05P9$dAkDDuxWjtsuaaYN0',$,$,$,$,#18314,#18304,$,$);
#18294=IFCCARTESIANPOINTLIST2D(((0.,12000.),(3000.,12000.),(3000.,18000.),(0.,18000.)));
#18295=IFCINDEXEDPOLYCURVE(#18294,(IFCLINEINDEX((1,2,3,4,1))),$);
#18296=IFCARBITRARYCLOSEDPROFILEDEF(.AREA.,'Arbitrary',#18295);
#18297=IFCCARTESIANPOINT((0.,0.,0.));
#18298=IFCDIRECTION((0.,0.,1.));
#18299=IFCDIRECTION((1.,0.,0.));
#18300=IFCAXIS2PLACEMENT3D(#18297,#18298,#18299);
#18301=IFCDIRECTION((0.,0.,1.));
#18302=IFCEXTRUDEDAREASOLID(#18296,#18300,#18301,-120.);
#18303=IFCSHAPEREPRESENTATION(#11,'Body','SweptSolid',(#18302));
#18304=IFCPRODUCTDEFINITIONSHAPE($,$,(#18303));
#18310=IFCCARTESIANPOINT((0.,0.,15000.));
#18311=IFCDIRECTION((0.,0.,1.));
#18312=IFCDIRECTION((1.,0.,0.));
#18313=IFCAXIS2PLACEMENT3D(#18310,#18311,#18312);
#18314=IFCLOCALPLACEMENT($,#18313);
#18315=IFCPROPERTYSET('3Y4hFL$LrEmuFwii7SH7LE',$,'Other',$,(#18317,#18318));
#18316=IFCRELDEFINESBYPROPERTIES('0eD0woXKHCDhkOXglAr5PB',$,$,$,(#18293),#18315);
#18317=IFCPROPERTYSINGLEVALUE('Ax',$,IFCLABEL('0.001'),$);
#18318=IFCPROPERTYSINGLEVALUE('Ay',$,IFCLABEL('0.001'),$);
#18319=IFCSLAB('2$Z$Jam3DDdvo4vktEuil$',$,$,$,$,#18340,#18330,$,$);
#18320=IFCCARTESIANPOINTLIST2D(((3000.,12000.),(6000.,12000.),(6000.,18000.),(3000.,18000.)));
#18321=IFCINDEXEDPOLYCURVE(#18320,(IFCLINEINDEX((1,2,3,4,1))),$);
#18322=IFCARBITRARYCLOSEDPROFILEDEF(.AREA.,'Arbitrary',#18321);
#18323=IFCCARTESIANPOINT((0.,0.,0.));
#18324=IFCDIRECTION((0.,0.,1.));
#18325=IFCDIRECTION((1.,0.,0.));
#18326=IFCAXIS2PLACEMENT3D(#18323,#18324,#18325);
#18327=IFCDIRECTION((0.,0.,1.));
#18328=IFCEXTRUDEDAREASOLID(#18322,#18326,#18327,-120.);
#18329=IFCSHAPEREPRESENTATION(#11,'Body','SweptSolid',(#18328));
#18330=IFCPRODUCTDEFINITIONSHAPE($,$,(#18329));
#18336=IFCCARTESIANPOINT((0.,0.,15000.));
#18337=IFCDIRECTION((0.,0.,1.));
#18338=IFCDIRECTION((1.,0.,0.));
#18339=IFCAXIS2PLACEMENT3D(#18336,#18337,#18338);
#18340=IFCLOCALPLACEMENT($,#18339);
#18341=IFCPROPERTYSET('0F7lh$KGP8IPiF9V$9E86A',$,'Other',$,(#18343,#18344));
#18342=IFCRELDEFINESBYPROPERTIES('1Tn5jsSnPE6uwFCyPSS4Cv',$,$,$,(#18319),#18341);
#18343=IFCPROPERTYSINGLEVALUE('Ax',$,IFCLABEL('0.001'),$);
#18344=IFCPROPERTYSINGLEVALUE('Ay',$,IFCLABEL('0.001'),$);
#18345=IFCSLAB('1FbRgGePPDev2V5gS1fUqC',$,$,$,$,#18366,#18356,$,$);
#18346=IFCCARTESIANPOINTLIST2D(((6000.,12000.),(9000.,12000.),(9000.,18000.),(6000.,18000.)));
#18347=IFCINDEXEDPOLYCURVE(#18346,(IFCLINEINDEX((1,2,3,4,1))),$);
#18348=IFCARBITRARYCLOSEDPROFILEDEF(.AREA.,'Arbitrary',#18347);
#18349=IFCCARTESIANPOINT((0.,0.,0.));
#18350=IFCDIRECTION((0.,0.,1.));
#18351=IFCDIRECTION((1.,0.,0.));
#18352=IFCAXIS2PLACEMENT3D(#18349,#18350,#18351);
#18353=IFCDIRECTION((0.,0.,1.));
#18354=IFCEXTRUDEDAREASOLID(#18348,#18352,#18353,-120.);
#18355=IFCSHAPEREPRESENTATION(#11,'Body','SweptSolid',(#18354));
#18356=IFCPRODUCTDEFINITIONSHAPE($,$,(#18355));
#18362=IFCCARTESIANPOINT((0.,0.,15000.));
#18363=IFCDIRECTION((0.,0.,1.));
#18364=IFCDIRECTION((1.,0.,0.));
#18365=IFCAXIS2PLACEMENT3D(#18362,#18363,#18364);
#18366=IFCLOCALPLACEMENT($,#18365);
#18367=IFCPROPERTYSET('31hl4srwb7Ew7MVR5ALuj2',$,'Other',$,(#18369,#18370));
#18368=IFCRELDEFINESBYPROPERTIES('0ZsKZ1McjDLBemFHc5tX6S',$,$,$,(#18345),#18367);
#18369=IFCPROPERTYSINGLEVALUE('Ax',$,IFCLABEL('0.001'),$);
#18370=IFCPROPERTYSINGLEVALUE('Ay',$,IFCLABEL('0.001'),$);
#18371=IFCSLAB('2JoZN1QS92kAqmIO79yI8M',$,$,$,$,#18392,#18382,$,$);
#18372=IFCCARTESIANPOINTLIST2D(((9000.,12000.),(12000.,12000.),(12000.,18000.),(9000.,18000.)));
#18373=IFCINDEXEDPOLYCURVE(#18372,(IFCLINEINDEX((1,2,3,4,1))),$);
#18374=IFCARBITRARYCLOSEDPROFILEDEF(.AREA.,'Arbitrary',#18373);
#18375=IFCCARTESIANPOINT((0.,0.,0.));
#18376=IFCDIRECTION((0.,0.,1.));
#18377=IFCDIRECTION((1.,0.,0.));
#18378=IFCAXIS2PLACEMENT3D(#18375,#18376,#18377);
#18379=IFCDIRECTION((0.,0.,1.));
#18380=IFCEXTRUDEDAREASOLID(#18374,#18378,#18379,-120.);
#18381=IFCSHAPEREPRESENTATION(#11,'Body','SweptSolid',(#18380));
#18382=IFCPRODUCTDEFINITIONSHAPE($,$,(#18381));
#18388=IFCCARTESIANPOINT((0.,0.,15000.));
#18389=IFCDIRECTION((0.,0.,1.));
#18390=IFCDIRECTION((1.,0.,0.));
#18391=IFCAXIS2PLACEMENT3D(#18388,#18389,#18390);
#18392=IFCLOCALPLACEMENT($,#18391);
#18393=IFCPROPERTYSET('2HwoKQV8X1hOZ1nIJFaG60',$,'Other',$,(#18395,#18396));
#18394=IFCRELDEFINESBYPROPERTIES('36wVagJ95BlBtRDzBjzgMN',$,$,$,(#18371),#18393);
#18395=IFCPROPERTYSINGLEVALUE('Ax',$,IFCLABEL('0.001'),$);
#18396=IFCPROPERTYSINGLEVALUE('Ay',$,IFCLABEL('0.001'),$);
#18397=IFCSLAB('3Bp1iTVCbDOP$yu5Xt1S0h',$,$,$,$,#18418,#18408,$,$);
#18398=IFCCARTESIANPOINTLIST2D(((12000.,12000.),(15000.,12000.),(15000.,18000.),(12000.,18000.)));
#18399=IFCINDEXEDPOLYCURVE(#18398,(IFCLINEINDEX((1,2,3,4,1))),$);
#18400=IFCARBITRARYCLOSEDPROFILEDEF(.AREA.,'Arbitrary',#18399);
#18401=IFCCARTESIANPOINT((0.,0.,0.));
#18402=IFCDIRECTION((0.,0.,1.));
#18403=IFCDIRECTION((1.,0.,0.));
#18404=IFCAXIS2PLACEMENT3D(#18401,#18402,#18403);
#18405=IFCDIRECTION((0.,0.,1.));
#18406=IFCEXTRUDEDAREASOLID(#18400,#18404,#18405,-120.);
#18407=IFCSHAPEREPRESENTATION(#11,'Body','SweptSolid',(#18406));
#18408=IFCPRODUCTDEFINITIONSHAPE($,$,(#18407));
#18414=IFCCARTESIANPOINT((0.,0.,15000.));
#18415=IFCDIRECTION((0.,0.,1.));
#18416=IFCDIRECTION((1.,0.,0.));
#18417=IFCAXIS2PLACEMENT3D(#18414,#18415,#18416);
#18418=IFCLOCALPLACEMENT($,#18417);
#18419=IFCPROPERTYSET('2aUnFuTMH84gwsX$GS18gO',$,'Other',$,(#18421,#18422));
#18420=IFCRELDEFINESBYPROPERTIES('2a3Qre5$j6AQRoCWFVQcjl',$,$,$,(#18397),#18419);
#18421=IFCPROPERTYSINGLEVALUE('Ax',$,IFCLABEL('0.001'),$);
#18422=IFCPROPERTYSINGLEVALUE('Ay',$,IFCLABEL('0.001'),$);
#18423=IFCSLAB('0$2m$zF6r0RR90mzNsvErI',$,$,$,$,#18444,#18434,$,$);
#18424=IFCCARTESIANPOINTLIST2D(((15000.,12000.),(18000.,12000.),(18000.,18000.),(15000.,18000.)));
#18425=IFCINDEXEDPOLYCURVE(#18424,(IFCLINEINDEX((1,2,3,4,1))),$);
#18426=IFCARBITRARYCLOSEDPROFILEDEF(.AREA.,'Arbitrary',#18425);
#18427=IFCCARTESIANPOINT((0.,0.,0.));
#18428=IFCDIRECTION((0.,0.,1.));
#18429=IFCDIRECTION((1.,0.,0.));
#18430=IFCAXIS2PLACEMENT3D(#18427,#18428,#18429);
#18431=IFCDIRECTION((0.,0.,1.));
#18432=IFCEXTRUDEDAREASOLID(#18426,#18430,#18431,-120.);
#18433=IFCSHAPEREPRESENTATION(#11,'Body','SweptSolid',(#18432));
#18434=IFCPRODUCTDEFINITIONSHAPE($,$,(#18433));
#18440=IFCCARTESIANPOINT((0.,0.,15000.));
#18441=IFCDIRECTION((0.,0.,1.));
#18442=IFCDIRECTION((1.,0.,0.));
#18443=IFCAXIS2PLACEMENT3D(#18440,#18441,#18442);
#18444=IFCLOCALPLACEMENT($,#18443);
#18445=IFCPROPERTYSET('2AVpVN2A96FhAFyqqSxw6E',$,'Other',$,(#18447,#18448));
#18446=IFCRELDEFINESBYPROPERTIES('0VBGlDNOH4yxzWesT3X3d1',$,$,$,(#18423),#18445);
#18447=IFCPROPERTYSINGLEVALUE('Ax',$,IFCLABEL('0.001'),$);
#18448=IFCPROPERTYSINGLEVALUE('Ay',$,IFCLABEL('0.001'),$);
#18449=IFCSLAB('3dxkuC691BveytJhsbLiOh',$,$,$,$,#18470,#18460,$,$);
#18450=IFCCARTESIANPOINTLIST2D(((18000.,12000.),(21000.,12000.),(21000.,18000.),(18000.,18000.)));
#18451=IFCINDEXEDPOLYCURVE(#18450,(IFCLINEINDEX((1,2,3,4,1))),$);
#18452=IFCARBITRARYCLOSEDPROFILEDEF(.AREA.,'Arbitrary',#18451);
#18453=IFCCARTESIANPOINT((0.,0.,0.));
#18454=IFCDIRECTION((0.,0.,1.));
#18455=IFCDIRECTION((1.,0.,0.));
#18456=IFCAXIS2PLACEMENT3D(#18453,#18454,#18455);
#18457=IFCDIRECTION((0.,0.,1.));
#18458=IFCEXTRUDEDAREASOLID(#18452,#18456,#18457,-120.);
#18459=IFCSHAPEREPRESENTATION(#11,'Body','SweptSolid',(#18458));
#18460=IFCPRODUCTDEFINITIONSHAPE($,$,(#18459));
#18466=IFCCARTESIANPOINT((0.,0.,15000.));
#18467=IFCDIRECTION((0.,0.,1.));
#18468=IFCDIRECTION((1.,0.,0.));
#18469=IFCAXIS2PLACEMENT3D(#18466,#18467,#18468);
#18470=IFCLOCALPLACEMENT($,#18469);
#18471=IFCPROPERTYSET('0z98sCgvr7Qe7GFS6JPG5R',$,'Other',$,(#18473,#18474));
#18472=IFCRELDEFINESBYPROPERTIES('2N6jx2t014MuiadmAFJ0cU',$,$,$,(#18449),#18471);
#18473=IFCPROPERTYSINGLEVALUE('Ax',$,IFCLABEL('0.001'),$);
#18474=IFCPROPERTYSINGLEVALUE('Ay',$,IFCLABEL('0.001'),$);
#18475=IFCSLAB('3SiGbfpZDEmug2M$whwJ3_',$,$,$,$,#18496,#18486,$,$);
#18476=IFCCARTESIANPOINTLIST2D(((21000.,12000.),(24000.,12000.),(24000.,18000.),(21000.,18000.)));
#18477=IFCINDEXEDPOLYCURVE(#18476,(IFCLINEINDEX((1,2,3,4,1))),$);
#18478=IFCARBITRARYCLOSEDPROFILEDEF(.AREA.,'Arbitrary',#18477);
#18479=IFCCARTESIANPOINT((0.,0.,0.));
#18480=IFCDIRECTION((0.,0.,1.));
#18481=IFCDIRECTION((1.,0.,0.));
#18482=IFCAXIS2PLACEMENT3D(#18479,#18480,#18481);
#18483=IFCDIRECTION((0.,0.,1.));
#18484=IFCEXTRUDEDAREASOLID(#18478,#18482,#18483,-120.);
#18485=IFCSHAPEREPRESENTATION(#11,'Body','SweptSolid',(#18484));
#18486=IFCPRODUCTDEFINITIONSHAPE($,$,(#18485));
#18492=IFCCARTESIANPOINT((0.,0.,15000.));
#18493=IFCDIRECTION((0.,0.,1.));
#18494=IFCDIRECTION((1.,0.,0.));
#18495=IFCAXIS2PLACEMENT3D(#18492,#18493,#18494);
#18496=IFCLOCALPLACEMENT($,#18495);
#18497=IFCPROPERTYSET('29a9CQASnC2uIoZbpBlSW2',$,'Other',$,(#18499,#18500));
#18498=IFCRELDEFINESBYPROPERTIES('2wH_LPemb1yOeATQwh5Jbi',$,$,$,(#18475),#18497);
#18499=IFCPROPERTYSINGLEVALUE('Ax',$,IFCLABEL('0.001'),$);
#18500=IFCPROPERTYSINGLEVALUE('Ay',$,IFCLABEL('0.001'),$);
#18501=IFCSLAB('3IVZyxsK50GeS8aMTixA1B',$,$,$,$,#18522,#18512,$,$);
#18502=IFCCARTESIANPOINTLIST2D(((24000.,12000.),(27000.,12000.),(27000.,18000.),(24000.,18000.)));
#18503=IFCINDEXEDPOLYCURVE(#18502,(IFCLINEINDEX((1,2,3,4,1))),$);
#18504=IFCARBITRARYCLOSEDPROFILEDEF(.AREA.,'Arbitrary',#18503);
#18505=IFCCARTESIANPOINT((0.,0.,0.));
#18506=IFCDIRECTION((0.,0.,1.));
#18507=IFCDIRECTION((1.,0.,0.));
#18508=IFCAXIS2PLACEMENT3D(#18505,#18506,#18507);
#18509=IFCDIRECTION((0.,0.,1.));
#18510=IFCEXTRUDEDAREASOLID(#18504,#18508,#18509,-120.);
#18511=IFCSHAPEREPRESENTATION(#11,'Body','SweptSolid',(#18510));
#18512=IFCPRODUCTDEFINITIONSHAPE($,$,(#18511));
#18518=IFCCARTESIANPOINT((0.,0.,15000.));
#18519=IFCDIRECTION((0.,0.,1.));
#18520=IFCDIRECTION((1.,0.,0.));
#18521=IFCAXIS2PLACEMENT3D(#18518,#18519,#18520);
#18522=IFCLOCALPLACEMENT($,#18521);
#18523=IFCPROPERTYSET('0bNUqFnDjEHPCvAI6kM1QP',$,'Other',$,(#18525,#18526));
#18524=IFCRELDEFINESBYPROPERTIES('3utaigOxf0zx03C8YE9ffr',$,$,$,(#18501),#18523);
#18525=IFCPROPERTYSINGLEVALUE('Ax',$,IFCLABEL('0.001'),$);
#18526=IFCPROPERTYSINGLEVALUE('Ay',$,IFCLABEL('0.001'),$);
#18527=IFCSLAB('2YweorXHn9EBLyOdqDJJzj',$,$,$,$,#18548,#18538,$,$);
#18528=IFCCARTESIANPOINTLIST2D(((27000.,12000.),(30000.,12000.),(30000.,18000.),(27000.,18000.)));
#18529=IFCINDEXEDPOLYCURVE(#18528,(IFCLINEINDEX((1,2,3,4,1))),$);
#18530=IFCARBITRARYCLOSEDPROFILEDEF(.AREA.,'Arbitrary',#18529);
#18531=IFCCARTESIANPOINT((0.,0.,0.));
#18532=IFCDIRECTION((0.,0.,1.));
#18533=IFCDIRECTION((1.,0.,0.));
#18534=IFCAXIS2PLACEMENT3D(#18531,#18532,#18533);
#18535=IFCDIRECTION((0.,0.,1.));
#18536=IFCEXTRUDEDAREASOLID(#18530,#18534,#18535,-120.);
#18537=IFCSHAPEREPRESENTATION(#11,'Body','SweptSolid',(#18536));
#18538=IFCPRODUCTDEFINITIONSHAPE($,$,(#18537));
#18544=IFCCARTESIANPOINT((0.,0.,15000.));
#18545=IFCDIRECTION((0.,0.,1.));
#18546=IFCDIRECTION((1.,0.,0.));
#18547=IFCAXIS2PLACEMENT3D(#18544,#18545,#18546);
#18548=IFCLOCALPLACEMENT($,#18547);
#18549=IFCPROPERTYSET('1C6s6Gznn9SxhfXO$ycZQa',$,'Other',$,(#18551,#18552));
#18550=IFCRELDEFINESBYPROPERTIES('1QS0onCzH8NQImAHYFCDJU',$,$,$,(#18527),#18549);
#18551=IFCPROPERTYSINGLEVALUE('Ax',$,IFCLABEL('0.001'),$);
#18552=IFCPROPERTYSINGLEVALUE('Ay',$,IFCLABEL('0.001'),$);
#18553=IFCSLAB('2XhaVli2b3p9Vqp35OFF_V',$,$,$,$,#18574,#18564,$,$);
#18554=IFCCARTESIANPOINTLIST2D(((6000.,6000.),(9000.,6000.),(9000.,12000.),(6000.,12000.)));
#18555=IFCINDEXEDPOLYCURVE(#18554,(IFCLINEINDEX((1,2,3,4,1))),$);
#18556=IFCARBITRARYCLOSEDPROFILEDEF(.AREA.,'Arbitrary',#18555);
#18557=IFCCARTESIANPOINT((0.,0.,0.));
#18558=IFCDIRECTION((0.,0.,1.));
#18559=IFCDIRECTION((1.,0.,0.));
#18560=IFCAXIS2PLACEMENT3D(#18557,#18558,#18559);
#18561=IFCDIRECTION((0.,0.,1.));
#18562=IFCEXTRUDEDAREASOLID(#18556,#18560,#18561,-120.);
#18563=IFCSHAPEREPRESENTATION(#11,'Body','SweptSolid',(#18562));
#18564=IFCPRODUCTDEFINITIONSHAPE($,$,(#18563));
#18570=IFCCARTESIANPOINT((0.,0.,15000.));
#18571=IFCDIRECTION((0.,0.,1.));
#18572=IFCDIRECTION((1.,0.,0.));
#18573=IFCAXIS2PLACEMENT3D(#18570,#18571,#18572);
#18574=IFCLOCALPLACEMENT($,#18573);
#18575=IFCPROPERTYSET('0NIWevME51$feA8TllW_mI',$,'Other',$,(#18577,#18578));
#18576=IFCRELDEFINESBYPROPERTIES('2kXYJmDN165AJiX8vjndvn',$,$,$,(#18553),#18575);
#18577=IFCPROPERTYSINGLEVALUE('Ax',$,IFCLABEL('0.001'),$);
#18578=IFCPROPERTYSINGLEVALUE('Ay',$,IFCLABEL('0.001'),$);
#18579=IFCSLAB('0wiAjQTAXDsxUvc$C2IbWG',$,$,$,$,#18600,#18590,$,$);
#18580=IFCCARTESIANPOINTLIST2D(((9000.,6000.),(12000.,6000.),(12000.,12000.),(9000.,12000.)));
#18581=IFCINDEXEDPOLYCURVE(#18580,(IFCLINEINDEX((1,2,3,4,1))),$);
#18582=IFCARBITRARYCLOSEDPROFILEDEF(.AREA.,'Arbitrary',#18581);
#18583=IFCCARTESIANPOINT((0.,0.,0.));
#18584=IFCDIRECTION((0.,0.,1.));
#18585=IFCDIRECTION((1.,0.,0.));
#18586=IFCAXIS2PLACEMENT3D(#18583,#18584,#18585);
#18587=IFCDIRECTION((0.,0.,1.));
#18588=IFCEXTRUDEDAREASOLID(#18582,#18586,#18587,-120.);
#18589=IFCSHAPEREPRESENTATION(#11,'Body','SweptSolid',(#18588));
#18590=IFCPRODUCTDEFINITIONSHAPE($,$,(#18589));
#18596=IFCCARTESIANPOINT((0.,0.,15000.));
#18597=IFCDIRECTION((0.,0.,1.));
#18598=IFCDIRECTION((1.,0.,0.));
#18599=IFCAXIS2PLACEMENT3D(#18596,#18597,#18598);
#18600=IFCLOCALPLACEMENT($,#18599);
#18601=IFCPROPERTYSET('31UCuuRBz6yQDBvRoLA6TV',$,'Other',$,(#18603,#18604));
#18602=IFCRELDEFINESBYPROPERTIES('2Lb7g88NjFC8yOxZZP65bo',$,$,$,(#18579),#18601);
#18603=IFCPROPERTYSINGLEVALUE('Ax',$,IFCLABEL('0.001'),$);
#18604=IFCPROPERTYSINGLEVALUE('Ay',$,IFCLABEL('0.001'),$);
#18605=IFCSLAB('31srSgCVP0JQgunqm7bdK3',$,$,$,$,#18626,#18616,$,$);
#18606=IFCCARTESIANPOINTLIST2D(((12000.,6000.),(15000.,6000.),(15000.,12000.),(12000.,12000.)));
#18607=IFCINDEXEDPOLYCURVE(#18606,(IFCLINEINDEX((1,2,3,4,1))),$);
#18608=IFCARBITRARYCLOSEDPROFILEDEF(.AREA.,'Arbitrary',#18607);
#18609=IFCCARTESIANPOINT((0.,0.,0.));
#18610=IFCDIRECTION((0.,0.,1.));
#18611=IFCDIRECTION((1.,0.,0.));
#18612=IFCAXIS2PLACEMENT3D(#18609,#18610,#18611);
#18613=IFCDIRECTION((0.,0.,1.));
#18614=IFCEXTRUDEDAREASOLID(#18608,#18612,#18613,-120.);
#18615=IFCSHAPEREPRESENTATION(#11,'Body','SweptSolid',(#18614));
#18616=IFCPRODUCTDEFINITIONSHAPE($,$,(#18615));
#18622=IFCCARTESIANPOINT((0.,0.,15000.));
#18623=IFCDIRECTION((0.,0.,1.));
#18624=IFCDIRECTION((1.,0.,0.));
#18625=IFCAXIS2PLACEMENT3D(#18622,#18623,#18624);
#18626=IFCLOCALPLACEMENT($,#18625);
#18627=IFCPROPERTYSET('1d1xwIypD34eZAmeGl1tSB',$,'Other',$,(#18629,#18630));
#18628=IFCRELDEFINESBYPROPERTIES('06Y2QM_6n8YuMFsFKb9ZwX',$,$,$,(#18605),#18627);
#18629=IFCPROPERTYSINGLEVALUE('Ax',$,IFCLABEL('0.001'),$);
#18630=IFCPROPERTYSINGLEVALUE('Ay',$,IFCLABEL('0.001'),$);
#18631=IFCSLAB('1UAlPVukn7whXD3xBbBHNF',$,$,$,$,#18652,#18642,$,$);
#18632=IFCCARTESIANPOINTLIST2D(((15000.,6000.),(18000.,6000.),(18000.,12000.),(15000.,12000.)));
#18633=IFCINDEXEDPOLYCURVE(#18632,(IFCLINEINDEX((1,2,3,4,1))),$);
#18634=IFCARBITRARYCLOSEDPROFILEDEF(.AREA.,'Arbitrary',#18633);
#18635=IFCCARTESIANPOINT((0.,0.,0.));
#18636=IFCDIRECTION((0.,0.,1.));
#18637=IFCDIRECTION((1.,0.,0.));
#18638=IFCAXIS2PLACEMENT3D(#18635,#18636,#18637);
#18639=IFCDIRECTION((0.,0.,1.));
#18640=IFCEXTRUDEDAREASOLID(#18634,#18638,#18639,-120.);
#18641=IFCSHAPEREPRESENTATION(#11,'Body','SweptSolid',(#18640));
#18642=IFCPRODUCTDEFINITIONSHAPE($,$,(#18641));
#18648=IFCCARTESIANPOINT((0.,0.,15000.));
#18649=IFCDIRECTION((0.,0.,1.));
#18650=IFCDIRECTION((1.,0.,0.));
#18651=IFCAXIS2PLACEMENT3D(#18648,#18649,#18650);
#18652=IFCLOCALPLACEMENT($,#18651);
#18653=IFCPROPERTYSET('0mLVZNXKj8aQ2PlVcMypuY',$,'Other',$,(#18655,#18656));
#18654=IFCRELDEFINESBYPROPERTIES('00vuzmOEv8F8aQfN8W_iJ1',$,$,$,(#18631),#18653);
#18655=IFCPROPERTYSINGLEVALUE('Ax',$,IFCLABEL('0.001'),$);
#18656=IFCPROPERTYSINGLEVALUE('Ay',$,IFCLABEL('0.001'),$);
#18657=IFCSLAB('3JVq$C4Vr3uuHjke3VgtJG',$,$,$,$,#18678,#18668,$,$);
#18658=IFCCARTESIANPOINTLIST2D(((18000.,6000.),(21000.,6000.),(21000.,12000.),(18000.,12000.)));
#18659=IFCINDEXEDPOLYCURVE(#18658,(IFCLINEINDEX((1,2,3,4,1))),$);
#18660=IFCARBITRARYCLOSEDPROFILEDEF(.AREA.,'Arbitrary',#18659);
#18661=IFCCARTESIANPOINT((0.,0.,0.));
#18662=IFCDIRECTION((0.,0.,1.));
#18663=IFCDIRECTION((1.,0.,0.));
#18664=IFCAXIS2PLACEMENT3D(#18661,#18662,#18663);
#18665=IFCDIRECTION((0.,0.,1.));
#18666=IFCEXTRUDEDAREASOLID(#18660,#18664,#18665,-120.);
#18667=IFCSHAPEREPRESENTATION(#11,'Body','SweptSolid',(#18666));
#18668=IFCPRODUCTDEFINITIONSHAPE($,$,(#18667));
#18674=IFCCARTESIANPOINT((0.,0.,15000.));
#18675=IFCDIRECTION((0.,0.,1.));
#18676=IFCDIRECTION((1.,0.,0.));
#18677=IFCAXIS2PLACEMENT3D(#18674,#18675,#18676);
#18678=IFCLOCALPLACEMENT($,#18677);
#18679=IFCPROPERTYSET('0V$g__SH1EEAAj1MpTR5L3',$,'Other',$,(#18681,#18682));
#18680=IFCRELDEFINESBYPROPERTIES('0Ftsr9dsP7N8bxi17afXQd',$,$,$,(#18657),#18679);
#18681=IFCPROPERTYSINGLEVALUE('Ax',$,IFCLABEL('0.001'),$);
#18682=IFCPROPERTYSINGLEVALUE('Ay',$,IFCLABEL('0.001'),$);
#18683=IFCSLAB('0EbUntQND3JuuYaukvC8m$',$,$,$,$,#18704,#18694,$,$);
#18684=IFCCARTESIANPOINTLIST2D(((21000.,6000.),(24000.,6000.),(24000.,12000.),(21000.,12000.)));
#18685=IFCINDEXEDPOLYCURVE(#18684,(IFCLINEINDEX((1,2,3,4,1))),$);
#18686=IFCARBITRARYCLOSEDPROFILEDEF(.AREA.,'Arbitrary',#18685);
#18687=IFCCARTESIANPOINT((0.,0.,0.));
#18688=IFCDIRECTION((0.,0.,1.));
#18689=IFCDIRECTION((1.,0.,0.));
#18690=IFCAXIS2PLACEMENT3D(#18687,#18688,#18689);
#18691=IFCDIRECTION((0.,0.,1.));
#18692=IFCEXTRUDEDAREASOLID(#18686,#18690,#18691,-120.);
#18693=IFCSHAPEREPRESENTATION(#11,'Body','SweptSolid',(#18692));
#18694=IFCPRODUCTDEFINITIONSHAPE($,$,(#18693));
#18700=IFCCARTESIANPOINT((0.,0.,15000.));
#18701=IFCDIRECTION((0.,0.,1.));
#18702=IFCDIRECTION((1.,0.,0.));
#18703=IFCAXIS2PLACEMENT3D(#18700,#18701,#18702);
#18704=IFCLOCALPLACEMENT($,#18703);
#18705=IFCPROPERTYSET('2yQ8rH0JP6HgsW62Hbvfkb',$,'Other',$,(#18707,#18708));
#18706=IFCRELDEFINESBYPROPERTIES('2HEuwToDb9pemA4JLfuGGd',$,$,$,(#18683),#18705);
#18707=IFCPROPERTYSINGLEVALUE('Ax',$,IFCLABEL('0.001'),$);
#18708=IFCPROPERTYSINGLEVALUE('Ay',$,IFCLABEL('0.001'),$);
#18709=IFCSLAB('0c8X0Uh8D2tfVztCE8JXUX',$,$,$,$,#18730,#18720,$,$);
#18710=IFCCARTESIANPOINTLIST2D(((6000.,0.),(9000.,0.),(9000.,6000.),(6000.,6000.)));
#18711=IFCINDEXEDPOLYCURVE(#18710,(IFCLINEINDEX((1,2,3,4,1))),$);
#18712=IFCARBITRARYCLOSEDPROFILEDEF(.AREA.,'Arbitrary',#18711);
#18713=IFCCARTESIANPOINT((0.,0.,0.));
#18714=IFCDIRECTION((0.,0.,1.));
#18715=IFCDIRECTION((1.,0.,0.));
#18716=IFCAXIS2PLACEMENT3D(#18713,#18714,#18715);
#18717=IFCDIRECTION((0.,0.,1.));
#18718=IFCEXTRUDEDAREASOLID(#18712,#18716,#18717,-120.);
#18719=IFCSHAPEREPRESENTATION(#11,'Body','SweptSolid',(#18718));
#18720=IFCPRODUCTDEFINITIONSHAPE($,$,(#18719));
#18726=IFCCARTESIANPOINT((0.,0.,15000.));
#18727=IFCDIRECTION((0.,0.,1.));
#18728=IFCDIRECTION((1.,0.,0.));
#18729=IFCAXIS2PLACEMENT3D(#18726,#18727,#18728);
#18730=IFCLOCALPLACEMENT($,#18729);
#18731=IFCPROPERTYSET('2QehrBQy9BfxwqmwmUFMJ3',$,'Other',$,(#18733,#18734));
#18732=IFCRELDEFINESBYPROPERTIES('3rR57FDLvFv98KA3SPz9tQ',$,$,$,(#18709),#18731);
#18733=IFCPROPERTYSINGLEVALUE('Ax',$,IFCLABEL('0.001'),$);
#18734=IFCPROPERTYSINGLEVALUE('Ay',$,IFCLABEL('0.001'),$);
#18735=IFCSLAB('0kJnxTQWX36uYPV_mxkpyS',$,$,$,$,#18756,#18746,$,$);
#18736=IFCCARTESIANPOINTLIST2D(((9000.,0.),(12000.,0.),(12000.,6000.),(9000.,6000.)));
#18737=IFCINDEXEDPOLYCURVE(#18736,(IFCLINEINDEX((1,2,3,4,1))),$);
#18738=IFCARBITRARYCLOSEDPROFILEDEF(.AREA.,'Arbitrary',#18737);
#18739=IFCCARTESIANPOINT((0.,0.,0.));
#18740=IFCDIRECTION((0.,0.,1.));
#18741=IFCDIRECTION((1.,0.,0.));
#18742=IFCAXIS2PLACEMENT3D(#18739,#18740,#18741);
#18743=IFCDIRECTION((0.,0.,1.));
#18744=IFCEXTRUDEDAREASOLID(#18738,#18742,#18743,-120.);
#18745=IFCSHAPEREPRESENTATION(#11,'Body','SweptSolid',(#18744));
#18746=IFCPRODUCTDEFINITIONSHAPE($,$,(#18745));
#18752=IFCCARTESIANPOINT((0.,0.,15000.));
#18753=IFCDIRECTION((0.,0.,1.));
#18754=IFCDIRECTION((1.,0.,0.));
#18755=IFCAXIS2PLACEMENT3D(#18752,#18753,#18754);
#18756=IFCLOCALPLACEMENT($,#18755);
#18757=IFCPROPERTYSET('35dEtJoQj8puAfTR9VBV8h',$,'Other',$,(#18759,#18760));
#18758=IFCRELDEFINESBYPROPERTIES('0YgktZwuP2bxAW_0uiFR$T',$,$,$,(#18735),#18757);
#18759=IFCPROPERTYSINGLEVALUE('Ax',$,IFCLABEL('0.001'),$);
#18760=IFCPROPERTYSINGLEVALUE('Ay',$,IFCLABEL('0.001'),$);
#18761=IFCSLAB('0dbqSHm7L9NOav0z1rA3V1',$,$,$,$,#18782,#18772,$,$);
#18762=IFCCARTESIANPOINTLIST2D(((12000.,0.),(15000.,0.),(15000.,6000.),(12000.,6000.)));
#18763=IFCINDEXEDPOLYCURVE(#18762,(IFCLINEINDEX((1,2,3,4,1))),$);
#18764=IFCARBITRARYCLOSEDPROFILEDEF(.AREA.,'Arbitrary',#18763);
#18765=IFCCARTESIANPOINT((0.,0.,0.));
#18766=IFCDIRECTION((0.,0.,1.));
#18767=IFCDIRECTION((1.,0.,0.));
#18768=IFCAXIS2PLACEMENT3D(#18765,#18766,#18767);
#18769=IFCDIRECTION((0.,0.,1.));
#18770=IFCEXTRUDEDAREASOLID(#18764,#18768,#18769,-120.);
#18771=IFCSHAPEREPRESENTATION(#11,'Body','SweptSolid',(#18770));
#18772=IFCPRODUCTDEFINITIONSHAPE($,$,(#18771));
#18778=IFCCARTESIANPOINT((0.,0.,15000.));
#18779=IFCDIRECTION((0.,0.,1.));
#18780=IFCDIRECTION((1.,0.,0.));
#18781=IFCAXIS2PLACEMENT3D(#18778,#18779,#18780);
#18782=IFCLOCALPLACEMENT($,#18781);
#18783=IFCPROPERTYSET('3WYJiTY8r3Sg9GgSYOkSl9',$,'Other',$,(#18785,#18786));
#18784=IFCRELDEFINESBYPROPERTIES('3T32Y1WfD5uxahyoqT5kx9',$,$,$,(#18761),#18783);
#18785=IFCPROPERTYSINGLEVALUE('Ax',$,IFCLABEL('0.001'),$);
#18786=IFCPROPERTYSINGLEVALUE('Ay',$,IFCLABEL('0.001'),$);
#18787=IFCSLAB('1UrwquEg1EOfdONz8bD5oT',$,$,$,$,#18808,#18798,$,$);
#18788=IFCCARTESIANPOINTLIST2D(((15000.,0.),(18000.,0.),(18000.,6000.),(15000.,6000.)));
#18789=IFCINDEXEDPOLYCURVE(#18788,(IFCLINEINDEX((1,2,3,4,1))),$);
#18790=IFCARBITRARYCLOSEDPROFILEDEF(.AREA.,'Arbitrary',#18789);
#18791=IFCCARTESIANPOINT((0.,0.,0.));
#18792=IFCDIRECTION((0.,0.,1.));
#18793=IFCDIRECTION((1.,0.,0.));
#18794=IFCAXIS2PLACEMENT3D(#18791,#18792,#18793);
#18795=IFCDIRECTION((0.,0.,1.));
#18796=IFCEXTRUDEDAREASOLID(#18790,#18794,#18795,-120.);
#18797=IFCSHAPEREPRESENTATION(#11,'Body','SweptSolid',(#18796));
#18798=IFCPRODUCTDEFINITIONSHAPE($,$,(#18797));
#18804=IFCCARTESIANPOINT((0.,0.,15000.));
#18805=IFCDIRECTION((0.,0.,1.));
#18806=IFCDIRECTION((1.,0.,0.));
#18807=IFCAXIS2PLACEMENT3D(#18804,#18805,#18806);
#18808=IFCLOCALPLACEMENT($,#18807);
#18809=IFCPROPERTYSET('02SeL23a16nvHUV3kb9W_f',$,'Other',$,(#18811,#18812));
#18810=IFCRELDEFINESBYPROPERTIES('33QT7Rl5rD7Bueh2_z9Y8i',$,$,$,(#18787),#18809);
#18811=IFCPROPERTYSINGLEVALUE('Ax',$,IFCLABEL('0.001'),$);
#18812=IFCPROPERTYSINGLEVALUE('Ay',$,IFCLABEL('0.001'),$);
#18813=IFCSLAB('3Ol_C_TV59ZuzZKEsDh0Jv',$,$,$,$,#18834,#18824,$,$);
#18814=IFCCARTESIANPOINTLIST2D(((18000.,0.),(21000.,0.),(21000.,6000.),(18000.,6000.)));
#18815=IFCINDEXEDPOLYCURVE(#18814,(IFCLINEINDEX((1,2,3,4,1))),$);
#18816=IFCARBITRARYCLOSEDPROFILEDEF(.AREA.,'Arbitrary',#18815);
#18817=IFCCARTESIANPOINT((0.,0.,0.));
#18818=IFCDIRECTION((0.,0.,1.));
#18819=IFCDIRECTION((1.,0.,0.));
#18820=IFCAXIS2PLACEMENT3D(#18817,#18818,#18819);
#18821=IFCDIRECTION((0.,0.,1.));
#18822=IFCEXTRUDEDAREASOLID(#18816,#18820,#18821,-120.);
#18823=IFCSHAPEREPRESENTATION(#11,'Body','SweptSolid',(#18822));
#18824=IFCPRODUCTDEFINITIONSHAPE($,$,(#18823));
#18830=IFCCARTESIANPOINT((0.,0.,15000.));
#18831=IFCDIRECTION((0.,0.,1.));
#18832=IFCDIRECTION((1.,0.,0.));
#18833=IFCAXIS2PLACEMENT3D(#18830,#18831,#18832);
#18834=IFCLOCALPLACEMENT($,#18833);
#18835=IFCPROPERTYSET('12kb2HLLv6nRvO5zJE7tHT',$,'Other',$,(#18837,#18838));
#18836=IFCRELDEFINESBYPROPERTIES('2TL_Oy5Pv2qPYtcO6c5xiv',$,$,$,(#18813),#18835);
#18837=IFCPROPERTYSINGLEVALUE('Ax',$,IFCLABEL('0.001'),$);
#18838=IFCPROPERTYSINGLEVALUE('Ay',$,IFCLABEL('0.001'),$);
#18839=IFCSLAB('0952$eN5f20x2uW4MbSy4m',$,$,$,$,#18860,#18850,$,$);
#18840=IFCCARTESIANPOINTLIST2D(((21000.,0.),(24000.,0.),(24000.,6000.),(21000.,6000.)));
#18841=IFCINDEXEDPOLYCURVE(#18840,(IFCLINEINDEX((1,2,3,4,1))),$);
#18842=IFCARBITRARYCLOSEDPROFILEDEF(.AREA.,'Arbitrary',#18841);
#18843=IFCCARTESIANPOINT((0.,0.,0.));
#18844=IFCDIRECTION((0.,0.,1.));
#18845=IFCDIRECTION((1.,0.,0.));
#18846=IFCAXIS2PLACEMENT3D(#18843,#18844,#18845);
#18847=IFCDIRECTION((0.,0.,1.));
#18848=IFCEXTRUDEDAREASOLID(#18842,#18846,#18847,-120.);
#18849=IFCSHAPEREPRESENTATION(#11,'Body','SweptSolid',(#18848));
#18850=IFCPRODUCTDEFINITIONSHAPE($,$,(#18849));
#18856=IFCCARTESIANPOINT((0.,0.,15000.));
#18857=IFCDIRECTION((0.,0.,1.));
#18858=IFCDIRECTION((1.,0.,0.));
#18859=IFCAXIS2PLACEMENT3D(#18856,#18857,#18858);
#18860=IFCLOCALPLACEMENT($,#18859);
#18861=IFCPROPERTYSET('2jK8K4ZdP5thmR45XMgRE5',$,'Other',$,(#18863,#18864));
#18862=IFCRELDEFINESBYPROPERTIES('231qMnvqDC8RlDFYqUzJip',$,$,$,(#18839),#18861);
#18863=IFCPROPERTYSINGLEVALUE('Ax',$,IFCLABEL('0.001'),$);
#18864=IFCPROPERTYSINGLEVALUE('Ay',$,IFCLABEL('0.001'),$);
#18865=IFCSLAB('2TRA2ipuvFxxv6HKRQY4Yz',$,$,$,$,#18886,#18876,$,$);
#18866=IFCCARTESIANPOINTLIST2D(((3000.,0.),(6000.,0.),(6000.,6000.),(3000.,6000.)));
#18867=IFCINDEXEDPOLYCURVE(#18866,(IFCLINEINDEX((1,2,3,4,1))),$);
#18868=IFCARBITRARYCLOSEDPROFILEDEF(.AREA.,'Arbitrary',#18867);
#18869=IFCCARTESIANPOINT((0.,0.,0.));
#18870=IFCDIRECTION((0.,0.,1.));
#18871=IFCDIRECTION((1.,0.,0.));
#18872=IFCAXIS2PLACEMENT3D(#18869,#18870,#18871);
#18873=IFCDIRECTION((0.,0.,1.));
#18874=IFCEXTRUDEDAREASOLID(#18868,#18872,#18873,-120.);
#18875=IFCSHAPEREPRESENTATION(#11,'Body','SweptSolid',(#18874));
#18876=IFCPRODUCTDEFINITIONSHAPE($,$,(#18875));
#18882=IFCCARTESIANPOINT((0.,0.,15000.));
#18883=IFCDIRECTION((0.,0.,1.));
#18884=IFCDIRECTION((1.,0.,0.));
#18885=IFCAXIS2PLACEMENT3D(#18882,#18883,#18884);
#18886=IFCLOCALPLACEMENT($,#18885);
#18887=IFCPROPERTYSET('1_l0JnQAfD8f$FjM4LQ8HA',$,'Other',$,(#18889,#18890));
#18888=IFCRELDEFINESBYPROPERTIES('1V7dAK5inEEwC9knRIZKp_',$,$,$,(#18865),#18887);
#18889=IFCPROPERTYSINGLEVALUE('Ax',$,IFCLABEL('0.001'),$);
#18890=IFCPROPERTYSINGLEVALUE('Ay',$,IFCLABEL('0.001'),$);
#18891=IFCSLAB('1qsargdFb2tPCA2cn1eVCq',$,$,$,$,#18912,#18902,$,$);
#18892=IFCCARTESIANPOINTLIST2D(((24000.,6000.),(27000.,6000.),(27000.,12000.),(24000.,12000.)));
#18893=IFCINDEXEDPOLYCURVE(#18892,(IFCLINEINDEX((1,2,3,4,1))),$);
#18894=IFCARBITRARYCLOSEDPROFILEDEF(.AREA.,'Arbitrary',#18893);
#18895=IFCCARTESIANPOINT((0.,0.,0.));
#18896=IFCDIRECTION((0.,0.,1.));
#18897=IFCDIRECTION((1.,0.,0.));
#18898=IFCAXIS2PLACEMENT3D(#18895,#18896,#18897);
#18899=IFCDIRECTION((0.,0.,1.));
#18900=IFCEXTRUDEDAREASOLID(#18894,#18898,#18899,-120.);
#18901=IFCSHAPEREPRESENTATION(#11,'Body','SweptSolid',(#18900));
#18902=IFCPRODUCTDEFINITIONSHAPE($,$,(#18901));
#18908=IFCCARTESIANPOINT((0.,0.,15000.));
#18909=IFCDIRECTION((0.,0.,1.));
#18910=IFCDIRECTION((1.,0.,0.));
#18911=IFCAXIS2PLACEMENT3D(#18908,#18909,#18910);
#18912=IFCLOCALPLACEMENT($,#18911);
#18913=IFCPROPERTYSET('3u9oRZhnP1pA$vaONA4z5E',$,'Other',$,(#18915,#18916));
#18914=IFCRELDEFINESBYPROPERTIES('2S3yp25bjDWBCs1ZA9Ep1Q',$,$,$,(#18891),#18913);
#18915=IFCPROPERTYSINGLEVALUE('Ax',$,IFCLABEL('0.001'),$);
#18916=IFCPROPERTYSINGLEVALUE('Ay',$,IFCLABEL('0.001'),$);
#18917=IFCSLAB('1VwnVo7WX9lA4YZ4krP9$l',$,$,$,$,#18938,#18928,$,$);
#18918=IFCCARTESIANPOINTLIST2D(((0.,6000.),(3000.,6000.),(3000.,12000.),(0.,12000.)));
#18919=IFCINDEXEDPOLYCURVE(#18918,(IFCLINEINDEX((1,2,3,4,1))),$);
#18920=IFCARBITRARYCLOSEDPROFILEDEF(.AREA.,'Arbitrary',#18919);
#18921=IFCCARTESIANPOINT((0.,0.,0.));
#18922=IFCDIRECTION((0.,0.,1.));
#18923=IFCDIRECTION((1.,0.,0.));
#18924=IFCAXIS2PLACEMENT3D(#18921,#18922,#18923);
#18925=IFCDIRECTION((0.,0.,1.));
#18926=IFCEXTRUDEDAREASOLID(#18920,#18924,#18925,-120.);
#18927=IFCSHAPEREPRESENTATION(#11,'Body','SweptSolid',(#18926));
#18928=IFCPRODUCTDEFINITIONSHAPE($,$,(#18927));
#18934=IFCCARTESIANPOINT((0.,0.,12000.));
#18935=IFCDIRECTION((0.,0.,1.));
#18936=IFCDIRECTION((1.,0.,0.));
#18937=IFCAXIS2PLACEMENT3D(#18934,#18935,#18936);
#18938=IFCLOCALPLACEMENT($,#18937);
#18939=IFCPROPERTYSET('0aliI9BKPCe83SbWW7FZtv',$,'Other',$,(#18941,#18942));
#18940=IFCRELDEFINESBYPROPERTIES('3sZzZB9CL3POtDdUwh17Hh',$,$,$,(#18917),#18939);
#18941=IFCPROPERTYSINGLEVALUE('Ax',$,IFCLABEL('0.001'),$);
#18942=IFCPROPERTYSINGLEVALUE('Ay',$,IFCLABEL('0.001'),$);
#18943=IFCSLAB('0q6PJcF$f8Nv4PCDZ_p1av',$,$,$,$,#18964,#18954,$,$);
#18944=IFCCARTESIANPOINTLIST2D(((3000.,6000.),(6000.,6000.),(6000.,12000.),(3000.,12000.)));
#18945=IFCINDEXEDPOLYCURVE(#18944,(IFCLINEINDEX((1,2,3,4,1))),$);
#18946=IFCARBITRARYCLOSEDPROFILEDEF(.AREA.,'Arbitrary',#18945);
#18947=IFCCARTESIANPOINT((0.,0.,0.));
#18948=IFCDIRECTION((0.,0.,1.));
#18949=IFCDIRECTION((1.,0.,0.));
#18950=IFCAXIS2PLACEMENT3D(#18947,#18948,#18949);
#18951=IFCDIRECTION((0.,0.,1.));
#18952=IFCEXTRUDEDAREASOLID(#18946,#18950,#18951,-120.);
#18953=IFCSHAPEREPRESENTATION(#11,'Body','SweptSolid',(#18952));
#18954=IFCPRODUCTDEFINITIONSHAPE($,$,(#18953));
#18960=IFCCARTESIANPOINT((0.,0.,12000.));
#18961=IFCDIRECTION((0.,0.,1.));
#18962=IFCDIRECTION((1.,0.,0.));
#18963=IFCAXIS2PLACEMENT3D(#18960,#18961,#18962);
#18964=IFCLOCALPLACEMENT($,#18963);
#18965=IFCPROPERTYSET('29W8WyF795yPf1LV_Zj5lH',$,'Other',$,(#18967,#18968));
#18966=IFCRELDEFINESBYPROPERTIES('0fp5MSEH5Ej90DRmH3OQYy',$,$,$,(#18943),#18965);
#18967=IFCPROPERTYSINGLEVALUE('Ax',$,IFCLABEL('0.001'),$);
#18968=IFCPROPERTYSINGLEVALUE('Ay',$,IFCLABEL('0.001'),$);
#18969=IFCSLAB('2xElAFjo99NRjUXNe2mH7G',$,$,$,$,#18990,#18980,$,$);
#18970=IFCCARTESIANPOINTLIST2D(((0.,12000.),(3000.,12000.),(3000.,18000.),(0.,18000.)));
#18971=IFCINDEXEDPOLYCURVE(#18970,(IFCLINEINDEX((1,2,3,4,1))),$);
#18972=IFCARBITRARYCLOSEDPROFILEDEF(.AREA.,'Arbitrary',#18971);
#18973=IFCCARTESIANPOINT((0.,0.,0.));
#18974=IFCDIRECTION((0.,0.,1.));
#18975=IFCDIRECTION((1.,0.,0.));
#18976=IFCAXIS2PLACEMENT3D(#18973,#18974,#18975);
#18977=IFCDIRECTION((0.,0.,1.));
#18978=IFCEXTRUDEDAREASOLID(#18972,#18976,#18977,-120.);
#18979=IFCSHAPEREPRESENTATION(#11,'Body','SweptSolid',(#18978));
#18980=IFCPRODUCTDEFINITIONSHAPE($,$,(#18979));
#18986=IFCCARTESIANPOINT((0.,0.,12000.));
#18987=IFCDIRECTION((0.,0.,1.));
#18988=IFCDIRECTION((1.,0.,0.));
#18989=IFCAXIS2PLACEMENT3D(#18986,#18987,#18988);
#18990=IFCLOCALPLACEMENT($,#18989);
#18991=IFCPROPERTYSET('2SU7ELTW142xT4NhFclkIz',$,'Other',$,(#18993,#18994));
#18992=IFCRELDEFINESBYPROPERTIES('1yvGW5tUHFY9QqWmOOQXFL',$,$,$,(#18969),#18991);
#18993=IFCPROPERTYSINGLEVALUE('Ax',$,IFCLABEL('0.001'),$);
#18994=IFCPROPERTYSINGLEVALUE('Ay',$,IFCLABEL('0.001'),$);
#18995=IFCSLAB('0MFL6f3ob9ghS$X0BfNLHV',$,$,$,$,#19016,#19006,$,$);
#18996=IFCCARTESIANPOINTLIST2D(((3000.,12000.),(6000.,12000.),(6000.,18000.),(3000.,18000.)));
#18997=IFCINDEXEDPOLYCURVE(#18996,(IFCLINEINDEX((1,2,3,4,1))),$);
#18998=IFCARBITRARYCLOSEDPROFILEDEF(.AREA.,'Arbitrary',#18997);
#18999=IFCCARTESIANPOINT((0.,0.,0.));
#19000=IFCDIRECTION((0.,0.,1.));
#19001=IFCDIRECTION((1.,0.,0.));
#19002=IFCAXIS2PLACEMENT3D(#18999,#19000,#19001);
#19003=IFCDIRECTION((0.,0.,1.));
#19004=IFCEXTRUDEDAREASOLID(#18998,#19002,#19003,-120.);
#19005=IFCSHAPEREPRESENTATION(#11,'Body','SweptSolid',(#19004));
#19006=IFCPRODUCTDEFINITIONSHAPE($,$,(#19005));
#19012=IFCCARTESIANPOINT((0.,0.,12000.));
#19013=IFCDIRECTION((0.,0.,1.));
#19014=IFCDIRECTION((1.,0.,0.));
#19015=IFCAXIS2PLACEMENT3D(#19012,#19013,#19014);
#19016=IFCLOCALPLACEMENT($,#19015);
#19017=IFCPROPERTYSET('26ECcueWH8egAzFr4071D_',$,'Other',$,(#19019,#19020));
#19018=IFCRELDEFINESBYPROPERTIES('08_fZMMlL40xAHhNg2D0Oh',$,$,$,(#18995),#19017);
#19019=IFCPROPERTYSINGLEVALUE('Ax',$,IFCLABEL('0.001'),$);
#19020=IFCPROPERTYSINGLEVALUE('Ay',$,IFCLABEL('0.001'),$);
#19021=IFCSLAB('0ynvPtq3L0VxwdlIg17IYH',$,$,$,$,#19042,#19032,$,$);
#19022=IFCCARTESIANPOINTLIST2D(((6000.,12000.),(9000.,12000.),(9000.,18000.),(6000.,18000.)));
#19023=IFCINDEXEDPOLYCURVE(#19022,(IFCLINEINDEX((1,2,3,4,1))),$);
#19024=IFCARBITRARYCLOSEDPROFILEDEF(.AREA.,'Arbitrary',#19023);
#19025=IFCCARTESIANPOINT((0.,0.,0.));
#19026=IFCDIRECTION((0.,0.,1.));
#19027=IFCDIRECTION((1.,0.,0.));
#19028=IFCAXIS2PLACEMENT3D(#19025,#19026,#19027);
#19029=IFCDIRECTION((0.,0.,1.));
#19030=IFCEXTRUDEDAREASOLID(#19024,#19028,#19029,-120.);
#19031=IFCSHAPEREPRESENTATION(#11,'Body','SweptSolid',(#19030));
#19032=IFCPRODUCTDEFINITIONSHAPE($,$,(#19031));
#19038=IFCCARTESIANPOINT((0.,0.,12000.));
#19039=IFCDIRECTION((0.,0.,1.));
#19040=IFCDIRECTION((1.,0.,0.));
#19041=IFCAXIS2PLACEMENT3D(#19038,#19039,#19040);
#19042=IFCLOCALPLACEMENT($,#19041);
#19043=IFCPROPERTYSET('0NGHmbdkj3bfKzzw9vensw',$,'Other',$,(#19045,#19046));
#19044=IFCRELDEFINESBYPROPERTIES('3lSZOvUBH5UO3GpkOKD3aJ',$,$,$,(#19021),#19043);
#19045=IFCPROPERTYSINGLEVALUE('Ax',$,IFCLABEL('0.001'),$);
#19046=IFCPROPERTYSINGLEVALUE('Ay',$,IFCLABEL('0.001'),$);
#19047=IFCSLAB('3W6LQqrXrEgQthg0_C84Dp',$,$,$,$,#19068,#19058,$,$);
#19048=IFCCARTESIANPOINTLIST2D(((9000.,12000.),(12000.,12000.),(12000.,18000.),(9000.,18000.)));
#19049=IFCINDEXEDPOLYCURVE(#19048,(IFCLINEINDEX((1,2,3,4,1))),$);
#19050=IFCARBITRARYCLOSEDPROFILEDEF(.AREA.,'Arbitrary',#19049);
#19051=IFCCARTESIANPOINT((0.,0.,0.));
#19052=IFCDIRECTION((0.,0.,1.));
#19053=IFCDIRECTION((1.,0.,0.));
#19054=IFCAXIS2PLACEMENT3D(#19051,#19052,#19053);
#19055=IFCDIRECTION((0.,0.,1.));
#19056=IFCEXTRUDEDAREASOLID(#19050,#19054,#19055,-120.);
#19057=IFCSHAPEREPRESENTATION(#11,'Body','SweptSolid',(#19056));
#19058=IFCPRODUCTDEFINITIONSHAPE($,$,(#19057));
#19064=IFCCARTESIANPOINT((0.,0.,12000.));
#19065=IFCDIRECTION((0.,0.,1.));
#19066=IFCDIRECTION((1.,0.,0.));
#19067=IFCAXIS2PLACEMENT3D(#19064,#19065,#19066);
#19068=IFCLOCALPLACEMENT($,#19067);
#19069=IFCPROPERTYSET('01Wd1hAuLAgQAoKyZcajFj',$,'Other',$,(#19071,#19072));
#19070=IFCRELDEFINESBYPROPERTIES('3k2s7gewj38wZWog1onOUx',$,$,$,(#19047),#19069);
#19071=IFCPROPERTYSINGLEVALUE('Ax',$,IFCLABEL('0.001'),$);
#19072=IFCPROPERTYSINGLEVALUE('Ay',$,IFCLABEL('0.001'),$);
#19073=IFCSLAB('1MqMhDPV59V8PkkFWXDSX1',$,$,$,$,#19094,#19084,$,$);
#19074=IFCCARTESIANPOINTLIST2D(((12000.,12000.),(15000.,12000.),(15000.,18000.),(12000.,18000.)));
#19075=IFCINDEXEDPOLYCURVE(#19074,(IFCLINEINDEX((1,2,3,4,1))),$);
#19076=IFCARBITRARYCLOSEDPROFILEDEF(.AREA.,'Arbitrary',#19075);
#19077=IFCCARTESIANPOINT((0.,0.,0.));
#19078=IFCDIRECTION((0.,0.,1.));
#19079=IFCDIRECTION((1.,0.,0.));
#19080=IFCAXIS2PLACEMENT3D(#19077,#19078,#19079);
#19081=IFCDIRECTION((0.,0.,1.));
#19082=IFCEXTRUDEDAREASOLID(#19076,#19080,#19081,-120.);
#19083=IFCSHAPEREPRESENTATION(#11,'Body','SweptSolid',(#19082));
#19084=IFCPRODUCTDEFINITIONSHAPE($,$,(#19083));
#19090=IFCCARTESIANPOINT((0.,0.,12000.));
#19091=IFCDIRECTION((0.,0.,1.));
#19092=IFCDIRECTION((1.,0.,0.));
#19093=IFCAXIS2PLACEMENT3D(#19090,#19091,#19092);
#19094=IFCLOCALPLACEMENT($,#19093);
#19095=IFCPROPERTYSET('38mpGzwdH52vTLpmibptuy',$,'Other',$,(#19097,#19098));
#19096=IFCRELDEFINESBYPROPERTIES('1I5yB6Uvv8KhIXVvNCTgWy',$,$,$,(#19073),#19095);
#19097=IFCPROPERTYSINGLEVALUE('Ax',$,IFCLABEL('0.001'),$);
#19098=IFCPROPERTYSINGLEVALUE('Ay',$,IFCLABEL('0.001'),$);
#19099=IFCSLAB('0wmZ_VcAr13xgsKyNuhEUV',$,$,$,$,#19120,#19110,$,$);
#19100=IFCCARTESIANPOINTLIST2D(((15000.,12000.),(18000.,12000.),(18000.,18000.),(15000.,18000.)));
#19101=IFCINDEXEDPOLYCURVE(#19100,(IFCLINEINDEX((1,2,3,4,1))),$);
#19102=IFCARBITRARYCLOSEDPROFILEDEF(.AREA.,'Arbitrary',#19101);
#19103=IFCCARTESIANPOINT((0.,0.,0.));
#19104=IFCDIRECTION((0.,0.,1.));
#19105=IFCDIRECTION((1.,0.,0.));
#19106=IFCAXIS2PLACEMENT3D(#19103,#19104,#19105);
#19107=IFCDIRECTION((0.,0.,1.));
#19108=IFCEXTRUDEDAREASOLID(#19102,#19106,#19107,-120.);
#19109=IFCSHAPEREPRESENTATION(#11,'Body','SweptSolid',(#19108));
#19110=IFCPRODUCTDEFINITIONSHAPE($,$,(#19109));
#19116=IFCCARTESIANPOINT((0.,0.,12000.));
#19117=IFCDIRECTION((0.,0.,1.));
#19118=IFCDIRECTION((1.,0.,0.));
#19119=IFCAXIS2PLACEMENT3D(#19116,#19117,#19118);
#19120=IFCLOCALPLACEMENT($,#19119);
#19121=IFCPROPERTYSET('2xGv8IZYH76x$WEY5Ohwkk',$,'Other',$,(#19123,#19124));
#19122=IFCRELDEFINESBYPROPERTIES('2a82$tWDv0GQCVbEOjuDpo',$,$,$,(#19099),#19121);
#19123=IFCPROPERTYSINGLEVALUE('Ax',$,IFCLABEL('0.001'),$);
#19124=IFCPROPERTYSINGLEVALUE('Ay',$,IFCLABEL('0.001'),$);
#19125=IFCSLAB('05Zx5dW_b7h8ue849F5JYM',$,$,$,$,#19146,#19136,$,$);
#19126=IFCCARTESIANPOINTLIST2D(((18000.,12000.),(21000.,12000.),(21000.,18000.),(18000.,18000.)));
#19127=IFCINDEXEDPOLYCURVE(#19126,(IFCLINEINDEX((1,2,3,4,1))),$);
#19128=IFCARBITRARYCLOSEDPROFILEDEF(.AREA.,'Arbitrary',#19127);
#19129=IFCCARTESIANPOINT((0.,0.,0.));
#19130=IFCDIRECTION((0.,0.,1.));
#19131=IFCDIRECTION((1.,0.,0.));
#19132=IFCAXIS2PLACEMENT3D(#19129,#19130,#19131);
#19133=IFCDIRECTION((0.,0.,1.));
#19134=IFCEXTRUDEDAREASOLID(#19128,#19132,#19133,-120.);
#19135=IFCSHAPEREPRESENTATION(#11,'Body','SweptSolid',(#19134));
#19136=IFCPRODUCTDEFINITIONSHAPE($,$,(#19135));
#19142=IFCCARTESIANPOINT((0.,0.,12000.));
#19143=IFCDIRECTION((0.,0.,1.));
#19144=IFCDIRECTION((1.,0.,0.));
#19145=IFCAXIS2PLACEMENT3D(#19142,#19143,#19144);
#19146=IFCLOCALPLACEMENT($,#19145);
#19147=IFCPROPERTYSET('2SIBOIDoz2PwNoi41YIPoc',$,'Other',$,(#19149,#19150));
#19148=IFCRELDEFINESBYPROPERTIES('3gF_wEanPFxB8buOOV0ACO',$,$,$,(#19125),#19147);
#19149=IFCPROPERTYSINGLEVALUE('Ax',$,IFCLABEL('0.001'),$);
#19150=IFCPROPERTYSINGLEVALUE('Ay',$,IFCLABEL('0.001'),$);
#19151=IFCSLAB('2Gj6ByGHfFRAL7jHGp9n9E',$,$,$,$,#19172,#19162,$,$);
#19152=IFCCARTESIANPOINTLIST2D(((21000.,12000.),(24000.,12000.),(24000.,18000.),(21000.,18000.)));
#19153=IFCINDEXEDPOLYCURVE(#19152,(IFCLINEINDEX((1,2,3,4,1))),$);
#19154=IFCARBITRARYCLOSEDPROFILEDEF(.AREA.,'Arbitrary',#19153);
#19155=IFCCARTESIANPOINT((0.,0.,0.));
#19156=IFCDIRECTION((0.,0.,1.));
#19157=IFCDIRECTION((1.,0.,0.));
#19158=IFCAXIS2PLACEMENT3D(#19155,#19156,#19157);
#19159=IFCDIRECTION((0.,0.,1.));
#19160=IFCEXTRUDEDAREASOLID(#19154,#19158,#19159,-120.);
#19161=IFCSHAPEREPRESENTATION(#11,'Body','SweptSolid',(#19160));
#19162=IFCPRODUCTDEFINITIONSHAPE($,$,(#19161));
#19168=IFCCARTESIANPOINT((0.,0.,12000.));
#19169=IFCDIRECTION((0.,0.,1.));
#19170=IFCDIRECTION((1.,0.,0.));
#19171=IFCAXIS2PLACEMENT3D(#19168,#19169,#19170);
#19172=IFCLOCALPLACEMENT($,#19171);
#19173=IFCPROPERTYSET('1Pj2IQcR13V9goyqtfpKod',$,'Other',$,(#19175,#19176));
#19174=IFCRELDEFINESBYPROPERTIES('18uaM3v_5BJhLa7IZyL05J',$,$,$,(#19151),#19173);
#19175=IFCPROPERTYSINGLEVALUE('Ax',$,IFCLABEL('0.001'),$);
#19176=IFCPROPERTYSINGLEVALUE('Ay',$,IFCLABEL('0.001'),$);
#19177=IFCSLAB('1egT_f$399wOQjs8Q91qK9',$,$,$,$,#19198,#19188,$,$);
#19178=IFCCARTESIANPOINTLIST2D(((6000.,6000.),(9000.,6000.),(9000.,12000.),(6000.,12000.)));
#19179=IFCINDEXEDPOLYCURVE(#19178,(IFCLINEINDEX((1,2,3,4,1))),$);
#19180=IFCARBITRARYCLOSEDPROFILEDEF(.AREA.,'Arbitrary',#19179);
#19181=IFCCARTESIANPOINT((0.,0.,0.));
#19182=IFCDIRECTION((0.,0.,1.));
#19183=IFCDIRECTION((1.,0.,0.));
#19184=IFCAXIS2PLACEMENT3D(#19181,#19182,#19183);
#19185=IFCDIRECTION((0.,0.,1.));
#19186=IFCEXTRUDEDAREASOLID(#19180,#19184,#19185,-120.);
#19187=IFCSHAPEREPRESENTATION(#11,'Body','SweptSolid',(#19186));
#19188=IFCPRODUCTDEFINITIONSHAPE($,$,(#19187));
#19194=IFCCARTESIANPOINT((0.,0.,12000.));
#19195=IFCDIRECTION((0.,0.,1.));
#19196=IFCDIRECTION((1.,0.,0.));
#19197=IFCAXIS2PLACEMENT3D(#19194,#19195,#19196);
#19198=IFCLOCALPLACEMENT($,#19197);
#19199=IFCPROPERTYSET('3e6z0Drof5UeTjd3PoFICt',$,'Other',$,(#19201,#19202));
#19200=IFCRELDEFINESBYPROPERTIES('2oGY5C$Yv0EevgvldZ1Qkr',$,$,$,(#19177),#19199);
#19201=IFCPROPERTYSINGLEVALUE('Ax',$,IFCLABEL('0.001'),$);
#19202=IFCPROPERTYSINGLEVALUE('Ay',$,IFCLABEL('0.001'),$);
#19203=IFCSLAB('3j39DdqVb2ovcFmxU3VuPr',$,$,$,$,#19224,#19214,$,$);
#19204=IFCCARTESIANPOINTLIST2D(((9000.,6000.),(12000.,6000.),(12000.,12000.),(9000.,12000.)));
#19205=IFCINDEXEDPOLYCURVE(#19204,(IFCLINEINDEX((1,2,3,4,1))),$);
#19206=IFCARBITRARYCLOSEDPROFILEDEF(.AREA.,'Arbitrary',#19205);
#19207=IFCCARTESIANPOINT((0.,0.,0.));
#19208=IFCDIRECTION((0.,0.,1.));
#19209=IFCDIRECTION((1.,0.,0.));
#19210=IFCAXIS2PLACEMENT3D(#19207,#19208,#19209);
#19211=IFCDIRECTION((0.,0.,1.));
#19212=IFCEXTRUDEDAREASOLID(#19206,#19210,#19211,-120.);
#19213=IFCSHAPEREPRESENTATION(#11,'Body','SweptSolid',(#19212));
#19214=IFCPRODUCTDEFINITIONSHAPE($,$,(#19213));
#19220=IFCCARTESIANPOINT((0.,0.,12000.));
#19221=IFCDIRECTION((0.,0.,1.));
#19222=IFCDIRECTION((1.,0.,0.));
#19223=IFCAXIS2PLACEMENT3D(#19220,#19221,#19222);
#19224=IFCLOCALPLACEMENT($,#19223);
#19225=IFCPROPERTYSET('1$93GuOI9DD8o_M8CfwUpQ',$,'Other',$,(#19227,#19228));
#19226=IFCRELDEFINESBYPROPERTIES('3sMUrEs5fFCxlZfr5H5QMj',$,$,$,(#19203),#19225);
#19227=IFCPROPERTYSINGLEVALUE('Ax',$,IFCLABEL('0.001'),$);
#19228=IFCPROPERTYSINGLEVALUE('Ay',$,IFCLABEL('0.001'),$);
#19229=IFCSLAB('3cMtuBwQn8WeQ_mg92OS8l',$,$,$,$,#19250,#19240,$,$);
#19230=IFCCARTESIANPOINTLIST2D(((12000.,6000.),(15000.,6000.),(15000.,12000.),(12000.,12000.)));
#19231=IFCINDEXEDPOLYCURVE(#19230,(IFCLINEINDEX((1,2,3,4,1))),$);
#19232=IFCARBITRARYCLOSEDPROFILEDEF(.AREA.,'Arbitrary',#19231);
#19233=IFCCARTESIANPOINT((0.,0.,0.));
#19234=IFCDIRECTION((0.,0.,1.));
#19235=IFCDIRECTION((1.,0.,0.));
#19236=IFCAXIS2PLACEMENT3D(#19233,#19234,#19235);
#19237=IFCDIRECTION((0.,0.,1.));
#19238=IFCEXTRUDEDAREASOLID(#19232,#19236,#19237,-120.);
#19239=IFCSHAPEREPRESENTATION(#11,'Body','SweptSolid',(#19238));
#19240=IFCPRODUCTDEFINITIONSHAPE($,$,(#19239));
#19246=IFCCARTESIANPOINT((0.,0.,12000.));
#19247=IFCDIRECTION((0.,0.,1.));
#19248=IFCDIRECTION((1.,0.,0.));
#19249=IFCAXIS2PLACEMENT3D(#19246,#19247,#19248);
#19250=IFCLOCALPLACEMENT($,#19249);
#19251=IFCPROPERTYSET('3aUqrapzT0bxkWWHXaV$9I',$,'Other',$,(#19253,#19254));
#19252=IFCRELDEFINESBYPROPERTIES('3WSeiI3sHFROJc9V27FCFm',$,$,$,(#19229),#19251);
#19253=IFCPROPERTYSINGLEVALUE('Ax',$,IFCLABEL('0.001'),$);
#19254=IFCPROPERTYSINGLEVALUE('Ay',$,IFCLABEL('0.001'),$);
#19255=IFCSLAB('2BJobsnQ96lOvyDP2dfJ9F',$,$,$,$,#19276,#19266,$,$);
#19256=IFCCARTESIANPOINTLIST2D(((15000.,6000.),(18000.,6000.),(18000.,12000.),(15000.,12000.)));
#19257=IFCINDEXEDPOLYCURVE(#19256,(IFCLINEINDEX((1,2,3,4,1))),$);
#19258=IFCARBITRARYCLOSEDPROFILEDEF(.AREA.,'Arbitrary',#19257);
#19259=IFCCARTESIANPOINT((0.,0.,0.));
#19260=IFCDIRECTION((0.,0.,1.));
#19261=IFCDIRECTION((1.,0.,0.));
#19262=IFCAXIS2PLACEMENT3D(#19259,#19260,#19261);
#19263=IFCDIRECTION((0.,0.,1.));
#19264=IFCEXTRUDEDAREASOLID(#19258,#19262,#19263,-120.);
#19265=IFCSHAPEREPRESENTATION(#11,'Body','SweptSolid',(#19264));
#19266=IFCPRODUCTDEFINITIONSHAPE($,$,(#19265));
#19272=IFCCARTESIANPOINT((0.,0.,12000.));
#19273=IFCDIRECTION((0.,0.,1.));
#19274=IFCDIRECTION((1.,0.,0.));
#19275=IFCAXIS2PLACEMENT3D(#19272,#19273,#19274);
#19276=IFCLOCALPLACEMENT($,#19275);
#19277=IFCPROPERTYSET('2khZt2t5HDpeqc$CLDSbsh',$,'Other',$,(#19279,#19280));
#19278=IFCRELDEFINESBYPROPERTIES('3f4f1Jpc55Ifbx2x31AaCe',$,$,$,(#19255),#19277);
#19279=IFCPROPERTYSINGLEVALUE('Ax',$,IFCLABEL('0.001'),$);
#19280=IFCPROPERTYSINGLEVALUE('Ay',$,IFCLABEL('0.001'),$);
#19281=IFCSLAB('2ctD0QEr51uxZjD1h6IK6I',$,$,$,$,#19302,#19292,$,$);
#19282=IFCCARTESIANPOINTLIST2D(((18000.,6000.),(21000.,6000.),(21000.,12000.),(18000.,12000.)));
#19283=IFCINDEXEDPOLYCURVE(#19282,(IFCLINEINDEX((1,2,3,4,1))),$);
#19284=IFCARBITRARYCLOSEDPROFILEDEF(.AREA.,'Arbitrary',#19283);
#19285=IFCCARTESIANPOINT((0.,0.,0.));
#19286=IFCDIRECTION((0.,0.,1.));
#19287=IFCDIRECTION((1.,0.,0.));
#19288=IFCAXIS2PLACEMENT3D(#19285,#19286,#19287);
#19289=IFCDIRECTION((0.,0.,1.));
#19290=IFCEXTRUDEDAREASOLID(#19284,#19288,#19289,-120.);
#19291=IFCSHAPEREPRESENTATION(#11,'Body','SweptSolid',(#19290));
#19292=IFCPRODUCTDEFINITIONSHAPE($,$,(#19291));
#19298=IFCCARTESIANPOINT((0.,0.,12000.));
#19299=IFCDIRECTION((0.,0.,1.));
#19300=IFCDIRECTION((1.,0.,0.));
#19301=IFCAXIS2PLACEMENT3D(#19298,#19299,#19300);
#19302=IFCLOCALPLACEMENT($,#19301);
#19303=IFCPROPERTYSET('30OBz9HGD6DR0hg5k8gOlI',$,'Other',$,(#19305,#19306));
#19304=IFCRELDEFINESBYPROPERTIES('0DitwE1YP45ODZyetJM6Hx',$,$,$,(#19281),#19303);
#19305=IFCPROPERTYSINGLEVALUE('Ax',$,IFCLABEL('0.001'),$);
#19306=IFCPROPERTYSINGLEVALUE('Ay',$,IFCLABEL('0.001'),$);
#19307=IFCSLAB('2jmiwW4dz89B8D0ql61dmF',$,$,$,$,#19328,#19318,$,$);
#19308=IFCCARTESIANPOINTLIST2D(((21000.,6000.),(24000.,6000.),(24000.,12000.),(21000.,12000.)));
#19309=IFCINDEXEDPOLYCURVE(#19308,(IFCLINEINDEX((1,2,3,4,1))),$);
#19310=IFCARBITRARYCLOSEDPROFILEDEF(.AREA.,'Arbitrary',#19309);
#19311=IFCCARTESIANPOINT((0.,0.,0.));
#19312=IFCDIRECTION((0.,0.,1.));
#19313=IFCDIRECTION((1.,0.,0.));
#19314=IFCAXIS2PLACEMENT3D(#19311,#19312,#19313);
#19315=IFCDIRECTION((0.,0.,1.));
#19316=IFCEXTRUDEDAREASOLID(#19310,#19314,#19315,-120.);
#19317=IFCSHAPEREPRESENTATION(#11,'Body','SweptSolid',(#19316));
#19318=IFCPRODUCTDEFINITIONSHAPE($,$,(#19317));
#19324=IFCCARTESIANPOINT((0.,0.,12000.));
#19325=IFCDIRECTION((0.,0.,1.));
#19326=IFCDIRECTION((1.,0.,0.));
#19327=IFCAXIS2PLACEMENT3D(#19324,#19325,#19326);
#19328=IFCLOCALPLACEMENT($,#19327);
#19329=IFCPROPERTYSET('07NFUSFM18LRY_it$5HX$J',$,'Other',$,(#19331,#19332));
#19330=IFCRELDEFINESBYPROPERTIES('1mQvDXsqvDUvQeBbsrg$KW',$,$,$,(#19307),#19329);
#19331=IFCPROPERTYSINGLEVALUE('Ax',$,IFCLABEL('0.001'),$);
#19332=IFCPROPERTYSINGLEVALUE('Ay',$,IFCLABEL('0.001'),$);
#19333=IFCSLAB('1HYp_nmUz2ZRpIi4tEyKHB',$,$,$,$,#19354,#19344,$,$);
#19334=IFCCARTESIANPOINTLIST2D(((6000.,0.),(9000.,0.),(9000.,6000.),(6000.,6000.)));
#19335=IFCINDEXEDPOLYCURVE(#19334,(IFCLINEINDEX((1,2,3,4,1))),$);
#19336=IFCARBITRARYCLOSEDPROFILEDEF(.AREA.,'Arbitrary',#19335);
#19337=IFCCARTESIANPOINT((0.,0.,0.));
#19338=IFCDIRECTION((0.,0.,1.));
#19339=IFCDIRECTION((1.,0.,0.));
#19340=IFCAXIS2PLACEMENT3D(#19337,#19338,#19339);
#19341=IFCDIRECTION((0.,0.,1.));
#19342=IFCEXTRUDEDAREASOLID(#19336,#19340,#19341,-120.);
#19343=IFCSHAPEREPRESENTATION(#11,'Body','SweptSolid',(#19342));
#19344=IFCPRODUCTDEFINITIONSHAPE($,$,(#19343));
#19350=IFCCARTESIANPOINT((0.,0.,12000.));
#19351=IFCDIRECTION((0.,0.,1.));
#19352=IFCDIRECTION((1.,0.,0.));
#19353=IFCAXIS2PLACEMENT3D(#19350,#19351,#19352);
#19354=IFCLOCALPLACEMENT($,#19353);
#19355=IFCPROPERTYSET('3yByC__fH7yfa6P7jhKBLj',$,'Other',$,(#19357,#19358));
#19356=IFCRELDEFINESBYPROPERTIES('2Z818I7D5F1e0dOkkRXVX6',$,$,$,(#19333),#19355);
#19357=IFCPROPERTYSINGLEVALUE('Ax',$,IFCLABEL('0.001'),$);
#19358=IFCPROPERTYSINGLEVALUE('Ay',$,IFCLABEL('0.001'),$);
#19359=IFCSLAB('2tvLbJHQr53B1F0Wuo$jd$',$,$,$,$,#19380,#19370,$,$);
#19360=IFCCARTESIANPOINTLIST2D(((9000.,0.),(12000.,0.),(12000.,6000.),(9000.,6000.)));
#19361=IFCINDEXEDPOLYCURVE(#19360,(IFCLINEINDEX((1,2,3,4,1))),$);
#19362=IFCARBITRARYCLOSEDPROFILEDEF(.AREA.,'Arbitrary',#19361);
#19363=IFCCARTESIANPOINT((0.,0.,0.));
#19364=IFCDIRECTION((0.,0.,1.));
#19365=IFCDIRECTION((1.,0.,0.));
#19366=IFCAXIS2PLACEMENT3D(#19363,#19364,#19365);
#19367=IFCDIRECTION((0.,0.,1.));
#19368=IFCEXTRUDEDAREASOLID(#19362,#19366,#19367,-120.);
#19369=IFCSHAPEREPRESENTATION(#11,'Body','SweptSolid',(#19368));
#19370=IFCPRODUCTDEFINITIONSHAPE($,$,(#19369));
#19376=IFCCARTESIANPOINT((0.,0.,12000.));
#19377=IFCDIRECTION((0.,0.,1.));
#19378=IFCDIRECTION((1.,0.,0.));
#19379=IFCAXIS2PLACEMENT3D(#19376,#19377,#19378);
#19380=IFCLOCALPLACEMENT($,#19379);
#19381=IFCPROPERTYSET('01uVEAA8r5r8hNkiqmAYtk',$,'Other',$,(#19383,#19384));
#19382=IFCRELDEFINESBYPROPERTIES('3ZOf9m1k59VguJQgthdQzI',$,$,$,(#19359),#19381);
#19383=IFCPROPERTYSINGLEVALUE('Ax',$,IFCLABEL('0.001'),$);
#19384=IFCPROPERTYSINGLEVALUE('Ay',$,IFCLABEL('0.001'),$);
#19385=IFCSLAB('2ANvL7_Ob8lfS9oiGkns19',$,$,$,$,#19406,#19396,$,$);
#19386=IFCCARTESIANPOINTLIST2D(((12000.,0.),(15000.,0.),(15000.,6000.),(12000.,6000.)));
#19387=IFCINDEXEDPOLYCURVE(#19386,(IFCLINEINDEX((1,2,3,4,1))),$);
#19388=IFCARBITRARYCLOSEDPROFILEDEF(.AREA.,'Arbitrary',#19387);
#19389=IFCCARTESIANPOINT((0.,0.,0.));
#19390=IFCDIRECTION((0.,0.,1.));
#19391=IFCDIRECTION((1.,0.,0.));
#19392=IFCAXIS2PLACEMENT3D(#19389,#19390,#19391);
#19393=IFCDIRECTION((0.,0.,1.));
#19394=IFCEXTRUDEDAREASOLID(#19388,#19392,#19393,-120.);
#19395=IFCSHAPEREPRESENTATION(#11,'Body','SweptSolid',(#19394));
#19396=IFCPRODUCTDEFINITIONSHAPE($,$,(#19395));
#19402=IFCCARTESIANPOINT((0.,0.,12000.));
#19403=IFCDIRECTION((0.,0.,1.));
#19404=IFCDIRECTION((1.,0.,0.));
#19405=IFCAXIS2PLACEMENT3D(#19402,#19403,#19404);
#19406=IFCLOCALPLACEMENT($,#19405);
#19407=IFCPROPERTYSET('1c2AKyhbPA89jwtYrGgbLT',$,'Other',$,(#19409,#19410));
#19408=IFCRELDEFINESBYPROPERTIES('0Ju949lnL59f8yaKUiu3Tb',$,$,$,(#19385),#19407);
#19409=IFCPROPERTYSINGLEVALUE('Ax',$,IFCLABEL('0.001'),$);
#19410=IFCPROPERTYSINGLEVALUE('Ay',$,IFCLABEL('0.001'),$);
#19411=IFCSLAB('2iPvx8DGD0aQqG6P1h22qa',$,$,$,$,#19432,#19422,$,$);
#19412=IFCCARTESIANPOINTLIST2D(((15000.,0.),(18000.,0.),(18000.,6000.),(15000.,6000.)));
#19413=IFCINDEXEDPOLYCURVE(#19412,(IFCLINEINDEX((1,2,3,4,1))),$);
#19414=IFCARBITRARYCLOSEDPROFILEDEF(.AREA.,'Arbitrary',#19413);
#19415=IFCCARTESIANPOINT((0.,0.,0.));
#19416=IFCDIRECTION((0.,0.,1.));
#19417=IFCDIRECTION((1.,0.,0.));
#19418=IFCAXIS2PLACEMENT3D(#19415,#19416,#19417);
#19419=IFCDIRECTION((0.,0.,1.));
#19420=IFCEXTRUDEDAREASOLID(#19414,#19418,#19419,-120.);
#19421=IFCSHAPEREPRESENTATION(#11,'Body','SweptSolid',(#19420));
#19422=IFCPRODUCTDEFINITIONSHAPE($,$,(#19421));
#19428=IFCCARTESIANPOINT((0.,0.,12000.));
#19429=IFCDIRECTION((0.,0.,1.));
#19430=IFCDIRECTION((1.,0.,0.));
#19431=IFCAXIS2PLACEMENT3D(#19428,#19429,#19430);
#19432=IFCLOCALPLACEMENT($,#19431);
#19433=IFCPROPERTYSET('3bdQjsTFrBORuj7v9_A_9y',$,'Other',$,(#19435,#19436));
#19434=IFCRELDEFINESBYPROPERTIES('0kkRkYDwr9nePboBcZHRLo',$,$,$,(#19411),#19433);
#19435=IFCPROPERTYSINGLEVALUE('Ax',$,IFCLABEL('0.001'),$);
#19436=IFCPROPERTYSINGLEVALUE('Ay',$,IFCLABEL('0.001'),$);
#19437=IFCSLAB('1DS0Sm8L56afx7Slwj6vmO',$,$,$,$,#19458,#19448,$,$);
#19438=IFCCARTESIANPOINTLIST2D(((18000.,0.),(21000.,0.),(21000.,6000.),(18000.,6000.)));
#19439=IFCINDEXEDPOLYCURVE(#19438,(IFCLINEINDEX((1,2,3,4,1))),$);
#19440=IFCARBITRARYCLOSEDPROFILEDEF(.AREA.,'Arbitrary',#19439);
#19441=IFCCARTESIANPOINT((0.,0.,0.));
#19442=IFCDIRECTION((0.,0.,1.));
#19443=IFCDIRECTION((1.,0.,0.));
#19444=IFCAXIS2PLACEMENT3D(#19441,#19442,#19443);
#19445=IFCDIRECTION((0.,0.,1.));
#19446=IFCEXTRUDEDAREASOLID(#19440,#19444,#19445,-120.);
#19447=IFCSHAPEREPRESENTATION(#11,'Body','SweptSolid',(#19446));
#19448=IFCPRODUCTDEFINITIONSHAPE($,$,(#19447));
#19454=IFCCARTESIANPOINT((0.,0.,12000.));
#19455=IFCDIRECTION((0.,0.,1.));
#19456=IFCDIRECTION((1.,0.,0.));
#19457=IFCAXIS2PLACEMENT3D(#19454,#19455,#19456);
#19458=IFCLOCALPLACEMENT($,#19457);
#19459=IFCPROPERTYSET('3yzqoPIQPAEfzV9AGD9P2r',$,'Other',$,(#19461,#19462));
#19460=IFCRELDEFINESBYPROPERTIES('1UD1FhCZL0ERo044hce7$d',$,$,$,(#19437),#19459);
#19461=IFCPROPERTYSINGLEVALUE('Ax',$,IFCLABEL('0.001'),$);
#19462=IFCPROPERTYSINGLEVALUE('Ay',$,IFCLABEL('0.001'),$);
#19463=IFCSLAB('3SfLnHsZnF89p0kz5OvfV2',$,$,$,$,#19484,#19474,$,$);
#19464=IFCCARTESIANPOINTLIST2D(((21000.,0.),(24000.,0.),(24000.,6000.),(21000.,6000.)));
#19465=IFCINDEXEDPOLYCURVE(#19464,(IFCLINEINDEX((1,2,3,4,1))),$);
#19466=IFCARBITRARYCLOSEDPROFILEDEF(.AREA.,'Arbitrary',#19465);
#19467=IFCCARTESIANPOINT((0.,0.,0.));
#19468=IFCDIRECTION((0.,0.,1.));
#19469=IFCDIRECTION((1.,0.,0.));
#19470=IFCAXIS2PLACEMENT3D(#19467,#19468,#19469);
#19471=IFCDIRECTION((0.,0.,1.));
#19472=IFCEXTRUDEDAREASOLID(#19466,#19470,#19471,-120.);
#19473=IFCSHAPEREPRESENTATION(#11,'Body','SweptSolid',(#19472));
#19474=IFCPRODUCTDEFINITIONSHAPE($,$,(#19473));
#19480=IFCCARTESIANPOINT((0.,0.,12000.));
#19481=IFCDIRECTION((0.,0.,1.));
#19482=IFCDIRECTION((1.,0.,0.));
#19483=IFCAXIS2PLACEMENT3D(#19480,#19481,#19482);
#19484=IFCLOCALPLACEMENT($,#19483);
#19485=IFCPROPERTYSET('24jLsKMbD9pP4nH06CJRxx',$,'Other',$,(#19487,#19488));
#19486=IFCRELDEFINESBYPROPERTIES('1mwTx$L1L8ERbkTVoGpCuQ',$,$,$,(#19463),#19485);
#19487=IFCPROPERTYSINGLEVALUE('Ax',$,IFCLABEL('0.001'),$);
#19488=IFCPROPERTYSINGLEVALUE('Ay',$,IFCLABEL('0.001'),$);
#19489=IFCSLAB('0LYvbyjn52DPJpcNwcUa8i',$,$,$,$,#19510,#19500,$,$);
#19490=IFCCARTESIANPOINTLIST2D(((3000.,0.),(6000.,0.),(6000.,6000.),(3000.,6000.)));
#19491=IFCINDEXEDPOLYCURVE(#19490,(IFCLINEINDEX((1,2,3,4,1))),$);
#19492=IFCARBITRARYCLOSEDPROFILEDEF(.AREA.,'Arbitrary',#19491);
#19493=IFCCARTESIANPOINT((0.,0.,0.));
#19494=IFCDIRECTION((0.,0.,1.));
#19495=IFCDIRECTION((1.,0.,0.));
#19496=IFCAXIS2PLACEMENT3D(#19493,#19494,#19495);
#19497=IFCDIRECTION((0.,0.,1.));
#19498=IFCEXTRUDEDAREASOLID(#19492,#19496,#19497,-120.);
#19499=IFCSHAPEREPRESENTATION(#11,'Body','SweptSolid',(#19498));
#19500=IFCPRODUCTDEFINITIONSHAPE($,$,(#19499));
#19506=IFCCARTESIANPOINT((0.,0.,12000.));
#19507=IFCDIRECTION((0.,0.,1.));
#19508=IFCDIRECTION((1.,0.,0.));
#19509=IFCAXIS2PLACEMENT3D(#19506,#19507,#19508);
#19510=IFCLOCALPLACEMENT($,#19509);
#19511=IFCPROPERTYSET('2SmOaByNH7jAW1Qr6OLy87',$,'Other',$,(#19513,#19514));
#19512=IFCRELDEFINESBYPROPERTIES('1mDbdFNH53nuYRtukp5voA',$,$,$,(#19489),#19511);
#19513=IFCPROPERTYSINGLEVALUE('Ax',$,IFCLABEL('0.001'),$);
#19514=IFCPROPERTYSINGLEVALUE('Ay',$,IFCLABEL('0.001'),$);
#19515=IFCSLAB('13V5embmz8vRD59XLuweSa',$,$,$,$,#19536,#19526,$,$);
#19516=IFCCARTESIANPOINTLIST2D(((24000.,6000.),(27000.,6000.),(27000.,12000.),(24000.,12000.)));
#19517=IFCINDEXEDPOLYCURVE(#19516,(IFCLINEINDEX((1,2,3,4,1))),$);
#19518=IFCARBITRARYCLOSEDPROFILEDEF(.AREA.,'Arbitrary',#19517);
#19519=IFCCARTESIANPOINT((0.,0.,0.));
#19520=IFCDIRECTION((0.,0.,1.));
#19521=IFCDIRECTION((1.,0.,0.));
#19522=IFCAXIS2PLACEMENT3D(#19519,#19520,#19521);
#19523=IFCDIRECTION((0.,0.,1.));
#19524=IFCEXTRUDEDAREASOLID(#19518,#19522,#19523,-120.);
#19525=IFCSHAPEREPRESENTATION(#11,'Body','SweptSolid',(#19524));
#19526=IFCPRODUCTDEFINITIONSHAPE($,$,(#19525));
#19532=IFCCARTESIANPOINT((0.,0.,12000.));
#19533=IFCDIRECTION((0.,0.,1.));
#19534=IFCDIRECTION((1.,0.,0.));
#19535=IFCAXIS2PLACEMENT3D(#19532,#19533,#19534);
#19536=IFCLOCALPLACEMENT($,#19535);
#19537=IFCPROPERTYSET('35iMfvLKjDXxqezmaBvoQj',$,'Other',$,(#19539,#19540));
#19538=IFCRELDEFINESBYPROPERTIES('2UE$G$1Cf2ZelHBzGDrQIu',$,$,$,(#19515),#19537);
#19539=IFCPROPERTYSINGLEVALUE('Ax',$,IFCLABEL('0.001'),$);
#19540=IFCPROPERTYSINGLEVALUE('Ay',$,IFCLABEL('0.001'),$);
#19541=IFCSLAB('2yVhyDn4fBRuMp_xycDlE_',$,$,$,$,#19562,#19552,$,$);
#19542=IFCCARTESIANPOINTLIST2D(((0.,6000.),(3000.,6000.),(3000.,12000.),(0.,12000.)));
#19543=IFCINDEXEDPOLYCURVE(#19542,(IFCLINEINDEX((1,2,3,4,1))),$);
#19544=IFCARBITRARYCLOSEDPROFILEDEF(.AREA.,'Arbitrary',#19543);
#19545=IFCCARTESIANPOINT((0.,0.,0.));
#19546=IFCDIRECTION((0.,0.,1.));
#19547=IFCDIRECTION((1.,0.,0.));
#19548=IFCAXIS2PLACEMENT3D(#19545,#19546,#19547);
#19549=IFCDIRECTION((0.,0.,1.));
#19550=IFCEXTRUDEDAREASOLID(#19544,#19548,#19549,-120.);
#19551=IFCSHAPEREPRESENTATION(#11,'Body','SweptSolid',(#19550));
#19552=IFCPRODUCTDEFINITIONSHAPE($,$,(#19551));
#19558=IFCCARTESIANPOINT((0.,0.,9000.));
#19559=IFCDIRECTION((0.,0.,1.));
#19560=IFCDIRECTION((1.,0.,0.));
#19561=IFCAXIS2PLACEMENT3D(#19558,#19559,#19560);
#19562=IFCLOCALPLACEMENT($,#19561);
#19563=IFCPROPERTYSET('0fLPFHionEy8oqmLmwbAAb',$,'Other',$,(#19565,#19566));
#19564=IFCRELDEFINESBYPROPERTIES('1_hcr4rmL3Ef9Qj3JJ8hTJ',$,$,$,(#19541),#19563);
#19565=IFCPROPERTYSINGLEVALUE('Ax',$,IFCLABEL('0.001'),$);
#19566=IFCPROPERTYSINGLEVALUE('Ay',$,IFCLABEL('0.001'),$);
#19567=IFCSLAB('1XNhCWXt15ihABb1jsvtDZ',$,$,$,$,#19588,#19578,$,$);
#19568=IFCCARTESIANPOINTLIST2D(((3000.,6000.),(6000.,6000.),(6000.,12000.),(3000.,12000.)));
#19569=IFCINDEXEDPOLYCURVE(#19568,(IFCLINEINDEX((1,2,3,4,1))),$);
#19570=IFCARBITRARYCLOSEDPROFILEDEF(.AREA.,'Arbitrary',#19569);
#19571=IFCCARTESIANPOINT((0.,0.,0.));
#19572=IFCDIRECTION((0.,0.,1.));
#19573=IFCDIRECTION((1.,0.,0.));
#19574=IFCAXIS2PLACEMENT3D(#19571,#19572,#19573);
#19575=IFCDIRECTION((0.,0.,1.));
#19576=IFCEXTRUDEDAREASOLID(#19570,#19574,#19575,-120.);
#19577=IFCSHAPEREPRESENTATION(#11,'Body','SweptSolid',(#19576));
#19578=IFCPRODUCTDEFINITIONSHAPE($,$,(#19577));
#19584=IFCCARTESIANPOINT((0.,0.,9000.));
#19585=IFCDIRECTION((0.,0.,1.));
#19586=IFCDIRECTION((1.,0.,0.));
#19587=IFCAXIS2PLACEMENT3D(#19584,#19585,#19586);
#19588=IFCLOCALPLACEMENT($,#19587);
#19589=IFCPROPERTYSET('2VwaixllD4JvYKnmp5F2Qn',$,'Other',$,(#19591,#19592));
#19590=IFCRELDEFINESBYPROPERTIES('2_DZPKZ7L1ahDzTL73rABv',$,$,$,(#19567),#19589);
#19591=IFCPROPERTYSINGLEVALUE('Ax',$,IFCLABEL('0.001'),$);
#19592=IFCPROPERTYSINGLEVALUE('Ay',$,IFCLABEL('0.001'),$);
#19593=IFCSLAB('2jizwhDXjC$u1UO_HaG768',$,$,$,$,#19614,#19604,$,$);
#19594=IFCCARTESIANPOINTLIST2D(((0.,12000.),(3000.,12000.),(3000.,18000.),(0.,18000.)));
#19595=IFCINDEXEDPOLYCURVE(#19594,(IFCLINEINDEX((1,2,3,4,1))),$);
#19596=IFCARBITRARYCLOSEDPROFILEDEF(.AREA.,'Arbitrary',#19595);
#19597=IFCCARTESIANPOINT((0.,0.,0.));
#19598=IFCDIRECTION((0.,0.,1.));
#19599=IFCDIRECTION((1.,0.,0.));
#19600=IFCAXIS2PLACEMENT3D(#19597,#19598,#19599);
#19601=IFCDIRECTION((0.,0.,1.));
#19602=IFCEXTRUDEDAREASOLID(#19596,#19600,#19601,-120.);
#19603=IFCSHAPEREPRESENTATION(#11,'Body','SweptSolid',(#19602));
#19604=IFCPRODUCTDEFINITIONSHAPE($,$,(#19603));
#19610=IFCCARTESIANPOINT((0.,0.,9000.));
#19611=IFCDIRECTION((0.,0.,1.));
#19612=IFCDIRECTION((1.,0.,0.));
#19613=IFCAXIS2PLACEMENT3D(#19610,#19611,#19612);
#19614=IFCLOCALPLACEMENT($,#19613);
#19615=IFCPROPERTYSET('3hliFEyub2$OdZK$93YKXo',$,'Other',$,(#19617,#19618));
#19616=IFCRELDEFINESBYPROPERTIES('0arLD7C1L7kxATyS5lABaH',$,$,$,(#19593),#19615);
#19617=IFCPROPERTYSINGLEVALUE('Ax',$,IFCLABEL('0.001'),$);
#19618=IFCPROPERTYSINGLEVALUE('Ay',$,IFCLABEL('0.001'),$);
#19619=IFCSLAB('0itveHb_PB$OOC_WOp9hOR',$,$,$,$,#19640,#19630,$,$);
#19620=IFCCARTESIANPOINTLIST2D(((3000.,12000.),(6000.,12000.),(6000.,18000.),(3000.,18000.)));
#19621=IFCINDEXEDPOLYCURVE(#19620,(IFCLINEINDEX((1,2,3,4,1))),$);
#19622=IFCARBITRARYCLOSEDPROFILEDEF(.AREA.,'Arbitrary',#19621);
#19623=IFCCARTESIANPOINT((0.,0.,0.));
#19624=IFCDIRECTION((0.,0.,1.));
#19625=IFCDIRECTION((1.,0.,0.));
#19626=IFCAXIS2PLACEMENT3D(#19623,#19624,#19625);
#19627=IFCDIRECTION((0.,0.,1.));
#19628=IFCEXTRUDEDAREASOLID(#19622,#19626,#19627,-120.);
#19629=IFCSHAPEREPRESENTATION(#11,'Body','SweptSolid',(#19628));
#19630=IFCPRODUCTDEFINITIONSHAPE($,$,(#19629));
#19636=IFCCARTESIANPOINT((0.,0.,9000.));
#19637=IFCDIRECTION((0.,0.,1.));
#19638=IFCDIRECTION((1.,0.,0.));
#19639=IFCAXIS2PLACEMENT3D(#19636,#19637,#19638);
#19640=IFCLOCALPLACEMENT($,#19639);
#19641=IFCPROPERTYSET('1HjY0uFZL3nAXmPhREhdyE',$,'Other',$,(#19643,#19644));
#19642=IFCRELDEFINESBYPROPERTIES('2UjeaQ7aX8W9ycMtEti4Om',$,$,$,(#19619),#19641);
#19643=IFCPROPERTYSINGLEVALUE('Ax',$,IFCLABEL('0.001'),$);
#19644=IFCPROPERTYSINGLEVALUE('Ay',$,IFCLABEL('0.001'),$);
#19645=IFCSLAB('2dunAr_XnFpB4x9coNqTk8',$,$,$,$,#19666,#19656,$,$);
#19646=IFCCARTESIANPOINTLIST2D(((6000.,12000.),(9000.,12000.),(9000.,18000.),(6000.,18000.)));
#19647=IFCINDEXEDPOLYCURVE(#19646,(IFCLINEINDEX((1,2,3,4,1))),$);
#19648=IFCARBITRARYCLOSEDPROFILEDEF(.AREA.,'Arbitrary',#19647);
#19649=IFCCARTESIANPOINT((0.,0.,0.));
#19650=IFCDIRECTION((0.,0.,1.));
#19651=IFCDIRECTION((1.,0.,0.));
#19652=IFCAXIS2PLACEMENT3D(#19649,#19650,#19651);
#19653=IFCDIRECTION((0.,0.,1.));
#19654=IFCEXTRUDEDAREASOLID(#19648,#19652,#19653,-120.);
#19655=IFCSHAPEREPRESENTATION(#11,'Body','SweptSolid',(#19654));
#19656=IFCPRODUCTDEFINITIONSHAPE($,$,(#19655));
#19662=IFCCARTESIANPOINT((0.,0.,9000.));
#19663=IFCDIRECTION((0.,0.,1.));
#19664=IFCDIRECTION((1.,0.,0.));
#19665=IFCAXIS2PLACEMENT3D(#19662,#19663,#19664);
#19666=IFCLOCALPLACEMENT($,#19665);
#19667=IFCPROPERTYSET('2YG1SmQqvCqvU6dq$txlds',$,'Other',$,(#19669,#19670));
#19668=IFCRELDEFINESBYPROPERTIES('3_aQG9ngL4rwytmGhL042e',$,$,$,(#19645),#19667);
#19669=IFCPROPERTYSINGLEVALUE('Ax',$,IFCLABEL('0.001'),$);
#19670=IFCPROPERTYSINGLEVALUE('Ay',$,IFCLABEL('0.001'),$);
#19671=IFCSLAB('1ynQzLH198MOzbfmgCXope',$,$,$,$,#19692,#19682,$,$);
#19672=IFCCARTESIANPOINTLIST2D(((9000.,12000.),(12000.,12000.),(12000.,18000.),(9000.,18000.)));
#19673=IFCINDEXEDPOLYCURVE(#19672,(IFCLINEINDEX((1,2,3,4,1))),$);
#19674=IFCARBITRARYCLOSEDPROFILEDEF(.AREA.,'Arbitrary',#19673);
#19675=IFCCARTESIANPOINT((0.,0.,0.));
#19676=IFCDIRECTION((0.,0.,1.));
#19677=IFCDIRECTION((1.,0.,0.));
#19678=IFCAXIS2PLACEMENT3D(#19675,#19676,#19677);
#19679=IFCDIRECTION((0.,0.,1.));
#19680=IFCEXTRUDEDAREASOLID(#19674,#19678,#19679,-120.);
#19681=IFCSHAPEREPRESENTATION(#11,'Body','SweptSolid',(#19680));
#19682=IFCPRODUCTDEFINITIONSHAPE($,$,(#19681));
#19688=IFCCARTESIANPOINT((0.,0.,9000.));
#19689=IFCDIRECTION((0.,0.,1.));
#19690=IFCDIRECTION((1.,0.,0.));
#19691=IFCAXIS2PLACEMENT3D(#19688,#19689,#19690);
#19692=IFCLOCALPLACEMENT($,#19691);
#19693=IFCPROPERTYSET('2NuK26hqj1bgRnbw_qvndU',$,'Other',$,(#19695,#19696));
#19694=IFCRELDEFINESBYPROPERTIES('18jPpOA517Swn$iXUamIoJ',$,$,$,(#19671),#19693);
#19695=IFCPROPERTYSINGLEVALUE('Ax',$,IFCLABEL('0.001'),$);
#19696=IFCPROPERTYSINGLEVALUE('Ay',$,IFCLABEL('0.001'),$);
#19697=IFCSLAB('2EDwrbUETD0Bhc9NcY79zb',$,$,$,$,#19718,#19708,$,$);
#19698=IFCCARTESIANPOINTLIST2D(((12000.,12000.),(15000.,12000.),(15000.,18000.),(12000.,18000.)));
#19699=IFCINDEXEDPOLYCURVE(#19698,(IFCLINEINDEX((1,2,3,4,1))),$);
#19700=IFCARBITRARYCLOSEDPROFILEDEF(.AREA.,'Arbitrary',#19699);
#19701=IFCCARTESIANPOINT((0.,0.,0.));
#19702=IFCDIRECTION((0.,0.,1.));
#19703=IFCDIRECTION((1.,0.,0.));
#19704=IFCAXIS2PLACEMENT3D(#19701,#19702,#19703);
#19705=IFCDIRECTION((0.,0.,1.));
#19706=IFCEXTRUDEDAREASOLID(#19700,#19704,#19705,-120.);
#19707=IFCSHAPEREPRESENTATION(#11,'Body','SweptSolid',(#19706));
#19708=IFCPRODUCTDEFINITIONSHAPE($,$,(#19707));
#19714=IFCCARTESIANPOINT((0.,0.,9000.));
#19715=IFCDIRECTION((0.,0.,1.));
#19716=IFCDIRECTION((1.,0.,0.));
#19717=IFCAXIS2PLACEMENT3D(#19714,#19715,#19716);
#19718=IFCLOCALPLACEMENT($,#19717);
#19719=IFCPROPERTYSET('3sQrOJc55Ebwtdk$IIeSv_',$,'Other',$,(#19721,#19722));
#19720=IFCRELDEFINESBYPROPERTIES('1XjmJ9E_5ETwKm2ARsqR1V',$,$,$,(#19697),#19719);
#19721=IFCPROPERTYSINGLEVALUE('Ax',$,IFCLABEL('0.001'),$);
#19722=IFCPROPERTYSINGLEVALUE('Ay',$,IFCLABEL('0.001'),$);
#19723=IFCSLAB('1V4lFab6P6ghZarAZ2$vax',$,$,$,$,#19744,#19734,$,$);
#19724=IFCCARTESIANPOINTLIST2D(((15000.,12000.),(18000.,12000.),(18000.,18000.),(15000.,18000.)));
#19725=IFCINDEXEDPOLYCURVE(#19724,(IFCLINEINDEX((1,2,3,4,1))),$);
#19726=IFCARBITRARYCLOSEDPROFILEDEF(.AREA.,'Arbitrary',#19725);
#19727=IFCCARTESIANPOINT((0.,0.,0.));
#19728=IFCDIRECTION((0.,0.,1.));
#19729=IFCDIRECTION((1.,0.,0.));
#19730=IFCAXIS2PLACEMENT3D(#19727,#19728,#19729);
#19731=IFCDIRECTION((0.,0.,1.));
#19732=IFCEXTRUDEDAREASOLID(#19726,#19730,#19731,-120.);
#19733=IFCSHAPEREPRESENTATION(#11,'Body','SweptSolid',(#19732));
#19734=IFCPRODUCTDEFINITIONSHAPE($,$,(#19733));
#19740=IFCCARTESIANPOINT((0.,0.,9000.));
#19741=IFCDIRECTION((0.,0.,1.));
#19742=IFCDIRECTION((1.,0.,0.));
#19743=IFCAXIS2PLACEMENT3D(#19740,#19741,#19742);
#19744=IFCLOCALPLACEMENT($,#19743);
#19745=IFCPROPERTYSET('1Ew1LzaTL26QWz_kJDJvff',$,'Other',$,(#19747,#19748));
#19746=IFCRELDEFINESBYPROPERTIES('0N7Kqz2Ov9wfQOIN3LnclQ',$,$,$,(#19723),#19745);
#19747=IFCPROPERTYSINGLEVALUE('Ax',$,IFCLABEL('0.001'),$);
#19748=IFCPROPERTYSINGLEVALUE('Ay',$,IFCLABEL('0.001'),$);
#19749=IFCSLAB('1SdR82DRf4Of2kRjgn4XsB',$,$,$,$,#19770,#19760,$,$);
#19750=IFCCARTESIANPOINTLIST2D(((18000.,12000.),(21000.,12000.),(21000.,18000.),(18000.,18000.)));
#19751=IFCINDEXEDPOLYCURVE(#19750,(IFCLINEINDEX((1,2,3,4,1))),$);
#19752=IFCARBITRARYCLOSEDPROFILEDEF(.AREA.,'Arbitrary',#19751);
#19753=IFCCARTESIANPOINT((0.,0.,0.));
#19754=IFCDIRECTION((0.,0.,1.));
#19755=IFCDIRECTION((1.,0.,0.));
#19756=IFCAXIS2PLACEMENT3D(#19753,#19754,#19755);
#19757=IFCDIRECTION((0.,0.,1.));
#19758=IFCEXTRUDEDAREASOLID(#19752,#19756,#19757,-120.);
#19759=IFCSHAPEREPRESENTATION(#11,'Body','SweptSolid',(#19758));
#19760=IFCPRODUCTDEFINITIONSHAPE($,$,(#19759));
#19766=IFCCARTESIANPOINT((0.,0.,9000.));
#19767=IFCDIRECTION((0.,0.,1.));
#19768=IFCDIRECTION((1.,0.,0.));
#19769=IFCAXIS2PLACEMENT3D(#19766,#19767,#19768);
#19770=IFCLOCALPLACEMENT($,#19769);
#19771=IFCPROPERTYSET('2XyizlE3P5OOWM41SI_bP2',$,'Other',$,(#19773,#19774));
#19772=IFCRELDEFINESBYPROPERTIES('06BpZ0J5j6JumkAom2N4ZG',$,$,$,(#19749),#19771);
#19773=IFCPROPERTYSINGLEVALUE('Ax',$,IFCLABEL('0.001'),$);
#19774=IFCPROPERTYSINGLEVALUE('Ay',$,IFCLABEL('0.001'),$);
#19775=IFCSLAB('1N$uVw2hL4yRpoTRC2digO',$,$,$,$,#19796,#19786,$,$);
#19776=IFCCARTESIANPOINTLIST2D(((21000.,12000.),(24000.,12000.),(24000.,18000.),(21000.,18000.)));
#19777=IFCINDEXEDPOLYCURVE(#19776,(IFCLINEINDEX((1,2,3,4,1))),$);
#19778=IFCARBITRARYCLOSEDPROFILEDEF(.AREA.,'Arbitrary',#19777);
#19779=IFCCARTESIANPOINT((0.,0.,0.));
#19780=IFCDIRECTION((0.,0.,1.));
#19781=IFCDIRECTION((1.,0.,0.));
#19782=IFCAXIS2PLACEMENT3D(#19779,#19780,#19781);
#19783=IFCDIRECTION((0.,0.,1.));
#19784=IFCEXTRUDEDAREASOLID(#19778,#19782,#19783,-120.);
#19785=IFCSHAPEREPRESENTATION(#11,'Body','SweptSolid',(#19784));
#19786=IFCPRODUCTDEFINITIONSHAPE($,$,(#19785));
#19792=IFCCARTESIANPOINT((0.,0.,9000.));
#19793=IFCDIRECTION((0.,0.,1.));
#19794=IFCDIRECTION((1.,0.,0.));
#19795=IFCAXIS2PLACEMENT3D(#19792,#19793,#19794);
#19796=IFCLOCALPLACEMENT($,#19795);
#19797=IFCPROPERTYSET('1sIWU5DUD61RTlbmxoCMuk',$,'Other',$,(#19799,#19800));
#19798=IFCRELDEFINESBYPROPERTIES('0PHed11iLE58HX6tVWgbCi',$,$,$,(#19775),#19797);
#19799=IFCPROPERTYSINGLEVALUE('Ax',$,IFCLABEL('0.001'),$);
#19800=IFCPROPERTYSINGLEVALUE('Ay',$,IFCLABEL('0.001'),$);
#19801=IFCSLAB('20_HfPDbbELREcl9NsN$A6',$,$,$,$,#19822,#19812,$,$);
#19802=IFCCARTESIANPOINTLIST2D(((24000.,12000.),(27000.,12000.),(27000.,18000.),(24000.,18000.)));
#19803=IFCINDEXEDPOLYCURVE(#19802,(IFCLINEINDEX((1,2,3,4,1))),$);
#19804=IFCARBITRARYCLOSEDPROFILEDEF(.AREA.,'Arbitrary',#19803);
#19805=IFCCARTESIANPOINT((0.,0.,0.));
#19806=IFCDIRECTION((0.,0.,1.));
#19807=IFCDIRECTION((1.,0.,0.));
#19808=IFCAXIS2PLACEMENT3D(#19805,#19806,#19807);
#19809=IFCDIRECTION((0.,0.,1.));
#19810=IFCEXTRUDEDAREASOLID(#19804,#19808,#19809,-120.);
#19811=IFCSHAPEREPRESENTATION(#11,'Body','SweptSolid',(#19810));
#19812=IFCPRODUCTDEFINITIONSHAPE($,$,(#19811));
#19818=IFCCARTESIANPOINT((0.,0.,9000.));
#19819=IFCDIRECTION((0.,0.,1.));
#19820=IFCDIRECTION((1.,0.,0.));
#19821=IFCAXIS2PLACEMENT3D(#19818,#19819,#19820);
#19822=IFCLOCALPLACEMENT($,#19821);
#19823=IFCPROPERTYSET('1dI3x4$695UPh3Rx_x3mmI',$,'Other',$,(#19825,#19826));
#19824=IFCRELDEFINESBYPROPERTIES('3b06AD8wb5QRXslTMIkdmh',$,$,$,(#19801),#19823);
#19825=IFCPROPERTYSINGLEVALUE('Ax',$,IFCLABEL('0.001'),$);
#19826=IFCPROPERTYSINGLEVALUE('Ay',$,IFCLABEL('0.001'),$);
#19827=IFCSLAB('3FVQvBn5X0N9wwvNZiLqD9',$,$,$,$,#19848,#19838,$,$);
#19828=IFCCARTESIANPOINTLIST2D(((27000.,12000.),(30000.,12000.),(30000.,18000.),(27000.,18000.)));
#19829=IFCINDEXEDPOLYCURVE(#19828,(IFCLINEINDEX((1,2,3,4,1))),$);
#19830=IFCARBITRARYCLOSEDPROFILEDEF(.AREA.,'Arbitrary',#19829);
#19831=IFCCARTESIANPOINT((0.,0.,0.));
#19832=IFCDIRECTION((0.,0.,1.));
#19833=IFCDIRECTION((1.,0.,0.));
#19834=IFCAXIS2PLACEMENT3D(#19831,#19832,#19833);
#19835=IFCDIRECTION((0.,0.,1.));
#19836=IFCEXTRUDEDAREASOLID(#19830,#19834,#19835,-120.);
#19837=IFCSHAPEREPRESENTATION(#11,'Body','SweptSolid',(#19836));
#19838=IFCPRODUCTDEFINITIONSHAPE($,$,(#19837));
#19844=IFCCARTESIANPOINT((0.,0.,9000.));
#19845=IFCDIRECTION((0.,0.,1.));
#19846=IFCDIRECTION((1.,0.,0.));
#19847=IFCAXIS2PLACEMENT3D(#19844,#19845,#19846);
#19848=IFCLOCALPLACEMENT($,#19847);
#19849=IFCPROPERTYSET('0KBRg5UD1Cw8j_XMnfKTPf',$,'Other',$,(#19851,#19852));
#19850=IFCRELDEFINESBYPROPERTIES('2ySH3ttBb55A01wjXs2y_b',$,$,$,(#19827),#19849);
#19851=IFCPROPERTYSINGLEVALUE('Ax',$,IFCLABEL('0.001'),$);
#19852=IFCPROPERTYSINGLEVALUE('Ay',$,IFCLABEL('0.001'),$);
#19853=IFCSLAB('3OFQMMxZP1dPQJfdZcdFK0',$,$,$,$,#19874,#19864,$,$);
#19854=IFCCARTESIANPOINTLIST2D(((6000.,6000.),(9000.,6000.),(9000.,12000.),(6000.,12000.)));
#19855=IFCINDEXEDPOLYCURVE(#19854,(IFCLINEINDEX((1,2,3,4,1))),$);
#19856=IFCARBITRARYCLOSEDPROFILEDEF(.AREA.,'Arbitrary',#19855);
#19857=IFCCARTESIANPOINT((0.,0.,0.));
#19858=IFCDIRECTION((0.,0.,1.));
#19859=IFCDIRECTION((1.,0.,0.));
#19860=IFCAXIS2PLACEMENT3D(#19857,#19858,#19859);
#19861=IFCDIRECTION((0.,0.,1.));
#19862=IFCEXTRUDEDAREASOLID(#19856,#19860,#19861,-120.);
#19863=IFCSHAPEREPRESENTATION(#11,'Body','SweptSolid',(#19862));
#19864=IFCPRODUCTDEFINITIONSHAPE($,$,(#19863));
#19870=IFCCARTESIANPOINT((0.,0.,9000.));
#19871=IFCDIRECTION((0.,0.,1.));
#19872=IFCDIRECTION((1.,0.,0.));
#19873=IFCAXIS2PLACEMENT3D(#19870,#19871,#19872);
#19874=IFCLOCALPLACEMENT($,#19873);
#19875=IFCPROPERTYSET('0i7iJUxw10gPp4f1nL_g0i',$,'Other',$,(#19877,#19878));
#19876=IFCRELDEFINESBYPROPERTIES('0uXGCsWbrFuAXZv4uRHWtu',$,$,$,(#19853),#19875);
#19877=IFCPROPERTYSINGLEVALUE('Ax',$,IFCLABEL('0.001'),$);
#19878=IFCPROPERTYSINGLEVALUE('Ay',$,IFCLABEL('0.001'),$);
#19879=IFCSLAB('37dwVkXjXBZOcojmwQYMCr',$,$,$,$,#19900,#19890,$,$);
#19880=IFCCARTESIANPOINTLIST2D(((9000.,6000.),(12000.,6000.),(12000.,12000.),(9000.,12000.)));
#19881=IFCINDEXEDPOLYCURVE(#19880,(IFCLINEINDEX((1,2,3,4,1))),$);
#19882=IFCARBITRARYCLOSEDPROFILEDEF(.AREA.,'Arbitrary',#19881);
#19883=IFCCARTESIANPOINT((0.,0.,0.));
#19884=IFCDIRECTION((0.,0.,1.));
#19885=IFCDIRECTION((1.,0.,0.));
#19886=IFCAXIS2PLACEMENT3D(#19883,#19884,#19885);
#19887=IFCDIRECTION((0.,0.,1.));
#19888=IFCEXTRUDEDAREASOLID(#19882,#19886,#19887,-120.);
#19889=IFCSHAPEREPRESENTATION(#11,'Body','SweptSolid',(#19888));
#19890=IFCPRODUCTDEFINITIONSHAPE($,$,(#19889));
#19896=IFCCARTESIANPOINT((0.,0.,9000.));
#19897=IFCDIRECTION((0.,0.,1.));
#19898=IFCDIRECTION((1.,0.,0.));
#19899=IFCAXIS2PLACEMENT3D(#19896,#19897,#19898);
#19900=IFCLOCALPLACEMENT($,#19899);
#19901=IFCPROPERTYSET('2BFVTKfyzAtAUaCoUi0aNB',$,'Other',$,(#19903,#19904));
#19902=IFCRELDEFINESBYPROPERTIES('3fT_Ehwt99DO0UT59S08ro',$,$,$,(#19879),#19901);
#19903=IFCPROPERTYSINGLEVALUE('Ax',$,IFCLABEL('0.001'),$);
#19904=IFCPROPERTYSINGLEVALUE('Ay',$,IFCLABEL('0.001'),$);
#19905=IFCSLAB('0QezdXtnX5xBiCkqS6doW7',$,$,$,$,#19926,#19916,$,$);
#19906=IFCCARTESIANPOINTLIST2D(((12000.,6000.),(15000.,6000.),(15000.,12000.),(12000.,12000.)));
#19907=IFCINDEXEDPOLYCURVE(#19906,(IFCLINEINDEX((1,2,3,4,1))),$);
#19908=IFCARBITRARYCLOSEDPROFILEDEF(.AREA.,'Arbitrary',#19907);
#19909=IFCCARTESIANPOINT((0.,0.,0.));
#19910=IFCDIRECTION((0.,0.,1.));
#19911=IFCDIRECTION((1.,0.,0.));
#19912=IFCAXIS2PLACEMENT3D(#19909,#19910,#19911);
#19913=IFCDIRECTION((0.,0.,1.));
#19914=IFCEXTRUDEDAREASOLID(#19908,#19912,#19913,-120.);
#19915=IFCSHAPEREPRESENTATION(#11,'Body','SweptSolid',(#19914));
#19916=IFCPRODUCTDEFINITIONSHAPE($,$,(#19915));
#19922=IFCCARTESIANPOINT((0.,0.,9000.));
#19923=IFCDIRECTION((0.,0.,1.));
#19924=IFCDIRECTION((1.,0.,0.));
#19925=IFCAXIS2PLACEMENT3D(#19922,#19923,#19924);
#19926=IFCLOCALPLACEMENT($,#19925);
#19927=IFCPROPERTYSET('0deln459XCYf34y0sYhz_O',$,'Other',$,(#19929,#19930));
#19928=IFCRELDEFINESBYPROPERTIES('30D_RKgqz1N8bve$GvMbqP',$,$,$,(#19905),#19927);
#19929=IFCPROPERTYSINGLEVALUE('Ax',$,IFCLABEL('0.001'),$);
#19930=IFCPROPERTYSINGLEVALUE('Ay',$,IFCLABEL('0.001'),$);
#19931=IFCSLAB('2i8bLdL61ElAY2nYQcPFi3',$,$,$,$,#19952,#19942,$,$);
#19932=IFCCARTESIANPOINTLIST2D(((15000.,6000.),(18000.,6000.),(18000.,12000.),(15000.,12000.)));
#19933=IFCINDEXEDPOLYCURVE(#19932,(IFCLINEINDEX((1,2,3,4,1))),$);
#19934=IFCARBITRARYCLOSEDPROFILEDEF(.AREA.,'Arbitrary',#19933);
#19935=IFCCARTESIANPOINT((0.,0.,0.));
#19936=IFCDIRECTION((0.,0.,1.));
#19937=IFCDIRECTION((1.,0.,0.));
#19938=IFCAXIS2PLACEMENT3D(#19935,#19936,#19937);
#19939=IFCDIRECTION((0.,0.,1.));
#19940=IFCEXTRUDEDAREASOLID(#19934,#19938,#19939,-120.);
#19941=IFCSHAPEREPRESENTATION(#11,'Body','SweptSolid',(#19940));
#19942=IFCPRODUCTDEFINITIONSHAPE($,$,(#19941));
#19948=IFCCARTESIANPOINT((0.,0.,9000.));
#19949=IFCDIRECTION((0.,0.,1.));
#19950=IFCDIRECTION((1.,0.,0.));
#19951=IFCAXIS2PLACEMENT3D(#19948,#19949,#19950);
#19952=IFCLOCALPLACEMENT($,#19951);
#19953=IFCPROPERTYSET('17c26cjmz0keiSyKHnX03S',$,'Other',$,(#19955,#19956));
#19954=IFCRELDEFINESBYPROPERTIES('3DPhL7RPb5vPtwgKMsBxfc',$,$,$,(#19931),#19953);
#19955=IFCPROPERTYSINGLEVALUE('Ax',$,IFCLABEL('0.001'),$);
#19956=IFCPROPERTYSINGLEVALUE('Ay',$,IFCLABEL('0.001'),$);
#19957=IFCSLAB('0MPZgBiUb06QwkuqMhqHzr',$,$,$,$,#19978,#19968,$,$);
#19958=IFCCARTESIANPOINTLIST2D(((18000.,6000.),(21000.,6000.),(21000.,12000.),(18000.,12000.)));
#19959=IFCINDEXEDPOLYCURVE(#19958,(IFCLINEINDEX((1,2,3,4,1))),$);
#19960=IFCARBITRARYCLOSEDPROFILEDEF(.AREA.,'Arbitrary',#19959);
#19961=IFCCARTESIANPOINT((0.,0.,0.));
#19962=IFCDIRECTION((0.,0.,1.));
#19963=IFCDIRECTION((1.,0.,0.));
#19964=IFCAXIS2PLACEMENT3D(#19961,#19962,#19963);
#19965=IFCDIRECTION((0.,0.,1.));
#19966=IFCEXTRUDEDAREASOLID(#19960,#19964,#19965,-120.);
#19967=IFCSHAPEREPRESENTATION(#11,'Body','SweptSolid',(#19966));
#19968=IFCPRODUCTDEFINITIONSHAPE($,$,(#19967));
#19974=IFCCARTESIANPOINT((0.,0.,9000.));
#19975=IFCDIRECTION((0.,0.,1.));
#19976=IFCDIRECTION((1.,0.,0.));
#19977=IFCAXIS2PLACEMENT3D(#19974,#19975,#19976);
#19978=IFCLOCALPLACEMENT($,#19977);
#19979=IFCPROPERTYSET('3Suh$UXgv7wOenl5ao9iVM',$,'Other',$,(#19981,#19982));
#19980=IFCRELDEFINESBYPROPERTIES('3O3WZsp8vEAh$Ov2bcWntC',$,$,$,(#19957),#19979);
#19981=IFCPROPERTYSINGLEVALUE('Ax',$,IFCLABEL('0.001'),$);
#19982=IFCPROPERTYSINGLEVALUE('Ay',$,IFCLABEL('0.001'),$);
#19983=IFCSLAB('30osfxIsvAYgPSgJuDXP8D',$,$,$,$,#20004,#19994,$,$);
#19984=IFCCARTESIANPOINTLIST2D(((21000.,6000.),(24000.,6000.),(24000.,12000.),(21000.,12000.)));
#19985=IFCINDEXEDPOLYCURVE(#19984,(IFCLINEINDEX((1,2,3,4,1))),$);
#19986=IFCARBITRARYCLOSEDPROFILEDEF(.AREA.,'Arbitrary',#19985);
#19987=IFCCARTESIANPOINT((0.,0.,0.));
#19988=IFCDIRECTION((0.,0.,1.));
#19989=IFCDIRECTION((1.,0.,0.));
#19990=IFCAXIS2PLACEMENT3D(#19987,#19988,#19989);
#19991=IFCDIRECTION((0.,0.,1.));
#19992=IFCEXTRUDEDAREASOLID(#19986,#19990,#19991,-120.);
#19993=IFCSHAPEREPRESENTATION(#11,'Body','SweptSolid',(#19992));
#19994=IFCPRODUCTDEFINITIONSHAPE($,$,(#19993));
#20000=IFCCARTESIANPOINT((0.,0.,9000.));
#20001=IFCDIRECTION((0.,0.,1.));
#20002=IFCDIRECTION((1.,0.,0.));
#20003=IFCAXIS2PLACEMENT3D(#20000,#20001,#20002);
#20004=IFCLOCALPLACEMENT($,#20003);
#20005=IFCPROPERTYSET('2iS6YNkmj4GRFmAuBobRoY',$,'Other',$,(#20007,#20008));
#20006=IFCRELDEFINESBYPROPERTIES('1QR2XNwkvC6xWQwqlq39uj',$,$,$,(#19983),#20005);
#20007=IFCPROPERTYSINGLEVALUE('Ax',$,IFCLABEL('0.001'),$);
#20008=IFCPROPERTYSINGLEVALUE('Ay',$,IFCLABEL('0.001'),$);
#20009=IFCSLAB('1WGWCeIpvEdQOSxrKEeu2o',$,$,$,$,#20030,#20020,$,$);
#20010=IFCCARTESIANPOINTLIST2D(((6000.,0.),(9000.,0.),(9000.,6000.),(6000.,6000.)));
#20011=IFCINDEXEDPOLYCURVE(#20010,(IFCLINEINDEX((1,2,3,4,1))),$);
#20012=IFCARBITRARYCLOSEDPROFILEDEF(.AREA.,'Arbitrary',#20011);
#20013=IFCCARTESIANPOINT((0.,0.,0.));
#20014=IFCDIRECTION((0.,0.,1.));
#20015=IFCDIRECTION((1.,0.,0.));
#20016=IFCAXIS2PLACEMENT3D(#20013,#20014,#20015);
#20017=IFCDIRECTION((0.,0.,1.));
#20018=IFCEXTRUDEDAREASOLID(#20012,#20016,#20017,-120.);
#20019=IFCSHAPEREPRESENTATION(#11,'Body','SweptSolid',(#20018));
#20020=IFCPRODUCTDEFINITIONSHAPE($,$,(#20019));
#20026=IFCCARTESIANPOINT((0.,0.,9000.));
#20027=IFCDIRECTION((0.,0.,1.));
#20028=IFCDIRECTION((1.,0.,0.));
#20029=IFCAXIS2PLACEMENT3D(#20026,#20027,#20028);
#20030=IFCLOCALPLACEMENT($,#20029);
#20031=IFCPROPERTYSET('1DDZqqbw51pgoBrrWcqmUt',$,'Other',$,(#20033,#20034));
#20032=IFCRELDEFINESBYPROPERTIES('0nWzTgtyTAzxAiv123bIr5',$,$,$,(#20009),#20031);
#20033=IFCPROPERTYSINGLEVALUE('Ax',$,IFCLABEL('0.001'),$);
#20034=IFCPROPERTYSINGLEVALUE('Ay',$,IFCLABEL('0.001'),$);
#20035=IFCSLAB('0MK18quG58fugGdJAZDL47',$,$,$,$,#20056,#20046,$,$);
#20036=IFCCARTESIANPOINTLIST2D(((9000.,0.),(12000.,0.),(12000.,6000.),(9000.,6000.)));
#20037=IFCINDEXEDPOLYCURVE(#20036,(IFCLINEINDEX((1,2,3,4,1))),$);
#20038=IFCARBITRARYCLOSEDPROFILEDEF(.AREA.,'Arbitrary',#20037);
#20039=IFCCARTESIANPOINT((0.,0.,0.));
#20040=IFCDIRECTION((0.,0.,1.));
#20041=IFCDIRECTION((1.,0.,0.));
#20042=IFCAXIS2PLACEMENT3D(#20039,#20040,#20041);
#20043=IFCDIRECTION((0.,0.,1.));
#20044=IFCEXTRUDEDAREASOLID(#20038,#20042,#20043,-120.);
#20045=IFCSHAPEREPRESENTATION(#11,'Body','SweptSolid',(#20044));
#20046=IFCPRODUCTDEFINITIONSHAPE($,$,(#20045));
#20052=IFCCARTESIANPOINT((0.,0.,9000.));
#20053=IFCDIRECTION((0.,0.,1.));
#20054=IFCDIRECTION((1.,0.,0.));
#20055=IFCAXIS2PLACEMENT3D(#20052,#20053,#20054);
#20056=IFCLOCALPLACEMENT($,#20055);
#20057=IFCPROPERTYSET('1WjsOdrJrBowXYyg8UN_1L',$,'Other',$,(#20059,#20060));
#20058=IFCRELDEFINESBYPROPERTIES('2lJds7URr0UR96Lcz6DS5l',$,$,$,(#20035),#20057);
#20059=IFCPROPERTYSINGLEVALUE('Ax',$,IFCLABEL('0.001'),$);
#20060=IFCPROPERTYSINGLEVALUE('Ay',$,IFCLABEL('0.001'),$);
#20061=IFCSLAB('0ACy9zKgjBee1p3XomoVW3',$,$,$,$,#20082,#20072,$,$);
#20062=IFCCARTESIANPOINTLIST2D(((12000.,0.),(15000.,0.),(15000.,6000.),(12000.,6000.)));
#20063=IFCINDEXEDPOLYCURVE(#20062,(IFCLINEINDEX((1,2,3,4,1))),$);
#20064=IFCARBITRARYCLOSEDPROFILEDEF(.AREA.,'Arbitrary',#20063);
#20065=IFCCARTESIANPOINT((0.,0.,0.));
#20066=IFCDIRECTION((0.,0.,1.));
#20067=IFCDIRECTION((1.,0.,0.));
#20068=IFCAXIS2PLACEMENT3D(#20065,#20066,#20067);
#20069=IFCDIRECTION((0.,0.,1.));
#20070=IFCEXTRUDEDAREASOLID(#20064,#20068,#20069,-120.);
#20071=IFCSHAPEREPRESENTATION(#11,'Body','SweptSolid',(#20070));
#20072=IFCPRODUCTDEFINITIONSHAPE($,$,(#20071));
#20078=IFCCARTESIANPOINT((0.,0.,9000.));
#20079=IFCDIRECTION((0.,0.,1.));
#20080=IFCDIRECTION((1.,0.,0.));
#20081=IFCAXIS2PLACEMENT3D(#20078,#20079,#20080);
#20082=IFCLOCALPLACEMENT($,#20081);
#20083=IFCPROPERTYSET('0IBqs$lGDEOxulrZT3Tzgg',$,'Other',$,(#20085,#20086));
#20084=IFCRELDEFINESBYPROPERTIES('0UcW19ZSDCl90AkmHJo8Lk',$,$,$,(#20061),#20083);
#20085=IFCPROPERTYSINGLEVALUE('Ax',$,IFCLABEL('0.001'),$);
#20086=IFCPROPERTYSINGLEVALUE('Ay',$,IFCLABEL('0.001'),$);
#20087=IFCSLAB('1cmKBhmVDFjRsv3VIdRDEw',$,$,$,$,#20108,#20098,$,$);
#20088=IFCCARTESIANPOINTLIST2D(((15000.,0.),(18000.,0.),(18000.,6000.),(15000.,6000.)));
#20089=IFCINDEXEDPOLYCURVE(#20088,(IFCLINEINDEX((1,2,3,4,1))),$);
#20090=IFCARBITRARYCLOSEDPROFILEDEF(.AREA.,'Arbitrary',#20089);
#20091=IFCCARTESIANPOINT((0.,0.,0.));
#20092=IFCDIRECTION((0.,0.,1.));
#20093=IFCDIRECTION((1.,0.,0.));
#20094=IFCAXIS2PLACEMENT3D(#20091,#20092,#20093);
#20095=IFCDIRECTION((0.,0.,1.));
#20096=IFCEXTRUDEDAREASOLID(#20090,#20094,#20095,-120.);
#20097=IFCSHAPEREPRESENTATION(#11,'Body','SweptSolid',(#20096));
#20098=IFCPRODUCTDEFINITIONSHAPE($,$,(#20097));
#20104=IFCCARTESIANPOINT((0.,0.,9000.));
#20105=IFCDIRECTION((0.,0.,1.));
#20106=IFCDIRECTION((1.,0.,0.));
#20107=IFCAXIS2PLACEMENT3D(#20104,#20105,#20106);
#20108=IFCLOCALPLACEMENT($,#20107);
#20109=IFCPROPERTYSET('0ha_oxbM95QPvog039FwoT',$,'Other',$,(#20111,#20112));
#20110=IFCRELDEFINESBYPROPERTIES('0b3K3fZ9X7Z9I3T$yT97ZJ',$,$,$,(#20087),#20109);
#20111=IFCPROPERTYSINGLEVALUE('Ax',$,IFCLABEL('0.001'),$);
#20112=IFCPROPERTYSINGLEVALUE('Ay',$,IFCLABEL('0.001'),$);
#20113=IFCSLAB('3pUcHIFhvFbfGm96bdfrwc',$,$,$,$,#20134,#20124,$,$);
#20114=IFCCARTESIANPOINTLIST2D(((18000.,0.),(21000.,0.),(21000.,6000.),(18000.,6000.)));
#20115=IFCINDEXEDPOLYCURVE(#20114,(IFCLINEINDEX((1,2,3,4,1))),$);
#20116=IFCARBITRARYCLOSEDPROFILEDEF(.AREA.,'Arbitrary',#20115);
#20117=IFCCARTESIANPOINT((0.,0.,0.));
#20118=IFCDIRECTION((0.,0.,1.));
#20119=IFCDIRECTION((1.,0.,0.));
#20120=IFCAXIS2PLACEMENT3D(#20117,#20118,#20119);
#20121=IFCDIRECTION((0.,0.,1.));
#20122=IFCEXTRUDEDAREASOLID(#20116,#20120,#20121,-120.);
#20123=IFCSHAPEREPRESENTATION(#11,'Body','SweptSolid',(#20122));
#20124=IFCPRODUCTDEFINITIONSHAPE($,$,(#20123));
#20130=IFCCARTESIANPOINT((0.,0.,9000.));
#20131=IFCDIRECTION((0.,0.,1.));
#20132=IFCDIRECTION((1.,0.,0.));
#20133=IFCAXIS2PLACEMENT3D(#20130,#20131,#20132);
#20134=IFCLOCALPLACEMENT($,#20133);
#20135=IFCPROPERTYSET('3faQET$aTAAwoFLsHC2XQE',$,'Other',$,(#20137,#20138));
#20136=IFCRELDEFINESBYPROPERTIES('0TzfCKi899e8aKnqzdllNs',$,$,$,(#20113),#20135);
#20137=IFCPROPERTYSINGLEVALUE('Ax',$,IFCLABEL('0.001'),$);
#20138=IFCPROPERTYSINGLEVALUE('Ay',$,IFCLABEL('0.001'),$);
#20139=IFCSLAB('0uLEjzOFn5i8vcFZ$qoCBv',$,$,$,$,#20160,#20150,$,$);
#20140=IFCCARTESIANPOINTLIST2D(((21000.,0.),(24000.,0.),(24000.,6000.),(21000.,6000.)));
#20141=IFCINDEXEDPOLYCURVE(#20140,(IFCLINEINDEX((1,2,3,4,1))),$);
#20142=IFCARBITRARYCLOSEDPROFILEDEF(.AREA.,'Arbitrary',#20141);
#20143=IFCCARTESIANPOINT((0.,0.,0.));
#20144=IFCDIRECTION((0.,0.,1.));
#20145=IFCDIRECTION((1.,0.,0.));
#20146=IFCAXIS2PLACEMENT3D(#20143,#20144,#20145);
#20147=IFCDIRECTION((0.,0.,1.));
#20148=IFCEXTRUDEDAREASOLID(#20142,#20146,#20147,-120.);
#20149=IFCSHAPEREPRESENTATION(#11,'Body','SweptSolid',(#20148));
#20150=IFCPRODUCTDEFINITIONSHAPE($,$,(#20149));
#20156=IFCCARTESIANPOINT((0.,0.,9000.));
#20157=IFCDIRECTION((0.,0.,1.));
#20158=IFCDIRECTION((1.,0.,0.));
#20159=IFCAXIS2PLACEMENT3D(#20156,#20157,#20158);
#20160=IFCLOCALPLACEMENT($,#20159);
#20161=IFCPROPERTYSET('0cjZaS_YbBWOvc19oWVfsy',$,'Other',$,(#20163,#20164));
#20162=IFCRELDEFINESBYPROPERTIES('2TCEpKzU55cR1hrIlwZlch',$,$,$,(#20139),#20161);
#20163=IFCPROPERTYSINGLEVALUE('Ax',$,IFCLABEL('0.001'),$);
#20164=IFCPROPERTYSINGLEVALUE('Ay',$,IFCLABEL('0.001'),$);
#20165=IFCSLAB('2luo9hSin0oBdpjTh5un2I',$,$,$,$,#20186,#20176,$,$);
#20166=IFCCARTESIANPOINTLIST2D(((3000.,0.),(6000.,0.),(6000.,6000.),(3000.,6000.)));
#20167=IFCINDEXEDPOLYCURVE(#20166,(IFCLINEINDEX((1,2,3,4,1))),$);
#20168=IFCARBITRARYCLOSEDPROFILEDEF(.AREA.,'Arbitrary',#20167);
#20169=IFCCARTESIANPOINT((0.,0.,0.));
#20170=IFCDIRECTION((0.,0.,1.));
#20171=IFCDIRECTION((1.,0.,0.));
#20172=IFCAXIS2PLACEMENT3D(#20169,#20170,#20171);
#20173=IFCDIRECTION((0.,0.,1.));
#20174=IFCEXTRUDEDAREASOLID(#20168,#20172,#20173,-120.);
#20175=IFCSHAPEREPRESENTATION(#11,'Body','SweptSolid',(#20174));
#20176=IFCPRODUCTDEFINITIONSHAPE($,$,(#20175));
#20182=IFCCARTESIANPOINT((0.,0.,9000.));
#20183=IFCDIRECTION((0.,0.,1.));
#20184=IFCDIRECTION((1.,0.,0.));
#20185=IFCAXIS2PLACEMENT3D(#20182,#20183,#20184);
#20186=IFCLOCALPLACEMENT($,#20185);
#20187=IFCPROPERTYSET('3xzKnNaNX8xf$nG55LWSKY',$,'Other',$,(#20189,#20190));
#20188=IFCRELDEFINESBYPROPERTIES('39$Pd7xmT81uRZdnwJk6a7',$,$,$,(#20165),#20187);
#20189=IFCPROPERTYSINGLEVALUE('Ax',$,IFCLABEL('0.001'),$);
#20190=IFCPROPERTYSINGLEVALUE('Ay',$,IFCLABEL('0.001'),$);
#20191=IFCSLAB('1PRKqLtur1vh6wKoJXO5D_',$,$,$,$,#20212,#20202,$,$);
#20192=IFCCARTESIANPOINTLIST2D(((24000.,6000.),(27000.,6000.),(27000.,12000.),(24000.,12000.)));
#20193=IFCINDEXEDPOLYCURVE(#20192,(IFCLINEINDEX((1,2,3,4,1))),$);
#20194=IFCARBITRARYCLOSEDPROFILEDEF(.AREA.,'Arbitrary',#20193);
#20195=IFCCARTESIANPOINT((0.,0.,0.));
#20196=IFCDIRECTION((0.,0.,1.));
#20197=IFCDIRECTION((1.,0.,0.));
#20198=IFCAXIS2PLACEMENT3D(#20195,#20196,#20197);
#20199=IFCDIRECTION((0.,0.,1.));
#20200=IFCEXTRUDEDAREASOLID(#20194,#20198,#20199,-120.);
#20201=IFCSHAPEREPRESENTATION(#11,'Body','SweptSolid',(#20200));
#20202=IFCPRODUCTDEFINITIONSHAPE($,$,(#20201));
#20208=IFCCARTESIANPOINT((0.,0.,9000.));
#20209=IFCDIRECTION((0.,0.,1.));
#20210=IFCDIRECTION((1.,0.,0.));
#20211=IFCAXIS2PLACEMENT3D(#20208,#20209,#20210);
#20212=IFCLOCALPLACEMENT($,#20211);
#20213=IFCPROPERTYSET('38qp8RT4zFOQ_2c2U$kREd',$,'Other',$,(#20215,#20216));
#20214=IFCRELDEFINESBYPROPERTIES('0JOYRCxEXCzgAC5Cw2vfzc',$,$,$,(#20191),#20213);
#20215=IFCPROPERTYSINGLEVALUE('Ax',$,IFCLABEL('0.001'),$);
#20216=IFCPROPERTYSINGLEVALUE('Ay',$,IFCLABEL('0.001'),$);
#20217=IFCSLAB('3VFQyL8sP1GOiLU0O54wyG',$,$,$,$,#20238,#20228,$,$);
#20218=IFCCARTESIANPOINTLIST2D(((0.,6000.),(3000.,6000.),(3000.,12000.),(0.,12000.)));
#20219=IFCINDEXEDPOLYCURVE(#20218,(IFCLINEINDEX((1,2,3,4,1))),$);
#20220=IFCARBITRARYCLOSEDPROFILEDEF(.AREA.,'Arbitrary',#20219);
#20221=IFCCARTESIANPOINT((0.,0.,0.));
#20222=IFCDIRECTION((0.,0.,1.));
#20223=IFCDIRECTION((1.,0.,0.));
#20224=IFCAXIS2PLACEMENT3D(#20221,#20222,#20223);
#20225=IFCDIRECTION((0.,0.,1.));
#20226=IFCEXTRUDEDAREASOLID(#20220,#20224,#20225,-120.);
#20227=IFCSHAPEREPRESENTATION(#11,'Body','SweptSolid',(#20226));
#20228=IFCPRODUCTDEFINITIONSHAPE($,$,(#20227));
#20234=IFCCARTESIANPOINT((0.,0.,6000.));
#20235=IFCDIRECTION((0.,0.,1.));
#20236=IFCDIRECTION((1.,0.,0.));
#20237=IFCAXIS2PLACEMENT3D(#20234,#20235,#20236);
#20238=IFCLOCALPLACEMENT($,#20237);
#20239=IFCPROPERTYSET('2KmM68KhzF5e$bQab3U_ih',$,'Other',$,(#20241,#20242));
#20240=IFCRELDEFINESBYPROPERTIES('3Jy5fXCIb7jQout9XdUlfM',$,$,$,(#20217),#20239);
#20241=IFCPROPERTYSINGLEVALUE('Ax',$,IFCLABEL('0.001'),$);
#20242=IFCPROPERTYSINGLEVALUE('Ay',$,IFCLABEL('0.001'),$);
#20243=IFCSLAB('1uGV9l_JL2$vqjQVcLRH7V',$,$,$,$,#20264,#20254,$,$);
#20244=IFCCARTESIANPOINTLIST2D(((3000.,6000.),(6000.,6000.),(6000.,12000.),(3000.,12000.)));
#20245=IFCINDEXEDPOLYCURVE(#20244,(IFCLINEINDEX((1,2,3,4,1))),$);
#20246=IFCARBITRARYCLOSEDPROFILEDEF(.AREA.,'Arbitrary',#20245);
#20247=IFCCARTESIANPOINT((0.,0.,0.));
#20248=IFCDIRECTION((0.,0.,1.));
#20249=IFCDIRECTION((1.,0.,0.));
#20250=IFCAXIS2PLACEMENT3D(#20247,#20248,#20249);
#20251=IFCDIRECTION((0.,0.,1.));
#20252=IFCEXTRUDEDAREASOLID(#20246,#20250,#20251,-120.);
#20253=IFCSHAPEREPRESENTATION(#11,'Body','SweptSolid',(#20252));
#20254=IFCPRODUCTDEFINITIONSHAPE($,$,(#20253));
#20260=IFCCARTESIANPOINT((0.,0.,6000.));
#20261=IFCDIRECTION((0.,0.,1.));
#20262=IFCDIRECTION((1.,0.,0.));
#20263=IFCAXIS2PLACEMENT3D(#20260,#20261,#20262);
#20264=IFCLOCALPLACEMENT($,#20263);
#20265=IFCPROPERTYSET('3lqoKzWQLDtPUwNHwMqQUd',$,'Other',$,(#20267,#20268));
#20266=IFCRELDEFINESBYPROPERTIES('2KM1ebsRzCRPv9QqPy7yqZ',$,$,$,(#20243),#20265);
#20267=IFCPROPERTYSINGLEVALUE('Ax',$,IFCLABEL('0.001'),$);
#20268=IFCPROPERTYSINGLEVALUE('Ay',$,IFCLABEL('0.001'),$);
#20269=IFCSLAB('0$eldzTRLCYxspiZ1_zJNc',$,$,$,$,#20290,#20280,$,$);
#20270=IFCCARTESIANPOINTLIST2D(((0.,12000.),(3000.,12000.),(3000.,18000.),(0.,18000.)));
#20271=IFCINDEXEDPOLYCURVE(#20270,(IFCLINEINDEX((1,2,3,4,1))),$);
#20272=IFCARBITRARYCLOSEDPROFILEDEF(.AREA.,'Arbitrary',#20271);
#20273=IFCCARTESIANPOINT((0.,0.,0.));
#20274=IFCDIRECTION((0.,0.,1.));
#20275=IFCDIRECTION((1.,0.,0.));
#20276=IFCAXIS2PLACEMENT3D(#20273,#20274,#20275);
#20277=IFCDIRECTION((0.,0.,1.));
#20278=IFCEXTRUDEDAREASOLID(#20272,#20276,#20277,-120.);
#20279=IFCSHAPEREPRESENTATION(#11,'Body','SweptSolid',(#20278));
#20280=IFCPRODUCTDEFINITIONSHAPE($,$,(#20279));
#20286=IFCCARTESIANPOINT((0.,0.,6000.));
#20287=IFCDIRECTION((0.,0.,1.));
#20288=IFCDIRECTION((1.,0.,0.));
#20289=IFCAXIS2PLACEMENT3D(#20286,#20287,#20288);
#20290=IFCLOCALPLACEMENT($,#20289);
#20291=IFCPROPERTYSET('0qhVVQEszC8ebNixmpTgWp',$,'Other',$,(#20293,#20294));
#20292=IFCRELDEFINESBYPROPERTIES('3VIKDsGT99k96yd6QcXIlJ',$,$,$,(#20269),#20291);
#20293=IFCPROPERTYSINGLEVALUE('Ax',$,IFCLABEL('0.001'),$);
#20294=IFCPROPERTYSINGLEVALUE('Ay',$,IFCLABEL('0.001'),$);
#20295=IFCSLAB('0vyUshxuzFneGjUXbppOHi',$,$,$,$,#20316,#20306,$,$);
#20296=IFCCARTESIANPOINTLIST2D(((3000.,12000.),(6000.,12000.),(6000.,18000.),(3000.,18000.)));
#20297=IFCINDEXEDPOLYCURVE(#20296,(IFCLINEINDEX((1,2,3,4,1))),$);
#20298=IFCARBITRARYCLOSEDPROFILEDEF(.AREA.,'Arbitrary',#20297);
#20299=IFCCARTESIANPOINT((0.,0.,0.));
#20300=IFCDIRECTION((0.,0.,1.));
#20301=IFCDIRECTION((1.,0.,0.));
#20302=IFCAXIS2PLACEMENT3D(#20299,#20300,#20301);
#20303=IFCDIRECTION((0.,0.,1.));
#20304=IFCEXTRUDEDAREASOLID(#20298,#20302,#20303,-120.);
#20305=IFCSHAPEREPRESENTATION(#11,'Body','SweptSolid',(#20304));
#20306=IFCPRODUCTDEFINITIONSHAPE($,$,(#20305));
#20312=IFCCARTESIANPOINT((0.,0.,6000.));
#20313=IFCDIRECTION((0.,0.,1.));
#20314=IFCDIRECTION((1.,0.,0.));
#20315=IFCAXIS2PLACEMENT3D(#20312,#20313,#20314);
#20316=IFCLOCALPLACEMENT($,#20315);
#20317=IFCPROPERTYSET('2iBUmjitzBtxBkQgMoNdVO',$,'Other',$,(#20319,#20320));
#20318=IFCRELDEFINESBYPROPERTIES('2Sptb26jD8Kg1$jSPfhUMD',$,$,$,(#20295),#20317);
#20319=IFCPROPERTYSINGLEVALUE('Ax',$,IFCLABEL('0.001'),$);
#20320=IFCPROPERTYSINGLEVALUE('Ay',$,IFCLABEL('0.001'),$);
#20321=IFCSLAB('3DOJ4VGufFcAsVptk7cv0F',$,$,$,$,#20342,#20332,$,$);
#20322=IFCCARTESIANPOINTLIST2D(((6000.,12000.),(9000.,12000.),(9000.,18000.),(6000.,18000.)));
#20323=IFCINDEXEDPOLYCURVE(#20322,(IFCLINEINDEX((1,2,3,4,1))),$);
#20324=IFCARBITRARYCLOSEDPROFILEDEF(.AREA.,'Arbitrary',#20323);
#20325=IFCCARTESIANPOINT((0.,0.,0.));
#20326=IFCDIRECTION((0.,0.,1.));
#20327=IFCDIRECTION((1.,0.,0.));
#20328=IFCAXIS2PLACEMENT3D(#20325,#20326,#20327);
#20329=IFCDIRECTION((0.,0.,1.));
#20330=IFCEXTRUDEDAREASOLID(#20324,#20328,#20329,-120.);
#20331=IFCSHAPEREPRESENTATION(#11,'Body','SweptSolid',(#20330));
#20332=IFCPRODUCTDEFINITIONSHAPE($,$,(#20331));
#20338=IFCCARTESIANPOINT((0.,0.,6000.));
#20339=IFCDIRECTION((0.,0.,1.));
#20340=IFCDIRECTION((1.,0.,0.));
#20341=IFCAXIS2PLACEMENT3D(#20338,#20339,#20340);
#20342=IFCLOCALPLACEMENT($,#20341);
#20343=IFCPROPERTYSET('3ZKG2wQSH8LOfislEEo8ea',$,'Other',$,(#20345,#20346));
#20344=IFCRELDEFINESBYPROPERTIES('2G_rrSzqfCVxNZJwVIkvKA',$,$,$,(#20321),#20343);
#20345=IFCPROPERTYSINGLEVALUE('Ax',$,IFCLABEL('0.001'),$);
#20346=IFCPROPERTYSINGLEVALUE('Ay',$,IFCLABEL('0.001'),$);
#20347=IFCSLAB('0AtMil7FrCwuo4pimoVafn',$,$,$,$,#20368,#20358,$,$);
#20348=IFCCARTESIANPOINTLIST2D(((9000.,12000.),(12000.,12000.),(12000.,18000.),(9000.,18000.)));
#20349=IFCINDEXEDPOLYCURVE(#20348,(IFCLINEINDEX((1,2,3,4,1))),$);
#20350=IFCARBITRARYCLOSEDPROFILEDEF(.AREA.,'Arbitrary',#20349);
#20351=IFCCARTESIANPOINT((0.,0.,0.));
#20352=IFCDIRECTION((0.,0.,1.));
#20353=IFCDIRECTION((1.,0.,0.));
#20354=IFCAXIS2PLACEMENT3D(#20351,#20352,#20353);
#20355=IFCDIRECTION((0.,0.,1.));
#20356=IFCEXTRUDEDAREASOLID(#20350,#20354,#20355,-120.);
#20357=IFCSHAPEREPRESENTATION(#11,'Body','SweptSolid',(#20356));
#20358=IFCPRODUCTDEFINITIONSHAPE($,$,(#20357));
#20364=IFCCARTESIANPOINT((0.,0.,6000.));
#20365=IFCDIRECTION((0.,0.,1.));
#20366=IFCDIRECTION((1.,0.,0.));
#20367=IFCAXIS2PLACEMENT3D(#20364,#20365,#20366);
#20368=IFCLOCALPLACEMENT($,#20367);
#20369=IFCPROPERTYSET('0wFvsXnJ9C5fFOymhul29H',$,'Other',$,(#20371,#20372));
#20370=IFCRELDEFINESBYPROPERTIES('0wPoa1N2DE0Onmoe9Ix6be',$,$,$,(#20347),#20369);
#20371=IFCPROPERTYSINGLEVALUE('Ax',$,IFCLABEL('0.001'),$);
#20372=IFCPROPERTYSINGLEVALUE('Ay',$,IFCLABEL('0.001'),$);
#20373=IFCSLAB('1B1XAyvt9CUgTMYmaRjah0',$,$,$,$,#20394,#20384,$,$);
#20374=IFCCARTESIANPOINTLIST2D(((12000.,12000.),(15000.,12000.),(15000.,18000.),(12000.,18000.)));
#20375=IFCINDEXEDPOLYCURVE(#20374,(IFCLINEINDEX((1,2,3,4,1))),$);
#20376=IFCARBITRARYCLOSEDPROFILEDEF(.AREA.,'Arbitrary',#20375);
#20377=IFCCARTESIANPOINT((0.,0.,0.));
#20378=IFCDIRECTION((0.,0.,1.));
#20379=IFCDIRECTION((1.,0.,0.));
#20380=IFCAXIS2PLACEMENT3D(#20377,#20378,#20379);
#20381=IFCDIRECTION((0.,0.,1.));
#20382=IFCEXTRUDEDAREASOLID(#20376,#20380,#20381,-120.);
#20383=IFCSHAPEREPRESENTATION(#11,'Body','SweptSolid',(#20382));
#20384=IFCPRODUCTDEFINITIONSHAPE($,$,(#20383));
#20390=IFCCARTESIANPOINT((0.,0.,6000.));
#20391=IFCDIRECTION((0.,0.,1.));
#20392=IFCDIRECTION((1.,0.,0.));
#20393=IFCAXIS2PLACEMENT3D(#20390,#20391,#20392);
#20394=IFCLOCALPLACEMENT($,#20393);
#20395=IFCPROPERTYSET('04QzCNmOjEJga8M2diCH9M',$,'Other',$,(#20397,#20398));
#20396=IFCRELDEFINESBYPROPERTIES('2FzHKxwDD9phZ4z_pFu16Z',$,$,$,(#20373),#20395);
#20397=IFCPROPERTYSINGLEVALUE('Ax',$,IFCLABEL('0.001'),$);
#20398=IFCPROPERTYSINGLEVALUE('Ay',$,IFCLABEL('0.001'),$);
#20399=IFCSLAB('0jfvC5FP52HeaQKBxr8xAY',$,$,$,$,#20420,#20410,$,$);
#20400=IFCCARTESIANPOINTLIST2D(((15000.,12000.),(18000.,12000.),(18000.,18000.),(15000.,18000.)));
#20401=IFCINDEXEDPOLYCURVE(#20400,(IFCLINEINDEX((1,2,3,4,1))),$);
#20402=IFCARBITRARYCLOSEDPROFILEDEF(.AREA.,'Arbitrary',#20401);
#20403=IFCCARTESIANPOINT((0.,0.,0.));
#20404=IFCDIRECTION((0.,0.,1.));
#20405=IFCDIRECTION((1.,0.,0.));
#20406=IFCAXIS2PLACEMENT3D(#20403,#20404,#20405);
#20407=IFCDIRECTION((0.,0.,1.));
#20408=IFCEXTRUDEDAREASOLID(#20402,#20406,#20407,-120.);
#20409=IFCSHAPEREPRESENTATION(#11,'Body','SweptSolid',(#20408));
#20410=IFCPRODUCTDEFINITIONSHAPE($,$,(#20409));
#20416=IFCCARTESIANPOINT((0.,0.,6000.));
#20417=IFCDIRECTION((0.,0.,1.));
#20418=IFCDIRECTION((1.,0.,0.));
#20419=IFCAXIS2PLACEMENT3D(#20416,#20417,#20418);
#20420=IFCLOCALPLACEMENT($,#20419);
#20421=IFCPROPERTYSET('0orrg4CQL6GP8I2f2DAqY6',$,'Other',$,(#20423,#20424));
#20422=IFCRELDEFINESBYPROPERTIES('1dTsTplArDvf4uHa63FK$Z',$,$,$,(#20399),#20421);
#20423=IFCPROPERTYSINGLEVALUE('Ax',$,IFCLABEL('0.001'),$);
#20424=IFCPROPERTYSINGLEVALUE('Ay',$,IFCLABEL('0.001'),$);
#20425=IFCSLAB('0OuqqNiiP7L9oISQR7pc5I',$,$,$,$,#20446,#20436,$,$);
#20426=IFCCARTESIANPOINTLIST2D(((18000.,12000.),(21000.,12000.),(21000.,18000.),(18000.,18000.)));
#20427=IFCINDEXEDPOLYCURVE(#20426,(IFCLINEINDEX((1,2,3,4,1))),$);
#20428=IFCARBITRARYCLOSEDPROFILEDEF(.AREA.,'Arbitrary',#20427);
#20429=IFCCARTESIANPOINT((0.,0.,0.));
#20430=IFCDIRECTION((0.,0.,1.));
#20431=IFCDIRECTION((1.,0.,0.));
#20432=IFCAXIS2PLACEMENT3D(#20429,#20430,#20431);
#20433=IFCDIRECTION((0.,0.,1.));
#20434=IFCEXTRUDEDAREASOLID(#20428,#20432,#20433,-120.);
#20435=IFCSHAPEREPRESENTATION(#11,'Body','SweptSolid',(#20434));
#20436=IFCPRODUCTDEFINITIONSHAPE($,$,(#20435));
#20442=IFCCARTESIANPOINT((0.,0.,6000.));
#20443=IFCDIRECTION((0.,0.,1.));
#20444=IFCDIRECTION((1.,0.,0.));
#20445=IFCAXIS2PLACEMENT3D(#20442,#20443,#20444);
#20446=IFCLOCALPLACEMENT($,#20445);
#20447=IFCPROPERTYSET('0yDxCHVUv7YP$wUoTggNvK',$,'Other',$,(#20449,#20450));
#20448=IFCRELDEFINESBYPROPERTIES('0j1wc7mp16g9S0vCZmx9O9',$,$,$,(#20425),#20447);
#20449=IFCPROPERTYSINGLEVALUE('Ax',$,IFCLABEL('0.001'),$);
#20450=IFCPROPERTYSINGLEVALUE('Ay',$,IFCLABEL('0.001'),$);
#20451=IFCSLAB('3RzQWyZsL3cBC5o1_JSV_s',$,$,$,$,#20472,#20462,$,$);
#20452=IFCCARTESIANPOINTLIST2D(((21000.,12000.),(24000.,12000.),(24000.,18000.),(21000.,18000.)));
#20453=IFCINDEXEDPOLYCURVE(#20452,(IFCLINEINDEX((1,2,3,4,1))),$);
#20454=IFCARBITRARYCLOSEDPROFILEDEF(.AREA.,'Arbitrary',#20453);
#20455=IFCCARTESIANPOINT((0.,0.,0.));
#20456=IFCDIRECTION((0.,0.,1.));
#20457=IFCDIRECTION((1.,0.,0.));
#20458=IFCAXIS2PLACEMENT3D(#20455,#20456,#20457);
#20459=IFCDIRECTION((0.,0.,1.));
#20460=IFCEXTRUDEDAREASOLID(#20454,#20458,#20459,-120.);
#20461=IFCSHAPEREPRESENTATION(#11,'Body','SweptSolid',(#20460));
#20462=IFCPRODUCTDEFINITIONSHAPE($,$,(#20461));
#20468=IFCCARTESIANPOINT((0.,0.,6000.));
#20469=IFCDIRECTION((0.,0.,1.));
#20470=IFCDIRECTION((1.,0.,0.));
#20471=IFCAXIS2PLACEMENT3D(#20468,#20469,#20470);
#20472=IFCLOCALPLACEMENT($,#20471);
#20473=IFCPROPERTYSET('3STLEG1Vv8MfqKqAr8EUVP',$,'Other',$,(#20475,#20476));
#20474=IFCRELDEFINESBYPROPERTIES('0dr5oWTVH2eQ$Mpbc1xLa5',$,$,$,(#20451),#20473);
#20475=IFCPROPERTYSINGLEVALUE('Ax',$,IFCLABEL('0.001'),$);
#20476=IFCPROPERTYSINGLEVALUE('Ay',$,IFCLABEL('0.001'),$);
#20477=IFCSLAB('1vLhdnZcn0k8_LmbkJVkcb',$,$,$,$,#20498,#20488,$,$);
#20478=IFCCARTESIANPOINTLIST2D(((24000.,12000.),(27000.,12000.),(27000.,18000.),(24000.,18000.)));
#20479=IFCINDEXEDPOLYCURVE(#20478,(IFCLINEINDEX((1,2,3,4,1))),$);
#20480=IFCARBITRARYCLOSEDPROFILEDEF(.AREA.,'Arbitrary',#20479);
#20481=IFCCARTESIANPOINT((0.,0.,0.));
#20482=IFCDIRECTION((0.,0.,1.));
#20483=IFCDIRECTION((1.,0.,0.));
#20484=IFCAXIS2PLACEMENT3D(#20481,#20482,#20483);
#20485=IFCDIRECTION((0.,0.,1.));
#20486=IFCEXTRUDEDAREASOLID(#20480,#20484,#20485,-120.);
#20487=IFCSHAPEREPRESENTATION(#11,'Body','SweptSolid',(#20486));
#20488=IFCPRODUCTDEFINITIONSHAPE($,$,(#20487));
#20494=IFCCARTESIANPOINT((0.,0.,6000.));
#20495=IFCDIRECTION((0.,0.,1.));
#20496=IFCDIRECTION((1.,0.,0.));
#20497=IFCAXIS2PLACEMENT3D(#20494,#20495,#20496);
#20498=IFCLOCALPLACEMENT($,#20497);
#20499=IFCPROPERTYSET('3kwKIbry95QfsKyp$agemO',$,'Other',$,(#20501,#20502));
#20500=IFCRELDEFINESBYPROPERTIES('3Hvm8lNib2bwLBvvCfP3lx',$,$,$,(#20477),#20499);
#20501=IFCPROPERTYSINGLEVALUE('Ax',$,IFCLABEL('0.001'),$);
#20502=IFCPROPERTYSINGLEVALUE('Ay',$,IFCLABEL('0.001'),$);
#20503=IFCSLAB('2PrzMNodnB8fG$nhnojMdn',$,$,$,$,#20524,#20514,$,$);
#20504=IFCCARTESIANPOINTLIST2D(((27000.,12000.),(30000.,12000.),(30000.,18000.),(27000.,18000.)));
#20505=IFCINDEXEDPOLYCURVE(#20504,(IFCLINEINDEX((1,2,3,4,1))),$);
#20506=IFCARBITRARYCLOSEDPROFILEDEF(.AREA.,'Arbitrary',#20505);
#20507=IFCCARTESIANPOINT((0.,0.,0.));
#20508=IFCDIRECTION((0.,0.,1.));
#20509=IFCDIRECTION((1.,0.,0.));
#20510=IFCAXIS2PLACEMENT3D(#20507,#20508,#20509);
#20511=IFCDIRECTION((0.,0.,1.));
#20512=IFCEXTRUDEDAREASOLID(#20506,#20510,#20511,-120.);
#20513=IFCSHAPEREPRESENTATION(#11,'Body','SweptSolid',(#20512));
#20514=IFCPRODUCTDEFINITIONSHAPE($,$,(#20513));
#20520=IFCCARTESIANPOINT((0.,0.,6000.));
#20521=IFCDIRECTION((0.,0.,1.));
#20522=IFCDIRECTION((1.,0.,0.));
#20523=IFCAXIS2PLACEMENT3D(#20520,#20521,#20522);
#20524=IFCLOCALPLACEMENT($,#20523);
#20525=IFCPROPERTYSET('3xA4un3cD9MPhTyMNHvvG2',$,'Other',$,(#20527,#20528));
#20526=IFCRELDEFINESBYPROPERTIES('2fIuDXLwD9wQq5kuc4gBDD',$,$,$,(#20503),#20525);
#20527=IFCPROPERTYSINGLEVALUE('Ax',$,IFCLABEL('0.001'),$);
#20528=IFCPROPERTYSINGLEVALUE('Ay',$,IFCLABEL('0.001'),$);
#20529=IFCSLAB('0JInQpOX988810EBukXl4X',$,$,$,$,#20550,#20540,$,$);
#20530=IFCCARTESIANPOINTLIST2D(((6000.,6000.),(9000.,6000.),(9000.,12000.),(6000.,12000.)));
#20531=IFCINDEXEDPOLYCURVE(#20530,(IFCLINEINDEX((1,2,3,4,1))),$);
#20532=IFCARBITRARYCLOSEDPROFILEDEF(.AREA.,'Arbitrary',#20531);
#20533=IFCCARTESIANPOINT((0.,0.,0.));
#20534=IFCDIRECTION((0.,0.,1.));
#20535=IFCDIRECTION((1.,0.,0.));
#20536=IFCAXIS2PLACEMENT3D(#20533,#20534,#20535);
#20537=IFCDIRECTION((0.,0.,1.));
#20538=IFCEXTRUDEDAREASOLID(#20532,#20536,#20537,-120.);
#20539=IFCSHAPEREPRESENTATION(#11,'Body','SweptSolid',(#20538));
#20540=IFCPRODUCTDEFINITIONSHAPE($,$,(#20539));
#20546=IFCCARTESIANPOINT((0.,0.,6000.));
#20547=IFCDIRECTION((0.,0.,1.));
#20548=IFCDIRECTION((1.,0.,0.));
#20549=IFCAXIS2PLACEMENT3D(#20546,#20547,#20548);
#20550=IFCLOCALPLACEMENT($,#20549);
#20551=IFCPROPERTYSET('1tCBxvlw592OFvbs4ZTMA5',$,'Other',$,(#20553,#20554));
#20552=IFCRELDEFINESBYPROPERTIES('1WlJThDUPA0RRxbSbLZe6y',$,$,$,(#20529),#20551);
#20553=IFCPROPERTYSINGLEVALUE('Ax',$,IFCLABEL('0.001'),$);
#20554=IFCPROPERTYSINGLEVALUE('Ay',$,IFCLABEL('0.001'),$);
#20555=IFCSLAB('0WkH_Fde50uBSwDA5PMI2e',$,$,$,$,#20576,#20566,$,$);
#20556=IFCCARTESIANPOINTLIST2D(((9000.,6000.),(12000.,6000.),(12000.,12000.),(9000.,12000.)));
#20557=IFCINDEXEDPOLYCURVE(#20556,(IFCLINEINDEX((1,2,3,4,1))),$);
#20558=IFCARBITRARYCLOSEDPROFILEDEF(.AREA.,'Arbitrary',#20557);
#20559=IFCCARTESIANPOINT((0.,0.,0.));
#20560=IFCDIRECTION((0.,0.,1.));
#20561=IFCDIRECTION((1.,0.,0.));
#20562=IFCAXIS2PLACEMENT3D(#20559,#20560,#20561);
#20563=IFCDIRECTION((0.,0.,1.));
#20564=IFCEXTRUDEDAREASOLID(#20558,#20562,#20563,-120.);
#20565=IFCSHAPEREPRESENTATION(#11,'Body','SweptSolid',(#20564));
#20566=IFCPRODUCTDEFINITIONSHAPE($,$,(#20565));
#20572=IFCCARTESIANPOINT((0.,0.,6000.));
#20573=IFCDIRECTION((0.,0.,1.));
#20574=IFCDIRECTION((1.,0.,0.));
#20575=IFCAXIS2PLACEMENT3D(#20572,#20573,#20574);
#20576=IFCLOCALPLACEMENT($,#20575);
#20577=IFCPROPERTYSET('28oMocchv0iwJDaONwvIHD',$,'Other',$,(#20579,#20580));
#20578=IFCRELDEFINESBYPROPERTIES('0k40cfZ9HBN8piyH1x2MnW',$,$,$,(#20555),#20577);
#20579=IFCPROPERTYSINGLEVALUE('Ax',$,IFCLABEL('0.001'),$);
#20580=IFCPROPERTYSINGLEVALUE('Ay',$,IFCLABEL('0.001'),$);
#20581=IFCSLAB('2sCYWPd5b1TA3OANFigQKl',$,$,$,$,#20602,#20592,$,$);
#20582=IFCCARTESIANPOINTLIST2D(((12000.,6000.),(15000.,6000.),(15000.,12000.),(12000.,12000.)));
#20583=IFCINDEXEDPOLYCURVE(#20582,(IFCLINEINDEX((1,2,3,4,1))),$);
#20584=IFCARBITRARYCLOSEDPROFILEDEF(.AREA.,'Arbitrary',#20583);
#20585=IFCCARTESIANPOINT((0.,0.,0.));
#20586=IFCDIRECTION((0.,0.,1.));
#20587=IFCDIRECTION((1.,0.,0.));
#20588=IFCAXIS2PLACEMENT3D(#20585,#20586,#20587);
#20589=IFCDIRECTION((0.,0.,1.));
#20590=IFCEXTRUDEDAREASOLID(#20584,#20588,#20589,-120.);
#20591=IFCSHAPEREPRESENTATION(#11,'Body','SweptSolid',(#20590));
#20592=IFCPRODUCTDEFINITIONSHAPE($,$,(#20591));
#20598=IFCCARTESIANPOINT((0.,0.,6000.));
#20599=IFCDIRECTION((0.,0.,1.));
#20600=IFCDIRECTION((1.,0.,0.));
#20601=IFCAXIS2PLACEMENT3D(#20598,#20599,#20600);
#20602=IFCLOCALPLACEMENT($,#20601);
#20603=IFCPROPERTYSET('0CnQwa53P7seyKIT2nAFLl',$,'Other',$,(#20605,#20606));
#20604=IFCRELDEFINESBYPROPERTIES('35P$kr6MPBqAeKMbd9V3Wv',$,$,$,(#20581),#20603);
#20605=IFCPROPERTYSINGLEVALUE('Ax',$,IFCLABEL('0.001'),$);
#20606=IFCPROPERTYSINGLEVALUE('Ay',$,IFCLABEL('0.001'),$);
#20607=IFCSLAB('2eagnrUwfFBvC_ybdIYE3m',$,$,$,$,#20628,#20618,$,$);
#20608=IFCCARTESIANPOINTLIST2D(((15000.,6000.),(18000.,6000.),(18000.,12000.),(15000.,12000.)));
#20609=IFCINDEXEDPOLYCURVE(#20608,(IFCLINEINDEX((1,2,3,4,1))),$);
#20610=IFCARBITRARYCLOSEDPROFILEDEF(.AREA.,'Arbitrary',#20609);
#20611=IFCCARTESIANPOINT((0.,0.,0.));
#20612=IFCDIRECTION((0.,0.,1.));
#20613=IFCDIRECTION((1.,0.,0.));
#20614=IFCAXIS2PLACEMENT3D(#20611,#20612,#20613);
#20615=IFCDIRECTION((0.,0.,1.));
#20616=IFCEXTRUDEDAREASOLID(#20610,#20614,#20615,-120.);
#20617=IFCSHAPEREPRESENTATION(#11,'Body','SweptSolid',(#20616));
#20618=IFCPRODUCTDEFINITIONSHAPE($,$,(#20617));
#20624=IFCCARTESIANPOINT((0.,0.,6000.));
#20625=IFCDIRECTION((0.,0.,1.));
#20626=IFCDIRECTION((1.,0.,0.));
#20627=IFCAXIS2PLACEMENT3D(#20624,#20625,#20626);
#20628=IFCLOCALPLACEMENT($,#20627);
#20629=IFCPROPERTYSET('1rJAyljlrAqhLfpM0hUvcj',$,'Other',$,(#20631,#20632));
#20630=IFCRELDEFINESBYPROPERTIES('3uHHtUhRr98RI49SRiCPKp',$,$,$,(#20607),#20629);
#20631=IFCPROPERTYSINGLEVALUE('Ax',$,IFCLABEL('0.001'),$);
#20632=IFCPROPERTYSINGLEVALUE('Ay',$,IFCLABEL('0.001'),$);
#20633=IFCSLAB('0QlPz3Sv59ZQEj$HoMoSmL',$,$,$,$,#20654,#20644,$,$);
#20634=IFCCARTESIANPOINTLIST2D(((18000.,6000.),(21000.,6000.),(21000.,12000.),(18000.,12000.)));
#20635=IFCINDEXEDPOLYCURVE(#20634,(IFCLINEINDEX((1,2,3,4,1))),$);
#20636=IFCARBITRARYCLOSEDPROFILEDEF(.AREA.,'Arbitrary',#20635);
#20637=IFCCARTESIANPOINT((0.,0.,0.));
#20638=IFCDIRECTION((0.,0.,1.));
#20639=IFCDIRECTION((1.,0.,0.));
#20640=IFCAXIS2PLACEMENT3D(#20637,#20638,#20639);
#20641=IFCDIRECTION((0.,0.,1.));
#20642=IFCEXTRUDEDAREASOLID(#20636,#20640,#20641,-120.);
#20643=IFCSHAPEREPRESENTATION(#11,'Body','SweptSolid',(#20642));
#20644=IFCPRODUCTDEFINITIONSHAPE($,$,(#20643));
#20650=IFCCARTESIANPOINT((0.,0.,6000.));
#20651=IFCDIRECTION((0.,0.,1.));
#20652=IFCDIRECTION((1.,0.,0.));
#20653=IFCAXIS2PLACEMENT3D(#20650,#20651,#20652);
#20654=IFCLOCALPLACEMENT($,#20653);
#20655=IFCPROPERTYSET('2BPgtWzhb50xo7iCEAJi2H',$,'Other',$,(#20657,#20658));
#20656=IFCRELDEFINESBYPROPERTIES('1LZAeG7yzFNB78XrrJk6bK',$,$,$,(#20633),#20655);
#20657=IFCPROPERTYSINGLEVALUE('Ax',$,IFCLABEL('0.001'),$);
#20658=IFCPROPERTYSINGLEVALUE('Ay',$,IFCLABEL('0.001'),$);
#20659=IFCSLAB('1bZgMFHXjDwQxM55$NUaa9',$,$,$,$,#20680,#20670,$,$);
#20660=IFCCARTESIANPOINTLIST2D(((21000.,6000.),(24000.,6000.),(24000.,12000.),(21000.,12000.)));
#20661=IFCINDEXEDPOLYCURVE(#20660,(IFCLINEINDEX((1,2,3,4,1))),$);
#20662=IFCARBITRARYCLOSEDPROFILEDEF(.AREA.,'Arbitrary',#20661);
#20663=IFCCARTESIANPOINT((0.,0.,0.));
#20664=IFCDIRECTION((0.,0.,1.));
#20665=IFCDIRECTION((1.,0.,0.));
#20666=IFCAXIS2PLACEMENT3D(#20663,#20664,#20665);
#20667=IFCDIRECTION((0.,0.,1.));
#20668=IFCEXTRUDEDAREASOLID(#20662,#20666,#20667,-120.);
#20669=IFCSHAPEREPRESENTATION(#11,'Body','SweptSolid',(#20668));
#20670=IFCPRODUCTDEFINITIONSHAPE($,$,(#20669));
#20676=IFCCARTESIANPOINT((0.,0.,6000.));
#20677=IFCDIRECTION((0.,0.,1.));
#20678=IFCDIRECTION((1.,0.,0.));
#20679=IFCAXIS2PLACEMENT3D(#20676,#20677,#20678);
#20680=IFCLOCALPLACEMENT($,#20679);
#20681=IFCPROPERTYSET('0TtR5$b0n4pwCQyTSvVJ7k',$,'Other',$,(#20683,#20684));
#20682=IFCRELDEFINESBYPROPERTIES('2_JC2o3CT2yP29ythvllEW',$,$,$,(#20659),#20681);
#20683=IFCPROPERTYSINGLEVALUE('Ax',$,IFCLABEL('0.001'),$);
#20684=IFCPROPERTYSINGLEVALUE('Ay',$,IFCLABEL('0.001'),$);
#20685=IFCSLAB('2MXqn61xX06xPVSMG8Qf7T',$,$,$,$,#20706,#20696,$,$);
#20686=IFCCARTESIANPOINTLIST2D(((6000.,0.),(9000.,0.),(9000.,6000.),(6000.,6000.)));
#20687=IFCINDEXEDPOLYCURVE(#20686,(IFCLINEINDEX((1,2,3,4,1))),$);
#20688=IFCARBITRARYCLOSEDPROFILEDEF(.AREA.,'Arbitrary',#20687);
#20689=IFCCARTESIANPOINT((0.,0.,0.));
#20690=IFCDIRECTION((0.,0.,1.));
#20691=IFCDIRECTION((1.,0.,0.));
#20692=IFCAXIS2PLACEMENT3D(#20689,#20690,#20691);
#20693=IFCDIRECTION((0.,0.,1.));
#20694=IFCEXTRUDEDAREASOLID(#20688,#20692,#20693,-120.);
#20695=IFCSHAPEREPRESENTATION(#11,'Body','SweptSolid',(#20694));
#20696=IFCPRODUCTDEFINITIONSHAPE($,$,(#20695));
#20702=IFCCARTESIANPOINT((0.,0.,6000.));
#20703=IFCDIRECTION((0.,0.,1.));
#20704=IFCDIRECTION((1.,0.,0.));
#20705=IFCAXIS2PLACEMENT3D(#20702,#20703,#20704);
#20706=IFCLOCALPLACEMENT($,#20705);
#20707=IFCPROPERTYSET('1KYYPSdBP3wBgWPmUsTdzy',$,'Other',$,(#20709,#20710));
#20708=IFCRELDEFINESBYPROPERTIES('1o3BkdphP4xxavxNhALsGg',$,$,$,(#20685),#20707);
#20709=IFCPROPERTYSINGLEVALUE('Ax',$,IFCLABEL('0.001'),$);
#20710=IFCPROPERTYSINGLEVALUE('Ay',$,IFCLABEL('0.001'),$);
#20711=IFCSLAB('3PbtH7faP3zhTbo0Bj1DVv',$,$,$,$,#20732,#20722,$,$);
#20712=IFCCARTESIANPOINTLIST2D(((9000.,0.),(12000.,0.),(12000.,6000.),(9000.,6000.)));
#20713=IFCINDEXEDPOLYCURVE(#20712,(IFCLINEINDEX((1,2,3,4,1))),$);
#20714=IFCARBITRARYCLOSEDPROFILEDEF(.AREA.,'Arbitrary',#20713);
#20715=IFCCARTESIANPOINT((0.,0.,0.));
#20716=IFCDIRECTION((0.,0.,1.));
#20717=IFCDIRECTION((1.,0.,0.));
#20718=IFCAXIS2PLACEMENT3D(#20715,#20716,#20717);
#20719=IFCDIRECTION((0.,0.,1.));
#20720=IFCEXTRUDEDAREASOLID(#20714,#20718,#20719,-120.);
#20721=IFCSHAPEREPRESENTATION(#11,'Body','SweptSolid',(#20720));
#20722=IFCPRODUCTDEFINITIONSHAPE($,$,(#20721));
#20728=IFCCARTESIANPOINT((0.,0.,6000.));
#20729=IFCDIRECTION((0.,0.,1.));
#20730=IFCDIRECTION((1.,0.,0.));
#20731=IFCAXIS2PLACEMENT3D(#20728,#20729,#20730);
#20732=IFCLOCALPLACEMENT($,#20731);
#20733=IFCPROPERTYSET('32l6hXTz12Aux8iUNWLFDT',$,'Other',$,(#20735,#20736));
#20734=IFCRELDEFINESBYPROPERTIES('1nvlSHYg57P9BkKPpsmG3E',$,$,$,(#20711),#20733);
#20735=IFCPROPERTYSINGLEVALUE('Ax',$,IFCLABEL('0.001'),$);
#20736=IFCPROPERTYSINGLEVALUE('Ay',$,IFCLABEL('0.001'),$);
#20737=IFCSLAB('0W_POGzvz6lP3GigP6DlhD',$,$,$,$,#20758,#20748,$,$);
#20738=IFCCARTESIANPOINTLIST2D(((12000.,0.),(15000.,0.),(15000.,6000.),(12000.,6000.)));
#20739=IFCINDEXEDPOLYCURVE(#20738,(IFCLINEINDEX((1,2,3,4,1))),$);
#20740=IFCARBITRARYCLOSEDPROFILEDEF(.AREA.,'Arbitrary',#20739);
#20741=IFCCARTESIANPOINT((0.,0.,0.));
#20742=IFCDIRECTION((0.,0.,1.));
#20743=IFCDIRECTION((1.,0.,0.));
#20744=IFCAXIS2PLACEMENT3D(#20741,#20742,#20743);
#20745=IFCDIRECTION((0.,0.,1.));
#20746=IFCEXTRUDEDAREASOLID(#20740,#20744,#20745,-120.);
#20747=IFCSHAPEREPRESENTATION(#11,'Body','SweptSolid',(#20746));
#20748=IFCPRODUCTDEFINITIONSHAPE($,$,(#20747));
#20754=IFCCARTESIANPOINT((0.,0.,6000.));
#20755=IFCDIRECTION((0.,0.,1.));
#20756=IFCDIRECTION((1.,0.,0.));
#20757=IFCAXIS2PLACEMENT3D(#20754,#20755,#20756);
#20758=IFCLOCALPLACEMENT($,#20757);
#20759=IFCPROPERTYSET('1zI3UUGov9c9cSsOLVBv20',$,'Other',$,(#20761,#20762));
#20760=IFCRELDEFINESBYPROPERTIES('3yzY3Smuz8_h$yDpfSAekq',$,$,$,(#20737),#20759);
#20761=IFCPROPERTYSINGLEVALUE('Ax',$,IFCLABEL('0.001'),$);
#20762=IFCPROPERTYSINGLEVALUE('Ay',$,IFCLABEL('0.001'),$);
#20763=IFCSLAB('3YC5e6Xcf5hxtQYfBuzDgl',$,$,$,$,#20784,#20774,$,$);
#20764=IFCCARTESIANPOINTLIST2D(((15000.,0.),(18000.,0.),(18000.,6000.),(15000.,6000.)));
#20765=IFCINDEXEDPOLYCURVE(#20764,(IFCLINEINDEX((1,2,3,4,1))),$);
#20766=IFCARBITRARYCLOSEDPROFILEDEF(.AREA.,'Arbitrary',#20765);
#20767=IFCCARTESIANPOINT((0.,0.,0.));
#20768=IFCDIRECTION((0.,0.,1.));
#20769=IFCDIRECTION((1.,0.,0.));
#20770=IFCAXIS2PLACEMENT3D(#20767,#20768,#20769);
#20771=IFCDIRECTION((0.,0.,1.));
#20772=IFCEXTRUDEDAREASOLID(#20766,#20770,#20771,-120.);
#20773=IFCSHAPEREPRESENTATION(#11,'Body','SweptSolid',(#20772));
#20774=IFCPRODUCTDEFINITIONSHAPE($,$,(#20773));
#20780=IFCCARTESIANPOINT((0.,0.,6000.));
#20781=IFCDIRECTION((0.,0.,1.));
#20782=IFCDIRECTION((1.,0.,0.));
#20783=IFCAXIS2PLACEMENT3D(#20780,#20781,#20782);
#20784=IFCLOCALPLACEMENT($,#20783);
#20785=IFCPROPERTYSET('2bHt4yNQL2feFEytn1jVbC',$,'Other',$,(#20787,#20788));
#20786=IFCRELDEFINESBYPROPERTIES('3sAYKwunr3bAHe8VFG6$03',$,$,$,(#20763),#20785);
#20787=IFCPROPERTYSINGLEVALUE('Ax',$,IFCLABEL('0.001'),$);
#20788=IFCPROPERTYSINGLEVALUE('Ay',$,IFCLABEL('0.001'),$);
#20789=IFCSLAB('1U32$1Nw188uehNwjWwKE$',$,$,$,$,#20810,#20800,$,$);
#20790=IFCCARTESIANPOINTLIST2D(((18000.,0.),(21000.,0.),(21000.,6000.),(18000.,6000.)));
#20791=IFCINDEXEDPOLYCURVE(#20790,(IFCLINEINDEX((1,2,3,4,1))),$);
#20792=IFCARBITRARYCLOSEDPROFILEDEF(.AREA.,'Arbitrary',#20791);
#20793=IFCCARTESIANPOINT((0.,0.,0.));
#20794=IFCDIRECTION((0.,0.,1.));
#20795=IFCDIRECTION((1.,0.,0.));
#20796=IFCAXIS2PLACEMENT3D(#20793,#20794,#20795);
#20797=IFCDIRECTION((0.,0.,1.));
#20798=IFCEXTRUDEDAREASOLID(#20792,#20796,#20797,-120.);
#20799=IFCSHAPEREPRESENTATION(#11,'Body','SweptSolid',(#20798));
#20800=IFCPRODUCTDEFINITIONSHAPE($,$,(#20799));
#20806=IFCCARTESIANPOINT((0.,0.,6000.));
#20807=IFCDIRECTION((0.,0.,1.));
#20808=IFCDIRECTION((1.,0.,0.));
#20809=IFCAXIS2PLACEMENT3D(#20806,#20807,#20808);
#20810=IFCLOCALPLACEMENT($,#20809);
#20811=IFCPROPERTYSET('3lYrvfHIb029A5lEp6gdF4',$,'Other',$,(#20813,#20814));
#20812=IFCRELDEFINESBYPROPERTIES('1WGRZSY8f9QBzx67csWf0e',$,$,$,(#20789),#20811);
#20813=IFCPROPERTYSINGLEVALUE('Ax',$,IFCLABEL('0.001'),$);
#20814=IFCPROPERTYSINGLEVALUE('Ay',$,IFCLABEL('0.001'),$);
#20815=IFCSLAB('1CpQdv38j55vTGb8Ig69Jm',$,$,$,$,#20836,#20826,$,$);
#20816=IFCCARTESIANPOINTLIST2D(((21000.,0.),(24000.,0.),(24000.,6000.),(21000.,6000.)));
#20817=IFCINDEXEDPOLYCURVE(#20816,(IFCLINEINDEX((1,2,3,4,1))),$);
#20818=IFCARBITRARYCLOSEDPROFILEDEF(.AREA.,'Arbitrary',#20817);
#20819=IFCCARTESIANPOINT((0.,0.,0.));
#20820=IFCDIRECTION((0.,0.,1.));
#20821=IFCDIRECTION((1.,0.,0.));
#20822=IFCAXIS2PLACEMENT3D(#20819,#20820,#20821);
#20823=IFCDIRECTION((0.,0.,1.));
#20824=IFCEXTRUDEDAREASOLID(#20818,#20822,#20823,-120.);
#20825=IFCSHAPEREPRESENTATION(#11,'Body','SweptSolid',(#20824));
#20826=IFCPRODUCTDEFINITIONSHAPE($,$,(#20825));
#20832=IFCCARTESIANPOINT((0.,0.,6000.));
#20833=IFCDIRECTION((0.,0.,1.));
#20834=IFCDIRECTION((1.,0.,0.));
#20835=IFCAXIS2PLACEMENT3D(#20832,#20833,#20834);
#20836=IFCLOCALPLACEMENT($,#20835);
#20837=IFCPROPERTYSET('20wz5Ym6j5ng7bEEEPo6FC',$,'Other',$,(#20839,#20840));
#20838=IFCRELDEFINESBYPROPERTIES('1Mr4InL4D2khV9JqISvhEL',$,$,$,(#20815),#20837);
#20839=IFCPROPERTYSINGLEVALUE('Ax',$,IFCLABEL('0.001'),$);
#20840=IFCPROPERTYSINGLEVALUE('Ay',$,IFCLABEL('0.001'),$);
#20841=IFCSLAB('1L3Bjvwo5FmPDED6WFRgON',$,$,$,$,#20862,#20852,$,$);
#20842=IFCCARTESIANPOINTLIST2D(((3000.,0.),(6000.,0.),(6000.,6000.),(3000.,6000.)));
#20843=IFCINDEXEDPOLYCURVE(#20842,(IFCLINEINDEX((1,2,3,4,1))),$);
#20844=IFCARBITRARYCLOSEDPROFILEDEF(.AREA.,'Arbitrary',#20843);
#20845=IFCCARTESIANPOINT((0.,0.,0.));
#20846=IFCDIRECTION((0.,0.,1.));
#20847=IFCDIRECTION((1.,0.,0.));
#20848=IFCAXIS2PLACEMENT3D(#20845,#20846,#20847);
#20849=IFCDIRECTION((0.,0.,1.));
#20850=IFCEXTRUDEDAREASOLID(#20844,#20848,#20849,-120.);
#20851=IFCSHAPEREPRESENTATION(#11,'Body','SweptSolid',(#20850));
#20852=IFCPRODUCTDEFINITIONSHAPE($,$,(#20851));
#20858=IFCCARTESIANPOINT((0.,0.,6000.));
#20859=IFCDIRECTION((0.,0.,1.));
#20860=IFCDIRECTION((1.,0.,0.));
#20861=IFCAXIS2PLACEMENT3D(#20858,#20859,#20860);
#20862=IFCLOCALPLACEMENT($,#20861);
#20863=IFCPROPERTYSET('2KxiYdeU5B2f$eNkjYfIBx',$,'Other',$,(#20865,#20866));
#20864=IFCRELDEFINESBYPROPERTIES('2ZCE2sEa91IfDnmn477gn2',$,$,$,(#20841),#20863);
#20865=IFCPROPERTYSINGLEVALUE('Ax',$,IFCLABEL('0.001'),$);
#20866=IFCPROPERTYSINGLEVALUE('Ay',$,IFCLABEL('0.001'),$);
#20867=IFCSLAB('0tPov7cuLFZRo2AK7xvt8p',$,$,$,$,#20888,#20878,$,$);
#20868=IFCCARTESIANPOINTLIST2D(((24000.,6000.),(27000.,6000.),(27000.,12000.),(24000.,12000.)));
#20869=IFCINDEXEDPOLYCURVE(#20868,(IFCLINEINDEX((1,2,3,4,1))),$);
#20870=IFCARBITRARYCLOSEDPROFILEDEF(.AREA.,'Arbitrary',#20869);
#20871=IFCCARTESIANPOINT((0.,0.,0.));
#20872=IFCDIRECTION((0.,0.,1.));
#20873=IFCDIRECTION((1.,0.,0.));
#20874=IFCAXIS2PLACEMENT3D(#20871,#20872,#20873);
#20875=IFCDIRECTION((0.,0.,1.));
#20876=IFCEXTRUDEDAREASOLID(#20870,#20874,#20875,-120.);
#20877=IFCSHAPEREPRESENTATION(#11,'Body','SweptSolid',(#20876));
#20878=IFCPRODUCTDEFINITIONSHAPE($,$,(#20877));
#20884=IFCCARTESIANPOINT((0.,0.,6000.));
#20885=IFCDIRECTION((0.,0.,1.));
#20886=IFCDIRECTION((1.,0.,0.));
#20887=IFCAXIS2PLACEMENT3D(#20884,#20885,#20886);
#20888=IFCLOCALPLACEMENT($,#20887);
#20889=IFCPROPERTYSET('3$si8QE8f7S9cr6LMmreYc',$,'Other',$,(#20891,#20892));
#20890=IFCRELDEFINESBYPROPERTIES('0BuH31Owr4TQvwFtAoHmHp',$,$,$,(#20867),#20889);
#20891=IFCPROPERTYSINGLEVALUE('Ax',$,IFCLABEL('0.001'),$);
#20892=IFCPROPERTYSINGLEVALUE('Ay',$,IFCLABEL('0.001'),$);
#20893=IFCSLAB('1MwgkDMMr7U8SEnhOEpzXv',$,$,$,$,#20914,#20904,$,$);
#20894=IFCCARTESIANPOINTLIST2D(((0.,6000.),(3000.,6000.),(3000.,12000.),(0.,12000.)));
#20895=IFCINDEXEDPOLYCURVE(#20894,(IFCLINEINDEX((1,2,3,4,1))),$);
#20896=IFCARBITRARYCLOSEDPROFILEDEF(.AREA.,'Arbitrary',#20895);
#20897=IFCCARTESIANPOINT((0.,0.,0.));
#20898=IFCDIRECTION((0.,0.,1.));
#20899=IFCDIRECTION((1.,0.,0.));
#20900=IFCAXIS2PLACEMENT3D(#20897,#20898,#20899);
#20901=IFCDIRECTION((0.,0.,1.));
#20902=IFCEXTRUDEDAREASOLID(#20896,#20900,#20901,-120.);
#20903=IFCSHAPEREPRESENTATION(#11,'Body','SweptSolid',(#20902));
#20904=IFCPRODUCTDEFINITIONSHAPE($,$,(#20903));
#20910=IFCCARTESIANPOINT((0.,0.,3000.));
#20911=IFCDIRECTION((0.,0.,1.));
#20912=IFCDIRECTION((1.,0.,0.));
#20913=IFCAXIS2PLACEMENT3D(#20910,#20911,#20912);
#20914=IFCLOCALPLACEMENT($,#20913);
#20915=IFCPROPERTYSET('3l4Ieg6Fn1luuUh8UFehxX',$,'Other',$,(#20917,#20918));
#20916=IFCRELDEFINESBYPROPERTIES('0yhBZL6Yb8DAPEt_R3_kdw',$,$,$,(#20893),#20915);
#20917=IFCPROPERTYSINGLEVALUE('Ax',$,IFCLABEL('0.001'),$);
#20918=IFCPROPERTYSINGLEVALUE('Ay',$,IFCLABEL('0.001'),$);
#20919=IFCSLAB('0WY5mRjl5AefLts1U8fUN1',$,$,$,$,#20940,#20930,$,$);
#20920=IFCCARTESIANPOINTLIST2D(((3000.,6000.),(6000.,6000.),(6000.,12000.),(3000.,12000.)));
#20921=IFCINDEXEDPOLYCURVE(#20920,(IFCLINEINDEX((1,2,3,4,1))),$);
#20922=IFCARBITRARYCLOSEDPROFILEDEF(.AREA.,'Arbitrary',#20921);
#20923=IFCCARTESIANPOINT((0.,0.,0.));
#20924=IFCDIRECTION((0.,0.,1.));
#20925=IFCDIRECTION((1.,0.,0.));
#20926=IFCAXIS2PLACEMENT3D(#20923,#20924,#20925);
#20927=IFCDIRECTION((0.,0.,1.));
#20928=IFCEXTRUDEDAREASOLID(#20922,#20926,#20927,-120.);
#20929=IFCSHAPEREPRESENTATION(#11,'Body','SweptSolid',(#20928));
#20930=IFCPRODUCTDEFINITIONSHAPE($,$,(#20929));
#20936=IFCCARTESIANPOINT((0.,0.,3000.));
#20937=IFCDIRECTION((0.,0.,1.));
#20938=IFCDIRECTION((1.,0.,0.));
#20939=IFCAXIS2PLACEMENT3D(#20936,#20937,#20938);
#20940=IFCLOCALPLACEMENT($,#20939);
#20941=IFCPROPERTYSET('1__q2AyHLDMw7a_bGoKtqc',$,'Other',$,(#20943,#20944));
#20942=IFCRELDEFINESBYPROPERTIES('0o7nhlNB112upepAwCSyJf',$,$,$,(#20919),#20941);
#20943=IFCPROPERTYSINGLEVALUE('Ax',$,IFCLABEL('0.001'),$);
#20944=IFCPROPERTYSINGLEVALUE('Ay',$,IFCLABEL('0.001'),$);
#20945=IFCSLAB('0S_S$FqWb0iPJgqbAmU9cI',$,$,$,$,#20966,#20956,$,$);
#20946=IFCCARTESIANPOINTLIST2D(((0.,12000.),(3000.,12000.),(3000.,18000.),(0.,18000.)));
#20947=IFCINDEXEDPOLYCURVE(#20946,(IFCLINEINDEX((1,2,3,4,1))),$);
#20948=IFCARBITRARYCLOSEDPROFILEDEF(.AREA.,'Arbitrary',#20947);
#20949=IFCCARTESIANPOINT((0.,0.,0.));
#20950=IFCDIRECTION((0.,0.,1.));
#20951=IFCDIRECTION((1.,0.,0.));
#20952=IFCAXIS2PLACEMENT3D(#20949,#20950,#20951);
#20953=IFCDIRECTION((0.,0.,1.));
#20954=IFCEXTRUDEDAREASOLID(#20948,#20952,#20953,-120.);
#20955=IFCSHAPEREPRESENTATION(#11,'Body','SweptSolid',(#20954));
#20956=IFCPRODUCTDEFINITIONSHAPE($,$,(#20955));
#20962=IFCCARTESIANPOINT((0.,0.,3000.));
#20963=IFCDIRECTION((0.,0.,1.));
#20964=IFCDIRECTION((1.,0.,0.));
#20965=IFCAXIS2PLACEMENT3D(#20962,#20963,#20964);
#20966=IFCLOCALPLACEMENT($,#20965);
#20967=IFCPROPERTYSET('3$IoygHgj5y81tKbur2gaF',$,'Other',$,(#20969,#20970));
#20968=IFCRELDEFINESBYPROPERTIES('2qigORp5P5$8dt3zLiDrQd',$,$,$,(#20945),#20967);
#20969=IFCPROPERTYSINGLEVALUE('Ax',$,IFCLABEL('0.001'),$);
#20970=IFCPROPERTYSINGLEVALUE('Ay',$,IFCLABEL('0.001'),$);
#20971=IFCSLAB('3zE0Pn735B2P0lU1QRFdNj',$,$,$,$,#20992,#20982,$,$);
#20972=IFCCARTESIANPOINTLIST2D(((3000.,12000.),(6000.,12000.),(6000.,18000.),(3000.,18000.)));
#20973=IFCINDEXEDPOLYCURVE(#20972,(IFCLINEINDEX((1,2,3,4,1))),$);
#20974=IFCARBITRARYCLOSEDPROFILEDEF(.AREA.,'Arbitrary',#20973);
#20975=IFCCARTESIANPOINT((0.,0.,0.));
#20976=IFCDIRECTION((0.,0.,1.));
#20977=IFCDIRECTION((1.,0.,0.));
#20978=IFCAXIS2PLACEMENT3D(#20975,#20976,#20977);
#20979=IFCDIRECTION((0.,0.,1.));
#20980=IFCEXTRUDEDAREASOLID(#20974,#20978,#20979,-120.);
#20981=IFCSHAPEREPRESENTATION(#11,'Body','SweptSolid',(#20980));
#20982=IFCPRODUCTDEFINITIONSHAPE($,$,(#20981));
#20988=IFCCARTESIANPOINT((0.,0.,3000.));
#20989=IFCDIRECTION((0.,0.,1.));
#20990=IFCDIRECTION((1.,0.,0.));
#20991=IFCAXIS2PLACEMENT3D(#20988,#20989,#20990);
#20992=IFCLOCALPLACEMENT($,#20991);
#20993=IFCPROPERTYSET('2YUOpqQbj0OhFTnom6K6QG',$,'Other',$,(#20995,#20996));
#20994=IFCRELDEFINESBYPROPERTIES('03VJuIIAX5begAxezU3mcM',$,$,$,(#20971),#20993);
#20995=IFCPROPERTYSINGLEVALUE('Ax',$,IFCLABEL('0.001'),$);
#20996=IFCPROPERTYSINGLEVALUE('Ay',$,IFCLABEL('0.001'),$);
#20997=IFCSLAB('0gElUvJPP9qQl9hUxC323u',$,$,$,$,#21018,#21008,$,$);
#20998=IFCCARTESIANPOINTLIST2D(((6000.,12000.),(9000.,12000.),(9000.,18000.),(6000.,18000.)));
#20999=IFCINDEXEDPOLYCURVE(#20998,(IFCLINEINDEX((1,2,3,4,1))),$);
#21000=IFCARBITRARYCLOSEDPROFILEDEF(.AREA.,'Arbitrary',#20999);
#21001=IFCCARTESIANPOINT((0.,0.,0.));
#21002=IFCDIRECTION((0.,0.,1.));
#21003=IFCDIRECTION((1.,0.,0.));
#21004=IFCAXIS2PLACEMENT3D(#21001,#21002,#21003);
#21005=IFCDIRECTION((0.,0.,1.));
#21006=IFCEXTRUDEDAREASOLID(#21000,#21004,#21005,-120.);
#21007=IFCSHAPEREPRESENTATION(#11,'Body','SweptSolid',(#21006));
#21008=IFCPRODUCTDEFINITIONSHAPE($,$,(#21007));
#21014=IFCCARTESIANPOINT((0.,0.,3000.));
#21015=IFCDIRECTION((0.,0.,1.));
#21016=IFCDIRECTION((1.,0.,0.));
#21017=IFCAXIS2PLACEMENT3D(#21014,#21015,#21016);
#21018=IFCLOCALPLACEMENT($,#21017);
#21019=IFCPROPERTYSET('3K33E4RrbCuPK1zVWLb4RR',$,'Other',$,(#21021,#21022));
#21020=IFCRELDEFINESBYPROPERTIES('3VHwiFWrbCUuBSoXRpAOCe',$,$,$,(#20997),#21019);
#21021=IFCPROPERTYSINGLEVALUE('Ax',$,IFCLABEL('0.001'),$);
#21022=IFCPROPERTYSINGLEVALUE('Ay',$,IFCLABEL('0.001'),$);
#21023=IFCSLAB('3QRXZS$rH9Be9wC0cSUrYT',$,$,$,$,#21044,#21034,$,$);
#21024=IFCCARTESIANPOINTLIST2D(((9000.,12000.),(12000.,12000.),(12000.,18000.),(9000.,18000.)));
#21025=IFCINDEXEDPOLYCURVE(#21024,(IFCLINEINDEX((1,2,3,4,1))),$);
#21026=IFCARBITRARYCLOSEDPROFILEDEF(.AREA.,'Arbitrary',#21025);
#21027=IFCCARTESIANPOINT((0.,0.,0.));
#21028=IFCDIRECTION((0.,0.,1.));
#21029=IFCDIRECTION((1.,0.,0.));
#21030=IFCAXIS2PLACEMENT3D(#21027,#21028,#21029);
#21031=IFCDIRECTION((0.,0.,1.));
#21032=IFCEXTRUDEDAREASOLID(#21026,#21030,#21031,-120.);
#21033=IFCSHAPEREPRESENTATION(#11,'Body','SweptSolid',(#21032));
#21034=IFCPRODUCTDEFINITIONSHAPE($,$,(#21033));
#21040=IFCCARTESIANPOINT((0.,0.,3000.));
#21041=IFCDIRECTION((0.,0.,1.));
#21042=IFCDIRECTION((1.,0.,0.));
#21043=IFCAXIS2PLACEMENT3D(#21040,#21041,#21042);
#21044=IFCLOCALPLACEMENT($,#21043);
#21045=IFCPROPERTYSET('16S8z6qAz79Qo26$aS4KyV',$,'Other',$,(#21047,#21048));
#21046=IFCRELDEFINESBYPROPERTIES('1dTJ2ow9P8XRlbBwVrL$Ju',$,$,$,(#21023),#21045);
#21047=IFCPROPERTYSINGLEVALUE('Ax',$,IFCLABEL('0.001'),$);
#21048=IFCPROPERTYSINGLEVALUE('Ay',$,IFCLABEL('0.001'),$);
#21049=IFCSLAB('2O_toQmVr2gBGPnkazeftZ',$,$,$,$,#21070,#21060,$,$);
#21050=IFCCARTESIANPOINTLIST2D(((12000.,12000.),(15000.,12000.),(15000.,18000.),(12000.,18000.)));
#21051=IFCINDEXEDPOLYCURVE(#21050,(IFCLINEINDEX((1,2,3,4,1))),$);
#21052=IFCARBITRARYCLOSEDPROFILEDEF(.AREA.,'Arbitrary',#21051);
#21053=IFCCARTESIANPOINT((0.,0.,0.));
#21054=IFCDIRECTION((0.,0.,1.));
#21055=IFCDIRECTION((1.,0.,0.));
#21056=IFCAXIS2PLACEMENT3D(#21053,#21054,#21055);
#21057=IFCDIRECTION((0.,0.,1.));
#21058=IFCEXTRUDEDAREASOLID(#21052,#21056,#21057,-120.);
#21059=IFCSHAPEREPRESENTATION(#11,'Body','SweptSolid',(#21058));
#21060=IFCPRODUCTDEFINITIONSHAPE($,$,(#21059));
#21066=IFCCARTESIANPOINT((0.,0.,3000.));
#21067=IFCDIRECTION((0.,0.,1.));
#21068=IFCDIRECTION((1.,0.,0.));
#21069=IFCAXIS2PLACEMENT3D(#21066,#21067,#21068);
#21070=IFCLOCALPLACEMENT($,#21069);
#21071=IFCPROPERTYSET('0jMczf6Vb6egunU6fYtjcE',$,'Other',$,(#21073,#21074));
#21072=IFCRELDEFINESBYPROPERTIES('3_GmobKov7b9tb4qIIhQ1i',$,$,$,(#21049),#21071);
#21073=IFCPROPERTYSINGLEVALUE('Ax',$,IFCLABEL('0.001'),$);
#21074=IFCPROPERTYSINGLEVALUE('Ay',$,IFCLABEL('0.001'),$);
#21075=IFCSLAB('0MtTlEg3j33e6hKz5OF6bF',$,$,$,$,#21096,#21086,$,$);
#21076=IFCCARTESIANPOINTLIST2D(((15000.,12000.),(18000.,12000.),(18000.,18000.),(15000.,18000.)));
#21077=IFCINDEXEDPOLYCURVE(#21076,(IFCLINEINDEX((1,2,3,4,1))),$);
#21078=IFCARBITRARYCLOSEDPROFILEDEF(.AREA.,'Arbitrary',#21077);
#21079=IFCCARTESIANPOINT((0.,0.,0.));
#21080=IFCDIRECTION((0.,0.,1.));
#21081=IFCDIRECTION((1.,0.,0.));
#21082=IFCAXIS2PLACEMENT3D(#21079,#21080,#21081);
#21083=IFCDIRECTION((0.,0.,1.));
#21084=IFCEXTRUDEDAREASOLID(#21078,#21082,#21083,-120.);
#21085=IFCSHAPEREPRESENTATION(#11,'Body','SweptSolid',(#21084));
#21086=IFCPRODUCTDEFINITIONSHAPE($,$,(#21085));
#21092=IFCCARTESIANPOINT((0.,0.,3000.));
#21093=IFCDIRECTION((0.,0.,1.));
#21094=IFCDIRECTION((1.,0.,0.));
#21095=IFCAXIS2PLACEMENT3D(#21092,#21093,#21094);
#21096=IFCLOCALPLACEMENT($,#21095);
#21097=IFCPROPERTYSET('2$$$5t99vDsh62PTIVg37S',$,'Other',$,(#21099,#21100));
#21098=IFCRELDEFINESBYPROPERTIES('1aBmo0JjjBeOlja39hr7JM',$,$,$,(#21075),#21097);
#21099=IFCPROPERTYSINGLEVALUE('Ax',$,IFCLABEL('0.001'),$);
#21100=IFCPROPERTYSINGLEVALUE('Ay',$,IFCLABEL('0.001'),$);
#21101=IFCSLAB('2t81E043HAzuWmbsw6Woqb',$,$,$,$,#21122,#21112,$,$);
#21102=IFCCARTESIANPOINTLIST2D(((18000.,12000.),(21000.,12000.),(21000.,18000.),(18000.,18000.)));
#21103=IFCINDEXEDPOLYCURVE(#21102,(IFCLINEINDEX((1,2,3,4,1))),$);
#21104=IFCARBITRARYCLOSEDPROFILEDEF(.AREA.,'Arbitrary',#21103);
#21105=IFCCARTESIANPOINT((0.,0.,0.));
#21106=IFCDIRECTION((0.,0.,1.));
#21107=IFCDIRECTION((1.,0.,0.));
#21108=IFCAXIS2PLACEMENT3D(#21105,#21106,#21107);
#21109=IFCDIRECTION((0.,0.,1.));
#21110=IFCEXTRUDEDAREASOLID(#21104,#21108,#21109,-120.);
#21111=IFCSHAPEREPRESENTATION(#11,'Body','SweptSolid',(#21110));
#21112=IFCPRODUCTDEFINITIONSHAPE($,$,(#21111));
#21118=IFCCARTESIANPOINT((0.,0.,3000.));
#21119=IFCDIRECTION((0.,0.,1.));
#21120=IFCDIRECTION((1.,0.,0.));
#21121=IFCAXIS2PLACEMENT3D(#21118,#21119,#21120);
#21122=IFCLOCALPLACEMENT($,#21121);
#21123=IFCPROPERTYSET('1e3fcPl4jF0AUOkKplOAxK',$,'Other',$,(#21125,#21126));
#21124=IFCRELDEFINESBYPROPERTIES('1JuuMuomL1282WnH8QtolC',$,$,$,(#21101),#21123);
#21125=IFCPROPERTYSINGLEVALUE('Ax',$,IFCLABEL('0.001'),$);
#21126=IFCPROPERTYSINGLEVALUE('Ay',$,IFCLABEL('0.001'),$);
#21127=IFCSLAB('2nV1qpRrz22PJE9RKiylQa',$,$,$,$,#21148,#21138,$,$);
#21128=IFCCARTESIANPOINTLIST2D(((21000.,12000.),(24000.,12000.),(24000.,18000.),(21000.,18000.)));
#21129=IFCINDEXEDPOLYCURVE(#21128,(IFCLINEINDEX((1,2,3,4,1))),$);
#21130=IFCARBITRARYCLOSEDPROFILEDEF(.AREA.,'Arbitrary',#21129);
#21131=IFCCARTESIANPOINT((0.,0.,0.));
#21132=IFCDIRECTION((0.,0.,1.));
#21133=IFCDIRECTION((1.,0.,0.));
#21134=IFCAXIS2PLACEMENT3D(#21131,#21132,#21133);
#21135=IFCDIRECTION((0.,0.,1.));
#21136=IFCEXTRUDEDAREASOLID(#21130,#21134,#21135,-120.);
#21137=IFCSHAPEREPRESENTATION(#11,'Body','SweptSolid',(#21136));
#21138=IFCPRODUCTDEFINITIONSHAPE($,$,(#21137));
#21144=IFCCARTESIANPOINT((0.,0.,3000.));
#21145=IFCDIRECTION((0.,0.,1.));
#21146=IFCDIRECTION((1.,0.,0.));
#21147=IFCAXIS2PLACEMENT3D(#21144,#21145,#21146);
#21148=IFCLOCALPLACEMENT($,#21147);
#21149=IFCPROPERTYSET('1WjBYhDpf0vx3GE8gVGS5l',$,'Other',$,(#21151,#21152));
#21150=IFCRELDEFINESBYPROPERTIES('35WwIMHLrBKAwB7IANuVFQ',$,$,$,(#21127),#21149);
#21151=IFCPROPERTYSINGLEVALUE('Ax',$,IFCLABEL('0.001'),$);
#21152=IFCPROPERTYSINGLEVALUE('Ay',$,IFCLABEL('0.001'),$);
#21153=IFCSLAB('2AwwY5Blf8iuoywRupvKzj',$,$,$,$,#21174,#21164,$,$);
#21154=IFCCARTESIANPOINTLIST2D(((6000.,6000.),(9000.,6000.),(9000.,12000.),(6000.,12000.)));
#21155=IFCINDEXEDPOLYCURVE(#21154,(IFCLINEINDEX((1,2,3,4,1))),$);
#21156=IFCARBITRARYCLOSEDPROFILEDEF(.AREA.,'Arbitrary',#21155);
#21157=IFCCARTESIANPOINT((0.,0.,0.));
#21158=IFCDIRECTION((0.,0.,1.));
#21159=IFCDIRECTION((1.,0.,0.));
#21160=IFCAXIS2PLACEMENT3D(#21157,#21158,#21159);
#21161=IFCDIRECTION((0.,0.,1.));
#21162=IFCEXTRUDEDAREASOLID(#21156,#21160,#21161,-120.);
#21163=IFCSHAPEREPRESENTATION(#11,'Body','SweptSolid',(#21162));
#21164=IFCPRODUCTDEFINITIONSHAPE($,$,(#21163));
#21170=IFCCARTESIANPOINT((0.,0.,3000.));
#21171=IFCDIRECTION((0.,0.,1.));
#21172=IFCDIRECTION((1.,0.,0.));
#21173=IFCAXIS2PLACEMENT3D(#21170,#21171,#21172);
#21174=IFCLOCALPLACEMENT($,#21173);
#21175=IFCPROPERTYSET('3GIk7XFAb1EQbWwb_ZSmit',$,'Other',$,(#21177,#21178));
#21176=IFCRELDEFINESBYPROPERTIES('2cEh0VhVfF6gh1ZLWu_lC6',$,$,$,(#21153),#21175);
#21177=IFCPROPERTYSINGLEVALUE('Ax',$,IFCLABEL('0.001'),$);
#21178=IFCPROPERTYSINGLEVALUE('Ay',$,IFCLABEL('0.001'),$);
#21179=IFCSLAB('07ZIhvMtP8VhUTOkVo7YbF',$,$,$,$,#21200,#21190,$,$);
#21180=IFCCARTESIANPOINTLIST2D(((9000.,6000.),(12000.,6000.),(12000.,12000.),(9000.,12000.)));
#21181=IFCINDEXEDPOLYCURVE(#21180,(IFCLINEINDEX((1,2,3,4,1))),$);
#21182=IFCARBITRARYCLOSEDPROFILEDEF(.AREA.,'Arbitrary',#21181);
#21183=IFCCARTESIANPOINT((0.,0.,0.));
#21184=IFCDIRECTION((0.,0.,1.));
#21185=IFCDIRECTION((1.,0.,0.));
#21186=IFCAXIS2PLACEMENT3D(#21183,#21184,#21185);
#21187=IFCDIRECTION((0.,0.,1.));
#21188=IFCEXTRUDEDAREASOLID(#21182,#21186,#21187,-120.);
#21189=IFCSHAPEREPRESENTATION(#11,'Body','SweptSolid',(#21188));
#21190=IFCPRODUCTDEFINITIONSHAPE($,$,(#21189));
#21196=IFCCARTESIANPOINT((0.,0.,3000.));
#21197=IFCDIRECTION((0.,0.,1.));
#21198=IFCDIRECTION((1.,0.,0.));
#21199=IFCAXIS2PLACEMENT3D(#21196,#21197,#21198);
#21200=IFCLOCALPLACEMENT($,#21199);
#21201=IFCPROPERTYSET('2zTaF4rEz0ufamPEEBE0s5',$,'Other',$,(#21203,#21204));
#21202=IFCRELDEFINESBYPROPERTIES('17jvUH_4XDf9GY$6jviu5I',$,$,$,(#21179),#21201);
#21203=IFCPROPERTYSINGLEVALUE('Ax',$,IFCLABEL('0.001'),$);
#21204=IFCPROPERTYSINGLEVALUE('Ay',$,IFCLABEL('0.001'),$);
#21205=IFCSLAB('0fdH8$8SPC0QFO9UV8zRoK',$,$,$,$,#21226,#21216,$,$);
#21206=IFCCARTESIANPOINTLIST2D(((12000.,6000.),(15000.,6000.),(15000.,12000.),(12000.,12000.)));
#21207=IFCINDEXEDPOLYCURVE(#21206,(IFCLINEINDEX((1,2,3,4,1))),$);
#21208=IFCARBITRARYCLOSEDPROFILEDEF(.AREA.,'Arbitrary',#21207);
#21209=IFCCARTESIANPOINT((0.,0.,0.));
#21210=IFCDIRECTION((0.,0.,1.));
#21211=IFCDIRECTION((1.,0.,0.));
#21212=IFCAXIS2PLACEMENT3D(#21209,#21210,#21211);
#21213=IFCDIRECTION((0.,0.,1.));
#21214=IFCEXTRUDEDAREASOLID(#21208,#21212,#21213,-120.);
#21215=IFCSHAPEREPRESENTATION(#11,'Body','SweptSolid',(#21214));
#21216=IFCPRODUCTDEFINITIONSHAPE($,$,(#21215));
#21222=IFCCARTESIANPOINT((0.,0.,3000.));
#21223=IFCDIRECTION((0.,0.,1.));
#21224=IFCDIRECTION((1.,0.,0.));
#21225=IFCAXIS2PLACEMENT3D(#21222,#21223,#21224);
#21226=IFCLOCALPLACEMENT($,#21225);
#21227=IFCPROPERTYSET('2oQ4A6tTj2Xucaa0zm0YOE',$,'Other',$,(#21229,#21230));
#21228=IFCRELDEFINESBYPROPERTIES('2bvHFqqiv3Z8x$FdBBI7fc',$,$,$,(#21205),#21227);
#21229=IFCPROPERTYSINGLEVALUE('Ax',$,IFCLABEL('0.001'),$);
#21230=IFCPROPERTYSINGLEVALUE('Ay',$,IFCLABEL('0.001'),$);
#21231=IFCSLAB('1JNTUoXg54Z9clBkegF4Ho',$,$,$,$,#21252,#21242,$,$);
#21232=IFCCARTESIANPOINTLIST2D(((15000.,6000.),(18000.,6000.),(18000.,12000.),(15000.,12000.)));
#21233=IFCINDEXEDPOLYCURVE(#21232,(IFCLINEINDEX((1,2,3,4,1))),$);
#21234=IFCARBITRARYCLOSEDPROFILEDEF(.AREA.,'Arbitrary',#21233);
#21235=IFCCARTESIANPOINT((0.,0.,0.));
#21236=IFCDIRECTION((0.,0.,1.));
#21237=IFCDIRECTION((1.,0.,0.));
#21238=IFCAXIS2PLACEMENT3D(#21235,#21236,#21237);
#21239=IFCDIRECTION((0.,0.,1.));
#21240=IFCEXTRUDEDAREASOLID(#21234,#21238,#21239,-120.);
#21241=IFCSHAPEREPRESENTATION(#11,'Body','SweptSolid',(#21240));
#21242=IFCPRODUCTDEFINITIONSHAPE($,$,(#21241));
#21248=IFCCARTESIANPOINT((0.,0.,3000.));
#21249=IFCDIRECTION((0.,0.,1.));
#21250=IFCDIRECTION((1.,0.,0.));
#21251=IFCAXIS2PLACEMENT3D(#21248,#21249,#21250);
#21252=IFCLOCALPLACEMENT($,#21251);
#21253=IFCPROPERTYSET('2botnRdrD0pxEQ3MUfMgdY',$,'Other',$,(#21255,#21256));
#21254=IFCRELDEFINESBYPROPERTIES('2OsKfbDeXCWxNgS6PRvOvS',$,$,$,(#21231),#21253);
#21255=IFCPROPERTYSINGLEVALUE('Ax',$,IFCLABEL('0.001'),$);
#21256=IFCPROPERTYSINGLEVALUE('Ay',$,IFCLABEL('0.001'),$);
#21257=IFCSLAB('0bAJsRk493pgqLZ3Pj1bUx',$,$,$,$,#21278,#21268,$,$);
#21258=IFCCARTESIANPOINTLIST2D(((18000.,6000.),(21000.,6000.),(21000.,12000.),(18000.,12000.)));
#21259=IFCINDEXEDPOLYCURVE(#21258,(IFCLINEINDEX((1,2,3,4,1))),$);
#21260=IFCARBITRARYCLOSEDPROFILEDEF(.AREA.,'Arbitrary',#21259);
#21261=IFCCARTESIANPOINT((0.,0.,0.));
#21262=IFCDIRECTION((0.,0.,1.));
#21263=IFCDIRECTION((1.,0.,0.));
#21264=IFCAXIS2PLACEMENT3D(#21261,#21262,#21263);
#21265=IFCDIRECTION((0.,0.,1.));
#21266=IFCEXTRUDEDAREASOLID(#21260,#21264,#21265,-120.);
#21267=IFCSHAPEREPRESENTATION(#11,'Body','SweptSolid',(#21266));
#21268=IFCPRODUCTDEFINITIONSHAPE($,$,(#21267));
#21274=IFCCARTESIANPOINT((0.,0.,3000.));
#21275=IFCDIRECTION((0.,0.,1.));
#21276=IFCDIRECTION((1.,0.,0.));
#21277=IFCAXIS2PLACEMENT3D(#21274,#21275,#21276);
#21278=IFCLOCALPLACEMENT($,#21277);
#21279=IFCPROPERTYSET('1aIzA1UtT9D8Vl5c0rf0xT',$,'Other',$,(#21281,#21282));
#21280=IFCRELDEFINESBYPROPERTIES('2JXSA8$Rr3twQkIgSxNS27',$,$,$,(#21257),#21279);
#21281=IFCPROPERTYSINGLEVALUE('Ax',$,IFCLABEL('0.001'),$);
#21282=IFCPROPERTYSINGLEVALUE('Ay',$,IFCLABEL('0.001'),$);
#21283=IFCSLAB('2Ztujbal1BRQyUlgMy8HNP',$,$,$,$,#21304,#21294,$,$);
#21284=IFCCARTESIANPOINTLIST2D(((21000.,6000.),(24000.,6000.),(24000.,12000.),(21000.,12000.)));
#21285=IFCINDEXEDPOLYCURVE(#21284,(IFCLINEINDEX((1,2,3,4,1))),$);
#21286=IFCARBITRARYCLOSEDPROFILEDEF(.AREA.,'Arbitrary',#21285);
#21287=IFCCARTESIANPOINT((0.,0.,0.));
#21288=IFCDIRECTION((0.,0.,1.));
#21289=IFCDIRECTION((1.,0.,0.));
#21290=IFCAXIS2PLACEMENT3D(#21287,#21288,#21289);
#21291=IFCDIRECTION((0.,0.,1.));
#21292=IFCEXTRUDEDAREASOLID(#21286,#21290,#21291,-120.);
#21293=IFCSHAPEREPRESENTATION(#11,'Body','SweptSolid',(#21292));
#21294=IFCPRODUCTDEFINITIONSHAPE($,$,(#21293));
#21300=IFCCARTESIANPOINT((0.,0.,3000.));
#21301=IFCDIRECTION((0.,0.,1.));
#21302=IFCDIRECTION((1.,0.,0.));
#21303=IFCAXIS2PLACEMENT3D(#21300,#21301,#21302);
#21304=IFCLOCALPLACEMENT($,#21303);
#21305=IFCPROPERTYSET('1z5SVoYcz43huGMRDpHs9z',$,'Other',$,(#21307,#21308));
#21306=IFCRELDEFINESBYPROPERTIES('0w5HQHlFj089qjXubC8Nps',$,$,$,(#21283),#21305);
#21307=IFCPROPERTYSINGLEVALUE('Ax',$,IFCLABEL('0.001'),$);
#21308=IFCPROPERTYSINGLEVALUE('Ay',$,IFCLABEL('0.001'),$);
#21309=IFCSLAB('1xD2S0zen0GA8lCRfJR06D',$,$,$,$,#21330,#21320,$,$);
#21310=IFCCARTESIANPOINTLIST2D(((6000.,0.),(9000.,0.),(9000.,6000.),(6000.,6000.)));
#21311=IFCINDEXEDPOLYCURVE(#21310,(IFCLINEINDEX((1,2,3,4,1))),$);
#21312=IFCARBITRARYCLOSEDPROFILEDEF(.AREA.,'Arbitrary',#21311);
#21313=IFCCARTESIANPOINT((0.,0.,0.));
#21314=IFCDIRECTION((0.,0.,1.));
#21315=IFCDIRECTION((1.,0.,0.));
#21316=IFCAXIS2PLACEMENT3D(#21313,#21314,#21315);
#21317=IFCDIRECTION((0.,0.,1.));
#21318=IFCEXTRUDEDAREASOLID(#21312,#21316,#21317,-120.);
#21319=IFCSHAPEREPRESENTATION(#11,'Body','SweptSolid',(#21318));
#21320=IFCPRODUCTDEFINITIONSHAPE($,$,(#21319));
#21326=IFCCARTESIANPOINT((0.,0.,3000.));
#21327=IFCDIRECTION((0.,0.,1.));
#21328=IFCDIRECTION((1.,0.,0.));
#21329=IFCAXIS2PLACEMENT3D(#21326,#21327,#21328);
#21330=IFCLOCALPLACEMENT($,#21329);
#21331=IFCPROPERTYSET('0EMQFKx115QfpyxDJDh8XO',$,'Other',$,(#21333,#21334));
#21332=IFCRELDEFINESBYPROPERTIES('1BCOBos_vDn987E1nZn$xu',$,$,$,(#21309),#21331);
#21333=IFCPROPERTYSINGLEVALUE('Ax',$,IFCLABEL('0.001'),$);
#21334=IFCPROPERTYSINGLEVALUE('Ay',$,IFCLABEL('0.001'),$);
#21335=IFCSLAB('2Wi_oLGsT2cBdyToO5hzAA',$,$,$,$,#21356,#21346,$,$);
#21336=IFCCARTESIANPOINTLIST2D(((9000.,0.),(12000.,0.),(12000.,6000.),(9000.,6000.)));
#21337=IFCINDEXEDPOLYCURVE(#21336,(IFCLINEINDEX((1,2,3,4,1))),$);
#21338=IFCARBITRARYCLOSEDPROFILEDEF(.AREA.,'Arbitrary',#21337);
#21339=IFCCARTESIANPOINT((0.,0.,0.));
#21340=IFCDIRECTION((0.,0.,1.));
#21341=IFCDIRECTION((1.,0.,0.));
#21342=IFCAXIS2PLACEMENT3D(#21339,#21340,#21341);
#21343=IFCDIRECTION((0.,0.,1.));
#21344=IFCEXTRUDEDAREASOLID(#21338,#21342,#21343,-120.);
#21345=IFCSHAPEREPRESENTATION(#11,'Body','SweptSolid',(#21344));
#21346=IFCPRODUCTDEFINITIONSHAPE($,$,(#21345));
#21352=IFCCARTESIANPOINT((0.,0.,3000.));
#21353=IFCDIRECTION((0.,0.,1.));
#21354=IFCDIRECTION((1.,0.,0.));
#21355=IFCAXIS2PLACEMENT3D(#21352,#21353,#21354);
#21356=IFCLOCALPLACEMENT($,#21355);
#21357=IFCPROPERTYSET('266qPdHHT7RwxlE7cAqbUD',$,'Other',$,(#21359,#21360));
#21358=IFCRELDEFINESBYPROPERTIES('3EBCJZrG5DzP$GpwhGkucJ',$,$,$,(#21335),#21357);
#21359=IFCPROPERTYSINGLEVALUE('Ax',$,IFCLABEL('0.001'),$);
#21360=IFCPROPERTYSINGLEVALUE('Ay',$,IFCLABEL('0.001'),$);
#21361=IFCSLAB('0PYYUQzrX8FgtZjQRd7w7Q',$,$,$,$,#21382,#21372,$,$);
#21362=IFCCARTESIANPOINTLIST2D(((12000.,0.),(15000.,0.),(15000.,6000.),(12000.,6000.)));
#21363=IFCINDEXEDPOLYCURVE(#21362,(IFCLINEINDEX((1,2,3,4,1))),$);
#21364=IFCARBITRARYCLOSEDPROFILEDEF(.AREA.,'Arbitrary',#21363);
#21365=IFCCARTESIANPOINT((0.,0.,0.));
#21366=IFCDIRECTION((0.,0.,1.));
#21367=IFCDIRECTION((1.,0.,0.));
#21368=IFCAXIS2PLACEMENT3D(#21365,#21366,#21367);
#21369=IFCDIRECTION((0.,0.,1.));
#21370=IFCEXTRUDEDAREASOLID(#21364,#21368,#21369,-120.);
#21371=IFCSHAPEREPRESENTATION(#11,'Body','SweptSolid',(#21370));
#21372=IFCPRODUCTDEFINITIONSHAPE($,$,(#21371));
#21378=IFCCARTESIANPOINT((0.,0.,3000.));
#21379=IFCDIRECTION((0.,0.,1.));
#21380=IFCDIRECTION((1.,0.,0.));
#21381=IFCAXIS2PLACEMENT3D(#21378,#21379,#21380);
#21382=IFCLOCALPLACEMENT($,#21381);
#21383=IFCPROPERTYSET('2iIAkeF717xwrJoBmphJcZ',$,'Other',$,(#21385,#21386));
#21384=IFCRELDEFINESBYPROPERTIES('15dbiEitP0MB5biwMrGfwi',$,$,$,(#21361),#21383);
#21385=IFCPROPERTYSINGLEVALUE('Ax',$,IFCLABEL('0.001'),$);
#21386=IFCPROPERTYSINGLEVALUE('Ay',$,IFCLABEL('0.001'),$);
#21387=IFCSLAB('1PaB62ORj9tRE1BzJeoLTY',$,$,$,$,#21408,#21398,$,$);
#21388=IFCCARTESIANPOINTLIST2D(((15000.,0.),(18000.,0.),(18000.,6000.),(15000.,6000.)));
#21389=IFCINDEXEDPOLYCURVE(#21388,(IFCLINEINDEX((1,2,3,4,1))),$);
#21390=IFCARBITRARYCLOSEDPROFILEDEF(.AREA.,'Arbitrary',#21389);
#21391=IFCCARTESIANPOINT((0.,0.,0.));
#21392=IFCDIRECTION((0.,0.,1.));
#21393=IFCDIRECTION((1.,0.,0.));
#21394=IFCAXIS2PLACEMENT3D(#21391,#21392,#21393);
#21395=IFCDIRECTION((0.,0.,1.));
#21396=IFCEXTRUDEDAREASOLID(#21390,#21394,#21395,-120.);
#21397=IFCSHAPEREPRESENTATION(#11,'Body','SweptSolid',(#21396));
#21398=IFCPRODUCTDEFINITIONSHAPE($,$,(#21397));
#21404=IFCCARTESIANPOINT((0.,0.,3000.));
#21405=IFCDIRECTION((0.,0.,1.));
#21406=IFCDIRECTION((1.,0.,0.));
#21407=IFCAXIS2PLACEMENT3D(#21404,#21405,#21406);
#21408=IFCLOCALPLACEMENT($,#21407);
#21409=IFCPROPERTYSET('3vc6OW00L998i_cpUN_F8q',$,'Other',$,(#21411,#21412));
#21410=IFCRELDEFINESBYPROPERTIES('28_TAVDLT2GQUD_Gabt6SA',$,$,$,(#21387),#21409);
#21411=IFCPROPERTYSINGLEVALUE('Ax',$,IFCLABEL('0.001'),$);
#21412=IFCPROPERTYSINGLEVALUE('Ay',$,IFCLABEL('0.001'),$);
#21413=IFCSLAB('1MBvx7xi12nul3J1Qnox01',$,$,$,$,#21434,#21424,$,$);
#21414=IFCCARTESIANPOINTLIST2D(((18000.,0.),(21000.,0.),(21000.,6000.),(18000.,6000.)));
#21415=IFCINDEXEDPOLYCURVE(#21414,(IFCLINEINDEX((1,2,3,4,1))),$);
#21416=IFCARBITRARYCLOSEDPROFILEDEF(.AREA.,'Arbitrary',#21415);
#21417=IFCCARTESIANPOINT((0.,0.,0.));
#21418=IFCDIRECTION((0.,0.,1.));
#21419=IFCDIRECTION((1.,0.,0.));
#21420=IFCAXIS2PLACEMENT3D(#21417,#21418,#21419);
#21421=IFCDIRECTION((0.,0.,1.));
#21422=IFCEXTRUDEDAREASOLID(#21416,#21420,#21421,-120.);
#21423=IFCSHAPEREPRESENTATION(#11,'Body','SweptSolid',(#21422));
#21424=IFCPRODUCTDEFINITIONSHAPE($,$,(#21423));
#21430=IFCCARTESIANPOINT((0.,0.,3000.));
#21431=IFCDIRECTION((0.,0.,1.));
#21432=IFCDIRECTION((1.,0.,0.));
#21433=IFCAXIS2PLACEMENT3D(#21430,#21431,#21432);
#21434=IFCLOCALPLACEMENT($,#21433);
#21435=IFCPROPERTYSET('3IaJrTfCP2cBKtWqSMnv$Q',$,'Other',$,(#21437,#21438));
#21436=IFCRELDEFINESBYPROPERTIES('3s8QBGQ8H4bBip76MqtuSF',$,$,$,(#21413),#21435);
#21437=IFCPROPERTYSINGLEVALUE('Ax',$,IFCLABEL('0.001'),$);
#21438=IFCPROPERTYSINGLEVALUE('Ay',$,IFCLABEL('0.001'),$);
#21439=IFCSLAB('0P2dzqhSv9nQt_0JXKVbPl',$,$,$,$,#21460,#21450,$,$);
#21440=IFCCARTESIANPOINTLIST2D(((21000.,0.),(24000.,0.),(24000.,6000.),(21000.,6000.)));
#21441=IFCINDEXEDPOLYCURVE(#21440,(IFCLINEINDEX((1,2,3,4,1))),$);
#21442=IFCARBITRARYCLOSEDPROFILEDEF(.AREA.,'Arbitrary',#21441);
#21443=IFCCARTESIANPOINT((0.,0.,0.));
#21444=IFCDIRECTION((0.,0.,1.));
#21445=IFCDIRECTION((1.,0.,0.));
#21446=IFCAXIS2PLACEMENT3D(#21443,#21444,#21445);
#21447=IFCDIRECTION((0.,0.,1.));
#21448=IFCEXTRUDEDAREASOLID(#21442,#21446,#21447,-120.);
#21449=IFCSHAPEREPRESENTATION(#11,'Body','SweptSolid',(#21448));
#21450=IFCPRODUCTDEFINITIONSHAPE($,$,(#21449));
#21456=IFCCARTESIANPOINT((0.,0.,3000.));
#21457=IFCDIRECTION((0.,0.,1.));
#21458=IFCDIRECTION((1.,0.,0.));
#21459=IFCAXIS2PLACEMENT3D(#21456,#21457,#21458);
#21460=IFCLOCALPLACEMENT($,#21459);
#21461=IFCPROPERTYSET('0lyoC2_RH4wRNPHkaSqXJB',$,'Other',$,(#21463,#21464));
#21462=IFCRELDEFINESBYPROPERTIES('0z3gdrRd57lPs8DNRRJlvQ',$,$,$,(#21439),#21461);
#21463=IFCPROPERTYSINGLEVALUE('Ax',$,IFCLABEL('0.001'),$);
#21464=IFCPROPERTYSINGLEVALUE('Ay',$,IFCLABEL('0.001'),$);
#21465=IFCSLAB('25V0FQfHH0iQ9b1qOs_6Rk',$,$,$,$,#21486,#21476,$,$);
#21466=IFCCARTESIANPOINTLIST2D(((3000.,0.),(6000.,0.),(6000.,6000.),(3000.,6000.)));
#21467=IFCINDEXEDPOLYCURVE(#21466,(IFCLINEINDEX((1,2,3,4,1))),$);
#21468=IFCARBITRARYCLOSEDPROFILEDEF(.AREA.,'Arbitrary',#21467);
#21469=IFCCARTESIANPOINT((0.,0.,0.));
#21470=IFCDIRECTION((0.,0.,1.));
#21471=IFCDIRECTION((1.,0.,0.));
#21472=IFCAXIS2PLACEMENT3D(#21469,#21470,#21471);
#21473=IFCDIRECTION((0.,0.,1.));
#21474=IFCEXTRUDEDAREASOLID(#21468,#21472,#21473,-120.);
#21475=IFCSHAPEREPRESENTATION(#11,'Body','SweptSolid',(#21474));
#21476=IFCPRODUCTDEFINITIONSHAPE($,$,(#21475));
#21482=IFCCARTESIANPOINT((0.,0.,3000.));
#21483=IFCDIRECTION((0.,0.,1.));
#21484=IFCDIRECTION((1.,0.,0.));
#21485=IFCAXIS2PLACEMENT3D(#21482,#21483,#21484);
#21486=IFCLOCALPLACEMENT($,#21485);
#21487=IFCPROPERTYSET('2Ug15p2EvE9wJWQ2H2fNgT',$,'Other',$,(#21489,#21490));
#21488=IFCRELDEFINESBYPROPERTIES('0O1PIn_JH15QZ_6YVW31F3',$,$,$,(#21465),#21487);
#21489=IFCPROPERTYSINGLEVALUE('Ax',$,IFCLABEL('0.001'),$);
#21490=IFCPROPERTYSINGLEVALUE('Ay',$,IFCLABEL('0.001'),$);
#21491=IFCSLAB('3zvzKgLt1A8OGKUeXsjxqM',$,$,$,$,#21512,#21502,$,$);
#21492=IFCCARTESIANPOINTLIST2D(((24000.,6000.),(27000.,6000.),(27000.,12000.),(24000.,12000.)));
#21493=IFCINDEXEDPOLYCURVE(#21492,(IFCLINEINDEX((1,2,3,4,1))),$);
#21494=IFCARBITRARYCLOSEDPROFILEDEF(.AREA.,'Arbitrary',#21493);
#21495=IFCCARTESIANPOINT((0.,0.,0.));
#21496=IFCDIRECTION((0.,0.,1.));
#21497=IFCDIRECTION((1.,0.,0.));
#21498=IFCAXIS2PLACEMENT3D(#21495,#21496,#21497);
#21499=IFCDIRECTION((0.,0.,1.));
#21500=IFCEXTRUDEDAREASOLID(#21494,#21498,#21499,-120.);
#21501=IFCSHAPEREPRESENTATION(#11,'Body','SweptSolid',(#21500));
#21502=IFCPRODUCTDEFINITIONSHAPE($,$,(#21501));
#21508=IFCCARTESIANPOINT((0.,0.,3000.));
#21509=IFCDIRECTION((0.,0.,1.));
#21510=IFCDIRECTION((1.,0.,0.));
#21511=IFCAXIS2PLACEMENT3D(#21508,#21509,#21510);
#21512=IFCLOCALPLACEMENT($,#21511);
#21513=IFCPROPERTYSET('1vtzSHW957IOOkPmx4QBbM',$,'Other',$,(#21515,#21516));
#21514=IFCRELDEFINESBYPROPERTIES('06Plt1W4P4LgVLvLk$ZqJK',$,$,$,(#21491),#21513);
#21515=IFCPROPERTYSINGLEVALUE('Ax',$,IFCLABEL('0.001'),$);
#21516=IFCPROPERTYSINGLEVALUE('Ay',$,IFCLABEL('0.001'),$);
#21517=IFCSLAB('335Pm1_a5DAeZ7FpM8cORa',$,$,$,$,#21538,#21528,$,$);
#21518=IFCCARTESIANPOINTLIST2D(((24000.,15000.),(30000.,15000.),(30000.,18000.),(24000.,18000.)));
#21519=IFCINDEXEDPOLYCURVE(#21518,(IFCLINEINDEX((1,2,3,4,1))),$);
#21520=IFCARBITRARYCLOSEDPROFILEDEF(.AREA.,'Arbitrary',#21519);
#21521=IFCCARTESIANPOINT((0.,0.,0.));
#21522=IFCDIRECTION((0.,0.,1.));
#21523=IFCDIRECTION((1.,0.,0.));
#21524=IFCAXIS2PLACEMENT3D(#21521,#21522,#21523);
#21525=IFCDIRECTION((0.,0.,1.));
#21526=IFCEXTRUDEDAREASOLID(#21520,#21524,#21525,-120.);
#21527=IFCSHAPEREPRESENTATION(#11,'Body','SweptSolid',(#21526));
#21528=IFCPRODUCTDEFINITIONSHAPE($,$,(#21527));
#21534=IFCCARTESIANPOINT((0.,0.,3000.));
#21535=IFCDIRECTION((0.,0.,1.));
#21536=IFCDIRECTION((1.,0.,0.));
#21537=IFCAXIS2PLACEMENT3D(#21534,#21535,#21536);
#21538=IFCLOCALPLACEMENT($,#21537);
#21539=IFCPROPERTYSET('1uokD0PPrBI9akz9aRy4UC',$,'Other',$,(#21541,#21542));
#21540=IFCRELDEFINESBYPROPERTIES('2OXYGLuGDDGfml0fx84Hl7',$,$,$,(#21517),#21539);
#21541=IFCPROPERTYSINGLEVALUE('Ax',$,IFCLABEL('0.001'),$);
#21542=IFCPROPERTYSINGLEVALUE('Ay',$,IFCLABEL('0.001'),$);
#21543=IFCSLAB('3Romh$3nPDiOSu_WzSQX$c',$,$,$,$,#21564,#21554,$,$);
#21544=IFCCARTESIANPOINTLIST2D(((24000.,12000.),(30000.,12000.),(30000.,15000.),(24000.,15000.)));
#21545=IFCINDEXEDPOLYCURVE(#21544,(IFCLINEINDEX((1,2,3,4,1))),$);
#21546=IFCARBITRARYCLOSEDPROFILEDEF(.AREA.,'Arbitrary',#21545);
#21547=IFCCARTESIANPOINT((0.,0.,0.));
#21548=IFCDIRECTION((0.,0.,1.));
#21549=IFCDIRECTION((1.,0.,0.));
#21550=IFCAXIS2PLACEMENT3D(#21547,#21548,#21549);
#21551=IFCDIRECTION((0.,0.,1.));
#21552=IFCEXTRUDEDAREASOLID(#21546,#21550,#21551,-120.);
#21553=IFCSHAPEREPRESENTATION(#11,'Body','SweptSolid',(#21552));
#21554=IFCPRODUCTDEFINITIONSHAPE($,$,(#21553));
#21560=IFCCARTESIANPOINT((0.,0.,3000.));
#21561=IFCDIRECTION((0.,0.,1.));
#21562=IFCDIRECTION((1.,0.,0.));
#21563=IFCAXIS2PLACEMENT3D(#21560,#21561,#21562);
#21564=IFCLOCALPLACEMENT($,#21563);
#21565=IFCPROPERTYSET('240J4tsjL2IQ4xrWYEeaF$',$,'Other',$,(#21567,#21568));
#21566=IFCRELDEFINESBYPROPERTIES('3W9rYyuBfFr9zANAahPgDs',$,$,$,(#21543),#21565);
#21567=IFCPROPERTYSINGLEVALUE('Ax',$,IFCLABEL('0.001'),$);
#21568=IFCPROPERTYSINGLEVALUE('Ay',$,IFCLABEL('0.001'),$);
#21569=IFCSLAB('0yDkMWYSL7Uu4QEmIuelEI',$,$,$,$,#21590,#21580,$,$);
#21570=IFCCARTESIANPOINTLIST2D(((27000.,6000.),(30000.,6000.),(30000.,12000.),(27000.,12000.)));
#21571=IFCINDEXEDPOLYCURVE(#21570,(IFCLINEINDEX((1,2,3,4,1))),$);
#21572=IFCARBITRARYCLOSEDPROFILEDEF(.AREA.,'Arbitrary',#21571);
#21573=IFCCARTESIANPOINT((0.,0.,0.));
#21574=IFCDIRECTION((0.,0.,1.));
#21575=IFCDIRECTION((1.,0.,0.));
#21576=IFCAXIS2PLACEMENT3D(#21573,#21574,#21575);
#21577=IFCDIRECTION((0.,0.,1.));
#21578=IFCEXTRUDEDAREASOLID(#21572,#21576,#21577,-120.);
#21579=IFCSHAPEREPRESENTATION(#11,'Body','SweptSolid',(#21578));
#21580=IFCPRODUCTDEFINITIONSHAPE($,$,(#21579));
#21586=IFCCARTESIANPOINT((0.,0.,24000.));
#21587=IFCDIRECTION((0.,0.,1.));
#21588=IFCDIRECTION((1.,0.,0.));
#21589=IFCAXIS2PLACEMENT3D(#21586,#21587,#21588);
#21590=IFCLOCALPLACEMENT($,#21589);
#21591=IFCPROPERTYSET('2$5tdtatL1IgN1PKthKKaQ',$,'Other',$,(#21593,#21594));
#21592=IFCRELDEFINESBYPROPERTIES('3cYo66FIDBPRrmBUCB5sN8',$,$,$,(#21569),#21591);
#21593=IFCPROPERTYSINGLEVALUE('Ax',$,IFCLABEL('0.001'),$);
#21594=IFCPROPERTYSINGLEVALUE('Ay',$,IFCLABEL('0.001'),$);
#21595=IFCSLAB('1lGOs0e2L9ag0RSMCsQCq6',$,$,$,$,#21616,#21606,$,$);
#21596=IFCCARTESIANPOINTLIST2D(((0.,0.),(3000.,0.),(3000.,6000.),(0.,6000.)));
#21597=IFCINDEXEDPOLYCURVE(#21596,(IFCLINEINDEX((1,2,3,4,1))),$);
#21598=IFCARBITRARYCLOSEDPROFILEDEF(.AREA.,'Arbitrary',#21597);
#21599=IFCCARTESIANPOINT((0.,0.,0.));
#21600=IFCDIRECTION((0.,0.,1.));
#21601=IFCDIRECTION((1.,0.,0.));
#21602=IFCAXIS2PLACEMENT3D(#21599,#21600,#21601);
#21603=IFCDIRECTION((0.,0.,1.));
#21604=IFCEXTRUDEDAREASOLID(#21598,#21602,#21603,-120.);
#21605=IFCSHAPEREPRESENTATION(#11,'Body','SweptSolid',(#21604));
#21606=IFCPRODUCTDEFINITIONSHAPE($,$,(#21605));
#21612=IFCCARTESIANPOINT((0.,0.,24000.));
#21613=IFCDIRECTION((0.,0.,1.));
#21614=IFCDIRECTION((1.,0.,0.));
#21615=IFCAXIS2PLACEMENT3D(#21612,#21613,#21614);
#21616=IFCLOCALPLACEMENT($,#21615);
#21617=IFCPROPERTYSET('3k5EsMelv4bB$aq95wRf1x',$,'Other',$,(#21619,#21620));
#21618=IFCRELDEFINESBYPROPERTIES('0Bc3kuT5rAoBszNuOdvfs1',$,$,$,(#21595),#21617);
#21619=IFCPROPERTYSINGLEVALUE('Ax',$,IFCLABEL('0.001'),$);
#21620=IFCPROPERTYSINGLEVALUE('Ay',$,IFCLABEL('0.001'),$);
#21621=IFCSLAB('2ZVwcgEln5dfKgqC44an8$',$,$,$,$,#21642,#21632,$,$);
#21622=IFCCARTESIANPOINTLIST2D(((27000.,6000.),(30000.,6000.),(30000.,12000.),(27000.,12000.)));
#21623=IFCINDEXEDPOLYCURVE(#21622,(IFCLINEINDEX((1,2,3,4,1))),$);
#21624=IFCARBITRARYCLOSEDPROFILEDEF(.AREA.,'Arbitrary',#21623);
#21625=IFCCARTESIANPOINT((0.,0.,0.));
#21626=IFCDIRECTION((0.,0.,1.));
#21627=IFCDIRECTION((1.,0.,0.));
#21628=IFCAXIS2PLACEMENT3D(#21625,#21626,#21627);
#21629=IFCDIRECTION((0.,0.,1.));
#21630=IFCEXTRUDEDAREASOLID(#21624,#21628,#21629,-120.);
#21631=IFCSHAPEREPRESENTATION(#11,'Body','SweptSolid',(#21630));
#21632=IFCPRODUCTDEFINITIONSHAPE($,$,(#21631));
#21638=IFCCARTESIANPOINT((0.,0.,21000.));
#21639=IFCDIRECTION((0.,0.,1.));
#21640=IFCDIRECTION((1.,0.,0.));
#21641=IFCAXIS2PLACEMENT3D(#21638,#21639,#21640);
#21642=IFCLOCALPLACEMENT($,#21641);
#21643=IFCPROPERTYSET('0vCRu9hC92qPIKAPxVPURW',$,'Other',$,(#21645,#21646));
#21644=IFCRELDEFINESBYPROPERTIES('3RTLmONx1DcAzC5aeByuom',$,$,$,(#21621),#21643);
#21645=IFCPROPERTYSINGLEVALUE('Ax',$,IFCLABEL('0.001'),$);
#21646=IFCPROPERTYSINGLEVALUE('Ay',$,IFCLABEL('0.001'),$);
#21647=IFCSLAB('3g$kQui3H7pO$WqboSuMHi',$,$,$,$,#21668,#21658,$,$);
#21648=IFCCARTESIANPOINTLIST2D(((0.,0.),(3000.,0.),(3000.,6000.),(0.,6000.)));
#21649=IFCINDEXEDPOLYCURVE(#21648,(IFCLINEINDEX((1,2,3,4,1))),$);
#21650=IFCARBITRARYCLOSEDPROFILEDEF(.AREA.,'Arbitrary',#21649);
#21651=IFCCARTESIANPOINT((0.,0.,0.));
#21652=IFCDIRECTION((0.,0.,1.));
#21653=IFCDIRECTION((1.,0.,0.));
#21654=IFCAXIS2PLACEMENT3D(#21651,#21652,#21653);
#21655=IFCDIRECTION((0.,0.,1.));
#21656=IFCEXTRUDEDAREASOLID(#21650,#21654,#21655,-120.);
#21657=IFCSHAPEREPRESENTATION(#11,'Body','SweptSolid',(#21656));
#21658=IFCPRODUCTDEFINITIONSHAPE($,$,(#21657));
#21664=IFCCARTESIANPOINT((0.,0.,21000.));
#21665=IFCDIRECTION((0.,0.,1.));
#21666=IFCDIRECTION((1.,0.,0.));
#21667=IFCAXIS2PLACEMENT3D(#21664,#21665,#21666);
#21668=IFCLOCALPLACEMENT($,#21667);
#21669=IFCPROPERTYSET('1B2JbK95jDuB9KuRuRdHZM',$,'Other',$,(#21671,#21672));
#21670=IFCRELDEFINESBYPROPERTIES('0GMo0ET$fCJe7H3BNEWdS6',$,$,$,(#21647),#21669);
#21671=IFCPROPERTYSINGLEVALUE('Ax',$,IFCLABEL('0.001'),$);
#21672=IFCPROPERTYSINGLEVALUE('Ay',$,IFCLABEL('0.001'),$);
#21673=IFCSLAB('04HK$Fmqv1dP2krK5sQTd8',$,$,$,$,#21694,#21684,$,$);
#21674=IFCCARTESIANPOINTLIST2D(((27000.,6000.),(30000.,6000.),(30000.,12000.),(27000.,12000.)));
#21675=IFCINDEXEDPOLYCURVE(#21674,(IFCLINEINDEX((1,2,3,4,1))),$);
#21676=IFCARBITRARYCLOSEDPROFILEDEF(.AREA.,'Arbitrary',#21675);
#21677=IFCCARTESIANPOINT((0.,0.,0.));
#21678=IFCDIRECTION((0.,0.,1.));
#21679=IFCDIRECTION((1.,0.,0.));
#21680=IFCAXIS2PLACEMENT3D(#21677,#21678,#21679);
#21681=IFCDIRECTION((0.,0.,1.));
#21682=IFCEXTRUDEDAREASOLID(#21676,#21680,#21681,-120.);
#21683=IFCSHAPEREPRESENTATION(#11,'Body','SweptSolid',(#21682));
#21684=IFCPRODUCTDEFINITIONSHAPE($,$,(#21683));
#21690=IFCCARTESIANPOINT((0.,0.,18000.));
#21691=IFCDIRECTION((0.,0.,1.));
#21692=IFCDIRECTION((1.,0.,0.));
#21693=IFCAXIS2PLACEMENT3D(#21690,#21691,#21692);
#21694=IFCLOCALPLACEMENT($,#21693);
#21695=IFCPROPERTYSET('1jjnuDia592PBELl2q5ITv',$,'Other',$,(#21697,#21698));
#21696=IFCRELDEFINESBYPROPERTIES('27E6DBkjP7NwY0YsS6QRe2',$,$,$,(#21673),#21695);
#21697=IFCPROPERTYSINGLEVALUE('Ax',$,IFCLABEL('0.001'),$);
#21698=IFCPROPERTYSINGLEVALUE('Ay',$,IFCLABEL('0.001'),$);
#21699=IFCSLAB('2Jqirp6Rz2sOjwE3WLMowP',$,$,$,$,#21720,#21710,$,$);
#21700=IFCCARTESIANPOINTLIST2D(((0.,0.),(3000.,0.),(3000.,6000.),(0.,6000.)));
#21701=IFCINDEXEDPOLYCURVE(#21700,(IFCLINEINDEX((1,2,3,4,1))),$);
#21702=IFCARBITRARYCLOSEDPROFILEDEF(.AREA.,'Arbitrary',#21701);
#21703=IFCCARTESIANPOINT((0.,0.,0.));
#21704=IFCDIRECTION((0.,0.,1.));
#21705=IFCDIRECTION((1.,0.,0.));
#21706=IFCAXIS2PLACEMENT3D(#21703,#21704,#21705);
#21707=IFCDIRECTION((0.,0.,1.));
#21708=IFCEXTRUDEDAREASOLID(#21702,#21706,#21707,-120.);
#21709=IFCSHAPEREPRESENTATION(#11,'Body','SweptSolid',(#21708));
#21710=IFCPRODUCTDEFINITIONSHAPE($,$,(#21709));
#21716=IFCCARTESIANPOINT((0.,0.,18000.));
#21717=IFCDIRECTION((0.,0.,1.));
#21718=IFCDIRECTION((1.,0.,0.));
#21719=IFCAXIS2PLACEMENT3D(#21716,#21717,#21718);
#21720=IFCLOCALPLACEMENT($,#21719);
#21721=IFCPROPERTYSET('3NZEV4jAz4jQr2xaexWXpX',$,'Other',$,(#21723,#21724));
#21722=IFCRELDEFINESBYPROPERTIES('2zCaqf5G5FP9CoTZbqXzWd',$,$,$,(#21699),#21721);
#21723=IFCPROPERTYSINGLEVALUE('Ax',$,IFCLABEL('0.001'),$);
#21724=IFCPROPERTYSINGLEVALUE('Ay',$,IFCLABEL('0.001'),$);
#21725=IFCSLAB('0W8bQZr0nEgRVAIPF0rWN_',$,$,$,$,#21746,#21736,$,$);
#21726=IFCCARTESIANPOINTLIST2D(((27000.,6000.),(30000.,6000.),(30000.,12000.),(27000.,12000.)));
#21727=IFCINDEXEDPOLYCURVE(#21726,(IFCLINEINDEX((1,2,3,4,1))),$);
#21728=IFCARBITRARYCLOSEDPROFILEDEF(.AREA.,'Arbitrary',#21727);
#21729=IFCCARTESIANPOINT((0.,0.,0.));
#21730=IFCDIRECTION((0.,0.,1.));
#21731=IFCDIRECTION((1.,0.,0.));
#21732=IFCAXIS2PLACEMENT3D(#21729,#21730,#21731);
#21733=IFCDIRECTION((0.,0.,1.));
#21734=IFCEXTRUDEDAREASOLID(#21728,#21732,#21733,-120.);
#21735=IFCSHAPEREPRESENTATION(#11,'Body','SweptSolid',(#21734));
#21736=IFCPRODUCTDEFINITIONSHAPE($,$,(#21735));
#21742=IFCCARTESIANPOINT((0.,0.,15000.));
#21743=IFCDIRECTION((0.,0.,1.));
#21744=IFCDIRECTION((1.,0.,0.));
#21745=IFCAXIS2PLACEMENT3D(#21742,#21743,#21744);
#21746=IFCLOCALPLACEMENT($,#21745);
#21747=IFCPROPERTYSET('3din$r6vnBzQwN7$ZMZT$A',$,'Other',$,(#21749,#21750));
#21748=IFCRELDEFINESBYPROPERTIES('3y_zPp6IPD3ADE6kzrTq6_',$,$,$,(#21725),#21747);
#21749=IFCPROPERTYSINGLEVALUE('Ax',$,IFCLABEL('0.001'),$);
#21750=IFCPROPERTYSINGLEVALUE('Ay',$,IFCLABEL('0.001'),$);
#21751=IFCSLAB('075DAF4Tb3AvChh6DrZLQf',$,$,$,$,#21772,#21762,$,$);
#21752=IFCCARTESIANPOINTLIST2D(((0.,0.),(3000.,0.),(3000.,6000.),(0.,6000.)));
#21753=IFCINDEXEDPOLYCURVE(#21752,(IFCLINEINDEX((1,2,3,4,1))),$);
#21754=IFCARBITRARYCLOSEDPROFILEDEF(.AREA.,'Arbitrary',#21753);
#21755=IFCCARTESIANPOINT((0.,0.,0.));
#21756=IFCDIRECTION((0.,0.,1.));
#21757=IFCDIRECTION((1.,0.,0.));
#21758=IFCAXIS2PLACEMENT3D(#21755,#21756,#21757);
#21759=IFCDIRECTION((0.,0.,1.));
#21760=IFCEXTRUDEDAREASOLID(#21754,#21758,#21759,-120.);
#21761=IFCSHAPEREPRESENTATION(#11,'Body','SweptSolid',(#21760));
#21762=IFCPRODUCTDEFINITIONSHAPE($,$,(#21761));
#21768=IFCCARTESIANPOINT((0.,0.,15000.));
#21769=IFCDIRECTION((0.,0.,1.));
#21770=IFCDIRECTION((1.,0.,0.));
#21771=IFCAXIS2PLACEMENT3D(#21768,#21769,#21770);
#21772=IFCLOCALPLACEMENT($,#21771);
#21773=IFCPROPERTYSET('0RzOOs33bDkuKEBBqJJQ$o',$,'Other',$,(#21775,#21776));
#21774=IFCRELDEFINESBYPROPERTIES('39C$kqAef9kBOZ2oaD7kv3',$,$,$,(#21751),#21773);
#21775=IFCPROPERTYSINGLEVALUE('Ax',$,IFCLABEL('0.001'),$);
#21776=IFCPROPERTYSINGLEVALUE('Ay',$,IFCLABEL('0.001'),$);
#21777=IFCSLAB('1S4vG9lgTB08XSnVQGLP5I',$,$,$,$,#21798,#21788,$,$);
#21778=IFCCARTESIANPOINTLIST2D(((27000.,6000.),(30000.,6000.),(30000.,12000.),(27000.,12000.)));
#21779=IFCINDEXEDPOLYCURVE(#21778,(IFCLINEINDEX((1,2,3,4,1))),$);
#21780=IFCARBITRARYCLOSEDPROFILEDEF(.AREA.,'Arbitrary',#21779);
#21781=IFCCARTESIANPOINT((0.,0.,0.));
#21782=IFCDIRECTION((0.,0.,1.));
#21783=IFCDIRECTION((1.,0.,0.));
#21784=IFCAXIS2PLACEMENT3D(#21781,#21782,#21783);
#21785=IFCDIRECTION((0.,0.,1.));
#21786=IFCEXTRUDEDAREASOLID(#21780,#21784,#21785,-120.);
#21787=IFCSHAPEREPRESENTATION(#11,'Body','SweptSolid',(#21786));
#21788=IFCPRODUCTDEFINITIONSHAPE($,$,(#21787));
#21794=IFCCARTESIANPOINT((0.,0.,12000.));
#21795=IFCDIRECTION((0.,0.,1.));
#21796=IFCDIRECTION((1.,0.,0.));
#21797=IFCAXIS2PLACEMENT3D(#21794,#21795,#21796);
#21798=IFCLOCALPLACEMENT($,#21797);
#21799=IFCPROPERTYSET('0mFol6t6X4HO5rzxykoPDf',$,'Other',$,(#21801,#21802));
#21800=IFCRELDEFINESBYPROPERTIES('0XA4ubsRD6XQbu5qDZrGBE',$,$,$,(#21777),#21799);
#21801=IFCPROPERTYSINGLEVALUE('Ax',$,IFCLABEL('0.001'),$);
#21802=IFCPROPERTYSINGLEVALUE('Ay',$,IFCLABEL('0.001'),$);
#21803=IFCSLAB('2RP7jOQknBoO2X$k7$trBq',$,$,$,$,#21824,#21814,$,$);
#21804=IFCCARTESIANPOINTLIST2D(((0.,0.),(3000.,0.),(3000.,6000.),(0.,6000.)));
#21805=IFCINDEXEDPOLYCURVE(#21804,(IFCLINEINDEX((1,2,3,4,1))),$);
#21806=IFCARBITRARYCLOSEDPROFILEDEF(.AREA.,'Arbitrary',#21805);
#21807=IFCCARTESIANPOINT((0.,0.,0.));
#21808=IFCDIRECTION((0.,0.,1.));
#21809=IFCDIRECTION((1.,0.,0.));
#21810=IFCAXIS2PLACEMENT3D(#21807,#21808,#21809);
#21811=IFCDIRECTION((0.,0.,1.));
#21812=IFCEXTRUDEDAREASOLID(#21806,#21810,#21811,-120.);
#21813=IFCSHAPEREPRESENTATION(#11,'Body','SweptSolid',(#21812));
#21814=IFCPRODUCTDEFINITIONSHAPE($,$,(#21813));
#21820=IFCCARTESIANPOINT((0.,0.,12000.));
#21821=IFCDIRECTION((0.,0.,1.));
#21822=IFCDIRECTION((1.,0.,0.));
#21823=IFCAXIS2PLACEMENT3D(#21820,#21821,#21822);
#21824=IFCLOCALPLACEMENT($,#21823);
#21825=IFCPROPERTYSET('20N6FBtWPDevljbKn1UDv1',$,'Other',$,(#21827,#21828));
#21826=IFCRELDEFINESBYPROPERTIES('3eMMTDYKX4rxqYZzVgD0LA',$,$,$,(#21803),#21825);
#21827=IFCPROPERTYSINGLEVALUE('Ax',$,IFCLABEL('0.001'),$);
#21828=IFCPROPERTYSINGLEVALUE('Ay',$,IFCLABEL('0.001'),$);
#21829=IFCSLAB('3rVznUWjzAXgynlZJt$vM_',$,$,$,$,#21850,#21840,$,$);
#21830=IFCCARTESIANPOINTLIST2D(((27000.,6000.),(30000.,6000.),(30000.,12000.),(27000.,12000.)));
#21831=IFCINDEXEDPOLYCURVE(#21830,(IFCLINEINDEX((1,2,3,4,1))),$);
#21832=IFCARBITRARYCLOSEDPROFILEDEF(.AREA.,'Arbitrary',#21831);
#21833=IFCCARTESIANPOINT((0.,0.,0.));
#21834=IFCDIRECTION((0.,0.,1.));
#21835=IFCDIRECTION((1.,0.,0.));
#21836=IFCAXIS2PLACEMENT3D(#21833,#21834,#21835);
#21837=IFCDIRECTION((0.,0.,1.));
#21838=IFCEXTRUDEDAREASOLID(#21832,#21836,#21837,-120.);
#21839=IFCSHAPEREPRESENTATION(#11,'Body','SweptSolid',(#21838));
#21840=IFCPRODUCTDEFINITIONSHAPE($,$,(#21839));
#21846=IFCCARTESIANPOINT((0.,0.,9000.));
#21847=IFCDIRECTION((0.,0.,1.));
#21848=IFCDIRECTION((1.,0.,0.));
#21849=IFCAXIS2PLACEMENT3D(#21846,#21847,#21848);
#21850=IFCLOCALPLACEMENT($,#21849);
#21851=IFCPROPERTYSET('2iJ7iRYArDfQEChmferJ11',$,'Other',$,(#21853,#21854));
#21852=IFCRELDEFINESBYPROPERTIES('3JoOU1vn1DWgSkuSxhKmpP',$,$,$,(#21829),#21851);
#21853=IFCPROPERTYSINGLEVALUE('Ax',$,IFCLABEL('0.001'),$);
#21854=IFCPROPERTYSINGLEVALUE('Ay',$,IFCLABEL('0.001'),$);
#21855=IFCSLAB('2QDWTtCVL2O9EoAOW5JvD$',$,$,$,$,#21876,#21866,$,$);
#21856=IFCCARTESIANPOINTLIST2D(((0.,0.),(3000.,0.),(3000.,6000.),(0.,6000.)));
#21857=IFCINDEXEDPOLYCURVE(#21856,(IFCLINEINDEX((1,2,3,4,1))),$);
#21858=IFCARBITRARYCLOSEDPROFILEDEF(.AREA.,'Arbitrary',#21857);
#21859=IFCCARTESIANPOINT((0.,0.,0.));
#21860=IFCDIRECTION((0.,0.,1.));
#21861=IFCDIRECTION((1.,0.,0.));
#21862=IFCAXIS2PLACEMENT3D(#21859,#21860,#21861);
#21863=IFCDIRECTION((0.,0.,1.));
#21864=IFCEXTRUDEDAREASOLID(#21858,#21862,#21863,-120.);
#21865=IFCSHAPEREPRESENTATION(#11,'Body','SweptSolid',(#21864));
#21866=IFCPRODUCTDEFINITIONSHAPE($,$,(#21865));
#21872=IFCCARTESIANPOINT((0.,0.,9000.));
#21873=IFCDIRECTION((0.,0.,1.));
#21874=IFCDIRECTION((1.,0.,0.));
#21875=IFCAXIS2PLACEMENT3D(#21872,#21873,#21874);
#21876=IFCLOCALPLACEMENT($,#21875);
#21877=IFCPROPERTYSET('0cOA8AZTb4Fw_i2kPS8oIg',$,'Other',$,(#21879,#21880));
#21878=IFCRELDEFINESBYPROPERTIES('15IGqLGfT29PzNUjM5rwe7',$,$,$,(#21855),#21877);
#21879=IFCPROPERTYSINGLEVALUE('Ax',$,IFCLABEL('0.001'),$);
#21880=IFCPROPERTYSINGLEVALUE('Ay',$,IFCLABEL('0.001'),$);
#21881=IFCSLAB('0xMEWduNLD2QO1A92do1JG',$,$,$,$,#21902,#21892,$,$);
#21882=IFCCARTESIANPOINTLIST2D(((27000.,6000.),(30000.,6000.),(30000.,12000.),(27000.,12000.)));
#21883=IFCINDEXEDPOLYCURVE(#21882,(IFCLINEINDEX((1,2,3,4,1))),$);
#21884=IFCARBITRARYCLOSEDPROFILEDEF(.AREA.,'Arbitrary',#21883);
#21885=IFCCARTESIANPOINT((0.,0.,0.));
#21886=IFCDIRECTION((0.,0.,1.));
#21887=IFCDIRECTION((1.,0.,0.));
#21888=IFCAXIS2PLACEMENT3D(#21885,#21886,#21887);
#21889=IFCDIRECTION((0.,0.,1.));
#21890=IFCEXTRUDEDAREASOLID(#21884,#21888,#21889,-120.);
#21891=IFCSHAPEREPRESENTATION(#11,'Body','SweptSolid',(#21890));
#21892=IFCPRODUCTDEFINITIONSHAPE($,$,(#21891));
#21898=IFCCARTESIANPOINT((0.,0.,6000.));
#21899=IFCDIRECTION((0.,0.,1.));
#21900=IFCDIRECTION((1.,0.,0.));
#21901=IFCAXIS2PLACEMENT3D(#21898,#21899,#21900);
#21902=IFCLOCALPLACEMENT($,#21901);
#21903=IFCPROPERTYSET('2glTnTuU92DR7t0Ztzjadu',$,'Other',$,(#21905,#21906));
#21904=IFCRELDEFINESBYPROPERTIES('2ZAl0htjPADQ5VouwhS0L7',$,$,$,(#21881),#21903);
#21905=IFCPROPERTYSINGLEVALUE('Ax',$,IFCLABEL('0.001'),$);
#21906=IFCPROPERTYSINGLEVALUE('Ay',$,IFCLABEL('0.001'),$);
#21907=IFCSLAB('0lquVCX31B1utXXGU7vyDf',$,$,$,$,#21928,#21918,$,$);
#21908=IFCCARTESIANPOINTLIST2D(((0.,0.),(3000.,0.),(3000.,6000.),(0.,6000.)));
#21909=IFCINDEXEDPOLYCURVE(#21908,(IFCLINEINDEX((1,2,3,4,1))),$);
#21910=IFCARBITRARYCLOSEDPROFILEDEF(.AREA.,'Arbitrary',#21909);
#21911=IFCCARTESIANPOINT((0.,0.,0.));
#21912=IFCDIRECTION((0.,0.,1.));
#21913=IFCDIRECTION((1.,0.,0.));
#21914=IFCAXIS2PLACEMENT3D(#21911,#21912,#21913);
#21915=IFCDIRECTION((0.,0.,1.));
#21916=IFCEXTRUDEDAREASOLID(#21910,#21914,#21915,-120.);
#21917=IFCSHAPEREPRESENTATION(#11,'Body','SweptSolid',(#21916));
#21918=IFCPRODUCTDEFINITIONSHAPE($,$,(#21917));
#21924=IFCCARTESIANPOINT((0.,0.,6000.));
#21925=IFCDIRECTION((0.,0.,1.));
#21926=IFCDIRECTION((1.,0.,0.));
#21927=IFCAXIS2PLACEMENT3D(#21924,#21925,#21926);
#21928=IFCLOCALPLACEMENT($,#21927);
#21929=IFCPROPERTYSET('0EF9PW0gb9RAGYwPigpnUk',$,'Other',$,(#21931,#21932));
#21930=IFCRELDEFINESBYPROPERTIES('03387kMb9Bmw8c16RuRn9r',$,$,$,(#21907),#21929);
#21931=IFCPROPERTYSINGLEVALUE('Ax',$,IFCLABEL('0.001'),$);
#21932=IFCPROPERTYSINGLEVALUE('Ay',$,IFCLABEL('0.001'),$);
#21933=IFCSLAB('2VpXJSnw9F7Q1yr2djwVco',$,$,$,$,#21954,#21944,$,$);
#21934=IFCCARTESIANPOINTLIST2D(((27000.,6000.),(30000.,6000.),(30000.,12000.),(27000.,12000.)));
#21935=IFCINDEXEDPOLYCURVE(#21934,(IFCLINEINDEX((1,2,3,4,1))),$);
#21936=IFCARBITRARYCLOSEDPROFILEDEF(.AREA.,'Arbitrary',#21935);
#21937=IFCCARTESIANPOINT((0.,0.,0.));
#21938=IFCDIRECTION((0.,0.,1.));
#21939=IFCDIRECTION((1.,0.,0.));
#21940=IFCAXIS2PLACEMENT3D(#21937,#21938,#21939);
#21941=IFCDIRECTION((0.,0.,1.));
#21942=IFCEXTRUDEDAREASOLID(#21936,#21940,#21941,-120.);
#21943=IFCSHAPEREPRESENTATION(#11,'Body','SweptSolid',(#21942));
#21944=IFCPRODUCTDEFINITIONSHAPE($,$,(#21943));
#21950=IFCCARTESIANPOINT((0.,0.,3000.));
#21951=IFCDIRECTION((0.,0.,1.));
#21952=IFCDIRECTION((1.,0.,0.));
#21953=IFCAXIS2PLACEMENT3D(#21950,#21951,#21952);
#21954=IFCLOCALPLACEMENT($,#21953);
#21955=IFCPROPERTYSET('24UWMAo1n2fOQ0Bj4YdWWn',$,'Other',$,(#21957,#21958));
#21956=IFCRELDEFINESBYPROPERTIES('17mfDUS9j4hgIByM8kp42B',$,$,$,(#21933),#21955);
#21957=IFCPROPERTYSINGLEVALUE('Ax',$,IFCLABEL('0.001'),$);
#21958=IFCPROPERTYSINGLEVALUE('Ay',$,IFCLABEL('0.001'),$);
#21959=IFCSLAB('1ycaQzhOnAMeigLtbOZwsb',$,$,$,$,#21980,#21970,$,$);
#21960=IFCCARTESIANPOINTLIST2D(((0.,0.),(3000.,0.),(3000.,6000.),(0.,6000.)));
#21961=IFCINDEXEDPOLYCURVE(#21960,(IFCLINEINDEX((1,2,3,4,1))),$);
#21962=IFCARBITRARYCLOSEDPROFILEDEF(.AREA.,'Arbitrary',#21961);
#21963=IFCCARTESIANPOINT((0.,0.,0.));
#21964=IFCDIRECTION((0.,0.,1.));
#21965=IFCDIRECTION((1.,0.,0.));
#21966=IFCAXIS2PLACEMENT3D(#21963,#21964,#21965);
#21967=IFCDIRECTION((0.,0.,1.));
#21968=IFCEXTRUDEDAREASOLID(#21962,#21966,#21967,-120.);
#21969=IFCSHAPEREPRESENTATION(#11,'Body','SweptSolid',(#21968));
#21970=IFCPRODUCTDEFINITIONSHAPE($,$,(#21969));
#21976=IFCCARTESIANPOINT((0.,0.,3000.));
#21977=IFCDIRECTION((0.,0.,1.));
#21978=IFCDIRECTION((1.,0.,0.));
#21979=IFCAXIS2PLACEMENT3D(#21976,#21977,#21978);
#21980=IFCLOCALPLACEMENT($,#21979);
#21981=IFCPROPERTYSET('0Gsgv8uOTAMPMs2SUoVLBd',$,'Other',$,(#21983,#21984));
#21982=IFCRELDEFINESBYPROPERTIES('3noJFrFtXDQxLE27uQ9exz',$,$,$,(#21959),#21981);
#21983=IFCPROPERTYSINGLEVALUE('Ax',$,IFCLABEL('0.001'),$);
#21984=IFCPROPERTYSINGLEVALUE('Ay',$,IFCLABEL('0.001'),$);
#21985=IFCSLAB('09zvjxSIzFtxISpWxYy4lS',$,$,$,$,#22006,#21996,$,$);
#21986=IFCCARTESIANPOINTLIST2D(((24000.,6000.),(27000.,6000.),(27000.,500.),(24000.,0.)));
#21987=IFCINDEXEDPOLYCURVE(#21986,(IFCLINEINDEX((1,2,3,4,1))),$);
#21988=IFCARBITRARYCLOSEDPROFILEDEF(.AREA.,'Arbitrary',#21987);
#21989=IFCCARTESIANPOINT((0.,0.,0.));
#21990=IFCDIRECTION((0.,0.,1.));
#21991=IFCDIRECTION((1.,0.,0.));
#21992=IFCAXIS2PLACEMENT3D(#21989,#21990,#21991);
#21993=IFCDIRECTION((0.,0.,1.));
#21994=IFCEXTRUDEDAREASOLID(#21988,#21992,#21993,-120.);
#21995=IFCSHAPEREPRESENTATION(#11,'Body','SweptSolid',(#21994));
#21996=IFCPRODUCTDEFINITIONSHAPE($,$,(#21995));
#22002=IFCCARTESIANPOINT((0.,0.,12000.));
#22003=IFCDIRECTION((0.,0.,1.));
#22004=IFCDIRECTION((1.,0.,0.));
#22005=IFCAXIS2PLACEMENT3D(#22002,#22003,#22004);
#22006=IFCLOCALPLACEMENT($,#22005);
#22007=IFCPROPERTYSET('2kFm9pC8r21g9hldMs9UlS',$,'Other',$,(#22009,#22010));
#22008=IFCRELDEFINESBYPROPERTIES('0m_b55mQj6RAPNW4f8mh6l',$,$,$,(#21985),#22007);
#22009=IFCPROPERTYSINGLEVALUE('Ax',$,IFCLABEL('0.001'),$);
#22010=IFCPROPERTYSINGLEVALUE('Ay',$,IFCLABEL('0.001'),$);
#22011=IFCSLAB('2tJPPwgzz6Ev60UkHXPWMR',$,$,$,$,#22032,#22022,$,$);
#22012=IFCCARTESIANPOINTLIST2D(((24000.,6000.),(27000.,6000.),(27000.,500.),(24000.,0.)));
#22013=IFCINDEXEDPOLYCURVE(#22012,(IFCLINEINDEX((1,2,3,4,1))),$);
#22014=IFCARBITRARYCLOSEDPROFILEDEF(.AREA.,'Arbitrary',#22013);
#22015=IFCCARTESIANPOINT((0.,0.,0.));
#22016=IFCDIRECTION((0.,0.,1.));
#22017=IFCDIRECTION((1.,0.,0.));
#22018=IFCAXIS2PLACEMENT3D(#22015,#22016,#22017);
#22019=IFCDIRECTION((0.,0.,1.));
#22020=IFCEXTRUDEDAREASOLID(#22014,#22018,#22019,-120.);
#22021=IFCSHAPEREPRESENTATION(#11,'Body','SweptSolid',(#22020));
#22022=IFCPRODUCTDEFINITIONSHAPE($,$,(#22021));
#22028=IFCCARTESIANPOINT((0.,0.,24000.));
#22029=IFCDIRECTION((0.,0.,1.));
#22030=IFCDIRECTION((1.,0.,0.));
#22031=IFCAXIS2PLACEMENT3D(#22028,#22029,#22030);
#22032=IFCLOCALPLACEMENT($,#22031);
#22033=IFCPROPERTYSET('1dst7ixo57gx1iHAyqM2UR',$,'Other',$,(#22035,#22036));
#22034=IFCRELDEFINESBYPROPERTIES('2XH2Rijhn1MwQPgt1mfmd2',$,$,$,(#22011),#22033);
#22035=IFCPROPERTYSINGLEVALUE('Ax',$,IFCLABEL('0.001'),$);
#22036=IFCPROPERTYSINGLEVALUE('Ay',$,IFCLABEL('0.001'),$);
#22037=IFCSLAB('26nM$V3W18pfojusbDVemc',$,$,$,$,#22058,#22048,$,$);
#22038=IFCCARTESIANPOINTLIST2D(((24000.,6000.),(27000.,6000.),(27000.,500.),(24000.,0.)));
#22039=IFCINDEXEDPOLYCURVE(#22038,(IFCLINEINDEX((1,2,3,4,1))),$);
#22040=IFCARBITRARYCLOSEDPROFILEDEF(.AREA.,'Arbitrary',#22039);
#22041=IFCCARTESIANPOINT((0.,0.,0.));
#22042=IFCDIRECTION((0.,0.,1.));
#22043=IFCDIRECTION((1.,0.,0.));
#22044=IFCAXIS2PLACEMENT3D(#22041,#22042,#22043);
#22045=IFCDIRECTION((0.,0.,1.));
#22046=IFCEXTRUDEDAREASOLID(#22040,#22044,#22045,-120.);
#22047=IFCSHAPEREPRESENTATION(#11,'Body','SweptSolid',(#22046));
#22048=IFCPRODUCTDEFINITIONSHAPE($,$,(#22047));
#22054=IFCCARTESIANPOINT((0.,0.,21000.));
#22055=IFCDIRECTION((0.,0.,1.));
#22056=IFCDIRECTION((1.,0.,0.));
#22057=IFCAXIS2PLACEMENT3D(#22054,#22055,#22056);
#22058=IFCLOCALPLACEMENT($,#22057);
#22059=IFCPROPERTYSET('32bjbiRJz7C9Vi6VXAYqfH',$,'Other',$,(#22061,#22062));
#22060=IFCRELDEFINESBYPROPERTIES('1m0QO7KnTA3O95FpDhx15I',$,$,$,(#22037),#22059);
#22061=IFCPROPERTYSINGLEVALUE('Ax',$,IFCLABEL('0.001'),$);
#22062=IFCPROPERTYSINGLEVALUE('Ay',$,IFCLABEL('0.001'),$);
#22063=IFCSLAB('0l1xl6JJ1348TIsyb4ObRL',$,$,$,$,#22084,#22074,$,$);
#22064=IFCCARTESIANPOINTLIST2D(((24000.,6000.),(27000.,6000.),(27000.,500.),(24000.,0.)));
#22065=IFCINDEXEDPOLYCURVE(#22064,(IFCLINEINDEX((1,2,3,4,1))),$);
#22066=IFCARBITRARYCLOSEDPROFILEDEF(.AREA.,'Arbitrary',#22065);
#22067=IFCCARTESIANPOINT((0.,0.,0.));
#22068=IFCDIRECTION((0.,0.,1.));
#22069=IFCDIRECTION((1.,0.,0.));
#22070=IFCAXIS2PLACEMENT3D(#22067,#22068,#22069);
#22071=IFCDIRECTION((0.,0.,1.));
#22072=IFCEXTRUDEDAREASOLID(#22066,#22070,#22071,-120.);
#22073=IFCSHAPEREPRESENTATION(#11,'Body','SweptSolid',(#22072));
#22074=IFCPRODUCTDEFINITIONSHAPE($,$,(#22073));
#22080=IFCCARTESIANPOINT((0.,0.,18000.));
#22081=IFCDIRECTION((0.,0.,1.));
#22082=IFCDIRECTION((1.,0.,0.));
#22083=IFCAXIS2PLACEMENT3D(#22080,#22081,#22082);
#22084=IFCLOCALPLACEMENT($,#22083);
#22085=IFCPROPERTYSET('37SYiGCm1C6Qzp4AbcIDTG',$,'Other',$,(#22087,#22088));
#22086=IFCRELDEFINESBYPROPERTIES('0ldNSCptzA3xyToA46$ytI',$,$,$,(#22063),#22085);
#22087=IFCPROPERTYSINGLEVALUE('Ax',$,IFCLABEL('0.001'),$);
#22088=IFCPROPERTYSINGLEVALUE('Ay',$,IFCLABEL('0.001'),$);
#22089=IFCSLAB('1x$XX5DDf1vP2SoMI$i5hk',$,$,$,$,#22110,#22100,$,$);
#22090=IFCCARTESIANPOINTLIST2D(((24000.,6000.),(27000.,6000.),(27000.,500.),(24000.,0.)));
#22091=IFCINDEXEDPOLYCURVE(#22090,(IFCLINEINDEX((1,2,3,4,1))),$);
#22092=IFCARBITRARYCLOSEDPROFILEDEF(.AREA.,'Arbitrary',#22091);
#22093=IFCCARTESIANPOINT((0.,0.,0.));
#22094=IFCDIRECTION((0.,0.,1.));
#22095=IFCDIRECTION((1.,0.,0.));
#22096=IFCAXIS2PLACEMENT3D(#22093,#22094,#22095);
#22097=IFCDIRECTION((0.,0.,1.));
#22098=IFCEXTRUDEDAREASOLID(#22092,#22096,#22097,-120.);
#22099=IFCSHAPEREPRESENTATION(#11,'Body','SweptSolid',(#22098));
#22100=IFCPRODUCTDEFINITIONSHAPE($,$,(#22099));
#22106=IFCCARTESIANPOINT((0.,0.,15000.));
#22107=IFCDIRECTION((0.,0.,1.));
#22108=IFCDIRECTION((1.,0.,0.));
#22109=IFCAXIS2PLACEMENT3D(#22106,#22107,#22108);
#22110=IFCLOCALPLACEMENT($,#22109);
#22111=IFCPROPERTYSET('0TQFubEOX0cOf1gXRduyid',$,'Other',$,(#22113,#22114));
#22112=IFCRELDEFINESBYPROPERTIES('111S9W27D3GAFJVRbdV24b',$,$,$,(#22089),#22111);
#22113=IFCPROPERTYSINGLEVALUE('Ax',$,IFCLABEL('0.001'),$);
#22114=IFCPROPERTYSINGLEVALUE('Ay',$,IFCLABEL('0.001'),$);
#22115=IFCSLAB('2V3Nc_Ver16QCKK890wVby',$,$,$,$,#22136,#22126,$,$);
#22116=IFCCARTESIANPOINTLIST2D(((24000.,6000.),(27000.,6000.),(27000.,500.),(24000.,0.)));
#22117=IFCINDEXEDPOLYCURVE(#22116,(IFCLINEINDEX((1,2,3,4,1))),$);
#22118=IFCARBITRARYCLOSEDPROFILEDEF(.AREA.,'Arbitrary',#22117);
#22119=IFCCARTESIANPOINT((0.,0.,0.));
#22120=IFCDIRECTION((0.,0.,1.));
#22121=IFCDIRECTION((1.,0.,0.));
#22122=IFCAXIS2PLACEMENT3D(#22119,#22120,#22121);
#22123=IFCDIRECTION((0.,0.,1.));
#22124=IFCEXTRUDEDAREASOLID(#22118,#22122,#22123,-120.);
#22125=IFCSHAPEREPRESENTATION(#11,'Body','SweptSolid',(#22124));
#22126=IFCPRODUCTDEFINITIONSHAPE($,$,(#22125));
#22132=IFCCARTESIANPOINT((0.,0.,9000.));
#22133=IFCDIRECTION((0.,0.,1.));
#22134=IFCDIRECTION((1.,0.,0.));
#22135=IFCAXIS2PLACEMENT3D(#22132,#22133,#22134);
#22136=IFCLOCALPLACEMENT($,#22135);
#22137=IFCPROPERTYSET('27CEnmri1FCfbiF5LrRjJ5',$,'Other',$,(#22139,#22140));
#22138=IFCRELDEFINESBYPROPERTIES('149ssgz6nF4vefW_OktHv6',$,$,$,(#22115),#22137);
#22139=IFCPROPERTYSINGLEVALUE('Ax',$,IFCLABEL('0.001'),$);
#22140=IFCPROPERTYSINGLEVALUE('Ay',$,IFCLABEL('0.001'),$);
#22141=IFCSLAB('0rb3H9Ty55Xwuy9pk5OTkr',$,$,$,$,#22162,#22152,$,$);
#22142=IFCCARTESIANPOINTLIST2D(((24000.,6000.),(27000.,6000.),(27000.,500.),(24000.,0.)));
#22143=IFCINDEXEDPOLYCURVE(#22142,(IFCLINEINDEX((1,2,3,4,1))),$);
#22144=IFCARBITRARYCLOSEDPROFILEDEF(.AREA.,'Arbitrary',#22143);
#22145=IFCCARTESIANPOINT((0.,0.,0.));
#22146=IFCDIRECTION((0.,0.,1.));
#22147=IFCDIRECTION((1.,0.,0.));
#22148=IFCAXIS2PLACEMENT3D(#22145,#22146,#22147);
#22149=IFCDIRECTION((0.,0.,1.));
#22150=IFCEXTRUDEDAREASOLID(#22144,#22148,#22149,-120.);
#22151=IFCSHAPEREPRESENTATION(#11,'Body','SweptSolid',(#22150));
#22152=IFCPRODUCTDEFINITIONSHAPE($,$,(#22151));
#22158=IFCCARTESIANPOINT((0.,0.,6000.));
#22159=IFCDIRECTION((0.,0.,1.));
#22160=IFCDIRECTION((1.,0.,0.));
#22161=IFCAXIS2PLACEMENT3D(#22158,#22159,#22160);
#22162=IFCLOCALPLACEMENT($,#22161);
#22163=IFCPROPERTYSET('0O_CPWbCX7LfALXw5MjTuf',$,'Other',$,(#22165,#22166));
#22164=IFCRELDEFINESBYPROPERTIES('1fU5PK9RDBh83lEH6jhnSc',$,$,$,(#22141),#22163);
#22165=IFCPROPERTYSINGLEVALUE('Ax',$,IFCLABEL('0.001'),$);
#22166=IFCPROPERTYSINGLEVALUE('Ay',$,IFCLABEL('0.001'),$);
#22167=IFCSLAB('0hefYO_TL4If46T0Wi_2GH',$,$,$,$,#22188,#22178,$,$);
#22168=IFCCARTESIANPOINTLIST2D(((24000.,6000.),(27000.,6000.),(27000.,500.),(24000.,0.)));
#22169=IFCINDEXEDPOLYCURVE(#22168,(IFCLINEINDEX((1,2,3,4,1))),$);
#22170=IFCARBITRARYCLOSEDPROFILEDEF(.AREA.,'Arbitrary',#22169);
#22171=IFCCARTESIANPOINT((0.,0.,0.));
#22172=IFCDIRECTION((0.,0.,1.));
#22173=IFCDIRECTION((1.,0.,0.));
#22174=IFCAXIS2PLACEMENT3D(#22171,#22172,#22173);
#22175=IFCDIRECTION((0.,0.,1.));
#22176=IFCEXTRUDEDAREASOLID(#22170,#22174,#22175,-120.);
#22177=IFCSHAPEREPRESENTATION(#11,'Body','SweptSolid',(#22176));
#22178=IFCPRODUCTDEFINITIONSHAPE($,$,(#22177));
#22184=IFCCARTESIANPOINT((0.,0.,3000.));
#22185=IFCDIRECTION((0.,0.,1.));
#22186=IFCDIRECTION((1.,0.,0.));
#22187=IFCAXIS2PLACEMENT3D(#22184,#22185,#22186);
#22188=IFCLOCALPLACEMENT($,#22187);
#22189=IFCPROPERTYSET('0cokujUmP4NQxCJiY2X3Rg',$,'Other',$,(#22191,#22192));
#22190=IFCRELDEFINESBYPROPERTIES('0I5lYpKLD3lgj7DrjjZZq3',$,$,$,(#22167),#22189);
#22191=IFCPROPERTYSINGLEVALUE('Ax',$,IFCLABEL('0.001'),$);
#22192=IFCPROPERTYSINGLEVALUE('Ay',$,IFCLABEL('0.001'),$);
#22193=IFCSLAB('1mdIQRu0T87ODiptf1eNLe',$,$,$,$,#22214,#22204,$,$);
#22194=IFCCARTESIANPOINTLIST2D(((27000.,6000.),(27000.,500.),(30000.,1000.),(30000.,6000.)));
#22195=IFCINDEXEDPOLYCURVE(#22194,(IFCLINEINDEX((1,2,3,4,1))),$);
#22196=IFCARBITRARYCLOSEDPROFILEDEF(.AREA.,'Arbitrary',#22195);
#22197=IFCCARTESIANPOINT((0.,0.,0.));
#22198=IFCDIRECTION((0.,0.,1.));
#22199=IFCDIRECTION((1.,0.,0.));
#22200=IFCAXIS2PLACEMENT3D(#22197,#22198,#22199);
#22201=IFCDIRECTION((0.,0.,1.));
#22202=IFCEXTRUDEDAREASOLID(#22196,#22200,#22201,-120.);
#22203=IFCSHAPEREPRESENTATION(#11,'Body','SweptSolid',(#22202));
#22204=IFCPRODUCTDEFINITIONSHAPE($,$,(#22203));
#22210=IFCCARTESIANPOINT((0.,0.,12000.));
#22211=IFCDIRECTION((0.,0.,1.));
#22212=IFCDIRECTION((1.,0.,0.));
#22213=IFCAXIS2PLACEMENT3D(#22210,#22211,#22212);
#22214=IFCLOCALPLACEMENT($,#22213);
#22215=IFCPROPERTYSET('3W0DQWhCb4uAsAJvojoUhx',$,'Other',$,(#22217,#22218));
#22216=IFCRELDEFINESBYPROPERTIES('0fHZ1QfT576vMS9t3RO4rK',$,$,$,(#22193),#22215);
#22217=IFCPROPERTYSINGLEVALUE('Ax',$,IFCLABEL('0.001'),$);
#22218=IFCPROPERTYSINGLEVALUE('Ay',$,IFCLABEL('0.001'),$);
#22219=IFCSLAB('0nbMLH4nz1dgl0hy6xHRaV',$,$,$,$,#22240,#22230,$,$);
#22220=IFCCARTESIANPOINTLIST2D(((27000.,6000.),(27000.,500.),(30000.,1000.),(30000.,6000.)));
#22221=IFCINDEXEDPOLYCURVE(#22220,(IFCLINEINDEX((1,2,3,4,1))),$);
#22222=IFCARBITRARYCLOSEDPROFILEDEF(.AREA.,'Arbitrary',#22221);
#22223=IFCCARTESIANPOINT((0.,0.,0.));
#22224=IFCDIRECTION((0.,0.,1.));
#22225=IFCDIRECTION((1.,0.,0.));
#22226=IFCAXIS2PLACEMENT3D(#22223,#22224,#22225);
#22227=IFCDIRECTION((0.,0.,1.));
#22228=IFCEXTRUDEDAREASOLID(#22222,#22226,#22227,-120.);
#22229=IFCSHAPEREPRESENTATION(#11,'Body','SweptSolid',(#22228));
#22230=IFCPRODUCTDEFINITIONSHAPE($,$,(#22229));
#22236=IFCCARTESIANPOINT((0.,0.,24000.));
#22237=IFCDIRECTION((0.,0.,1.));
#22238=IFCDIRECTION((1.,0.,0.));
#22239=IFCAXIS2PLACEMENT3D(#22236,#22237,#22238);
#22240=IFCLOCALPLACEMENT($,#22239);
#22241=IFCPROPERTYSET('1hrldlY_DAFgGfloOfsYXP',$,'Other',$,(#22243,#22244));
#22242=IFCRELDEFINESBYPROPERTIES('0IeTW0dXz4qgc5hak2CVqk',$,$,$,(#22219),#22241);
#22243=IFCPROPERTYSINGLEVALUE('Ax',$,IFCLABEL('0.001'),$);
#22244=IFCPROPERTYSINGLEVALUE('Ay',$,IFCLABEL('0.001'),$);
#22245=IFCSLAB('2RRRlP$NTB3fwu0xDsfoRy',$,$,$,$,#22266,#22256,$,$);
#22246=IFCCARTESIANPOINTLIST2D(((27000.,6000.),(27000.,500.),(30000.,1000.),(30000.,6000.)));
#22247=IFCINDEXEDPOLYCURVE(#22246,(IFCLINEINDEX((1,2,3,4,1))),$);
#22248=IFCARBITRARYCLOSEDPROFILEDEF(.AREA.,'Arbitrary',#22247);
#22249=IFCCARTESIANPOINT((0.,0.,0.));
#22250=IFCDIRECTION((0.,0.,1.));
#22251=IFCDIRECTION((1.,0.,0.));
#22252=IFCAXIS2PLACEMENT3D(#22249,#22250,#22251);
#22253=IFCDIRECTION((0.,0.,1.));
#22254=IFCEXTRUDEDAREASOLID(#22248,#22252,#22253,-120.);
#22255=IFCSHAPEREPRESENTATION(#11,'Body','SweptSolid',(#22254));
#22256=IFCPRODUCTDEFINITIONSHAPE($,$,(#22255));
#22262=IFCCARTESIANPOINT((0.,0.,21000.));
#22263=IFCDIRECTION((0.,0.,1.));
#22264=IFCDIRECTION((1.,0.,0.));
#22265=IFCAXIS2PLACEMENT3D(#22262,#22263,#22264);
#22266=IFCLOCALPLACEMENT($,#22265);
#22267=IFCPROPERTYSET('2dzLTPiDD2UPLQR$t1wBdC',$,'Other',$,(#22269,#22270));
#22268=IFCRELDEFINESBYPROPERTIES('1Ru_bGnJL9p8bjFz3dXr02',$,$,$,(#22245),#22267);
#22269=IFCPROPERTYSINGLEVALUE('Ax',$,IFCLABEL('0.001'),$);
#22270=IFCPROPERTYSINGLEVALUE('Ay',$,IFCLABEL('0.001'),$);
#22271=IFCSLAB('1pXErskOT4_hXQbTp7jMXO',$,$,$,$,#22292,#22282,$,$);
#22272=IFCCARTESIANPOINTLIST2D(((27000.,6000.),(27000.,500.),(30000.,1000.),(30000.,6000.)));
#22273=IFCINDEXEDPOLYCURVE(#22272,(IFCLINEINDEX((1,2,3,4,1))),$);
#22274=IFCARBITRARYCLOSEDPROFILEDEF(.AREA.,'Arbitrary',#22273);
#22275=IFCCARTESIANPOINT((0.,0.,0.));
#22276=IFCDIRECTION((0.,0.,1.));
#22277=IFCDIRECTION((1.,0.,0.));
#22278=IFCAXIS2PLACEMENT3D(#22275,#22276,#22277);
#22279=IFCDIRECTION((0.,0.,1.));
#22280=IFCEXTRUDEDAREASOLID(#22274,#22278,#22279,-120.);
#22281=IFCSHAPEREPRESENTATION(#11,'Body','SweptSolid',(#22280));
#22282=IFCPRODUCTDEFINITIONSHAPE($,$,(#22281));
#22288=IFCCARTESIANPOINT((0.,0.,18000.));
#22289=IFCDIRECTION((0.,0.,1.));
#22290=IFCDIRECTION((1.,0.,0.));
#22291=IFCAXIS2PLACEMENT3D(#22288,#22289,#22290);
#22292=IFCLOCALPLACEMENT($,#22291);
#22293=IFCPROPERTYSET('1tOOzpJFT7l9mitpwHOVB6',$,'Other',$,(#22295,#22296));
#22294=IFCRELDEFINESBYPROPERTIES('0drhNYFdb6ivHymrQuBuBt',$,$,$,(#22271),#22293);
#22295=IFCPROPERTYSINGLEVALUE('Ax',$,IFCLABEL('0.001'),$);
#22296=IFCPROPERTYSINGLEVALUE('Ay',$,IFCLABEL('0.001'),$);
#22297=IFCSLAB('1n63DqtLf3SBuFpHlZ4OVz',$,$,$,$,#22318,#22308,$,$);
#22298=IFCCARTESIANPOINTLIST2D(((27000.,6000.),(27000.,500.),(30000.,1000.),(30000.,6000.)));
#22299=IFCINDEXEDPOLYCURVE(#22298,(IFCLINEINDEX((1,2,3,4,1))),$);
#22300=IFCARBITRARYCLOSEDPROFILEDEF(.AREA.,'Arbitrary',#22299);
#22301=IFCCARTESIANPOINT((0.,0.,0.));
#22302=IFCDIRECTION((0.,0.,1.));
#22303=IFCDIRECTION((1.,0.,0.));
#22304=IFCAXIS2PLACEMENT3D(#22301,#22302,#22303);
#22305=IFCDIRECTION((0.,0.,1.));
#22306=IFCEXTRUDEDAREASOLID(#22300,#22304,#22305,-120.);
#22307=IFCSHAPEREPRESENTATION(#11,'Body','SweptSolid',(#22306));
#22308=IFCPRODUCTDEFINITIONSHAPE($,$,(#22307));
#22314=IFCCARTESIANPOINT((0.,0.,15000.));
#22315=IFCDIRECTION((0.,0.,1.));
#22316=IFCDIRECTION((1.,0.,0.));
#22317=IFCAXIS2PLACEMENT3D(#22314,#22315,#22316);
#22318=IFCLOCALPLACEMENT($,#22317);
#22319=IFCPROPERTYSET('0gt8cVvML1IfXdU6jnT0FM',$,'Other',$,(#22321,#22322));
#22320=IFCRELDEFINESBYPROPERTIES('0KE88QvMrF4RfgvXqCKgVk',$,$,$,(#22297),#22319);
#22321=IFCPROPERTYSINGLEVALUE('Ax',$,IFCLABEL('0.001'),$);
#22322=IFCPROPERTYSINGLEVALUE('Ay',$,IFCLABEL('0.001'),$);
#22323=IFCSLAB('00n6HPia9CigBdQwDqkq2c',$,$,$,$,#22344,#22334,$,$);
#22324=IFCCARTESIANPOINTLIST2D(((27000.,6000.),(27000.,500.),(30000.,1000.),(30000.,6000.)));
#22325=IFCINDEXEDPOLYCURVE(#22324,(IFCLINEINDEX((1,2,3,4,1))),$);
#22326=IFCARBITRARYCLOSEDPROFILEDEF(.AREA.,'Arbitrary',#22325);
#22327=IFCCARTESIANPOINT((0.,0.,0.));
#22328=IFCDIRECTION((0.,0.,1.));
#22329=IFCDIRECTION((1.,0.,0.));
#22330=IFCAXIS2PLACEMENT3D(#22327,#22328,#22329);
#22331=IFCDIRECTION((0.,0.,1.));
#22332=IFCEXTRUDEDAREASOLID(#22326,#22330,#22331,-120.);
#22333=IFCSHAPEREPRESENTATION(#11,'Body','SweptSolid',(#22332));
#22334=IFCPRODUCTDEFINITIONSHAPE($,$,(#22333));
#22340=IFCCARTESIANPOINT((0.,0.,9000.));
#22341=IFCDIRECTION((0.,0.,1.));
#22342=IFCDIRECTION((1.,0.,0.));
#22343=IFCAXIS2PLACEMENT3D(#22340,#22341,#22342);
#22344=IFCLOCALPLACEMENT($,#22343);
#22345=IFCPROPERTYSET('1fbGxnjPz4egr2AZVLkwVT',$,'Other',$,(#22347,#22348));
#22346=IFCRELDEFINESBYPROPERTIES('0AEESptqXF2ehCwuT0OMqP',$,$,$,(#22323),#22345);
#22347=IFCPROPERTYSINGLEVALUE('Ax',$,IFCLABEL('0.001'),$);
#22348=IFCPROPERTYSINGLEVALUE('Ay',$,IFCLABEL('0.001'),$);
#22349=IFCSLAB('13R7W2n9jAhBOZgGzC_A_K',$,$,$,$,#22370,#22360,$,$);
#22350=IFCCARTESIANPOINTLIST2D(((27000.,6000.),(27000.,500.),(30000.,1000.),(30000.,6000.)));
#22351=IFCINDEXEDPOLYCURVE(#22350,(IFCLINEINDEX((1,2,3,4,1))),$);
#22352=IFCARBITRARYCLOSEDPROFILEDEF(.AREA.,'Arbitrary',#22351);
#22353=IFCCARTESIANPOINT((0.,0.,0.));
#22354=IFCDIRECTION((0.,0.,1.));
#22355=IFCDIRECTION((1.,0.,0.));
#22356=IFCAXIS2PLACEMENT3D(#22353,#22354,#22355);
#22357=IFCDIRECTION((0.,0.,1.));
#22358=IFCEXTRUDEDAREASOLID(#22352,#22356,#22357,-120.);
#22359=IFCSHAPEREPRESENTATION(#11,'Body','SweptSolid',(#22358));
#22360=IFCPRODUCTDEFINITIONSHAPE($,$,(#22359));
#22366=IFCCARTESIANPOINT((0.,0.,6000.));
#22367=IFCDIRECTION((0.,0.,1.));
#22368=IFCDIRECTION((1.,0.,0.));
#22369=IFCAXIS2PLACEMENT3D(#22366,#22367,#22368);
#22370=IFCLOCALPLACEMENT($,#22369);
#22371=IFCPROPERTYSET('3WPtQkpv13y8LVNRjcvQR3',$,'Other',$,(#22373,#22374));
#22372=IFCRELDEFINESBYPROPERTIES('0Vp52dx7bE19eCsK_KiwPo',$,$,$,(#22349),#22371);
#22373=IFCPROPERTYSINGLEVALUE('Ax',$,IFCLABEL('0.001'),$);
#22374=IFCPROPERTYSINGLEVALUE('Ay',$,IFCLABEL('0.001'),$);
#22375=IFCSLAB('1lWYDL$_jDe8xvxLSYNCRS',$,$,$,$,#22396,#22386,$,$);
#22376=IFCCARTESIANPOINTLIST2D(((27000.,6000.),(27000.,500.),(30000.,1000.),(30000.,6000.)));
#22377=IFCINDEXEDPOLYCURVE(#22376,(IFCLINEINDEX((1,2,3,4,1))),$);
#22378=IFCARBITRARYCLOSEDPROFILEDEF(.AREA.,'Arbitrary',#22377);
#22379=IFCCARTESIANPOINT((0.,0.,0.));
#22380=IFCDIRECTION((0.,0.,1.));
#22381=IFCDIRECTION((1.,0.,0.));
#22382=IFCAXIS2PLACEMENT3D(#22379,#22380,#22381);
#22383=IFCDIRECTION((0.,0.,1.));
#22384=IFCEXTRUDEDAREASOLID(#22378,#22382,#22383,-120.);
#22385=IFCSHAPEREPRESENTATION(#11,'Body','SweptSolid',(#22384));
#22386=IFCPRODUCTDEFINITIONSHAPE($,$,(#22385));
#22392=IFCCARTESIANPOINT((0.,0.,3000.));
#22393=IFCDIRECTION((0.,0.,1.));
#22394=IFCDIRECTION((1.,0.,0.));
#22395=IFCAXIS2PLACEMENT3D(#22392,#22393,#22394);
#22396=IFCLOCALPLACEMENT($,#22395);
#22397=IFCPROPERTYSET('3LaPZRCDnEfwnEJNTBDIPx',$,'Other',$,(#22399,#22400));
#22398=IFCRELDEFINESBYPROPERTIES('0Af796lIP77hh_vjC74cYt',$,$,$,(#22375),#22397);
#22399=IFCPROPERTYSINGLEVALUE('Ax',$,IFCLABEL('0.001'),$);
#22400=IFCPROPERTYSINGLEVALUE('Ay',$,IFCLABEL('0.001'),$);
ENDSEC;
END-ISO-10303-21;
