ISO-10303-21;
HEADER;
FILE_DESCRIPTION(('ViewDefinition[DesignTransferView]'),'2;1');
FILE_NAME('/dev/null','2026-09-11T10:47:51+08:00',(''),(''),'IfcOpenShell 0.8.5','IfcOpenShell 0.8.5','Nobody');
FILE_SCHEMA(('IFC4'));
ENDSEC;
DATA;
#1=IFCPROJECT('0MK8V4EILArRwRT88M9zQD',$,'CSV Structure Project',$,$,$,$,(#10),#5);
#2=IFCSIUNIT(*,.LENGTHUNIT.,$,.METRE.);
#3=IFCSIUNIT(*,.AREAUNIT.,$,.SQUARE_METRE.);
#4=IFCSIUNIT(*,.VOLUMEUNIT.,$,.CUBIC_METRE.);
#5=IFCUNITASSIGNMENT((#4,#2,#3));
#6=IFCCARTESIANPOINT((0.,0.,0.));
#7=IFCDIRECTION((0.,0.,1.));
#8=IFCDIRECTION((1.,0.,0.));
#9=IFCAXIS2PLACEMENT3D(#6,#7,#8);
#10=IFCGEOMETRICREPRESENTATIONCONTEXT($,'Model',3,1.0000000000000001E-05,#9,$);
#11=IFCGEOMETRICREPRESENTATIONSUBCONTEXT('Body','Model',*,*,*,*,#10,$,.MODEL_VIEW.,$);
#12=IFCSITE('2XdOUSmrb4BBk779KZ2bq_',$,'Default Site',$,$,#22,$,$,$,$,$,$,$,$);
#13=IFCBUILDING('1oDcLOqB5Cl8VpHqe4BO71',$,'Default Building',$,$,#27,$,$,$,$,$,$);
#14=IFCBUILDINGSTOREY('1mwVqQLLj4oRyx3JcV$wUt',$,'Ground Floor',$,$,#32,$,$,$,$);
#15=IFCRELAGGREGATES('2Y2HUax7z5UA2NTt3OrOu2',$,$,$,#1,(#12));
#16=IFCRELAGGREGATES('1KSEIuK3P4p8c9o$R7K_4R',$,$,$,#12,(#13));
#17=IFCRELAGGREGATES('32GMN6XVL28vruhJgF79jL',$,$,$,#13,(#14));
#18=IFCCARTESIANPOINT((0.,0.,0.));
#19=IFCDIRECTION((0.,0.,1.));
#20=IFCDIRECTION((1.,0.,0.));
#21=IFCAXIS2PLACEMENT3D(#18,#19,#20);
#22=IFCLOCALPLACEMENT($,#21);
#23=IFCCARTESIANPOINT((0.,0.,0.));
#24=IFCDIRECTION((0.,0.,1.));
#25=IFCDIRECTION((1.,0.,0.));
#26=IFCAXIS2PLACEMENT3D(#23,#24,#25);
#27=IFCLOCALPLACEMENT(#22,#26);
#28=IFCCARTESIANPOINT((0.,0.,0.));
#29=IFCDIRECTION((0.,0.,1.));
#30=IFCDIRECTION((1.,0.,0.));
#31=IFCAXIS2PLACEMENT3D(#28,#29,#30);
#32=IFCLOCALPLACEMENT(#27,#31);
#33=IFCBEAM('3dYj$QAGb9Yhs20WJ31loF',$,'beam1',$,$,#18049,#44,$,$);
#34=IFCCARTESIANPOINTLIST2D(((0.,0.),(0.,0.25),(6.,0.25),(6.,0.),(0.,0.)));
#35=IFCINDEXEDPOLYCURVE(#34,$,.F.);
#36=IFCDIRECTION((0.,0.,1.));
#37=IFCARBITRARYCLOSEDPROFILEDEF(.AREA.,$,#35);
#38=IFCCARTESIANPOINT((0.,0.,0.));
#39=IFCDIRECTION((0.,0.,1.));
#40=IFCDIRECTION((1.,0.,0.));
#41=IFCAXIS2PLACEMENT3D(#38,#39,#40);
#42=IFCEXTRUDEDAREASOLID(#37,#41,#36,0.5);
#43=IFCSHAPEREPRESENTATION(#11,'Body','SweptSolid',(#42));
#44=IFCPRODUCTDEFINITIONSHAPE($,$,(#43));
#50=IFCBEAM('3ckKy13XH5YfSLNhcq2udC',$,'beam2',$,$,#14919,#61,$,$);
#51=IFCCARTESIANPOINTLIST2D(((0.,0.),(0.,0.25),(6.,0.25),(6.,0.),(0.,0.)));
#52=IFCINDEXEDPOLYCURVE(#51,$,.F.);
#53=IFCDIRECTION((0.,0.,1.));
#54=IFCARBITRARYCLOSEDPROFILEDEF(.AREA.,$,#52);
#55=IFCCARTESIANPOINT((0.,0.,0.));
#56=IFCDIRECTION((0.,0.,1.));
#57=IFCDIRECTION((1.,0.,0.));
#58=IFCAXIS2PLACEMENT3D(#55,#56,#57);
#59=IFCEXTRUDEDAREASOLID(#54,#58,#53,0.5);
#60=IFCSHAPEREPRESENTATION(#11,'Body','SweptSolid',(#59));
#61=IFCPRODUCTDEFINITIONSHAPE($,$,(#60));
#67=IFCBEAM('1wEy1T9$L3RA7ty5EaE0xM',$,'beam3',$,$,#16024,#78,$,$);
#68=IFCCARTESIANPOINTLIST2D(((0.,0.),(0.,0.25),(6.,0.25),(6.,0.),(0.,0.)));
#69=IFCINDEXEDPOLYCURVE(#68,$,.F.);
#70=IFCDIRECTION((0.,0.,1.));
#71=IFCARBITRARYCLOSEDPROFILEDEF(.AREA.,$,#69);
#72=IFCCARTESIANPOINT((0.,0.,0.));
#73=IFCDIRECTION((0.,0.,1.));
#74=IFCDIRECTION((1.,0.,0.));
#75=IFCAXIS2PLACEMENT3D(#72,#73,#74);
#76=IFCEXTRUDEDAREASOLID(#71,#75,#70,0.5);
#77=IFCSHAPEREPRESENTATION(#11,'Body','SweptSolid',(#76));
#78=IFCPRODUCTDEFINITIONSHAPE($,$,(#77));
#84=IFCBEAM('1mf4ydOlz4dxzqsq40YNSR',$,'beam4',$,$,#17159,#95,$,$);
#85=IFCCARTESIANPOINTLIST2D(((0.,0.),(0.,0.25),(6.,0.25),(6.,0.),(0.,0.)));
#86=IFCINDEXEDPOLYCURVE(#85,$,.F.);
#87=IFCDIRECTION((0.,0.,1.));
#88=IFCARBITRARYCLOSEDPROFILEDEF(.AREA.,$,#86);
#89=IFCCARTESIANPOINT((0.,0.,0.));
#90=IFCDIRECTION((0.,0.,1.));
#91=IFCDIRECTION((1.,0.,0.));
#92=IFCAXIS2PLACEMENT3D(#89,#90,#91);
#93=IFCEXTRUDEDAREASOLID(#88,#92,#87,0.5);
#94=IFCSHAPEREPRESENTATION(#11,'Body','SweptSolid',(#93));
#95=IFCPRODUCTDEFINITIONSHAPE($,$,(#94));
#101=IFCBEAM('3G_qLfmUXCpO9eg$7BV_AT',$,'beam5',$,$,#17744,#112,$,$);
#102=IFCCARTESIANPOINTLIST2D(((0.,0.),(0.,0.25),(6.,0.25),(6.,0.),(0.,0.)));
#103=IFCINDEXEDPOLYCURVE(#102,$,.F.);
#104=IFCDIRECTION((0.,0.,1.));
#105=IFCARBITRARYCLOSEDPROFILEDEF(.AREA.,$,#103);
#106=IFCCARTESIANPOINT((0.,0.,0.));
#107=IFCDIRECTION((0.,0.,1.));
#108=IFCDIRECTION((1.,0.,0.));
#109=IFCAXIS2PLACEMENT3D(#106,#107,#108);
#110=IFCEXTRUDEDAREASOLID(#105,#109,#104,0.5);
#111=IFCSHAPEREPRESENTATION(#11,'Body','SweptSolid',(#110));
#112=IFCPRODUCTDEFINITIONSHAPE($,$,(#111));
#118=IFCBEAM('1ssSL98NX9WfD_$xJo6Ngo',$,'beam6',$,$,#14624,#129,$,$);
#119=IFCCARTESIANPOINTLIST2D(((0.,0.),(0.,0.25),(6.,0.25),(6.,0.),(0.,0.)));
#120=IFCINDEXEDPOLYCURVE(#119,$,.F.);
#121=IFCDIRECTION((0.,0.,1.));
#122=IFCARBITRARYCLOSEDPROFILEDEF(.AREA.,$,#120);
#123=IFCCARTESIANPOINT((0.,0.,0.));
#124=IFCDIRECTION((0.,0.,1.));
#125=IFCDIRECTION((1.,0.,0.));
#126=IFCAXIS2PLACEMENT3D(#123,#124,#125);
#127=IFCEXTRUDEDAREASOLID(#122,#126,#121,0.5);
#128=IFCSHAPEREPRESENTATION(#11,'Body','SweptSolid',(#127));
#129=IFCPRODUCTDEFINITIONSHAPE($,$,(#128));
#135=IFCBEAM('0bKBT8Zcz868UdAmkhz21a',$,'beam7',$,$,#18684,#146,$,$);
#136=IFCCARTESIANPOINTLIST2D(((0.,0.),(0.,0.25),(6.,0.25),(6.,0.),(0.,0.)));
#137=IFCINDEXEDPOLYCURVE(#136,$,.F.);
#138=IFCDIRECTION((0.,0.,1.));
#139=IFCARBITRARYCLOSEDPROFILEDEF(.AREA.,$,#137);
#140=IFCCARTESIANPOINT((0.,0.,0.));
#141=IFCDIRECTION((0.,0.,1.));
#142=IFCDIRECTION((1.,0.,0.));
#143=IFCAXIS2PLACEMENT3D(#140,#141,#142);
#144=IFCEXTRUDEDAREASOLID(#139,#143,#138,0.5);
#145=IFCSHAPEREPRESENTATION(#11,'Body','SweptSolid',(#144));
#146=IFCPRODUCTDEFINITIONSHAPE($,$,(#145));
#152=IFCBEAM('1$hxvTCg5FnxRI1v8gzPaI',$,'beam8',$,$,#15634,#163,$,$);
#153=IFCCARTESIANPOINTLIST2D(((0.,0.),(0.,0.25),(6.,0.25),(6.,0.),(0.,0.)));
#154=IFCINDEXEDPOLYCURVE(#153,$,.F.);
#155=IFCDIRECTION((0.,0.,1.));
#156=IFCARBITRARYCLOSEDPROFILEDEF(.AREA.,$,#154);
#157=IFCCARTESIANPOINT((0.,0.,0.));
#158=IFCDIRECTION((0.,0.,1.));
#159=IFCDIRECTION((1.,0.,0.));
#160=IFCAXIS2PLACEMENT3D(#157,#158,#159);
#161=IFCEXTRUDEDAREASOLID(#156,#160,#155,0.5);
#162=IFCSHAPEREPRESENTATION(#11,'Body','SweptSolid',(#161));
#163=IFCPRODUCTDEFINITIONSHAPE($,$,(#162));
#169=IFCBEAM('22Sj9dgCfEKfh0iRgVj2zX',$,'beam9',$,$,#16699,#180,$,$);
#170=IFCCARTESIANPOINTLIST2D(((0.,0.),(0.,0.25),(6.,0.25),(6.,0.),(0.,0.)));
#171=IFCINDEXEDPOLYCURVE(#170,$,.F.);
#172=IFCDIRECTION((0.,0.,1.));
#173=IFCARBITRARYCLOSEDPROFILEDEF(.AREA.,$,#171);
#174=IFCCARTESIANPOINT((0.,0.,0.));
#175=IFCDIRECTION((0.,0.,1.));
#176=IFCDIRECTION((1.,0.,0.));
#177=IFCAXIS2PLACEMENT3D(#174,#175,#176);
#178=IFCEXTRUDEDAREASOLID(#173,#177,#172,0.5);
#179=IFCSHAPEREPRESENTATION(#11,'Body','SweptSolid',(#178));
#180=IFCPRODUCTDEFINITIONSHAPE($,$,(#179));
#186=IFCBEAM('3riga90VHErwdQBhgECkDi',$,'beam10',$,$,#17839,#197,$,$);
#187=IFCCARTESIANPOINTLIST2D(((0.,0.),(0.,0.25),(6.,0.25),(6.,0.),(0.,0.)));
#188=IFCINDEXEDPOLYCURVE(#187,$,.F.);
#189=IFCDIRECTION((0.,0.,1.));
#190=IFCARBITRARYCLOSEDPROFILEDEF(.AREA.,$,#188);
#191=IFCCARTESIANPOINT((0.,0.,0.));
#192=IFCDIRECTION((0.,0.,1.));
#193=IFCDIRECTION((1.,0.,0.));
#194=IFCAXIS2PLACEMENT3D(#191,#192,#193);
#195=IFCEXTRUDEDAREASOLID(#190,#194,#189,0.5);
#196=IFCSHAPEREPRESENTATION(#11,'Body','SweptSolid',(#195));
#197=IFCPRODUCTDEFINITIONSHAPE($,$,(#196));
#203=IFCBEAM('3kyiB80JH3AQUfwZT9gWJU',$,'beam11',$,$,#18729,#214,$,$);
#204=IFCCARTESIANPOINTLIST2D(((0.,0.),(0.,0.25),(6.,0.25),(6.,0.),(0.,0.)));
#205=IFCINDEXEDPOLYCURVE(#204,$,.F.);
#206=IFCDIRECTION((0.,0.,1.));
#207=IFCARBITRARYCLOSEDPROFILEDEF(.AREA.,$,#205);
#208=IFCCARTESIANPOINT((0.,0.,0.));
#209=IFCDIRECTION((0.,0.,1.));
#210=IFCDIRECTION((1.,0.,0.));
#211=IFCAXIS2PLACEMENT3D(#208,#209,#210);
#212=IFCEXTRUDEDAREASOLID(#207,#211,#206,0.5);
#213=IFCSHAPEREPRESENTATION(#11,'Body','SweptSolid',(#212));
#214=IFCPRODUCTDEFINITIONSHAPE($,$,(#213));
#220=IFCBEAM('1uDIRPtzb2iOOkDQS2FmdK',$,'beam12',$,$,#15674,#231,$,$);
#221=IFCCARTESIANPOINTLIST2D(((0.,0.),(0.,0.25),(6.,0.25),(6.,0.),(0.,0.)));
#222=IFCINDEXEDPOLYCURVE(#221,$,.F.);
#223=IFCDIRECTION((0.,0.,1.));
#224=IFCARBITRARYCLOSEDPROFILEDEF(.AREA.,$,#222);
#225=IFCCARTESIANPOINT((0.,0.,0.));
#226=IFCDIRECTION((0.,0.,1.));
#227=IFCDIRECTION((1.,0.,0.));
#228=IFCAXIS2PLACEMENT3D(#225,#226,#227);
#229=IFCEXTRUDEDAREASOLID(#224,#228,#223,0.5);
#230=IFCSHAPEREPRESENTATION(#11,'Body','SweptSolid',(#229));
#231=IFCPRODUCTDEFINITIONSHAPE($,$,(#230));
#237=IFCBEAM('2zMgrlDuLEqhPJ5YrQqMjo',$,'beam13',$,$,#16759,#248,$,$);
#238=IFCCARTESIANPOINTLIST2D(((0.,0.),(0.,0.25),(6.,0.25),(6.,0.),(0.,0.)));
#239=IFCINDEXEDPOLYCURVE(#238,$,.F.);
#240=IFCDIRECTION((0.,0.,1.));
#241=IFCARBITRARYCLOSEDPROFILEDEF(.AREA.,$,#239);
#242=IFCCARTESIANPOINT((0.,0.,0.));
#243=IFCDIRECTION((0.,0.,1.));
#244=IFCDIRECTION((1.,0.,0.));
#245=IFCAXIS2PLACEMENT3D(#242,#243,#244);
#246=IFCEXTRUDEDAREASOLID(#241,#245,#240,0.5);
#247=IFCSHAPEREPRESENTATION(#11,'Body','SweptSolid',(#246));
#248=IFCPRODUCTDEFINITIONSHAPE($,$,(#247));
#254=IFCBEAM('1FYp$iRNb6ye3Hu6eib_cV',$,'beam14',$,$,#17909,#265,$,$);
#255=IFCCARTESIANPOINTLIST2D(((0.,0.),(0.,0.25),(6.,0.25),(6.,0.),(0.,0.)));
#256=IFCINDEXEDPOLYCURVE(#255,$,.F.);
#257=IFCDIRECTION((0.,0.,1.));
#258=IFCARBITRARYCLOSEDPROFILEDEF(.AREA.,$,#256);
#259=IFCCARTESIANPOINT((0.,0.,0.));
#260=IFCDIRECTION((0.,0.,1.));
#261=IFCDIRECTION((1.,0.,0.));
#262=IFCAXIS2PLACEMENT3D(#259,#260,#261);
#263=IFCEXTRUDEDAREASOLID(#258,#262,#257,0.40000000000000002);
#264=IFCSHAPEREPRESENTATION(#11,'Body','SweptSolid',(#263));
#265=IFCPRODUCTDEFINITIONSHAPE($,$,(#264));
#271=IFCBEAM('2VTWfZXZHCLx8zt9sevCxV',$,'beam15',$,$,#14769,#282,$,$);
#272=IFCCARTESIANPOINTLIST2D(((0.,0.),(0.,0.25),(6.,0.25),(6.,0.),(0.,0.)));
#273=IFCINDEXEDPOLYCURVE(#272,$,.F.);
#274=IFCDIRECTION((0.,0.,1.));
#275=IFCARBITRARYCLOSEDPROFILEDEF(.AREA.,$,#273);
#276=IFCCARTESIANPOINT((0.,0.,0.));
#277=IFCDIRECTION((0.,0.,1.));
#278=IFCDIRECTION((1.,0.,0.));
#279=IFCAXIS2PLACEMENT3D(#276,#277,#278);
#280=IFCEXTRUDEDAREASOLID(#275,#279,#274,0.5);
#281=IFCSHAPEREPRESENTATION(#11,'Body','SweptSolid',(#280));
#282=IFCPRODUCTDEFINITIONSHAPE($,$,(#281));
#288=IFCBEAM('1hFTl3$sXENRfCns5UAwIu',$,'beam16',$,$,#15714,#299,$,$);
#289=IFCCARTESIANPOINTLIST2D(((0.,0.),(0.,0.25),(6.,0.25),(6.,0.),(0.,0.)));
#290=IFCINDEXEDPOLYCURVE(#289,$,.F.);
#291=IFCDIRECTION((0.,0.,1.));
#292=IFCARBITRARYCLOSEDPROFILEDEF(.AREA.,$,#290);
#293=IFCCARTESIANPOINT((0.,0.,0.));
#294=IFCDIRECTION((0.,0.,1.));
#295=IFCDIRECTION((1.,0.,0.));
#296=IFCAXIS2PLACEMENT3D(#293,#294,#295);
#297=IFCEXTRUDEDAREASOLID(#292,#296,#291,0.5);
#298=IFCSHAPEREPRESENTATION(#11,'Body','SweptSolid',(#297));
#299=IFCPRODUCTDEFINITIONSHAPE($,$,(#298));
#305=IFCBEAM('1$4_62PCb7cxkQ2vQNOB$6',$,'beam17',$,$,#16824,#316,$,$);
#306=IFCCARTESIANPOINTLIST2D(((0.,0.),(0.,0.25),(6.,0.25),(6.,0.),(0.,0.)));
#307=IFCINDEXEDPOLYCURVE(#306,$,.F.);
#308=IFCDIRECTION((0.,0.,1.));
#309=IFCARBITRARYCLOSEDPROFILEDEF(.AREA.,$,#307);
#310=IFCCARTESIANPOINT((0.,0.,0.));
#311=IFCDIRECTION((0.,0.,1.));
#312=IFCDIRECTION((1.,0.,0.));
#313=IFCAXIS2PLACEMENT3D(#310,#311,#312);
#314=IFCEXTRUDEDAREASOLID(#309,#313,#308,0.5);
#315=IFCSHAPEREPRESENTATION(#11,'Body','SweptSolid',(#314));
#316=IFCPRODUCTDEFINITIONSHAPE($,$,(#315));
#322=IFCBEAM('2ClMM0_KD4FwyBrJWkEAkB',$,'beam18',$,$,#17974,#333,$,$);
#323=IFCCARTESIANPOINTLIST2D(((0.,0.),(0.,0.25),(6.,0.25),(6.,0.),(0.,0.)));
#324=IFCINDEXEDPOLYCURVE(#323,$,.F.);
#325=IFCDIRECTION((0.,0.,1.));
#326=IFCARBITRARYCLOSEDPROFILEDEF(.AREA.,$,#324);
#327=IFCCARTESIANPOINT((0.,0.,0.));
#328=IFCDIRECTION((0.,0.,1.));
#329=IFCDIRECTION((1.,0.,0.));
#330=IFCAXIS2PLACEMENT3D(#327,#328,#329);
#331=IFCEXTRUDEDAREASOLID(#326,#330,#325,0.5);
#332=IFCSHAPEREPRESENTATION(#11,'Body','SweptSolid',(#331));
#333=IFCPRODUCTDEFINITIONSHAPE($,$,(#332));
#339=IFCBEAM('3jgtlodlf6axjhFqlBDxOG',$,'beam19',$,$,#18769,#350,$,$);
#340=IFCCARTESIANPOINTLIST2D(((0.,0.),(0.,0.25),(6.,0.25),(6.,0.),(0.,0.)));
#341=IFCINDEXEDPOLYCURVE(#340,$,.F.);
#342=IFCDIRECTION((0.,0.,1.));
#343=IFCARBITRARYCLOSEDPROFILEDEF(.AREA.,$,#341);
#344=IFCCARTESIANPOINT((0.,0.,0.));
#345=IFCDIRECTION((0.,0.,1.));
#346=IFCDIRECTION((1.,0.,0.));
#347=IFCAXIS2PLACEMENT3D(#344,#345,#346);
#348=IFCEXTRUDEDAREASOLID(#343,#347,#342,0.5);
#349=IFCSHAPEREPRESENTATION(#11,'Body','SweptSolid',(#348));
#350=IFCPRODUCTDEFINITIONSHAPE($,$,(#349));
#356=IFCBEAM('0me25GUx5ACQojpoRieqb4',$,'beam20',$,$,#15704,#367,$,$);
#357=IFCCARTESIANPOINTLIST2D(((0.,0.),(0.,0.25),(6.,0.25),(6.,0.),(0.,0.)));
#358=IFCINDEXEDPOLYCURVE(#357,$,.F.);
#359=IFCDIRECTION((0.,0.,1.));
#360=IFCARBITRARYCLOSEDPROFILEDEF(.AREA.,$,#358);
#361=IFCCARTESIANPOINT((0.,0.,0.));
#362=IFCDIRECTION((0.,0.,1.));
#363=IFCDIRECTION((1.,0.,0.));
#364=IFCAXIS2PLACEMENT3D(#361,#362,#363);
#365=IFCEXTRUDEDAREASOLID(#360,#364,#359,0.5);
#366=IFCSHAPEREPRESENTATION(#11,'Body','SweptSolid',(#365));
#367=IFCPRODUCTDEFINITIONSHAPE($,$,(#366));
#373=IFCBEAM('28q$__ltzD3R_P7DWro2n$',$,'beam21',$,$,#16799,#384,$,$);
#374=IFCCARTESIANPOINTLIST2D(((0.,0.),(0.,0.25),(6.,0.25),(6.,0.),(0.,0.)));
#375=IFCINDEXEDPOLYCURVE(#374,$,.F.);
#376=IFCDIRECTION((0.,0.,1.));
#377=IFCARBITRARYCLOSEDPROFILEDEF(.AREA.,$,#375);
#378=IFCCARTESIANPOINT((0.,0.,0.));
#379=IFCDIRECTION((0.,0.,1.));
#380=IFCDIRECTION((1.,0.,0.));
#381=IFCAXIS2PLACEMENT3D(#378,#379,#380);
#382=IFCEXTRUDEDAREASOLID(#377,#381,#376,0.5);
#383=IFCSHAPEREPRESENTATION(#11,'Body','SweptSolid',(#382));
#384=IFCPRODUCTDEFINITIONSHAPE($,$,(#383));
#390=IFCBEAM('1n0qd4wQj2Ov7ngpAPjPfk',$,'beam22',$,$,#17664,#401,$,$);
#391=IFCCARTESIANPOINTLIST2D(((0.,0.),(0.,0.25),(6.,0.25),(6.,0.),(0.,0.)));
#392=IFCINDEXEDPOLYCURVE(#391,$,.F.);
#393=IFCDIRECTION((0.,0.,1.));
#394=IFCARBITRARYCLOSEDPROFILEDEF(.AREA.,$,#392);
#395=IFCCARTESIANPOINT((0.,0.,0.));
#396=IFCDIRECTION((0.,0.,1.));
#397=IFCDIRECTION((1.,0.,0.));
#398=IFCAXIS2PLACEMENT3D(#395,#396,#397);
#399=IFCEXTRUDEDAREASOLID(#394,#398,#393,0.5);
#400=IFCSHAPEREPRESENTATION(#11,'Body','SweptSolid',(#399));
#401=IFCPRODUCTDEFINITIONSHAPE($,$,(#400));
#407=IFCBEAM('2TtV3VKtnD$R_eqI05XxIz',$,'beam23',$,$,#14549,#418,$,$);
#408=IFCCARTESIANPOINTLIST2D(((0.,0.),(0.,0.25),(6.,0.25),(6.,0.),(0.,0.)));
#409=IFCINDEXEDPOLYCURVE(#408,$,.F.);
#410=IFCDIRECTION((0.,0.,1.));
#411=IFCARBITRARYCLOSEDPROFILEDEF(.AREA.,$,#409);
#412=IFCCARTESIANPOINT((0.,0.,0.));
#413=IFCDIRECTION((0.,0.,1.));
#414=IFCDIRECTION((1.,0.,0.));
#415=IFCAXIS2PLACEMENT3D(#412,#413,#414);
#416=IFCEXTRUDEDAREASOLID(#411,#415,#410,0.5);
#417=IFCSHAPEREPRESENTATION(#11,'Body','SweptSolid',(#416));
#418=IFCPRODUCTDEFINITIONSHAPE($,$,(#417));
#424=IFCBEAM('36BMi9V1rD5uQYqaqWZ1SJ',$,'beam24',$,$,#18609,#435,$,$);
#425=IFCCARTESIANPOINTLIST2D(((0.,0.),(0.,0.25),(6.,0.25),(6.,0.),(0.,0.)));
#426=IFCINDEXEDPOLYCURVE(#425,$,.F.);
#427=IFCDIRECTION((0.,0.,1.));
#428=IFCARBITRARYCLOSEDPROFILEDEF(.AREA.,$,#426);
#429=IFCCARTESIANPOINT((0.,0.,0.));
#430=IFCDIRECTION((0.,0.,1.));
#431=IFCDIRECTION((1.,0.,0.));
#432=IFCAXIS2PLACEMENT3D(#429,#430,#431);
#433=IFCEXTRUDEDAREASOLID(#428,#432,#427,0.5);
#434=IFCSHAPEREPRESENTATION(#11,'Body','SweptSolid',(#433));
#435=IFCPRODUCTDEFINITIONSHAPE($,$,(#434));
#441=IFCBEAM('1ApORiMDzEzBAIYUGpk9LD',$,'beam25',$,$,#15559,#452,$,$);
#442=IFCCARTESIANPOINTLIST2D(((0.,0.),(0.,0.25),(6.,0.25),(6.,0.),(0.,0.)));
#443=IFCINDEXEDPOLYCURVE(#442,$,.F.);
#444=IFCDIRECTION((0.,0.,1.));
#445=IFCARBITRARYCLOSEDPROFILEDEF(.AREA.,$,#443);
#446=IFCCARTESIANPOINT((0.,0.,0.));
#447=IFCDIRECTION((0.,0.,1.));
#448=IFCDIRECTION((1.,0.,0.));
#449=IFCAXIS2PLACEMENT3D(#446,#447,#448);
#450=IFCEXTRUDEDAREASOLID(#445,#449,#444,0.5);
#451=IFCSHAPEREPRESENTATION(#11,'Body','SweptSolid',(#450));
#452=IFCPRODUCTDEFINITIONSHAPE($,$,(#451));
#458=IFCBEAM('1gA7kxTgf4TvlwKhrqAFP5',$,'beam26',$,$,#16609,#469,$,$);
#459=IFCCARTESIANPOINTLIST2D(((0.,0.),(0.,0.25),(6.,0.25),(6.,0.),(0.,0.)));
#460=IFCINDEXEDPOLYCURVE(#459,$,.F.);
#461=IFCDIRECTION((0.,0.,1.));
#462=IFCARBITRARYCLOSEDPROFILEDEF(.AREA.,$,#460);
#463=IFCCARTESIANPOINT((0.,0.,0.));
#464=IFCDIRECTION((0.,0.,1.));
#465=IFCDIRECTION((1.,0.,0.));
#466=IFCAXIS2PLACEMENT3D(#463,#464,#465);
#467=IFCEXTRUDEDAREASOLID(#462,#466,#461,0.5);
#468=IFCSHAPEREPRESENTATION(#11,'Body','SweptSolid',(#467));
#469=IFCPRODUCTDEFINITIONSHAPE($,$,(#468));
#475=IFCBEAM('0viCbxHkH7rQB2D$XCyNwK',$,'beam27',$,$,#17524,#486,$,$);
#476=IFCCARTESIANPOINTLIST2D(((0.,0.),(0.,0.25),(6.,0.25),(6.,0.),(0.,0.)));
#477=IFCINDEXEDPOLYCURVE(#476,$,.F.);
#478=IFCDIRECTION((0.,0.,1.));
#479=IFCARBITRARYCLOSEDPROFILEDEF(.AREA.,$,#477);
#480=IFCCARTESIANPOINT((0.,0.,0.));
#481=IFCDIRECTION((0.,0.,1.));
#482=IFCDIRECTION((1.,0.,0.));
#483=IFCAXIS2PLACEMENT3D(#480,#481,#482);
#484=IFCEXTRUDEDAREASOLID(#479,#483,#478,0.5);
#485=IFCSHAPEREPRESENTATION(#11,'Body','SweptSolid',(#484));
#486=IFCPRODUCTDEFINITIONSHAPE($,$,(#485));
#492=IFCBEAM('0Y59wipd57XR$iXMqbpH1d',$,'beam28',$,$,#18654,#503,$,$);
#493=IFCCARTESIANPOINTLIST2D(((0.,0.),(0.,0.25),(6.,0.25),(6.,0.),(0.,0.)));
#494=IFCINDEXEDPOLYCURVE(#493,$,.F.);
#495=IFCDIRECTION((0.,0.,1.));
#496=IFCARBITRARYCLOSEDPROFILEDEF(.AREA.,$,#494);
#497=IFCCARTESIANPOINT((0.,0.,0.));
#498=IFCDIRECTION((0.,0.,1.));
#499=IFCDIRECTION((1.,0.,0.));
#500=IFCAXIS2PLACEMENT3D(#497,#498,#499);
#501=IFCEXTRUDEDAREASOLID(#496,#500,#495,0.5);
#502=IFCSHAPEREPRESENTATION(#11,'Body','SweptSolid',(#501));
#503=IFCPRODUCTDEFINITIONSHAPE($,$,(#502));
#509=IFCBEAM('3hbORJ1afBJ83$XPvhh55Q',$,'beam29',$,$,#15609,#520,$,$);
#510=IFCCARTESIANPOINTLIST2D(((0.,0.),(0.,0.25),(6.,0.25),(6.,0.),(0.,0.)));
#511=IFCINDEXEDPOLYCURVE(#510,$,.F.);
#512=IFCDIRECTION((0.,0.,1.));
#513=IFCARBITRARYCLOSEDPROFILEDEF(.AREA.,$,#511);
#514=IFCCARTESIANPOINT((0.,0.,0.));
#515=IFCDIRECTION((0.,0.,1.));
#516=IFCDIRECTION((1.,0.,0.));
#517=IFCAXIS2PLACEMENT3D(#514,#515,#516);
#518=IFCEXTRUDEDAREASOLID(#513,#517,#512,0.5);
#519=IFCSHAPEREPRESENTATION(#11,'Body','SweptSolid',(#518));
#520=IFCPRODUCTDEFINITIONSHAPE($,$,(#519));
#526=IFCBEAM('2IjezJWyL7pO0rDJsEvsKs',$,'beam30',$,$,#16669,#537,$,$);
#527=IFCCARTESIANPOINTLIST2D(((0.,0.),(0.,0.25),(6.,0.25),(6.,0.),(0.,0.)));
#528=IFCINDEXEDPOLYCURVE(#527,$,.F.);
#529=IFCDIRECTION((0.,0.,1.));
#530=IFCARBITRARYCLOSEDPROFILEDEF(.AREA.,$,#528);
#531=IFCCARTESIANPOINT((0.,0.,0.));
#532=IFCDIRECTION((0.,0.,1.));
#533=IFCDIRECTION((1.,0.,0.));
#534=IFCAXIS2PLACEMENT3D(#531,#532,#533);
#535=IFCEXTRUDEDAREASOLID(#530,#534,#529,0.5);
#536=IFCSHAPEREPRESENTATION(#11,'Body','SweptSolid',(#535));
#537=IFCPRODUCTDEFINITIONSHAPE($,$,(#536));
#543=IFCBEAM('0CX1WOKlfDAffM_rrn7yIj',$,'beam31',$,$,#17809,#554,$,$);
#544=IFCCARTESIANPOINTLIST2D(((0.,0.),(0.,0.25),(6.,0.25),(6.,0.),(0.,0.)));
#545=IFCINDEXEDPOLYCURVE(#544,$,.F.);
#546=IFCDIRECTION((0.,0.,1.));
#547=IFCARBITRARYCLOSEDPROFILEDEF(.AREA.,$,#545);
#548=IFCCARTESIANPOINT((0.,0.,0.));
#549=IFCDIRECTION((0.,0.,1.));
#550=IFCDIRECTION((1.,0.,0.));
#551=IFCAXIS2PLACEMENT3D(#548,#549,#550);
#552=IFCEXTRUDEDAREASOLID(#547,#551,#546,0.5);
#553=IFCSHAPEREPRESENTATION(#11,'Body','SweptSolid',(#552));
#554=IFCPRODUCTDEFINITIONSHAPE($,$,(#553));
#560=IFCBEAM('3kiPmHjiv99BM_ofps4_hW',$,'beam32',$,$,#14684,#571,$,$);
#561=IFCCARTESIANPOINTLIST2D(((0.,0.),(0.,0.25),(6.,0.25),(6.,0.),(0.,0.)));
#562=IFCINDEXEDPOLYCURVE(#561,$,.F.);
#563=IFCDIRECTION((0.,0.,1.));
#564=IFCARBITRARYCLOSEDPROFILEDEF(.AREA.,$,#562);
#565=IFCCARTESIANPOINT((0.,0.,0.));
#566=IFCDIRECTION((0.,0.,1.));
#567=IFCDIRECTION((1.,0.,0.));
#568=IFCAXIS2PLACEMENT3D(#565,#566,#567);
#569=IFCEXTRUDEDAREASOLID(#564,#568,#563,0.5);
#570=IFCSHAPEREPRESENTATION(#11,'Body','SweptSolid',(#569));
#571=IFCPRODUCTDEFINITIONSHAPE($,$,(#570));
#577=IFCBEAM('3YQTh2w2zDKAoXnQAaxtmt',$,'beam33',$,$,#15304,#588,$,$);
#578=IFCCARTESIANPOINTLIST2D(((0.,0.),(0.,0.25),(6.,0.25),(6.,0.),(0.,0.)));
#579=IFCINDEXEDPOLYCURVE(#578,$,.F.);
#580=IFCDIRECTION((0.,0.,1.));
#581=IFCARBITRARYCLOSEDPROFILEDEF(.AREA.,$,#579);
#582=IFCCARTESIANPOINT((0.,0.,0.));
#583=IFCDIRECTION((0.,0.,1.));
#584=IFCDIRECTION((1.,0.,0.));
#585=IFCAXIS2PLACEMENT3D(#582,#583,#584);
#586=IFCEXTRUDEDAREASOLID(#581,#585,#580,0.40000000000000002);
#587=IFCSHAPEREPRESENTATION(#11,'Body','SweptSolid',(#586));
#588=IFCPRODUCTDEFINITIONSHAPE($,$,(#587));
#594=IFCBEAM('2LIDLm5_nDSg5D2xKDYM6O',$,'beam34',$,$,#16399,#605,$,$);
#595=IFCCARTESIANPOINTLIST2D(((0.,0.),(0.,0.25),(6.,0.25),(6.,0.),(0.,0.)));
#596=IFCINDEXEDPOLYCURVE(#595,$,.F.);
#597=IFCDIRECTION((0.,0.,1.));
#598=IFCARBITRARYCLOSEDPROFILEDEF(.AREA.,$,#596);
#599=IFCCARTESIANPOINT((0.,0.,0.));
#600=IFCDIRECTION((0.,0.,1.));
#601=IFCDIRECTION((1.,0.,0.));
#602=IFCAXIS2PLACEMENT3D(#599,#600,#601);
#603=IFCEXTRUDEDAREASOLID(#598,#602,#597,0.40000000000000002);
#604=IFCSHAPEREPRESENTATION(#11,'Body','SweptSolid',(#603));
#605=IFCPRODUCTDEFINITIONSHAPE($,$,(#604));
#611=IFCBEAM('2v2VzO3Rr2LPsoQOrFpjvj',$,'beam35',$,$,#17549,#622,$,$);
#612=IFCCARTESIANPOINTLIST2D(((0.,0.),(0.,0.25),(6.,0.25),(6.,0.),(0.,0.)));
#613=IFCINDEXEDPOLYCURVE(#612,$,.F.);
#614=IFCDIRECTION((0.,0.,1.));
#615=IFCARBITRARYCLOSEDPROFILEDEF(.AREA.,$,#613);
#616=IFCCARTESIANPOINT((0.,0.,0.));
#617=IFCDIRECTION((0.,0.,1.));
#618=IFCDIRECTION((1.,0.,0.));
#619=IFCAXIS2PLACEMENT3D(#616,#617,#618);
#620=IFCEXTRUDEDAREASOLID(#615,#619,#614,0.40000000000000002);
#621=IFCSHAPEREPRESENTATION(#11,'Body','SweptSolid',(#620));
#622=IFCPRODUCTDEFINITIONSHAPE($,$,(#621));
#628=IFCBEAM('1khAvywJDFp9lhXUJ_xstl',$,'beam36',$,$,#18694,#639,$,$);
#629=IFCCARTESIANPOINTLIST2D(((0.,0.),(0.,0.25),(6.,0.25),(6.,0.),(0.,0.)));
#630=IFCINDEXEDPOLYCURVE(#629,$,.F.);
#631=IFCDIRECTION((0.,0.,1.));
#632=IFCARBITRARYCLOSEDPROFILEDEF(.AREA.,$,#630);
#633=IFCCARTESIANPOINT((0.,0.,0.));
#634=IFCDIRECTION((0.,0.,1.));
#635=IFCDIRECTION((1.,0.,0.));
#636=IFCAXIS2PLACEMENT3D(#633,#634,#635);
#637=IFCEXTRUDEDAREASOLID(#632,#636,#631,0.40000000000000002);
#638=IFCSHAPEREPRESENTATION(#11,'Body','SweptSolid',(#637));
#639=IFCPRODUCTDEFINITIONSHAPE($,$,(#638));
#645=IFCBEAM('0jHxiWN8X2nOXZNcJgQ64g',$,'beam37',$,$,#15644,#656,$,$);
#646=IFCCARTESIANPOINTLIST2D(((0.,0.),(0.,0.25),(6.,0.25),(6.,0.),(0.,0.)));
#647=IFCINDEXEDPOLYCURVE(#646,$,.F.);
#648=IFCDIRECTION((0.,0.,1.));
#649=IFCARBITRARYCLOSEDPROFILEDEF(.AREA.,$,#647);
#650=IFCCARTESIANPOINT((0.,0.,0.));
#651=IFCDIRECTION((0.,0.,1.));
#652=IFCDIRECTION((1.,0.,0.));
#653=IFCAXIS2PLACEMENT3D(#650,#651,#652);
#654=IFCEXTRUDEDAREASOLID(#649,#653,#648,0.40000000000000002);
#655=IFCSHAPEREPRESENTATION(#11,'Body','SweptSolid',(#654));
#656=IFCPRODUCTDEFINITIONSHAPE($,$,(#655));
#662=IFCBEAM('3HSlKoPKn8oRVX18GNhW$9',$,'beam38',$,$,#16709,#673,$,$);
#663=IFCCARTESIANPOINTLIST2D(((0.,0.),(0.,0.25),(6.,0.25),(6.,0.),(0.,0.)));
#664=IFCINDEXEDPOLYCURVE(#663,$,.F.);
#665=IFCDIRECTION((0.,0.,1.));
#666=IFCARBITRARYCLOSEDPROFILEDEF(.AREA.,$,#664);
#667=IFCCARTESIANPOINT((0.,0.,0.));
#668=IFCDIRECTION((0.,0.,1.));
#669=IFCDIRECTION((1.,0.,0.));
#670=IFCAXIS2PLACEMENT3D(#667,#668,#669);
#671=IFCEXTRUDEDAREASOLID(#666,#670,#665,0.40000000000000002);
#672=IFCSHAPEREPRESENTATION(#11,'Body','SweptSolid',(#671));
#673=IFCPRODUCTDEFINITIONSHAPE($,$,(#672));
#679=IFCBEAM('2hmK8fny9ChvmGsYvgOKk1',$,'beam39',$,$,#17594,#690,$,$);
#680=IFCCARTESIANPOINTLIST2D(((0.,0.),(0.,0.25),(6.,0.25),(6.,0.),(0.,0.)));
#681=IFCINDEXEDPOLYCURVE(#680,$,.F.);
#682=IFCDIRECTION((0.,0.,1.));
#683=IFCARBITRARYCLOSEDPROFILEDEF(.AREA.,$,#681);
#684=IFCCARTESIANPOINT((0.,0.,0.));
#685=IFCDIRECTION((0.,0.,1.));
#686=IFCDIRECTION((1.,0.,0.));
#687=IFCAXIS2PLACEMENT3D(#684,#685,#686);
#688=IFCEXTRUDEDAREASOLID(#683,#687,#682,0.40000000000000002);
#689=IFCSHAPEREPRESENTATION(#11,'Body','SweptSolid',(#688));
#690=IFCPRODUCTDEFINITIONSHAPE($,$,(#689));
#696=IFCBEAM('2r_J2djUT0fASdm3_9c3XU',$,'beam40',$,$,#18734,#707,$,$);
#697=IFCCARTESIANPOINTLIST2D(((0.,0.),(0.,0.25),(6.,0.25),(6.,0.),(0.,0.)));
#698=IFCINDEXEDPOLYCURVE(#697,$,.F.);
#699=IFCDIRECTION((0.,0.,1.));
#700=IFCARBITRARYCLOSEDPROFILEDEF(.AREA.,$,#698);
#701=IFCCARTESIANPOINT((0.,0.,0.));
#702=IFCDIRECTION((0.,0.,1.));
#703=IFCDIRECTION((1.,0.,0.));
#704=IFCAXIS2PLACEMENT3D(#701,#702,#703);
#705=IFCEXTRUDEDAREASOLID(#700,#704,#699,0.40000000000000002);
#706=IFCSHAPEREPRESENTATION(#11,'Body','SweptSolid',(#705));
#707=IFCPRODUCTDEFINITIONSHAPE($,$,(#706));
#713=IFCBEAM('1PpA_$QUHCNgvIKJebCEWt',$,'beam41',$,$,#15684,#724,$,$);
#714=IFCCARTESIANPOINTLIST2D(((0.,0.),(0.,0.25),(6.,0.25),(6.,0.),(0.,0.)));
#715=IFCINDEXEDPOLYCURVE(#714,$,.F.);
#716=IFCDIRECTION((0.,0.,1.));
#717=IFCARBITRARYCLOSEDPROFILEDEF(.AREA.,$,#715);
#718=IFCCARTESIANPOINT((0.,0.,0.));
#719=IFCDIRECTION((0.,0.,1.));
#720=IFCDIRECTION((1.,0.,0.));
#721=IFCAXIS2PLACEMENT3D(#718,#719,#720);
#722=IFCEXTRUDEDAREASOLID(#717,#721,#716,0.40000000000000002);
#723=IFCSHAPEREPRESENTATION(#11,'Body','SweptSolid',(#722));
#724=IFCPRODUCTDEFINITIONSHAPE($,$,(#723));
#730=IFCBEAM('0LsKBRdt10l8vkIHocwZmW',$,'beam42',$,$,#15464,#741,$,$);
#731=IFCCARTESIANPOINTLIST2D(((0.,0.),(0.,0.25),(6.,0.25),(6.,0.),(0.,0.)));
#732=IFCINDEXEDPOLYCURVE(#731,$,.F.);
#733=IFCDIRECTION((0.,0.,1.));
#734=IFCARBITRARYCLOSEDPROFILEDEF(.AREA.,$,#732);
#735=IFCCARTESIANPOINT((0.,0.,0.));
#736=IFCDIRECTION((0.,0.,1.));
#737=IFCDIRECTION((1.,0.,0.));
#738=IFCAXIS2PLACEMENT3D(#735,#736,#737);
#739=IFCEXTRUDEDAREASOLID(#734,#738,#733,0.40000000000000002);
#740=IFCSHAPEREPRESENTATION(#11,'Body','SweptSolid',(#739));
#741=IFCPRODUCTDEFINITIONSHAPE($,$,(#740));
#747=IFCBEAM('2YNmZR0XTE7BDhwWHaFHaH',$,'beam43',$,$,#16514,#758,$,$);
#748=IFCCARTESIANPOINTLIST2D(((0.,0.),(0.,0.25),(6.,0.25),(6.,0.),(0.,0.)));
#749=IFCINDEXEDPOLYCURVE(#748,$,.F.);
#750=IFCDIRECTION((0.,0.,1.));
#751=IFCARBITRARYCLOSEDPROFILEDEF(.AREA.,$,#749);
#752=IFCCARTESIANPOINT((0.,0.,0.));
#753=IFCDIRECTION((0.,0.,1.));
#754=IFCDIRECTION((1.,0.,0.));
#755=IFCAXIS2PLACEMENT3D(#752,#753,#754);
#756=IFCEXTRUDEDAREASOLID(#751,#755,#750,0.40000000000000002);
#757=IFCSHAPEREPRESENTATION(#11,'Body','SweptSolid',(#756));
#758=IFCPRODUCTDEFINITIONSHAPE($,$,(#757));
#764=IFCBEAM('0XrcYk2hz7Xw$6VJCpJ522',$,'beam44',$,$,#18799,#775,$,$);
#765=IFCCARTESIANPOINTLIST2D(((0.,0.),(0.,0.25),(6.,0.25),(6.,0.),(0.,0.)));
#766=IFCINDEXEDPOLYCURVE(#765,$,.F.);
#767=IFCDIRECTION((0.,0.,1.));
#768=IFCARBITRARYCLOSEDPROFILEDEF(.AREA.,$,#766);
#769=IFCCARTESIANPOINT((0.,0.,0.));
#770=IFCDIRECTION((0.,0.,1.));
#771=IFCDIRECTION((1.,0.,0.));
#772=IFCAXIS2PLACEMENT3D(#769,#770,#771);
#773=IFCEXTRUDEDAREASOLID(#768,#772,#767,0.40000000000000002);
#774=IFCSHAPEREPRESENTATION(#11,'Body','SweptSolid',(#773));
#775=IFCPRODUCTDEFINITIONSHAPE($,$,(#774));
#781=IFCBEAM('0r5zlNNefCZOYJ7TgRdyWI',$,'beam45',$,$,#18574,#792,$,$);
#782=IFCCARTESIANPOINTLIST2D(((0.,0.),(0.,0.25),(6.,0.25),(6.,0.),(0.,0.)));
#783=IFCINDEXEDPOLYCURVE(#782,$,.F.);
#784=IFCDIRECTION((0.,0.,1.));
#785=IFCARBITRARYCLOSEDPROFILEDEF(.AREA.,$,#783);
#786=IFCCARTESIANPOINT((0.,0.,0.));
#787=IFCDIRECTION((0.,0.,1.));
#788=IFCDIRECTION((1.,0.,0.));
#789=IFCAXIS2PLACEMENT3D(#786,#787,#788);
#790=IFCEXTRUDEDAREASOLID(#785,#789,#784,0.40000000000000002);
#791=IFCSHAPEREPRESENTATION(#11,'Body','SweptSolid',(#790));
#792=IFCPRODUCTDEFINITIONSHAPE($,$,(#791));
#798=IFCBEAM('0_JrL3Kn95kwEO9RTdUR3Y',$,'beam46',$,$,#15529,#809,$,$);
#799=IFCCARTESIANPOINTLIST2D(((0.,0.),(0.,0.25),(6.,0.25),(6.,0.),(0.,0.)));
#800=IFCINDEXEDPOLYCURVE(#799,$,.F.);
#801=IFCDIRECTION((0.,0.,1.));
#802=IFCARBITRARYCLOSEDPROFILEDEF(.AREA.,$,#800);
#803=IFCCARTESIANPOINT((0.,0.,0.));
#804=IFCDIRECTION((0.,0.,1.));
#805=IFCDIRECTION((1.,0.,0.));
#806=IFCAXIS2PLACEMENT3D(#803,#804,#805);
#807=IFCEXTRUDEDAREASOLID(#802,#806,#801,0.40000000000000002);
#808=IFCSHAPEREPRESENTATION(#11,'Body','SweptSolid',(#807));
#809=IFCPRODUCTDEFINITIONSHAPE($,$,(#808));
#815=IFCBEAM('313aph$yv13wjaSUrZ3g67',$,'beam47',$,$,#16304,#826,$,$);
#816=IFCCARTESIANPOINTLIST2D(((0.,0.),(0.,0.25),(6.,0.25),(6.,0.),(0.,0.)));
#817=IFCINDEXEDPOLYCURVE(#816,$,.F.);
#818=IFCDIRECTION((0.,0.,1.));
#819=IFCARBITRARYCLOSEDPROFILEDEF(.AREA.,$,#817);
#820=IFCCARTESIANPOINT((0.,0.,0.));
#821=IFCDIRECTION((0.,0.,1.));
#822=IFCDIRECTION((1.,0.,0.));
#823=IFCAXIS2PLACEMENT3D(#820,#821,#822);
#824=IFCEXTRUDEDAREASOLID(#819,#823,#818,0.5);
#825=IFCSHAPEREPRESENTATION(#11,'Body','SweptSolid',(#824));
#826=IFCPRODUCTDEFINITIONSHAPE($,$,(#825));
#832=IFCBEAM('2LcP6VnCjB$QfrikyLyY3u',$,'beam48',$,$,#17454,#843,$,$);
#833=IFCCARTESIANPOINTLIST2D(((0.,0.),(0.,0.25),(6.,0.25),(6.,0.),(0.,0.)));
#834=IFCINDEXEDPOLYCURVE(#833,$,.F.);
#835=IFCDIRECTION((0.,0.,1.));
#836=IFCARBITRARYCLOSEDPROFILEDEF(.AREA.,$,#834);
#837=IFCCARTESIANPOINT((0.,0.,0.));
#838=IFCDIRECTION((0.,0.,1.));
#839=IFCDIRECTION((1.,0.,0.));
#840=IFCAXIS2PLACEMENT3D(#837,#838,#839);
#841=IFCEXTRUDEDAREASOLID(#836,#840,#835,0.5);
#842=IFCSHAPEREPRESENTATION(#11,'Body','SweptSolid',(#841));
#843=IFCPRODUCTDEFINITIONSHAPE($,$,(#842));
#849=IFCBEAM('0mRBA2BPT6_Pn8UMAt2$Ta',$,'beam49',$,$,#18554,#860,$,$);
#850=IFCCARTESIANPOINTLIST2D(((0.,0.),(0.,0.25),(6.,0.25),(6.,0.),(0.,0.)));
#851=IFCINDEXEDPOLYCURVE(#850,$,.F.);
#852=IFCDIRECTION((0.,0.,1.));
#853=IFCARBITRARYCLOSEDPROFILEDEF(.AREA.,$,#851);
#854=IFCCARTESIANPOINT((0.,0.,0.));
#855=IFCDIRECTION((0.,0.,1.));
#856=IFCDIRECTION((1.,0.,0.));
#857=IFCAXIS2PLACEMENT3D(#854,#855,#856);
#858=IFCEXTRUDEDAREASOLID(#853,#857,#852,0.5);
#859=IFCSHAPEREPRESENTATION(#11,'Body','SweptSolid',(#858));
#860=IFCPRODUCTDEFINITIONSHAPE($,$,(#859));
#866=IFCBEAM('0iLUE_3rL0CAaapmIejrY4',$,'beam50',$,$,#15219,#877,$,$);
#867=IFCCARTESIANPOINTLIST2D(((0.,0.),(0.,0.25),(6.,0.25),(6.,0.),(0.,0.)));
#868=IFCINDEXEDPOLYCURVE(#867,$,.F.);
#869=IFCDIRECTION((0.,0.,1.));
#870=IFCARBITRARYCLOSEDPROFILEDEF(.AREA.,$,#868);
#871=IFCCARTESIANPOINT((0.,0.,0.));
#872=IFCDIRECTION((0.,0.,1.));
#873=IFCDIRECTION((1.,0.,0.));
#874=IFCAXIS2PLACEMENT3D(#871,#872,#873);
#875=IFCEXTRUDEDAREASOLID(#870,#874,#869,0.5);
#876=IFCSHAPEREPRESENTATION(#11,'Body','SweptSolid',(#875));
#877=IFCPRODUCTDEFINITIONSHAPE($,$,(#876));
#883=IFCBEAM('1wmU2JR2zEdxTXx6sWtfa1',$,'beam51',$,$,#16339,#894,$,$);
#884=IFCCARTESIANPOINTLIST2D(((0.,0.),(0.,0.25),(6.,0.25),(6.,0.),(0.,0.)));
#885=IFCINDEXEDPOLYCURVE(#884,$,.F.);
#886=IFCDIRECTION((0.,0.,1.));
#887=IFCARBITRARYCLOSEDPROFILEDEF(.AREA.,$,#885);
#888=IFCCARTESIANPOINT((0.,0.,0.));
#889=IFCDIRECTION((0.,0.,1.));
#890=IFCDIRECTION((1.,0.,0.));
#891=IFCAXIS2PLACEMENT3D(#888,#889,#890);
#892=IFCEXTRUDEDAREASOLID(#887,#891,#886,0.5);
#893=IFCSHAPEREPRESENTATION(#11,'Body','SweptSolid',(#892));
#894=IFCPRODUCTDEFINITIONSHAPE($,$,(#893));
#900=IFCBEAM('3z8Ipxcgn1$wwH33FRNo4b',$,'beam52',$,$,#17484,#911,$,$);
#901=IFCCARTESIANPOINTLIST2D(((0.,0.),(0.,0.25),(6.,0.25),(6.,0.),(0.,0.)));
#902=IFCINDEXEDPOLYCURVE(#901,$,.F.);
#903=IFCDIRECTION((0.,0.,1.));
#904=IFCARBITRARYCLOSEDPROFILEDEF(.AREA.,$,#902);
#905=IFCCARTESIANPOINT((0.,0.,0.));
#906=IFCDIRECTION((0.,0.,1.));
#907=IFCDIRECTION((1.,0.,0.));
#908=IFCAXIS2PLACEMENT3D(#905,#906,#907);
#909=IFCEXTRUDEDAREASOLID(#904,#908,#903,0.5);
#910=IFCSHAPEREPRESENTATION(#11,'Body','SweptSolid',(#909));
#911=IFCPRODUCTDEFINITIONSHAPE($,$,(#910));
#917=IFCBEAM('1BTfHlk7vF9w54pTViW_z$',$,'beam53',$,$,#18619,#928,$,$);
#918=IFCCARTESIANPOINTLIST2D(((0.,0.),(0.,0.25),(6.,0.25),(6.,0.),(0.,0.)));
#919=IFCINDEXEDPOLYCURVE(#918,$,.F.);
#920=IFCDIRECTION((0.,0.,1.));
#921=IFCARBITRARYCLOSEDPROFILEDEF(.AREA.,$,#919);
#922=IFCCARTESIANPOINT((0.,0.,0.));
#923=IFCDIRECTION((0.,0.,1.));
#924=IFCDIRECTION((1.,0.,0.));
#925=IFCAXIS2PLACEMENT3D(#922,#923,#924);
#926=IFCEXTRUDEDAREASOLID(#921,#925,#920,0.5);
#927=IFCSHAPEREPRESENTATION(#11,'Body','SweptSolid',(#926));
#928=IFCPRODUCTDEFINITIONSHAPE($,$,(#927));
#934=IFCBEAM('2PApxxX5HAsRLKDndylLUq',$,'beam54',$,$,#15569,#945,$,$);
#935=IFCCARTESIANPOINTLIST2D(((0.,0.),(0.,0.25),(6.,0.25),(6.,0.),(0.,0.)));
#936=IFCINDEXEDPOLYCURVE(#935,$,.F.);
#937=IFCDIRECTION((0.,0.,1.));
#938=IFCARBITRARYCLOSEDPROFILEDEF(.AREA.,$,#936);
#939=IFCCARTESIANPOINT((0.,0.,0.));
#940=IFCDIRECTION((0.,0.,1.));
#941=IFCDIRECTION((1.,0.,0.));
#942=IFCAXIS2PLACEMENT3D(#939,#940,#941);
#943=IFCEXTRUDEDAREASOLID(#938,#942,#937,0.5);
#944=IFCSHAPEREPRESENTATION(#11,'Body','SweptSolid',(#943));
#945=IFCPRODUCTDEFINITIONSHAPE($,$,(#944));
#951=IFCBEAM('1WIdFg9Mb2M9_82Gr1boXJ',$,'beam55',$,$,#16619,#962,$,$);
#952=IFCCARTESIANPOINTLIST2D(((0.,0.),(0.,0.25),(6.,0.25),(6.,0.),(0.,0.)));
#953=IFCINDEXEDPOLYCURVE(#952,$,.F.);
#954=IFCDIRECTION((0.,0.,1.));
#955=IFCARBITRARYCLOSEDPROFILEDEF(.AREA.,$,#953);
#956=IFCCARTESIANPOINT((0.,0.,0.));
#957=IFCDIRECTION((0.,0.,1.));
#958=IFCDIRECTION((1.,0.,0.));
#959=IFCAXIS2PLACEMENT3D(#956,#957,#958);
#960=IFCEXTRUDEDAREASOLID(#955,#959,#954,0.5);
#961=IFCSHAPEREPRESENTATION(#11,'Body','SweptSolid',(#960));
#962=IFCPRODUCTDEFINITIONSHAPE($,$,(#961));
#968=IFCBEAM('1$Xf9K1pX9Ru1XisBhz0Yq',$,'beam56',$,$,#17534,#979,$,$);
#969=IFCCARTESIANPOINTLIST2D(((0.,0.),(0.,0.25),(6.,0.25),(6.,0.),(0.,0.)));
#970=IFCINDEXEDPOLYCURVE(#969,$,.F.);
#971=IFCDIRECTION((0.,0.,1.));
#972=IFCARBITRARYCLOSEDPROFILEDEF(.AREA.,$,#970);
#973=IFCCARTESIANPOINT((0.,0.,0.));
#974=IFCDIRECTION((0.,0.,1.));
#975=IFCDIRECTION((1.,0.,0.));
#976=IFCAXIS2PLACEMENT3D(#973,#974,#975);
#977=IFCEXTRUDEDAREASOLID(#972,#976,#971,0.5);
#978=IFCSHAPEREPRESENTATION(#11,'Body','SweptSolid',(#977));
#979=IFCPRODUCTDEFINITIONSHAPE($,$,(#978));
#985=IFCBEAM('3I8Cjwb1LCFgucCYdIVZyv',$,'beam57',$,$,#18664,#996,$,$);
#986=IFCCARTESIANPOINTLIST2D(((0.,0.),(0.,0.25),(6.,0.25),(6.,0.),(0.,0.)));
#987=IFCINDEXEDPOLYCURVE(#986,$,.F.);
#988=IFCDIRECTION((0.,0.,1.));
#989=IFCARBITRARYCLOSEDPROFILEDEF(.AREA.,$,#987);
#990=IFCCARTESIANPOINT((0.,0.,0.));
#991=IFCDIRECTION((0.,0.,1.));
#992=IFCDIRECTION((1.,0.,0.));
#993=IFCAXIS2PLACEMENT3D(#990,#991,#992);
#994=IFCEXTRUDEDAREASOLID(#989,#993,#988,0.5);
#995=IFCSHAPEREPRESENTATION(#11,'Body','SweptSolid',(#994));
#996=IFCPRODUCTDEFINITIONSHAPE($,$,(#995));
#1002=IFCBEAM('3N7SaU4VbDhB97w1CSD0tC',$,'beam58',$,$,#15619,#1013,$,$);
#1003=IFCCARTESIANPOINTLIST2D(((0.,0.),(0.,0.25),(6.,0.25),(6.,0.),(0.,0.)));
#1004=IFCINDEXEDPOLYCURVE(#1003,$,.F.);
#1005=IFCDIRECTION((0.,0.,1.));
#1006=IFCARBITRARYCLOSEDPROFILEDEF(.AREA.,$,#1004);
#1007=IFCCARTESIANPOINT((0.,0.,0.));
#1008=IFCDIRECTION((0.,0.,1.));
#1009=IFCDIRECTION((1.,0.,0.));
#1010=IFCAXIS2PLACEMENT3D(#1007,#1008,#1009);
#1011=IFCEXTRUDEDAREASOLID(#1006,#1010,#1005,0.5);
#1012=IFCSHAPEREPRESENTATION(#11,'Body','SweptSolid',(#1011));
#1013=IFCPRODUCTDEFINITIONSHAPE($,$,(#1012));
#1019=IFCBEAM('1q4QKa5pz33Rvd_y$YpWZv',$,'beam59',$,$,#15364,#1030,$,$);
#1020=IFCCARTESIANPOINTLIST2D(((0.,0.),(0.,0.25),(6.,0.25),(6.,0.),(0.,0.)));
#1021=IFCINDEXEDPOLYCURVE(#1020,$,.F.);
#1022=IFCDIRECTION((0.,0.,1.));
#1023=IFCARBITRARYCLOSEDPROFILEDEF(.AREA.,$,#1021);
#1024=IFCCARTESIANPOINT((0.,0.,0.));
#1025=IFCDIRECTION((0.,0.,1.));
#1026=IFCDIRECTION((1.,0.,0.));
#1027=IFCAXIS2PLACEMENT3D(#1024,#1025,#1026);
#1028=IFCEXTRUDEDAREASOLID(#1023,#1027,#1022,0.5);
#1029=IFCSHAPEREPRESENTATION(#11,'Body','SweptSolid',(#1028));
#1030=IFCPRODUCTDEFINITIONSHAPE($,$,(#1029));
#1036=IFCBEAM('0mutDjspzFLQpB2PA8g8Ju',$,'beam60',$,$,#16444,#1047,$,$);
#1037=IFCCARTESIANPOINTLIST2D(((0.,0.),(0.,0.25),(6.,0.25),(6.,0.),(0.,0.)));
#1038=IFCINDEXEDPOLYCURVE(#1037,$,.F.);
#1039=IFCDIRECTION((0.,0.,1.));
#1040=IFCARBITRARYCLOSEDPROFILEDEF(.AREA.,$,#1038);
#1041=IFCCARTESIANPOINT((0.,0.,0.));
#1042=IFCDIRECTION((0.,0.,1.));
#1043=IFCDIRECTION((1.,0.,0.));
#1044=IFCAXIS2PLACEMENT3D(#1041,#1042,#1043);
#1045=IFCEXTRUDEDAREASOLID(#1040,#1044,#1039,0.40000000000000002);
#1046=IFCSHAPEREPRESENTATION(#11,'Body','SweptSolid',(#1045));
#1047=IFCPRODUCTDEFINITIONSHAPE($,$,(#1046));
#1053=IFCBEAM('0qsU1ohRj1vxLpmtbMBpXO',$,'beam61',$,$,#18714,#1064,$,$);
#1054=IFCCARTESIANPOINTLIST2D(((0.,0.),(0.,0.25),(6.,0.25),(6.,0.),(0.,0.)));
#1055=IFCINDEXEDPOLYCURVE(#1054,$,.F.);
#1056=IFCDIRECTION((0.,0.,1.));
#1057=IFCARBITRARYCLOSEDPROFILEDEF(.AREA.,$,#1055);
#1058=IFCCARTESIANPOINT((0.,0.,0.));
#1059=IFCDIRECTION((0.,0.,1.));
#1060=IFCDIRECTION((1.,0.,0.));
#1061=IFCAXIS2PLACEMENT3D(#1058,#1059,#1060);
#1062=IFCEXTRUDEDAREASOLID(#1057,#1061,#1056,0.5);
#1063=IFCSHAPEREPRESENTATION(#11,'Body','SweptSolid',(#1062));
#1064=IFCPRODUCTDEFINITIONSHAPE($,$,(#1063));
#1070=IFCBEAM('01aQFMNcr08w4zR$VE7u6T',$,'beam62',$,$,#18164,#1081,$,$);
#1071=IFCCARTESIANPOINTLIST2D(((0.,0.),(0.,0.25),(6.,0.25),(6.,0.),(0.,0.)));
#1072=IFCINDEXEDPOLYCURVE(#1071,$,.F.);
#1073=IFCDIRECTION((0.,0.,1.));
#1074=IFCARBITRARYCLOSEDPROFILEDEF(.AREA.,$,#1072);
#1075=IFCCARTESIANPOINT((0.,0.,0.));
#1076=IFCDIRECTION((0.,0.,1.));
#1077=IFCDIRECTION((1.,0.,0.));
#1078=IFCAXIS2PLACEMENT3D(#1075,#1076,#1077);
#1079=IFCEXTRUDEDAREASOLID(#1074,#1078,#1073,0.5);
#1080=IFCSHAPEREPRESENTATION(#11,'Body','SweptSolid',(#1079));
#1081=IFCPRODUCTDEFINITIONSHAPE($,$,(#1080));
#1087=IFCBEAM('06XT3B2CH4WOfMQ_eI7pfb',$,'beam63',$,$,#15109,#1098,$,$);
#1088=IFCCARTESIANPOINTLIST2D(((0.,0.),(0.,0.25),(6.,0.25),(6.,0.),(0.,0.)));
#1089=IFCINDEXEDPOLYCURVE(#1088,$,.F.);
#1090=IFCDIRECTION((0.,0.,1.));
#1091=IFCARBITRARYCLOSEDPROFILEDEF(.AREA.,$,#1089);
#1092=IFCCARTESIANPOINT((0.,0.,0.));
#1093=IFCDIRECTION((0.,0.,1.));
#1094=IFCDIRECTION((1.,0.,0.));
#1095=IFCAXIS2PLACEMENT3D(#1092,#1093,#1094);
#1096=IFCEXTRUDEDAREASOLID(#1091,#1095,#1090,0.5);
#1097=IFCSHAPEREPRESENTATION(#11,'Body','SweptSolid',(#1096));
#1098=IFCPRODUCTDEFINITIONSHAPE($,$,(#1097));
#1104=IFCBEAM('3px9FZErzDI8sBPlADiLm9',$,'beam64',$,$,#16234,#1115,$,$);
#1105=IFCCARTESIANPOINTLIST2D(((0.,0.),(0.,0.25),(6.,0.25),(6.,0.),(0.,0.)));
#1106=IFCINDEXEDPOLYCURVE(#1105,$,.F.);
#1107=IFCDIRECTION((0.,0.,1.));
#1108=IFCARBITRARYCLOSEDPROFILEDEF(.AREA.,$,#1106);
#1109=IFCCARTESIANPOINT((0.,0.,0.));
#1110=IFCDIRECTION((0.,0.,1.));
#1111=IFCDIRECTION((1.,0.,0.));
#1112=IFCAXIS2PLACEMENT3D(#1109,#1110,#1111);
#1113=IFCEXTRUDEDAREASOLID(#1108,#1112,#1107,0.5);
#1114=IFCSHAPEREPRESENTATION(#11,'Body','SweptSolid',(#1113));
#1115=IFCPRODUCTDEFINITIONSHAPE($,$,(#1114));
#1121=IFCBEAM('3mKDZrLKf7dgZY8xzjZt1r',$,'beam65',$,$,#17389,#1132,$,$);
#1122=IFCCARTESIANPOINTLIST2D(((0.,0.),(0.,0.25),(6.,0.25),(6.,0.),(0.,0.)));
#1123=IFCINDEXEDPOLYCURVE(#1122,$,.F.);
#1124=IFCDIRECTION((0.,0.,1.));
#1125=IFCARBITRARYCLOSEDPROFILEDEF(.AREA.,$,#1123);
#1126=IFCCARTESIANPOINT((0.,0.,0.));
#1127=IFCDIRECTION((0.,0.,1.));
#1128=IFCDIRECTION((1.,0.,0.));
#1129=IFCAXIS2PLACEMENT3D(#1126,#1127,#1128);
#1130=IFCEXTRUDEDAREASOLID(#1125,#1129,#1124,0.5);
#1131=IFCSHAPEREPRESENTATION(#11,'Body','SweptSolid',(#1130));
#1132=IFCPRODUCTDEFINITIONSHAPE($,$,(#1131));
#1138=IFCBEAM('2qbkZhgaDD9eDNawwdw58_',$,'beam66',$,$,#18474,#1149,$,$);
#1139=IFCCARTESIANPOINTLIST2D(((0.,0.),(0.,0.25),(6.,0.25),(6.,0.),(0.,0.)));
#1140=IFCINDEXEDPOLYCURVE(#1139,$,.F.);
#1141=IFCDIRECTION((0.,0.,1.));
#1142=IFCARBITRARYCLOSEDPROFILEDEF(.AREA.,$,#1140);
#1143=IFCCARTESIANPOINT((0.,0.,0.));
#1144=IFCDIRECTION((0.,0.,1.));
#1145=IFCDIRECTION((1.,0.,0.));
#1146=IFCAXIS2PLACEMENT3D(#1143,#1144,#1145);
#1147=IFCEXTRUDEDAREASOLID(#1142,#1146,#1141,0.5);
#1148=IFCSHAPEREPRESENTATION(#11,'Body','SweptSolid',(#1147));
#1149=IFCPRODUCTDEFINITIONSHAPE($,$,(#1148));
#1155=IFCBEAM('1TpGz_uVDBxe_YvWxl3Pxy',$,'beam67',$,$,#15144,#1166,$,$);
#1156=IFCCARTESIANPOINTLIST2D(((0.,0.),(0.,0.25),(6.,0.25),(6.,0.),(0.,0.)));
#1157=IFCINDEXEDPOLYCURVE(#1156,$,.F.);
#1158=IFCDIRECTION((0.,0.,1.));
#1159=IFCARBITRARYCLOSEDPROFILEDEF(.AREA.,$,#1157);
#1160=IFCCARTESIANPOINT((0.,0.,0.));
#1161=IFCDIRECTION((0.,0.,1.));
#1162=IFCDIRECTION((1.,0.,0.));
#1163=IFCAXIS2PLACEMENT3D(#1160,#1161,#1162);
#1164=IFCEXTRUDEDAREASOLID(#1159,#1163,#1158,0.5);
#1165=IFCSHAPEREPRESENTATION(#11,'Body','SweptSolid',(#1164));
#1166=IFCPRODUCTDEFINITIONSHAPE($,$,(#1165));
#1172=IFCBEAM('3oqrorMob3uvF8zr6691a1',$,'beam68',$,$,#16279,#1183,$,$);
#1173=IFCCARTESIANPOINTLIST2D(((0.,0.),(0.,0.25),(6.,0.25),(6.,0.),(0.,0.)));
#1174=IFCINDEXEDPOLYCURVE(#1173,$,.F.);
#1175=IFCDIRECTION((0.,0.,1.));
#1176=IFCARBITRARYCLOSEDPROFILEDEF(.AREA.,$,#1174);
#1177=IFCCARTESIANPOINT((0.,0.,0.));
#1178=IFCDIRECTION((0.,0.,1.));
#1179=IFCDIRECTION((1.,0.,0.));
#1180=IFCAXIS2PLACEMENT3D(#1177,#1178,#1179);
#1181=IFCEXTRUDEDAREASOLID(#1176,#1180,#1175,0.5);
#1182=IFCSHAPEREPRESENTATION(#11,'Body','SweptSolid',(#1181));
#1183=IFCPRODUCTDEFINITIONSHAPE($,$,(#1182));
#1189=IFCBEAM('0VmTjh65zEQP3njoWhRYjp',$,'beam69',$,$,#17434,#1200,$,$);
#1190=IFCCARTESIANPOINTLIST2D(((0.,0.),(0.,0.25),(6.,0.25),(6.,0.),(0.,0.)));
#1191=IFCINDEXEDPOLYCURVE(#1190,$,.F.);
#1192=IFCDIRECTION((0.,0.,1.));
#1193=IFCARBITRARYCLOSEDPROFILEDEF(.AREA.,$,#1191);
#1194=IFCCARTESIANPOINT((0.,0.,0.));
#1195=IFCDIRECTION((0.,0.,1.));
#1196=IFCDIRECTION((1.,0.,0.));
#1197=IFCAXIS2PLACEMENT3D(#1194,#1195,#1196);
#1198=IFCEXTRUDEDAREASOLID(#1193,#1197,#1192,0.5);
#1199=IFCSHAPEREPRESENTATION(#11,'Body','SweptSolid',(#1198));
#1200=IFCPRODUCTDEFINITIONSHAPE($,$,(#1199));
#1206=IFCBEAM('2WwDAu6p102xnnByQlDJz1',$,'beam70',$,$,#18534,#1217,$,$);
#1207=IFCCARTESIANPOINTLIST2D(((0.,0.),(0.,0.25),(6.,0.25),(6.,0.),(0.,0.)));
#1208=IFCINDEXEDPOLYCURVE(#1207,$,.F.);
#1209=IFCDIRECTION((0.,0.,1.));
#1210=IFCARBITRARYCLOSEDPROFILEDEF(.AREA.,$,#1208);
#1211=IFCCARTESIANPOINT((0.,0.,0.));
#1212=IFCDIRECTION((0.,0.,1.));
#1213=IFCDIRECTION((1.,0.,0.));
#1214=IFCAXIS2PLACEMENT3D(#1211,#1212,#1213);
#1215=IFCEXTRUDEDAREASOLID(#1210,#1214,#1209,0.5);
#1216=IFCSHAPEREPRESENTATION(#11,'Body','SweptSolid',(#1215));
#1217=IFCPRODUCTDEFINITIONSHAPE($,$,(#1216));
#1223=IFCBEAM('2eqbKTA9z8rusMaA_Dt6Ij',$,'beam71',$,$,#15479,#1234,$,$);
#1224=IFCCARTESIANPOINTLIST2D(((0.,0.),(0.,0.25),(6.,0.25),(6.,0.),(0.,0.)));
#1225=IFCINDEXEDPOLYCURVE(#1224,$,.F.);
#1226=IFCDIRECTION((0.,0.,1.));
#1227=IFCARBITRARYCLOSEDPROFILEDEF(.AREA.,$,#1225);
#1228=IFCCARTESIANPOINT((0.,0.,0.));
#1229=IFCDIRECTION((0.,0.,1.));
#1230=IFCDIRECTION((1.,0.,0.));
#1231=IFCAXIS2PLACEMENT3D(#1228,#1229,#1230);
#1232=IFCEXTRUDEDAREASOLID(#1227,#1231,#1226,0.5);
#1233=IFCSHAPEREPRESENTATION(#11,'Body','SweptSolid',(#1232));
#1234=IFCPRODUCTDEFINITIONSHAPE($,$,(#1233));
#1240=IFCBEAM('31cD7TJxr5cxpBXlqGrZwM',$,'beam72',$,$,#16524,#1251,$,$);
#1241=IFCCARTESIANPOINTLIST2D(((0.,0.),(0.,0.25),(6.,0.25),(6.,0.),(0.,0.)));
#1242=IFCINDEXEDPOLYCURVE(#1241,$,.F.);
#1243=IFCDIRECTION((0.,0.,1.));
#1244=IFCARBITRARYCLOSEDPROFILEDEF(.AREA.,$,#1242);
#1245=IFCCARTESIANPOINT((0.,0.,0.));
#1246=IFCDIRECTION((0.,0.,1.));
#1247=IFCDIRECTION((1.,0.,0.));
#1248=IFCAXIS2PLACEMENT3D(#1245,#1246,#1247);
#1249=IFCEXTRUDEDAREASOLID(#1244,#1248,#1243,0.5);
#1250=IFCSHAPEREPRESENTATION(#11,'Body','SweptSolid',(#1249));
#1251=IFCPRODUCTDEFINITIONSHAPE($,$,(#1250));
#1257=IFCBEAM('3a8I4r2gj3IR04TOAh2o0L',$,'beam73',$,$,#17474,#1268,$,$);
#1258=IFCCARTESIANPOINTLIST2D(((0.,0.),(0.,0.25),(6.,0.25),(6.,0.),(0.,0.)));
#1259=IFCINDEXEDPOLYCURVE(#1258,$,.F.);
#1260=IFCDIRECTION((0.,0.,1.));
#1261=IFCARBITRARYCLOSEDPROFILEDEF(.AREA.,$,#1259);
#1262=IFCCARTESIANPOINT((0.,0.,0.));
#1263=IFCDIRECTION((0.,0.,1.));
#1264=IFCDIRECTION((1.,0.,0.));
#1265=IFCAXIS2PLACEMENT3D(#1262,#1263,#1264);
#1266=IFCEXTRUDEDAREASOLID(#1261,#1265,#1260,0.5);
#1267=IFCSHAPEREPRESENTATION(#11,'Body','SweptSolid',(#1266));
#1268=IFCPRODUCTDEFINITIONSHAPE($,$,(#1267));
#1274=IFCBEAM('0v8D3HJqPCwOSLdsAu0ohF',$,'beam74',$,$,#18589,#1285,$,$);
#1275=IFCCARTESIANPOINTLIST2D(((0.,0.),(0.,0.25),(6.,0.25),(6.,0.),(0.,0.)));
#1276=IFCINDEXEDPOLYCURVE(#1275,$,.F.);
#1277=IFCDIRECTION((0.,0.,1.));
#1278=IFCARBITRARYCLOSEDPROFILEDEF(.AREA.,$,#1276);
#1279=IFCCARTESIANPOINT((0.,0.,0.));
#1280=IFCDIRECTION((0.,0.,1.));
#1281=IFCDIRECTION((1.,0.,0.));
#1282=IFCAXIS2PLACEMENT3D(#1279,#1280,#1281);
#1283=IFCEXTRUDEDAREASOLID(#1278,#1282,#1277,0.5);
#1284=IFCSHAPEREPRESENTATION(#11,'Body','SweptSolid',(#1283));
#1285=IFCPRODUCTDEFINITIONSHAPE($,$,(#1284));
#1291=IFCBEAM('0kWo5B47zCL9raJ6X5DoVX',$,'beam75',$,$,#15544,#1302,$,$);
#1292=IFCCARTESIANPOINTLIST2D(((0.,0.),(0.,0.25),(6.,0.25),(6.,0.),(0.,0.)));
#1293=IFCINDEXEDPOLYCURVE(#1292,$,.F.);
#1294=IFCDIRECTION((0.,0.,1.));
#1295=IFCARBITRARYCLOSEDPROFILEDEF(.AREA.,$,#1293);
#1296=IFCCARTESIANPOINT((0.,0.,0.));
#1297=IFCDIRECTION((0.,0.,1.));
#1298=IFCDIRECTION((1.,0.,0.));
#1299=IFCAXIS2PLACEMENT3D(#1296,#1297,#1298);
#1300=IFCEXTRUDEDAREASOLID(#1295,#1299,#1294,0.5);
#1301=IFCSHAPEREPRESENTATION(#11,'Body','SweptSolid',(#1300));
#1302=IFCPRODUCTDEFINITIONSHAPE($,$,(#1301));
#1308=IFCBEAM('1b9Z_rCUz4UQqr4eIcgHaC',$,'beam76',$,$,#14984,#1319,$,$);
#1309=IFCCARTESIANPOINTLIST2D(((0.,0.),(0.,0.25),(6.,0.25),(6.,0.),(0.,0.)));
#1310=IFCINDEXEDPOLYCURVE(#1309,$,.F.);
#1311=IFCDIRECTION((0.,0.,1.));
#1312=IFCARBITRARYCLOSEDPROFILEDEF(.AREA.,$,#1310);
#1313=IFCCARTESIANPOINT((0.,0.,0.));
#1314=IFCDIRECTION((0.,0.,1.));
#1315=IFCDIRECTION((1.,0.,0.));
#1316=IFCAXIS2PLACEMENT3D(#1313,#1314,#1315);
#1317=IFCEXTRUDEDAREASOLID(#1312,#1316,#1311,0.5);
#1318=IFCSHAPEREPRESENTATION(#11,'Body','SweptSolid',(#1317));
#1319=IFCPRODUCTDEFINITIONSHAPE($,$,(#1318));
#1325=IFCBEAM('0GM5bnuEn9oupO2UJ9Y6He',$,'beam77',$,$,#16109,#1336,$,$);
#1326=IFCCARTESIANPOINTLIST2D(((0.,0.),(0.,0.25),(6.,0.25),(6.,0.),(0.,0.)));
#1327=IFCINDEXEDPOLYCURVE(#1326,$,.F.);
#1328=IFCDIRECTION((0.,0.,1.));
#1329=IFCARBITRARYCLOSEDPROFILEDEF(.AREA.,$,#1327);
#1330=IFCCARTESIANPOINT((0.,0.,0.));
#1331=IFCDIRECTION((0.,0.,1.));
#1332=IFCDIRECTION((1.,0.,0.));
#1333=IFCAXIS2PLACEMENT3D(#1330,#1331,#1332);
#1334=IFCEXTRUDEDAREASOLID(#1329,#1333,#1328,0.5);
#1335=IFCSHAPEREPRESENTATION(#11,'Body','SweptSolid',(#1334));
#1336=IFCPRODUCTDEFINITIONSHAPE($,$,(#1335));
#1342=IFCBEAM('1t4UWYgEjAQBllsBMUB79y',$,'beam78',$,$,#16989,#1353,$,$);
#1343=IFCCARTESIANPOINTLIST2D(((0.,0.),(0.,0.25),(6.,0.25),(6.,0.),(0.,0.)));
#1344=IFCINDEXEDPOLYCURVE(#1343,$,.F.);
#1345=IFCDIRECTION((0.,0.,1.));
#1346=IFCARBITRARYCLOSEDPROFILEDEF(.AREA.,$,#1344);
#1347=IFCCARTESIANPOINT((0.,0.,0.));
#1348=IFCDIRECTION((0.,0.,1.));
#1349=IFCDIRECTION((1.,0.,0.));
#1350=IFCAXIS2PLACEMENT3D(#1347,#1348,#1349);
#1351=IFCEXTRUDEDAREASOLID(#1346,#1350,#1345,0.5);
#1352=IFCSHAPEREPRESENTATION(#11,'Body','SweptSolid',(#1351));
#1353=IFCPRODUCTDEFINITIONSHAPE($,$,(#1352));
#1359=IFCBEAM('1ehSPFFJzByAjw3afBAPee',$,'beam79',$,$,#18124,#1370,$,$);
#1360=IFCCARTESIANPOINTLIST2D(((0.,0.),(0.,0.25),(6.,0.25),(6.,0.),(0.,0.)));
#1361=IFCINDEXEDPOLYCURVE(#1360,$,.F.);
#1362=IFCDIRECTION((0.,0.,1.));
#1363=IFCARBITRARYCLOSEDPROFILEDEF(.AREA.,$,#1361);
#1364=IFCCARTESIANPOINT((0.,0.,0.));
#1365=IFCDIRECTION((0.,0.,1.));
#1366=IFCDIRECTION((1.,0.,0.));
#1367=IFCAXIS2PLACEMENT3D(#1364,#1365,#1366);
#1368=IFCEXTRUDEDAREASOLID(#1363,#1367,#1362,0.40000000000000002);
#1369=IFCSHAPEREPRESENTATION(#11,'Body','SweptSolid',(#1368));
#1370=IFCPRODUCTDEFINITIONSHAPE($,$,(#1369));
#1376=IFCBEAM('3MRdfodHP1PfSEdqBv3aZf',$,'beam80',$,$,#15034,#1387,$,$);
#1377=IFCCARTESIANPOINTLIST2D(((0.,0.),(0.,0.25),(6.,0.25),(6.,0.),(0.,0.)));
#1378=IFCINDEXEDPOLYCURVE(#1377,$,.F.);
#1379=IFCDIRECTION((0.,0.,1.));
#1380=IFCARBITRARYCLOSEDPROFILEDEF(.AREA.,$,#1378);
#1381=IFCCARTESIANPOINT((0.,0.,0.));
#1382=IFCDIRECTION((0.,0.,1.));
#1383=IFCDIRECTION((1.,0.,0.));
#1384=IFCAXIS2PLACEMENT3D(#1381,#1382,#1383);
#1385=IFCEXTRUDEDAREASOLID(#1380,#1384,#1379,0.40000000000000002);
#1386=IFCSHAPEREPRESENTATION(#11,'Body','SweptSolid',(#1385));
#1387=IFCPRODUCTDEFINITIONSHAPE($,$,(#1386));
#1393=IFCBEAM('1BCjExU_r4gReJC15y0lPh',$,'beam81',$,$,#16164,#1404,$,$);
#1394=IFCCARTESIANPOINTLIST2D(((0.,0.),(0.,0.25),(6.,0.25),(6.,0.),(0.,0.)));
#1395=IFCINDEXEDPOLYCURVE(#1394,$,.F.);
#1396=IFCDIRECTION((0.,0.,1.));
#1397=IFCARBITRARYCLOSEDPROFILEDEF(.AREA.,$,#1395);
#1398=IFCCARTESIANPOINT((0.,0.,0.));
#1399=IFCDIRECTION((0.,0.,1.));
#1400=IFCDIRECTION((1.,0.,0.));
#1401=IFCAXIS2PLACEMENT3D(#1398,#1399,#1400);
#1402=IFCEXTRUDEDAREASOLID(#1397,#1401,#1396,0.40000000000000002);
#1403=IFCSHAPEREPRESENTATION(#11,'Body','SweptSolid',(#1402));
#1404=IFCPRODUCTDEFINITIONSHAPE($,$,(#1403));
#1410=IFCBEAM('1h6DZJBr9D0eiLVkYpN9$u',$,'beam82',$,$,#17319,#1421,$,$);
#1411=IFCCARTESIANPOINTLIST2D(((0.,0.),(0.,0.25),(6.,0.25),(6.,0.),(0.,0.)));
#1412=IFCINDEXEDPOLYCURVE(#1411,$,.F.);
#1413=IFCDIRECTION((0.,0.,1.));
#1414=IFCARBITRARYCLOSEDPROFILEDEF(.AREA.,$,#1412);
#1415=IFCCARTESIANPOINT((0.,0.,0.));
#1416=IFCDIRECTION((0.,0.,1.));
#1417=IFCDIRECTION((1.,0.,0.));
#1418=IFCAXIS2PLACEMENT3D(#1415,#1416,#1417);
#1419=IFCEXTRUDEDAREASOLID(#1414,#1418,#1413,0.40000000000000002);
#1420=IFCSHAPEREPRESENTATION(#11,'Body','SweptSolid',(#1419));
#1421=IFCPRODUCTDEFINITIONSHAPE($,$,(#1420));
#1427=IFCBEAM('2A0N2tqqr3ARsoPV41FepH',$,'beam83',$,$,#18379,#1438,$,$);
#1428=IFCCARTESIANPOINTLIST2D(((0.,0.),(0.,0.25),(6.,0.25),(6.,0.),(0.,0.)));
#1429=IFCINDEXEDPOLYCURVE(#1428,$,.F.);
#1430=IFCDIRECTION((0.,0.,1.));
#1431=IFCARBITRARYCLOSEDPROFILEDEF(.AREA.,$,#1429);
#1432=IFCCARTESIANPOINT((0.,0.,0.));
#1433=IFCDIRECTION((0.,0.,1.));
#1434=IFCDIRECTION((1.,0.,0.));
#1435=IFCAXIS2PLACEMENT3D(#1432,#1433,#1434);
#1436=IFCEXTRUDEDAREASOLID(#1431,#1435,#1430,0.40000000000000002);
#1437=IFCSHAPEREPRESENTATION(#11,'Body','SweptSolid',(#1436));
#1438=IFCPRODUCTDEFINITIONSHAPE($,$,(#1437));
#1444=IFCBEAM('2dES7Ywc1BmeGQGMyLwoJz',$,'beam84',$,$,#15084,#1455,$,$);
#1445=IFCCARTESIANPOINTLIST2D(((0.,0.),(0.,0.25),(6.,0.25),(6.,0.),(0.,0.)));
#1446=IFCINDEXEDPOLYCURVE(#1445,$,.F.);
#1447=IFCDIRECTION((0.,0.,1.));
#1448=IFCARBITRARYCLOSEDPROFILEDEF(.AREA.,$,#1446);
#1449=IFCCARTESIANPOINT((0.,0.,0.));
#1450=IFCDIRECTION((0.,0.,1.));
#1451=IFCDIRECTION((1.,0.,0.));
#1452=IFCAXIS2PLACEMENT3D(#1449,#1450,#1451);
#1453=IFCEXTRUDEDAREASOLID(#1448,#1452,#1447,0.40000000000000002);
#1454=IFCSHAPEREPRESENTATION(#11,'Body','SweptSolid',(#1453));
#1455=IFCPRODUCTDEFINITIONSHAPE($,$,(#1454));
#1461=IFCBEAM('3_Kw87CHP30BRgUCW8Lu88',$,'beam85',$,$,#16214,#1472,$,$);
#1462=IFCCARTESIANPOINTLIST2D(((0.,0.),(0.,0.25),(6.,0.25),(6.,0.),(0.,0.)));
#1463=IFCINDEXEDPOLYCURVE(#1462,$,.F.);
#1464=IFCDIRECTION((0.,0.,1.));
#1465=IFCARBITRARYCLOSEDPROFILEDEF(.AREA.,$,#1463);
#1466=IFCCARTESIANPOINT((0.,0.,0.));
#1467=IFCDIRECTION((0.,0.,1.));
#1468=IFCDIRECTION((1.,0.,0.));
#1469=IFCAXIS2PLACEMENT3D(#1466,#1467,#1468);
#1470=IFCEXTRUDEDAREASOLID(#1465,#1469,#1464,0.40000000000000002);
#1471=IFCSHAPEREPRESENTATION(#11,'Body','SweptSolid',(#1470));
#1472=IFCPRODUCTDEFINITIONSHAPE($,$,(#1471));
#1478=IFCBEAM('0SgV6Bmmf7eeQcNVwij0IF',$,'beam86',$,$,#17364,#1489,$,$);
#1479=IFCCARTESIANPOINTLIST2D(((0.,0.),(0.,0.25),(6.,0.25),(6.,0.),(0.,0.)));
#1480=IFCINDEXEDPOLYCURVE(#1479,$,.F.);
#1481=IFCDIRECTION((0.,0.,1.));
#1482=IFCARBITRARYCLOSEDPROFILEDEF(.AREA.,$,#1480);
#1483=IFCCARTESIANPOINT((0.,0.,0.));
#1484=IFCDIRECTION((0.,0.,1.));
#1485=IFCDIRECTION((1.,0.,0.));
#1486=IFCAXIS2PLACEMENT3D(#1483,#1484,#1485);
#1487=IFCEXTRUDEDAREASOLID(#1482,#1486,#1481,0.40000000000000002);
#1488=IFCSHAPEREPRESENTATION(#11,'Body','SweptSolid',(#1487));
#1489=IFCPRODUCTDEFINITIONSHAPE($,$,(#1488));
#1495=IFCBEAM('19XrmcNgr1NxYk$j0h6aOO',$,'beam87',$,$,#18444,#1506,$,$);
#1496=IFCCARTESIANPOINTLIST2D(((0.,0.),(0.,0.25),(6.,0.25),(6.,0.),(0.,0.)));
#1497=IFCINDEXEDPOLYCURVE(#1496,$,.F.);
#1498=IFCDIRECTION((0.,0.,1.));
#1499=IFCARBITRARYCLOSEDPROFILEDEF(.AREA.,$,#1497);
#1500=IFCCARTESIANPOINT((0.,0.,0.));
#1501=IFCDIRECTION((0.,0.,1.));
#1502=IFCDIRECTION((1.,0.,0.));
#1503=IFCAXIS2PLACEMENT3D(#1500,#1501,#1502);
#1504=IFCEXTRUDEDAREASOLID(#1499,#1503,#1498,0.40000000000000002);
#1505=IFCSHAPEREPRESENTATION(#11,'Body','SweptSolid',(#1504));
#1506=IFCPRODUCTDEFINITIONSHAPE($,$,(#1505));
#1512=IFCBEAM('0B4gwrcDvDMfQj3j5Gnbvq',$,'beam88',$,$,#15379,#1523,$,$);
#1513=IFCCARTESIANPOINTLIST2D(((0.,0.),(0.,0.25),(6.,0.25),(6.,0.),(0.,0.)));
#1514=IFCINDEXEDPOLYCURVE(#1513,$,.F.);
#1515=IFCDIRECTION((0.,0.,1.));
#1516=IFCARBITRARYCLOSEDPROFILEDEF(.AREA.,$,#1514);
#1517=IFCCARTESIANPOINT((0.,0.,0.));
#1518=IFCDIRECTION((0.,0.,1.));
#1519=IFCDIRECTION((1.,0.,0.));
#1520=IFCAXIS2PLACEMENT3D(#1517,#1518,#1519);
#1521=IFCEXTRUDEDAREASOLID(#1516,#1520,#1515,0.40000000000000002);
#1522=IFCSHAPEREPRESENTATION(#11,'Body','SweptSolid',(#1521));
#1523=IFCPRODUCTDEFINITIONSHAPE($,$,(#1522));
#1529=IFCBEAM('2qXliE8gbBbgYuDH87_zL9',$,'beam89',$,$,#16254,#1540,$,$);
#1530=IFCCARTESIANPOINTLIST2D(((0.,0.),(0.,0.25),(6.,0.25),(6.,0.),(0.,0.)));
#1531=IFCINDEXEDPOLYCURVE(#1530,$,.F.);
#1532=IFCDIRECTION((0.,0.,1.));
#1533=IFCARBITRARYCLOSEDPROFILEDEF(.AREA.,$,#1531);
#1534=IFCCARTESIANPOINT((0.,0.,0.));
#1535=IFCDIRECTION((0.,0.,1.));
#1536=IFCDIRECTION((1.,0.,0.));
#1537=IFCAXIS2PLACEMENT3D(#1534,#1535,#1536);
#1538=IFCEXTRUDEDAREASOLID(#1533,#1537,#1532,0.40000000000000002);
#1539=IFCSHAPEREPRESENTATION(#11,'Body','SweptSolid',(#1538));
#1540=IFCPRODUCTDEFINITIONSHAPE($,$,(#1539));
#1546=IFCBEAM('2fCnmVMwn4aeUGx0TuUbrp',$,'beam90',$,$,#17064,#1557,$,$);
#1547=IFCCARTESIANPOINTLIST2D(((0.,0.),(0.,0.25),(6.,0.25),(6.,0.),(0.,0.)));
#1548=IFCINDEXEDPOLYCURVE(#1547,$,.F.);
#1549=IFCDIRECTION((0.,0.,1.));
#1550=IFCARBITRARYCLOSEDPROFILEDEF(.AREA.,$,#1548);
#1551=IFCCARTESIANPOINT((0.,0.,0.));
#1552=IFCDIRECTION((0.,0.,1.));
#1553=IFCDIRECTION((1.,0.,0.));
#1554=IFCAXIS2PLACEMENT3D(#1551,#1552,#1553);
#1555=IFCEXTRUDEDAREASOLID(#1550,#1554,#1549,0.40000000000000002);
#1556=IFCSHAPEREPRESENTATION(#11,'Body','SweptSolid',(#1555));
#1557=IFCPRODUCTDEFINITIONSHAPE($,$,(#1556));
#1563=IFCBEAM('0MMQPuuUfCF8vXcrEJlhvp',$,'beam91',$,$,#16894,#1574,$,$);
#1564=IFCCARTESIANPOINTLIST2D(((0.,0.),(0.,0.25),(6.,0.25),(6.,0.),(0.,0.)));
#1565=IFCINDEXEDPOLYCURVE(#1564,$,.F.);
#1566=IFCDIRECTION((0.,0.,1.));
#1567=IFCARBITRARYCLOSEDPROFILEDEF(.AREA.,$,#1565);
#1568=IFCCARTESIANPOINT((0.,0.,0.));
#1569=IFCDIRECTION((0.,0.,1.));
#1570=IFCDIRECTION((1.,0.,0.));
#1571=IFCAXIS2PLACEMENT3D(#1568,#1569,#1570);
#1572=IFCEXTRUDEDAREASOLID(#1567,#1571,#1566,0.40000000000000002);
#1573=IFCSHAPEREPRESENTATION(#11,'Body','SweptSolid',(#1572));
#1574=IFCPRODUCTDEFINITIONSHAPE($,$,(#1573));
#1580=IFCBEAM('3NRD81zVP0Hf3oj9Jrg83S',$,'beam92',$,$,#18044,#1591,$,$);
#1581=IFCCARTESIANPOINTLIST2D(((0.,0.),(0.,0.25),(6.,0.25),(6.,0.),(0.,0.)));
#1582=IFCINDEXEDPOLYCURVE(#1581,$,.F.);
#1583=IFCDIRECTION((0.,0.,1.));
#1584=IFCARBITRARYCLOSEDPROFILEDEF(.AREA.,$,#1582);
#1585=IFCCARTESIANPOINT((0.,0.,0.));
#1586=IFCDIRECTION((0.,0.,1.));
#1587=IFCDIRECTION((1.,0.,0.));
#1588=IFCAXIS2PLACEMENT3D(#1585,#1586,#1587);
#1589=IFCEXTRUDEDAREASOLID(#1584,#1588,#1583,0.40000000000000002);
#1590=IFCSHAPEREPRESENTATION(#11,'Body','SweptSolid',(#1589));
#1591=IFCPRODUCTDEFINITIONSHAPE($,$,(#1590));
#1597=IFCBEAM('11NiElXSbFPAFiIPXcEKpE',$,'beam93',$,$,#14909,#1608,$,$);
#1598=IFCCARTESIANPOINTLIST2D(((0.,0.),(0.,0.25),(6.,0.25),(6.,0.),(0.,0.)));
#1599=IFCINDEXEDPOLYCURVE(#1598,$,.F.);
#1600=IFCDIRECTION((0.,0.,1.));
#1601=IFCARBITRARYCLOSEDPROFILEDEF(.AREA.,$,#1599);
#1602=IFCCARTESIANPOINT((0.,0.,0.));
#1603=IFCDIRECTION((0.,0.,1.));
#1604=IFCDIRECTION((1.,0.,0.));
#1605=IFCAXIS2PLACEMENT3D(#1602,#1603,#1604);
#1606=IFCEXTRUDEDAREASOLID(#1601,#1605,#1600,0.5);
#1607=IFCSHAPEREPRESENTATION(#11,'Body','SweptSolid',(#1606));
#1608=IFCPRODUCTDEFINITIONSHAPE($,$,(#1607));
#1614=IFCBEAM('2Ict$FOB1E48vCXsYWalJ5',$,'beam94',$,$,#16019,#1625,$,$);
#1615=IFCCARTESIANPOINTLIST2D(((0.,0.),(0.,0.25),(6.,0.25),(6.,0.),(0.,0.)));
#1616=IFCINDEXEDPOLYCURVE(#1615,$,.F.);
#1617=IFCDIRECTION((0.,0.,1.));
#1618=IFCARBITRARYCLOSEDPROFILEDEF(.AREA.,$,#1616);
#1619=IFCCARTESIANPOINT((0.,0.,0.));
#1620=IFCDIRECTION((0.,0.,1.));
#1621=IFCDIRECTION((1.,0.,0.));
#1622=IFCAXIS2PLACEMENT3D(#1619,#1620,#1621);
#1623=IFCEXTRUDEDAREASOLID(#1618,#1622,#1617,0.5);
#1624=IFCSHAPEREPRESENTATION(#11,'Body','SweptSolid',(#1623));
#1625=IFCPRODUCTDEFINITIONSHAPE($,$,(#1624));
#1631=IFCBEAM('34BE2T_Nf0mgzTzf8ISEN$',$,'beam95',$,$,#16929,#1642,$,$);
#1632=IFCCARTESIANPOINTLIST2D(((0.,0.),(0.,0.25),(6.,0.25),(6.,0.),(0.,0.)));
#1633=IFCINDEXEDPOLYCURVE(#1632,$,.F.);
#1634=IFCDIRECTION((0.,0.,1.));
#1635=IFCARBITRARYCLOSEDPROFILEDEF(.AREA.,$,#1633);
#1636=IFCCARTESIANPOINT((0.,0.,0.));
#1637=IFCDIRECTION((0.,0.,1.));
#1638=IFCDIRECTION((1.,0.,0.));
#1639=IFCAXIS2PLACEMENT3D(#1636,#1637,#1638);
#1640=IFCEXTRUDEDAREASOLID(#1635,#1639,#1634,0.5);
#1641=IFCSHAPEREPRESENTATION(#11,'Body','SweptSolid',(#1640));
#1642=IFCPRODUCTDEFINITIONSHAPE($,$,(#1641));
#1648=IFCBEAM('3z8YhgeCHEefrUblPy6wQK',$,'beam96',$,$,#18084,#1659,$,$);
#1649=IFCCARTESIANPOINTLIST2D(((0.,0.),(0.,0.25),(6.,0.25),(6.,0.),(0.,0.)));
#1650=IFCINDEXEDPOLYCURVE(#1649,$,.F.);
#1651=IFCDIRECTION((0.,0.,1.));
#1652=IFCARBITRARYCLOSEDPROFILEDEF(.AREA.,$,#1650);
#1653=IFCCARTESIANPOINT((0.,0.,0.));
#1654=IFCDIRECTION((0.,0.,1.));
#1655=IFCDIRECTION((1.,0.,0.));
#1656=IFCAXIS2PLACEMENT3D(#1653,#1654,#1655);
#1657=IFCEXTRUDEDAREASOLID(#1652,#1656,#1651,0.5);
#1658=IFCSHAPEREPRESENTATION(#11,'Body','SweptSolid',(#1657));
#1659=IFCPRODUCTDEFINITIONSHAPE($,$,(#1658));
#1665=IFCBEAM('2NWBHp2OHFoPr5aXF4vrZA',$,'beam97',$,$,#14959,#1676,$,$);
#1666=IFCCARTESIANPOINTLIST2D(((0.,0.),(0.,0.25),(6.,0.25),(6.,0.),(0.,0.)));
#1667=IFCINDEXEDPOLYCURVE(#1666,$,.F.);
#1668=IFCDIRECTION((0.,0.,1.));
#1669=IFCARBITRARYCLOSEDPROFILEDEF(.AREA.,$,#1667);
#1670=IFCCARTESIANPOINT((0.,0.,0.));
#1671=IFCDIRECTION((0.,0.,1.));
#1672=IFCDIRECTION((1.,0.,0.));
#1673=IFCAXIS2PLACEMENT3D(#1670,#1671,#1672);
#1674=IFCEXTRUDEDAREASOLID(#1669,#1673,#1668,0.5);
#1675=IFCSHAPEREPRESENTATION(#11,'Body','SweptSolid',(#1674));
#1676=IFCPRODUCTDEFINITIONSHAPE($,$,(#1675));
#1682=IFCBEAM('15oOcuyAP8nwZtkQHGx3LQ',$,'beam98',$,$,#16084,#1693,$,$);
#1683=IFCCARTESIANPOINTLIST2D(((0.,0.),(0.,0.25),(6.,0.25),(6.,0.),(0.,0.)));
#1684=IFCINDEXEDPOLYCURVE(#1683,$,.F.);
#1685=IFCDIRECTION((0.,0.,1.));
#1686=IFCARBITRARYCLOSEDPROFILEDEF(.AREA.,$,#1684);
#1687=IFCCARTESIANPOINT((0.,0.,0.));
#1688=IFCDIRECTION((0.,0.,1.));
#1689=IFCDIRECTION((1.,0.,0.));
#1690=IFCAXIS2PLACEMENT3D(#1687,#1688,#1689);
#1691=IFCEXTRUDEDAREASOLID(#1686,#1690,#1685,0.5);
#1692=IFCSHAPEREPRESENTATION(#11,'Body','SweptSolid',(#1691));
#1693=IFCPRODUCTDEFINITIONSHAPE($,$,(#1692));
#1699=IFCBEAM('2CDueqgSDAgBVyJoJwrRAG',$,'beam99',$,$,#17224,#1710,$,$);
#1700=IFCCARTESIANPOINTLIST2D(((0.,0.),(0.,0.25),(6.,0.25),(6.,0.),(0.,0.)));
#1701=IFCINDEXEDPOLYCURVE(#1700,$,.F.);
#1702=IFCDIRECTION((0.,0.,1.));
#1703=IFCARBITRARYCLOSEDPROFILEDEF(.AREA.,$,#1701);
#1704=IFCCARTESIANPOINT((0.,0.,0.));
#1705=IFCDIRECTION((0.,0.,1.));
#1706=IFCDIRECTION((1.,0.,0.));
#1707=IFCAXIS2PLACEMENT3D(#1704,#1705,#1706);
#1708=IFCEXTRUDEDAREASOLID(#1703,#1707,#1702,0.5);
#1709=IFCSHAPEREPRESENTATION(#11,'Body','SweptSolid',(#1708));
#1710=IFCPRODUCTDEFINITIONSHAPE($,$,(#1709));
#1716=IFCBEAM('1wJ17OB1H2vgP6$2oo0x8S',$,'beam100',$,$,#18284,#1727,$,$);
#1717=IFCCARTESIANPOINTLIST2D(((0.,0.),(0.,0.25),(6.,0.25),(6.,0.),(0.,0.)));
#1718=IFCINDEXEDPOLYCURVE(#1717,$,.F.);
#1719=IFCDIRECTION((0.,0.,1.));
#1720=IFCARBITRARYCLOSEDPROFILEDEF(.AREA.,$,#1718);
#1721=IFCCARTESIANPOINT((0.,0.,0.));
#1722=IFCDIRECTION((0.,0.,1.));
#1723=IFCDIRECTION((1.,0.,0.));
#1724=IFCAXIS2PLACEMENT3D(#1721,#1722,#1723);
#1725=IFCEXTRUDEDAREASOLID(#1720,#1724,#1719,0.5);
#1726=IFCSHAPEREPRESENTATION(#11,'Body','SweptSolid',(#1725));
#1727=IFCPRODUCTDEFINITIONSHAPE($,$,(#1726));
#1733=IFCBEAM('2oRqnbIgb0GeXSpqI_ASnS',$,'beam101',$,$,#15014,#1744,$,$);
#1734=IFCCARTESIANPOINTLIST2D(((0.,0.),(0.,0.25),(6.,0.25),(6.,0.),(0.,0.)));
#1735=IFCINDEXEDPOLYCURVE(#1734,$,.F.);
#1736=IFCDIRECTION((0.,0.,1.));
#1737=IFCARBITRARYCLOSEDPROFILEDEF(.AREA.,$,#1735);
#1738=IFCCARTESIANPOINT((0.,0.,0.));
#1739=IFCDIRECTION((0.,0.,1.));
#1740=IFCDIRECTION((1.,0.,0.));
#1741=IFCAXIS2PLACEMENT3D(#1738,#1739,#1740);
#1742=IFCEXTRUDEDAREASOLID(#1737,#1741,#1736,0.5);
#1743=IFCSHAPEREPRESENTATION(#11,'Body','SweptSolid',(#1742));
#1744=IFCPRODUCTDEFINITIONSHAPE($,$,(#1743));
#1750=IFCBEAM('3QDexx8CPE3facHPJjEltI',$,'beam102',$,$,#16139,#1761,$,$);
#1751=IFCCARTESIANPOINTLIST2D(((0.,0.),(0.,0.25),(6.,0.25),(6.,0.),(0.,0.)));
#1752=IFCINDEXEDPOLYCURVE(#1751,$,.F.);
#1753=IFCDIRECTION((0.,0.,1.));
#1754=IFCARBITRARYCLOSEDPROFILEDEF(.AREA.,$,#1752);
#1755=IFCCARTESIANPOINT((0.,0.,0.));
#1756=IFCDIRECTION((0.,0.,1.));
#1757=IFCDIRECTION((1.,0.,0.));
#1758=IFCAXIS2PLACEMENT3D(#1755,#1756,#1757);
#1759=IFCEXTRUDEDAREASOLID(#1754,#1758,#1753,0.5);
#1760=IFCSHAPEREPRESENTATION(#11,'Body','SweptSolid',(#1759));
#1761=IFCPRODUCTDEFINITIONSHAPE($,$,(#1760));
#1767=IFCBEAM('1mWW2riL54puWgyH_hZBnB',$,'beam103',$,$,#17289,#1778,$,$);
#1768=IFCCARTESIANPOINTLIST2D(((0.,0.),(0.,0.25),(6.,0.25),(6.,0.),(0.,0.)));
#1769=IFCINDEXEDPOLYCURVE(#1768,$,.F.);
#1770=IFCDIRECTION((0.,0.,1.));
#1771=IFCARBITRARYCLOSEDPROFILEDEF(.AREA.,$,#1769);
#1772=IFCCARTESIANPOINT((0.,0.,0.));
#1773=IFCDIRECTION((0.,0.,1.));
#1774=IFCDIRECTION((1.,0.,0.));
#1775=IFCAXIS2PLACEMENT3D(#1772,#1773,#1774);
#1776=IFCEXTRUDEDAREASOLID(#1771,#1775,#1770,0.5);
#1777=IFCSHAPEREPRESENTATION(#11,'Body','SweptSolid',(#1776));
#1778=IFCPRODUCTDEFINITIONSHAPE($,$,(#1777));
#1784=IFCBEAM('2Ozv64LQz1Xg2j0hsHW4Or',$,'beam104',$,$,#18109,#1795,$,$);
#1785=IFCCARTESIANPOINTLIST2D(((0.,0.),(0.,0.25),(6.,0.25),(6.,0.),(0.,0.)));
#1786=IFCINDEXEDPOLYCURVE(#1785,$,.F.);
#1787=IFCDIRECTION((0.,0.,1.));
#1788=IFCARBITRARYCLOSEDPROFILEDEF(.AREA.,$,#1786);
#1789=IFCCARTESIANPOINT((0.,0.,0.));
#1790=IFCDIRECTION((0.,0.,1.));
#1791=IFCDIRECTION((1.,0.,0.));
#1792=IFCAXIS2PLACEMENT3D(#1789,#1790,#1791);
#1793=IFCEXTRUDEDAREASOLID(#1788,#1792,#1787,0.5);
#1794=IFCSHAPEREPRESENTATION(#11,'Body','SweptSolid',(#1793));
#1795=IFCPRODUCTDEFINITIONSHAPE($,$,(#1794));
#1801=IFCBEAM('1xReqcO$n7ZAsBl2b8cPO3',$,'beam105',$,$,#14999,#1812,$,$);
#1802=IFCCARTESIANPOINTLIST2D(((0.,0.),(0.,0.25),(6.,0.25),(6.,0.),(0.,0.)));
#1803=IFCINDEXEDPOLYCURVE(#1802,$,.F.);
#1804=IFCDIRECTION((0.,0.,1.));
#1805=IFCARBITRARYCLOSEDPROFILEDEF(.AREA.,$,#1803);
#1806=IFCCARTESIANPOINT((0.,0.,0.));
#1807=IFCDIRECTION((0.,0.,1.));
#1808=IFCDIRECTION((1.,0.,0.));
#1809=IFCAXIS2PLACEMENT3D(#1806,#1807,#1808);
#1810=IFCEXTRUDEDAREASOLID(#1805,#1809,#1804,0.5);
#1811=IFCSHAPEREPRESENTATION(#11,'Body','SweptSolid',(#1810));
#1812=IFCPRODUCTDEFINITIONSHAPE($,$,(#1811));
#1818=IFCBEAM('0QfpJ3J_n6Xw8Kb4yFi5$M',$,'beam106',$,$,#15859,#1829,$,$);
#1819=IFCCARTESIANPOINTLIST2D(((0.,0.),(0.,0.25),(6.,0.25),(6.,0.),(0.,0.)));
#1820=IFCINDEXEDPOLYCURVE(#1819,$,.F.);
#1821=IFCDIRECTION((0.,0.,1.));
#1822=IFCARBITRARYCLOSEDPROFILEDEF(.AREA.,$,#1820);
#1823=IFCCARTESIANPOINT((0.,0.,0.));
#1824=IFCDIRECTION((0.,0.,1.));
#1825=IFCDIRECTION((1.,0.,0.));
#1826=IFCAXIS2PLACEMENT3D(#1823,#1824,#1825);
#1827=IFCEXTRUDEDAREASOLID(#1822,#1826,#1821,0.40000000000000002);
#1828=IFCSHAPEREPRESENTATION(#11,'Body','SweptSolid',(#1827));
#1829=IFCPRODUCTDEFINITIONSHAPE($,$,(#1828));
#1835=IFCBEAM('3a_PlN1c5Fh9GnA$aavFZ7',$,'beam107',$,$,#16994,#1846,$,$);
#1836=IFCCARTESIANPOINTLIST2D(((0.,0.),(0.,0.25),(6.,0.25),(6.,0.),(0.,0.)));
#1837=IFCINDEXEDPOLYCURVE(#1836,$,.F.);
#1838=IFCDIRECTION((0.,0.,1.));
#1839=IFCARBITRARYCLOSEDPROFILEDEF(.AREA.,$,#1837);
#1840=IFCCARTESIANPOINT((0.,0.,0.));
#1841=IFCDIRECTION((0.,0.,1.));
#1842=IFCDIRECTION((1.,0.,0.));
#1843=IFCAXIS2PLACEMENT3D(#1840,#1841,#1842);
#1844=IFCEXTRUDEDAREASOLID(#1839,#1843,#1838,0.5);
#1845=IFCSHAPEREPRESENTATION(#11,'Body','SweptSolid',(#1844));
#1846=IFCPRODUCTDEFINITIONSHAPE($,$,(#1845));
#1852=IFCBEAM('3BJoL6UcL2pwd73n8H9F4E',$,'beam108',$,$,#16819,#1863,$,$);
#1853=IFCCARTESIANPOINTLIST2D(((0.,0.),(0.,0.25),(6.,0.25),(6.,0.),(0.,0.)));
#1854=IFCINDEXEDPOLYCURVE(#1853,$,.F.);
#1855=IFCDIRECTION((0.,0.,1.));
#1856=IFCARBITRARYCLOSEDPROFILEDEF(.AREA.,$,#1854);
#1857=IFCCARTESIANPOINT((0.,0.,0.));
#1858=IFCDIRECTION((0.,0.,1.));
#1859=IFCDIRECTION((1.,0.,0.));
#1860=IFCAXIS2PLACEMENT3D(#1857,#1858,#1859);
#1861=IFCEXTRUDEDAREASOLID(#1856,#1860,#1855,0.5);
#1862=IFCSHAPEREPRESENTATION(#11,'Body','SweptSolid',(#1861));
#1863=IFCPRODUCTDEFINITIONSHAPE($,$,(#1862));
#1869=IFCBEAM('2iy9psU7T7z8hW2FVc_iRN',$,'beam109',$,$,#17969,#1880,$,$);
#1870=IFCCARTESIANPOINTLIST2D(((0.,0.),(0.,0.25),(6.,0.25),(6.,0.),(0.,0.)));
#1871=IFCINDEXEDPOLYCURVE(#1870,$,.F.);
#1872=IFCDIRECTION((0.,0.,1.));
#1873=IFCARBITRARYCLOSEDPROFILEDEF(.AREA.,$,#1871);
#1874=IFCCARTESIANPOINT((0.,0.,0.));
#1875=IFCDIRECTION((0.,0.,1.));
#1876=IFCDIRECTION((1.,0.,0.));
#1877=IFCAXIS2PLACEMENT3D(#1874,#1875,#1876);
#1878=IFCEXTRUDEDAREASOLID(#1873,#1877,#1872,0.5);
#1879=IFCSHAPEREPRESENTATION(#11,'Body','SweptSolid',(#1878));
#1880=IFCPRODUCTDEFINITIONSHAPE($,$,(#1879));
#1886=IFCBEAM('0$950mJPfFQAVSkBueq8BH',$,'beam110',$,$,#14829,#1897,$,$);
#1887=IFCCARTESIANPOINTLIST2D(((0.,0.),(0.,0.25),(6.,0.25),(6.,0.),(0.,0.)));
#1888=IFCINDEXEDPOLYCURVE(#1887,$,.F.);
#1889=IFCDIRECTION((0.,0.,1.));
#1890=IFCARBITRARYCLOSEDPROFILEDEF(.AREA.,$,#1888);
#1891=IFCCARTESIANPOINT((0.,0.,0.));
#1892=IFCDIRECTION((0.,0.,1.));
#1893=IFCDIRECTION((1.,0.,0.));
#1894=IFCAXIS2PLACEMENT3D(#1891,#1892,#1893);
#1895=IFCEXTRUDEDAREASOLID(#1890,#1894,#1889,0.5);
#1896=IFCSHAPEREPRESENTATION(#11,'Body','SweptSolid',(#1895));
#1897=IFCPRODUCTDEFINITIONSHAPE($,$,(#1896));
#1903=IFCBEAM('1PuE0QoCXAp8rWcItli4mG',$,'beam111',$,$,#15934,#1914,$,$);
#1904=IFCCARTESIANPOINTLIST2D(((0.,0.),(0.,0.25),(6.,0.25),(6.,0.),(0.,0.)));
#1905=IFCINDEXEDPOLYCURVE(#1904,$,.F.);
#1906=IFCDIRECTION((0.,0.,1.));
#1907=IFCARBITRARYCLOSEDPROFILEDEF(.AREA.,$,#1905);
#1908=IFCCARTESIANPOINT((0.,0.,0.));
#1909=IFCDIRECTION((0.,0.,1.));
#1910=IFCDIRECTION((1.,0.,0.));
#1911=IFCAXIS2PLACEMENT3D(#1908,#1909,#1910);
#1912=IFCEXTRUDEDAREASOLID(#1907,#1911,#1906,0.5);
#1913=IFCSHAPEREPRESENTATION(#11,'Body','SweptSolid',(#1912));
#1914=IFCPRODUCTDEFINITIONSHAPE($,$,(#1913));
#1920=IFCBEAM('2kEWNRpNT22PkrwX20vTxE',$,'beam112',$,$,#16874,#1931,$,$);
#1921=IFCCARTESIANPOINTLIST2D(((0.,0.),(0.,0.25),(6.,0.25),(6.,0.),(0.,0.)));
#1922=IFCINDEXEDPOLYCURVE(#1921,$,.F.);
#1923=IFCDIRECTION((0.,0.,1.));
#1924=IFCARBITRARYCLOSEDPROFILEDEF(.AREA.,$,#1922);
#1925=IFCCARTESIANPOINT((0.,0.,0.));
#1926=IFCDIRECTION((0.,0.,1.));
#1927=IFCDIRECTION((1.,0.,0.));
#1928=IFCAXIS2PLACEMENT3D(#1925,#1926,#1927);
#1929=IFCEXTRUDEDAREASOLID(#1924,#1928,#1923,0.5);
#1930=IFCSHAPEREPRESENTATION(#11,'Body','SweptSolid',(#1929));
#1931=IFCPRODUCTDEFINITIONSHAPE($,$,(#1930));
#1937=IFCBEAM('3Dlvbo_TXFNQrTgZKT2Mlm',$,'beam113',$,$,#18024,#1948,$,$);
#1938=IFCCARTESIANPOINTLIST2D(((0.,0.),(0.,0.25),(6.,0.25),(6.,0.),(0.,0.)));
#1939=IFCINDEXEDPOLYCURVE(#1938,$,.F.);
#1940=IFCDIRECTION((0.,0.,1.));
#1941=IFCARBITRARYCLOSEDPROFILEDEF(.AREA.,$,#1939);
#1942=IFCCARTESIANPOINT((0.,0.,0.));
#1943=IFCDIRECTION((0.,0.,1.));
#1944=IFCDIRECTION((1.,0.,0.));
#1945=IFCAXIS2PLACEMENT3D(#1942,#1943,#1944);
#1946=IFCEXTRUDEDAREASOLID(#1941,#1945,#1940,0.5);
#1947=IFCSHAPEREPRESENTATION(#11,'Body','SweptSolid',(#1946));
#1948=IFCPRODUCTDEFINITIONSHAPE($,$,(#1947));
#1954=IFCBEAM('3N9B_nPmjADvydSMvl$pbc',$,'beam114',$,$,#14879,#1965,$,$);
#1955=IFCCARTESIANPOINTLIST2D(((0.,0.),(0.,0.25),(6.,0.25),(6.,0.),(0.,0.)));
#1956=IFCINDEXEDPOLYCURVE(#1955,$,.F.);
#1957=IFCDIRECTION((0.,0.,1.));
#1958=IFCARBITRARYCLOSEDPROFILEDEF(.AREA.,$,#1956);
#1959=IFCCARTESIANPOINT((0.,0.,0.));
#1960=IFCDIRECTION((0.,0.,1.));
#1961=IFCDIRECTION((1.,0.,0.));
#1962=IFCAXIS2PLACEMENT3D(#1959,#1960,#1961);
#1963=IFCEXTRUDEDAREASOLID(#1958,#1962,#1957,0.5);
#1964=IFCSHAPEREPRESENTATION(#11,'Body','SweptSolid',(#1963));
#1965=IFCPRODUCTDEFINITIONSHAPE($,$,(#1964));
#1971=IFCBEAM('1xaKkov_XFmv1U6pkXH_pb',$,'beam115',$,$,#15994,#1982,$,$);
#1972=IFCCARTESIANPOINTLIST2D(((0.,0.),(0.,0.25),(6.,0.25),(6.,0.),(0.,0.)));
#1973=IFCINDEXEDPOLYCURVE(#1972,$,.F.);
#1974=IFCDIRECTION((0.,0.,1.));
#1975=IFCARBITRARYCLOSEDPROFILEDEF(.AREA.,$,#1973);
#1976=IFCCARTESIANPOINT((0.,0.,0.));
#1977=IFCDIRECTION((0.,0.,1.));
#1978=IFCDIRECTION((1.,0.,0.));
#1979=IFCAXIS2PLACEMENT3D(#1976,#1977,#1978);
#1980=IFCEXTRUDEDAREASOLID(#1975,#1979,#1974,0.5);
#1981=IFCSHAPEREPRESENTATION(#11,'Body','SweptSolid',(#1980));
#1982=IFCPRODUCTDEFINITIONSHAPE($,$,(#1981));
#1988=IFCBEAM('0cCJsCtcLALQeFR5y6sZsl',$,'beam116',$,$,#17124,#1999,$,$);
#1989=IFCCARTESIANPOINTLIST2D(((0.,0.),(0.,0.25),(6.,0.25),(6.,0.),(0.,0.)));
#1990=IFCINDEXEDPOLYCURVE(#1989,$,.F.);
#1991=IFCDIRECTION((0.,0.,1.));
#1992=IFCARBITRARYCLOSEDPROFILEDEF(.AREA.,$,#1990);
#1993=IFCCARTESIANPOINT((0.,0.,0.));
#1994=IFCDIRECTION((0.,0.,1.));
#1995=IFCDIRECTION((1.,0.,0.));
#1996=IFCAXIS2PLACEMENT3D(#1993,#1994,#1995);
#1997=IFCEXTRUDEDAREASOLID(#1992,#1996,#1991,0.5);
#1998=IFCSHAPEREPRESENTATION(#11,'Body','SweptSolid',(#1997));
#1999=IFCPRODUCTDEFINITIONSHAPE($,$,(#1998));
#2005=IFCBEAM('2QRV0w0Br7lfnHf59hu_J8',$,'beam117',$,$,#18209,#2016,$,$);
#2006=IFCCARTESIANPOINTLIST2D(((0.,0.),(0.,0.25),(6.,0.25),(6.,0.),(0.,0.)));
#2007=IFCINDEXEDPOLYCURVE(#2006,$,.F.);
#2008=IFCDIRECTION((0.,0.,1.));
#2009=IFCARBITRARYCLOSEDPROFILEDEF(.AREA.,$,#2007);
#2010=IFCCARTESIANPOINT((0.,0.,0.));
#2011=IFCDIRECTION((0.,0.,1.));
#2012=IFCDIRECTION((1.,0.,0.));
#2013=IFCAXIS2PLACEMENT3D(#2010,#2011,#2012);
#2014=IFCEXTRUDEDAREASOLID(#2009,#2013,#2008,0.5);
#2015=IFCSHAPEREPRESENTATION(#11,'Body','SweptSolid',(#2014));
#2016=IFCPRODUCTDEFINITIONSHAPE($,$,(#2015));
#2022=IFCBEAM('2Apl2QHk9CHPPx6nrI2hGN',$,'beam118',$,$,#14599,#2033,$,$);
#2023=IFCCARTESIANPOINTLIST2D(((0.,0.),(0.,0.25),(6.,0.25),(6.,0.),(0.,0.)));
#2024=IFCINDEXEDPOLYCURVE(#2023,$,.F.);
#2025=IFCDIRECTION((0.,0.,1.));
#2026=IFCARBITRARYCLOSEDPROFILEDEF(.AREA.,$,#2024);
#2027=IFCCARTESIANPOINT((0.,0.,0.));
#2028=IFCDIRECTION((0.,0.,1.));
#2029=IFCDIRECTION((1.,0.,0.));
#2030=IFCAXIS2PLACEMENT3D(#2027,#2028,#2029);
#2031=IFCEXTRUDEDAREASOLID(#2026,#2030,#2025,0.5);
#2032=IFCSHAPEREPRESENTATION(#11,'Body','SweptSolid',(#2031));
#2033=IFCPRODUCTDEFINITIONSHAPE($,$,(#2032));
#2039=IFCBEAM('2FJpBBSWr03PiMx8cb$FOq',$,'beam119',$,$,#15754,#2050,$,$);
#2040=IFCCARTESIANPOINTLIST2D(((0.,0.),(0.,0.25),(6.,0.25),(6.,0.),(0.,0.)));
#2041=IFCINDEXEDPOLYCURVE(#2040,$,.F.);
#2042=IFCDIRECTION((0.,0.,1.));
#2043=IFCARBITRARYCLOSEDPROFILEDEF(.AREA.,$,#2041);
#2044=IFCCARTESIANPOINT((0.,0.,0.));
#2045=IFCDIRECTION((0.,0.,1.));
#2046=IFCDIRECTION((1.,0.,0.));
#2047=IFCAXIS2PLACEMENT3D(#2044,#2045,#2046);
#2048=IFCEXTRUDEDAREASOLID(#2043,#2047,#2042,0.5);
#2049=IFCSHAPEREPRESENTATION(#11,'Body','SweptSolid',(#2048));
#2050=IFCPRODUCTDEFINITIONSHAPE($,$,(#2049));
#2056=IFCBEAM('3VGVIpYIn4GRjWFGdu0meC',$,'beam120',$,$,#16899,#2067,$,$);
#2057=IFCCARTESIANPOINTLIST2D(((0.,0.),(0.,0.25),(6.,0.25),(6.,0.),(0.,0.)));
#2058=IFCINDEXEDPOLYCURVE(#2057,$,.F.);
#2059=IFCDIRECTION((0.,0.,1.));
#2060=IFCARBITRARYCLOSEDPROFILEDEF(.AREA.,$,#2058);
#2061=IFCCARTESIANPOINT((0.,0.,0.));
#2062=IFCDIRECTION((0.,0.,1.));
#2063=IFCDIRECTION((1.,0.,0.));
#2064=IFCAXIS2PLACEMENT3D(#2061,#2062,#2063);
#2065=IFCEXTRUDEDAREASOLID(#2060,#2064,#2059,0.5);
#2066=IFCSHAPEREPRESENTATION(#11,'Body','SweptSolid',(#2065));
#2067=IFCPRODUCTDEFINITIONSHAPE($,$,(#2066));
#2073=IFCBEAM('0rUzWpwobFlx5qHbD3mNsA',$,'beam121',$,$,#18059,#2084,$,$);
#2074=IFCCARTESIANPOINTLIST2D(((0.,0.),(0.,0.25),(6.,0.25),(6.,0.),(0.,0.)));
#2075=IFCINDEXEDPOLYCURVE(#2074,$,.F.);
#2076=IFCDIRECTION((0.,0.,1.));
#2077=IFCARBITRARYCLOSEDPROFILEDEF(.AREA.,$,#2075);
#2078=IFCCARTESIANPOINT((0.,0.,0.));
#2079=IFCDIRECTION((0.,0.,1.));
#2080=IFCDIRECTION((1.,0.,0.));
#2081=IFCAXIS2PLACEMENT3D(#2078,#2079,#2080);
#2082=IFCEXTRUDEDAREASOLID(#2077,#2081,#2076,0.5);
#2083=IFCSHAPEREPRESENTATION(#11,'Body','SweptSolid',(#2082));
#2084=IFCPRODUCTDEFINITIONSHAPE($,$,(#2083));
#2090=IFCBEAM('1dIorH0JX4CPzk2n4gV7mQ',$,'beam122',$,$,#14929,#2101,$,$);
#2091=IFCCARTESIANPOINTLIST2D(((0.,0.),(0.,0.25),(6.,0.25),(6.,0.),(0.,0.)));
#2092=IFCINDEXEDPOLYCURVE(#2091,$,.F.);
#2093=IFCDIRECTION((0.,0.,1.));
#2094=IFCARBITRARYCLOSEDPROFILEDEF(.AREA.,$,#2092);
#2095=IFCCARTESIANPOINT((0.,0.,0.));
#2096=IFCDIRECTION((0.,0.,1.));
#2097=IFCDIRECTION((1.,0.,0.));
#2098=IFCAXIS2PLACEMENT3D(#2095,#2096,#2097);
#2099=IFCEXTRUDEDAREASOLID(#2094,#2098,#2093,0.5);
#2100=IFCSHAPEREPRESENTATION(#11,'Body','SweptSolid',(#2099));
#2101=IFCPRODUCTDEFINITIONSHAPE($,$,(#2100));
#2107=IFCBEAM('24Qbehrzf8ahFSyjHgUX6m',$,'beam123',$,$,#15789,#2118,$,$);
#2108=IFCCARTESIANPOINTLIST2D(((0.,0.),(0.,0.25),(6.,0.25),(6.,0.),(0.,0.)));
#2109=IFCINDEXEDPOLYCURVE(#2108,$,.F.);
#2110=IFCDIRECTION((0.,0.,1.));
#2111=IFCARBITRARYCLOSEDPROFILEDEF(.AREA.,$,#2109);
#2112=IFCCARTESIANPOINT((0.,0.,0.));
#2113=IFCDIRECTION((0.,0.,1.));
#2114=IFCDIRECTION((1.,0.,0.));
#2115=IFCAXIS2PLACEMENT3D(#2112,#2113,#2114);
#2116=IFCEXTRUDEDAREASOLID(#2111,#2115,#2110,0.5);
#2117=IFCSHAPEREPRESENTATION(#11,'Body','SweptSolid',(#2116));
#2118=IFCPRODUCTDEFINITIONSHAPE($,$,(#2117));
#2124=IFCBEAM('04vX6iniL0zRKJGrIL2Jvm',$,'beam124',$,$,#16934,#2135,$,$);
#2125=IFCCARTESIANPOINTLIST2D(((0.,0.),(0.,0.25),(6.,0.25),(6.,0.),(0.,0.)));
#2126=IFCINDEXEDPOLYCURVE(#2125,$,.F.);
#2127=IFCDIRECTION((0.,0.,1.));
#2128=IFCARBITRARYCLOSEDPROFILEDEF(.AREA.,$,#2126);
#2129=IFCCARTESIANPOINT((0.,0.,0.));
#2130=IFCDIRECTION((0.,0.,1.));
#2131=IFCDIRECTION((1.,0.,0.));
#2132=IFCAXIS2PLACEMENT3D(#2129,#2130,#2131);
#2133=IFCEXTRUDEDAREASOLID(#2128,#2132,#2127,0.5);
#2134=IFCSHAPEREPRESENTATION(#11,'Body','SweptSolid',(#2133));
#2135=IFCPRODUCTDEFINITIONSHAPE($,$,(#2134));
#2141=IFCBEAM('2C_Vy6h_rFmuF_vZv$mceJ',$,'beam125',$,$,#18089,#2152,$,$);
#2142=IFCCARTESIANPOINTLIST2D(((0.,0.),(0.,0.25),(6.,0.25),(6.,0.),(0.,0.)));
#2143=IFCINDEXEDPOLYCURVE(#2142,$,.F.);
#2144=IFCDIRECTION((0.,0.,1.));
#2145=IFCARBITRARYCLOSEDPROFILEDEF(.AREA.,$,#2143);
#2146=IFCCARTESIANPOINT((0.,0.,0.));
#2147=IFCDIRECTION((0.,0.,1.));
#2148=IFCDIRECTION((1.,0.,0.));
#2149=IFCAXIS2PLACEMENT3D(#2146,#2147,#2148);
#2150=IFCEXTRUDEDAREASOLID(#2145,#2149,#2144,0.40000000000000002);
#2151=IFCSHAPEREPRESENTATION(#11,'Body','SweptSolid',(#2150));
#2152=IFCPRODUCTDEFINITIONSHAPE($,$,(#2151));
#2158=IFCBEAM('0wFnbVfhXDfOWfw7yRaUeq',$,'beam126',$,$,#17874,#2169,$,$);
#2159=IFCCARTESIANPOINTLIST2D(((0.,0.),(0.,0.25),(6.,0.25),(6.,0.),(0.,0.)));
#2160=IFCINDEXEDPOLYCURVE(#2159,$,.F.);
#2161=IFCDIRECTION((0.,0.,1.));
#2162=IFCARBITRARYCLOSEDPROFILEDEF(.AREA.,$,#2160);
#2163=IFCCARTESIANPOINT((0.,0.,0.));
#2164=IFCDIRECTION((0.,0.,1.));
#2165=IFCDIRECTION((1.,0.,0.));
#2166=IFCAXIS2PLACEMENT3D(#2163,#2164,#2165);
#2167=IFCEXTRUDEDAREASOLID(#2162,#2166,#2161,0.40000000000000002);
#2168=IFCSHAPEREPRESENTATION(#11,'Body','SweptSolid',(#2167));
#2169=IFCPRODUCTDEFINITIONSHAPE($,$,(#2168));
#2175=IFCBEAM('0MH1oKxkDFM9Hrid1A0hA9',$,'beam127',$,$,#14734,#2186,$,$);
#2176=IFCCARTESIANPOINTLIST2D(((0.,0.),(0.,0.25),(6.,0.25),(6.,0.),(0.,0.)));
#2177=IFCINDEXEDPOLYCURVE(#2176,$,.F.);
#2178=IFCDIRECTION((0.,0.,1.));
#2179=IFCARBITRARYCLOSEDPROFILEDEF(.AREA.,$,#2177);
#2180=IFCCARTESIANPOINT((0.,0.,0.));
#2181=IFCDIRECTION((0.,0.,1.));
#2182=IFCDIRECTION((1.,0.,0.));
#2183=IFCAXIS2PLACEMENT3D(#2180,#2181,#2182);
#2184=IFCEXTRUDEDAREASOLID(#2179,#2183,#2178,0.40000000000000002);
#2185=IFCSHAPEREPRESENTATION(#11,'Body','SweptSolid',(#2184));
#2186=IFCPRODUCTDEFINITIONSHAPE($,$,(#2185));
#2192=IFCBEAM('3QNGNAgdP9_uR5r9S7j$hF',$,'beam128',$,$,#15854,#2203,$,$);
#2193=IFCCARTESIANPOINTLIST2D(((0.,0.),(0.,0.25),(6.,0.25),(6.,0.),(0.,0.)));
#2194=IFCINDEXEDPOLYCURVE(#2193,$,.F.);
#2195=IFCDIRECTION((0.,0.,1.));
#2196=IFCARBITRARYCLOSEDPROFILEDEF(.AREA.,$,#2194);
#2197=IFCCARTESIANPOINT((0.,0.,0.));
#2198=IFCDIRECTION((0.,0.,1.));
#2199=IFCDIRECTION((1.,0.,0.));
#2200=IFCAXIS2PLACEMENT3D(#2197,#2198,#2199);
#2201=IFCEXTRUDEDAREASOLID(#2196,#2200,#2195,0.40000000000000002);
#2202=IFCSHAPEREPRESENTATION(#11,'Body','SweptSolid',(#2201));
#2203=IFCPRODUCTDEFINITIONSHAPE($,$,(#2202));
#2209=IFCBEAM('3vMgQfyePB1QVlPiD_I29H',$,'beam129',$,$,#16789,#2220,$,$);
#2210=IFCCARTESIANPOINTLIST2D(((0.,0.),(0.,0.25),(6.,0.25),(6.,0.),(0.,0.)));
#2211=IFCINDEXEDPOLYCURVE(#2210,$,.F.);
#2212=IFCDIRECTION((0.,0.,1.));
#2213=IFCARBITRARYCLOSEDPROFILEDEF(.AREA.,$,#2211);
#2214=IFCCARTESIANPOINT((0.,0.,0.));
#2215=IFCDIRECTION((0.,0.,1.));
#2216=IFCDIRECTION((1.,0.,0.));
#2217=IFCAXIS2PLACEMENT3D(#2214,#2215,#2216);
#2218=IFCEXTRUDEDAREASOLID(#2213,#2217,#2212,0.40000000000000002);
#2219=IFCSHAPEREPRESENTATION(#11,'Body','SweptSolid',(#2218));
#2220=IFCPRODUCTDEFINITIONSHAPE($,$,(#2219));
#2226=IFCBEAM('1HAloOe9T6DfNu7ID4KVJo',$,'beam130',$,$,#17944,#2237,$,$);
#2227=IFCCARTESIANPOINTLIST2D(((0.,0.),(0.,0.25),(6.,0.25),(6.,0.),(0.,0.)));
#2228=IFCINDEXEDPOLYCURVE(#2227,$,.F.);
#2229=IFCDIRECTION((0.,0.,1.));
#2230=IFCARBITRARYCLOSEDPROFILEDEF(.AREA.,$,#2228);
#2231=IFCCARTESIANPOINT((0.,0.,0.));
#2232=IFCDIRECTION((0.,0.,1.));
#2233=IFCDIRECTION((1.,0.,0.));
#2234=IFCAXIS2PLACEMENT3D(#2231,#2232,#2233);
#2235=IFCEXTRUDEDAREASOLID(#2230,#2234,#2229,0.40000000000000002);
#2236=IFCSHAPEREPRESENTATION(#11,'Body','SweptSolid',(#2235));
#2237=IFCPRODUCTDEFINITIONSHAPE($,$,(#2236));
#2243=IFCBEAM('15rX8L95bEVxywbKuTDkJL',$,'beam131',$,$,#14804,#2254,$,$);
#2244=IFCCARTESIANPOINTLIST2D(((0.,0.),(0.,0.25),(6.,0.25),(6.,0.),(0.,0.)));
#2245=IFCINDEXEDPOLYCURVE(#2244,$,.F.);
#2246=IFCDIRECTION((0.,0.,1.));
#2247=IFCARBITRARYCLOSEDPROFILEDEF(.AREA.,$,#2245);
#2248=IFCCARTESIANPOINT((0.,0.,0.));
#2249=IFCDIRECTION((0.,0.,1.));
#2250=IFCDIRECTION((1.,0.,0.));
#2251=IFCAXIS2PLACEMENT3D(#2248,#2249,#2250);
#2252=IFCEXTRUDEDAREASOLID(#2247,#2251,#2246,0.40000000000000002);
#2253=IFCSHAPEREPRESENTATION(#11,'Body','SweptSolid',(#2252));
#2254=IFCPRODUCTDEFINITIONSHAPE($,$,(#2253));
#2260=IFCBEAM('0CH9wLJJv0qAd3FuE_Ym8m',$,'beam132',$,$,#15679,#2271,$,$);
#2261=IFCCARTESIANPOINTLIST2D(((0.,0.),(0.,0.25),(6.,0.25),(6.,0.),(0.,0.)));
#2262=IFCINDEXEDPOLYCURVE(#2261,$,.F.);
#2263=IFCDIRECTION((0.,0.,1.));
#2264=IFCARBITRARYCLOSEDPROFILEDEF(.AREA.,$,#2262);
#2265=IFCCARTESIANPOINT((0.,0.,0.));
#2266=IFCDIRECTION((0.,0.,1.));
#2267=IFCDIRECTION((1.,0.,0.));
#2268=IFCAXIS2PLACEMENT3D(#2265,#2266,#2267);
#2269=IFCEXTRUDEDAREASOLID(#2264,#2268,#2263,0.40000000000000002);
#2270=IFCSHAPEREPRESENTATION(#11,'Body','SweptSolid',(#2269));
#2271=IFCPRODUCTDEFINITIONSHAPE($,$,(#2270));
#2277=IFCBEAM('1R62qt3uvBaAD9W9zkZPTA',$,'beam133',$,$,#16769,#2288,$,$);
#2278=IFCCARTESIANPOINTLIST2D(((0.,0.),(0.,0.25),(6.,0.25),(6.,0.),(0.,0.)));
#2279=IFCINDEXEDPOLYCURVE(#2278,$,.F.);
#2280=IFCDIRECTION((0.,0.,1.));
#2281=IFCARBITRARYCLOSEDPROFILEDEF(.AREA.,$,#2279);
#2282=IFCCARTESIANPOINT((0.,0.,0.));
#2283=IFCDIRECTION((0.,0.,1.));
#2284=IFCDIRECTION((1.,0.,0.));
#2285=IFCAXIS2PLACEMENT3D(#2282,#2283,#2284);
#2286=IFCEXTRUDEDAREASOLID(#2281,#2285,#2280,0.40000000000000002);
#2287=IFCSHAPEREPRESENTATION(#11,'Body','SweptSolid',(#2286));
#2288=IFCPRODUCTDEFINITIONSHAPE($,$,(#2287));
#2294=IFCBEAM('2MxmvQJeXBuhWCtJp$FsHN',$,'beam134',$,$,#17919,#2305,$,$);
#2295=IFCCARTESIANPOINTLIST2D(((0.,0.),(0.,0.25),(6.,0.25),(6.,0.),(0.,0.)));
#2296=IFCINDEXEDPOLYCURVE(#2295,$,.F.);
#2297=IFCDIRECTION((0.,0.,1.));
#2298=IFCARBITRARYCLOSEDPROFILEDEF(.AREA.,$,#2296);
#2299=IFCCARTESIANPOINT((0.,0.,0.));
#2300=IFCDIRECTION((0.,0.,1.));
#2301=IFCDIRECTION((1.,0.,0.));
#2302=IFCAXIS2PLACEMENT3D(#2299,#2300,#2301);
#2303=IFCEXTRUDEDAREASOLID(#2298,#2302,#2297,0.40000000000000002);
#2304=IFCSHAPEREPRESENTATION(#11,'Body','SweptSolid',(#2303));
#2305=IFCPRODUCTDEFINITIONSHAPE($,$,(#2304));
#2311=IFCBEAM('2shz05sQn6fAg_0cymllc3',$,'beam135',$,$,#18794,#2322,$,$);
#2312=IFCCARTESIANPOINTLIST2D(((0.,0.),(0.,0.25),(6.,0.25),(6.,0.),(0.,0.)));
#2313=IFCINDEXEDPOLYCURVE(#2312,$,.F.);
#2314=IFCDIRECTION((0.,0.,1.));
#2315=IFCARBITRARYCLOSEDPROFILEDEF(.AREA.,$,#2313);
#2316=IFCCARTESIANPOINT((0.,0.,0.));
#2317=IFCDIRECTION((0.,0.,1.));
#2318=IFCDIRECTION((1.,0.,0.));
#2319=IFCAXIS2PLACEMENT3D(#2316,#2317,#2318);
#2320=IFCEXTRUDEDAREASOLID(#2315,#2319,#2314,0.40000000000000002);
#2321=IFCSHAPEREPRESENTATION(#11,'Body','SweptSolid',(#2320));
#2322=IFCPRODUCTDEFINITIONSHAPE($,$,(#2321));
#2328=IFCBEAM('0hWUD_54H5xu0Mwa1Untfh',$,'beam136',$,$,#15719,#2339,$,$);
#2329=IFCCARTESIANPOINTLIST2D(((0.,0.),(0.,0.25),(6.,0.25),(6.,0.),(0.,0.)));
#2330=IFCINDEXEDPOLYCURVE(#2329,$,.F.);
#2331=IFCDIRECTION((0.,0.,1.));
#2332=IFCARBITRARYCLOSEDPROFILEDEF(.AREA.,$,#2330);
#2333=IFCCARTESIANPOINT((0.,0.,0.));
#2334=IFCDIRECTION((0.,0.,1.));
#2335=IFCDIRECTION((1.,0.,0.));
#2336=IFCAXIS2PLACEMENT3D(#2333,#2334,#2335);
#2337=IFCEXTRUDEDAREASOLID(#2332,#2336,#2331,0.40000000000000002);
#2338=IFCSHAPEREPRESENTATION(#11,'Body','SweptSolid',(#2337));
#2339=IFCPRODUCTDEFINITIONSHAPE($,$,(#2338));
#2345=IFCBEAM('0kGeFegorBBQIrhgLaDc6o',$,'beam137',$,$,#16829,#2356,$,$);
#2346=IFCCARTESIANPOINTLIST2D(((0.,0.),(0.,0.25),(6.,0.25),(6.,0.),(0.,0.)));
#2347=IFCINDEXEDPOLYCURVE(#2346,$,.F.);
#2348=IFCDIRECTION((0.,0.,1.));
#2349=IFCARBITRARYCLOSEDPROFILEDEF(.AREA.,$,#2347);
#2350=IFCCARTESIANPOINT((0.,0.,0.));
#2351=IFCDIRECTION((0.,0.,1.));
#2352=IFCDIRECTION((1.,0.,0.));
#2353=IFCAXIS2PLACEMENT3D(#2350,#2351,#2352);
#2354=IFCEXTRUDEDAREASOLID(#2349,#2353,#2348,0.40000000000000002);
#2355=IFCSHAPEREPRESENTATION(#11,'Body','SweptSolid',(#2354));
#2356=IFCPRODUCTDEFINITIONSHAPE($,$,(#2355));
#2362=IFCBEAM('0UCaT$zEPBjBg4MUXy9HLU',$,'beam138',$,$,#17984,#2373,$,$);
#2363=IFCCARTESIANPOINTLIST2D(((0.,0.),(0.,0.25),(6.,0.25),(6.,0.),(0.,0.)));
#2364=IFCINDEXEDPOLYCURVE(#2363,$,.F.);
#2365=IFCDIRECTION((0.,0.,1.));
#2366=IFCARBITRARYCLOSEDPROFILEDEF(.AREA.,$,#2364);
#2367=IFCCARTESIANPOINT((0.,0.,0.));
#2368=IFCDIRECTION((0.,0.,1.));
#2369=IFCDIRECTION((1.,0.,0.));
#2370=IFCAXIS2PLACEMENT3D(#2367,#2368,#2369);
#2371=IFCEXTRUDEDAREASOLID(#2366,#2370,#2365,0.40000000000000002);
#2372=IFCSHAPEREPRESENTATION(#11,'Body','SweptSolid',(#2371));
#2373=IFCPRODUCTDEFINITIONSHAPE($,$,(#2372));
#2379=IFCBEAM('23WvGiJR53nul5NDQplFBW',$,'beam139',$,$,#14839,#2390,$,$);
#2380=IFCCARTESIANPOINTLIST2D(((0.,0.),(0.,0.25),(6.,0.25),(6.,0.),(0.,0.)));
#2381=IFCINDEXEDPOLYCURVE(#2380,$,.F.);
#2382=IFCDIRECTION((0.,0.,1.));
#2383=IFCARBITRARYCLOSEDPROFILEDEF(.AREA.,$,#2381);
#2384=IFCCARTESIANPOINT((0.,0.,0.));
#2385=IFCDIRECTION((0.,0.,1.));
#2386=IFCDIRECTION((1.,0.,0.));
#2387=IFCAXIS2PLACEMENT3D(#2384,#2385,#2386);
#2388=IFCEXTRUDEDAREASOLID(#2383,#2387,#2382,0.5);
#2389=IFCSHAPEREPRESENTATION(#11,'Body','SweptSolid',(#2388));
#2390=IFCPRODUCTDEFINITIONSHAPE($,$,(#2389));
#2396=IFCBEAM('16dHwcvPn2bRTcWYb2b3OC',$,'beam140',$,$,#15744,#2407,$,$);
#2397=IFCCARTESIANPOINTLIST2D(((0.,0.),(0.,0.25),(6.,0.25),(6.,0.),(0.,0.)));
#2398=IFCINDEXEDPOLYCURVE(#2397,$,.F.);
#2399=IFCDIRECTION((0.,0.,1.));
#2400=IFCARBITRARYCLOSEDPROFILEDEF(.AREA.,$,#2398);
#2401=IFCCARTESIANPOINT((0.,0.,0.));
#2402=IFCDIRECTION((0.,0.,1.));
#2403=IFCDIRECTION((1.,0.,0.));
#2404=IFCAXIS2PLACEMENT3D(#2401,#2402,#2403);
#2405=IFCEXTRUDEDAREASOLID(#2400,#2404,#2399,0.5);
#2406=IFCSHAPEREPRESENTATION(#11,'Body','SweptSolid',(#2405));
#2407=IFCPRODUCTDEFINITIONSHAPE($,$,(#2406));
#2413=IFCBEAM('2ArSE6wBr3gBqmXj1fJyGA',$,'beam141',$,$,#16884,#2424,$,$);
#2414=IFCCARTESIANPOINTLIST2D(((0.,0.),(0.,0.25),(6.,0.25),(6.,0.),(0.,0.)));
#2415=IFCINDEXEDPOLYCURVE(#2414,$,.F.);
#2416=IFCDIRECTION((0.,0.,1.));
#2417=IFCARBITRARYCLOSEDPROFILEDEF(.AREA.,$,#2415);
#2418=IFCCARTESIANPOINT((0.,0.,0.));
#2419=IFCDIRECTION((0.,0.,1.));
#2420=IFCDIRECTION((1.,0.,0.));
#2421=IFCAXIS2PLACEMENT3D(#2418,#2419,#2420);
#2422=IFCEXTRUDEDAREASOLID(#2417,#2421,#2416,0.5);
#2423=IFCSHAPEREPRESENTATION(#11,'Body','SweptSolid',(#2422));
#2424=IFCPRODUCTDEFINITIONSHAPE($,$,(#2423));
#2430=IFCBEAM('3yehTBffr1g9MBEcqgmkYe',$,'beam142',$,$,#18034,#2441,$,$);
#2431=IFCCARTESIANPOINTLIST2D(((0.,0.),(0.,0.25),(6.,0.25),(6.,0.),(0.,0.)));
#2432=IFCINDEXEDPOLYCURVE(#2431,$,.F.);
#2433=IFCDIRECTION((0.,0.,1.));
#2434=IFCARBITRARYCLOSEDPROFILEDEF(.AREA.,$,#2432);
#2435=IFCCARTESIANPOINT((0.,0.,0.));
#2436=IFCDIRECTION((0.,0.,1.));
#2437=IFCDIRECTION((1.,0.,0.));
#2438=IFCAXIS2PLACEMENT3D(#2435,#2436,#2437);
#2439=IFCEXTRUDEDAREASOLID(#2434,#2438,#2433,0.5);
#2440=IFCSHAPEREPRESENTATION(#11,'Body','SweptSolid',(#2439));
#2441=IFCPRODUCTDEFINITIONSHAPE($,$,(#2440));
#2447=IFCBEAM('04Jw5dat5DzA0azqHUfFTx',$,'beam143',$,$,#17779,#2458,$,$);
#2448=IFCCARTESIANPOINTLIST2D(((0.,0.),(0.,0.25),(6.,0.25),(6.,0.),(0.,0.)));
#2449=IFCINDEXEDPOLYCURVE(#2448,$,.F.);
#2450=IFCDIRECTION((0.,0.,1.));
#2451=IFCARBITRARYCLOSEDPROFILEDEF(.AREA.,$,#2449);
#2452=IFCCARTESIANPOINT((0.,0.,0.));
#2453=IFCDIRECTION((0.,0.,1.));
#2454=IFCDIRECTION((1.,0.,0.));
#2455=IFCAXIS2PLACEMENT3D(#2452,#2453,#2454);
#2456=IFCEXTRUDEDAREASOLID(#2451,#2455,#2450,0.5);
#2457=IFCSHAPEREPRESENTATION(#11,'Body','SweptSolid',(#2456));
#2458=IFCPRODUCTDEFINITIONSHAPE($,$,(#2457));
#2464=IFCBEAM('1U_MgNI3f1M8ss_4tHfRfb',$,'beam144',$,$,#14649,#2475,$,$);
#2465=IFCCARTESIANPOINTLIST2D(((0.,0.),(0.,0.25),(6.,0.25),(6.,0.),(0.,0.)));
#2466=IFCINDEXEDPOLYCURVE(#2465,$,.F.);
#2467=IFCDIRECTION((0.,0.,1.));
#2468=IFCARBITRARYCLOSEDPROFILEDEF(.AREA.,$,#2466);
#2469=IFCCARTESIANPOINT((0.,0.,0.));
#2470=IFCDIRECTION((0.,0.,1.));
#2471=IFCDIRECTION((1.,0.,0.));
#2472=IFCAXIS2PLACEMENT3D(#2469,#2470,#2471);
#2473=IFCEXTRUDEDAREASOLID(#2468,#2472,#2467,0.5);
#2474=IFCSHAPEREPRESENTATION(#11,'Body','SweptSolid',(#2473));
#2475=IFCPRODUCTDEFINITIONSHAPE($,$,(#2474));
#2481=IFCBEAM('2ujtDvXQnEfQoo3EC0556k',$,'beam145',$,$,#15784,#2492,$,$);
#2482=IFCCARTESIANPOINTLIST2D(((0.,0.),(0.,0.25),(6.,0.25),(6.,0.),(0.,0.)));
#2483=IFCINDEXEDPOLYCURVE(#2482,$,.F.);
#2484=IFCDIRECTION((0.,0.,1.));
#2485=IFCARBITRARYCLOSEDPROFILEDEF(.AREA.,$,#2483);
#2486=IFCCARTESIANPOINT((0.,0.,0.));
#2487=IFCDIRECTION((0.,0.,1.));
#2488=IFCDIRECTION((1.,0.,0.));
#2489=IFCAXIS2PLACEMENT3D(#2486,#2487,#2488);
#2490=IFCEXTRUDEDAREASOLID(#2485,#2489,#2484,0.5);
#2491=IFCSHAPEREPRESENTATION(#11,'Body','SweptSolid',(#2490));
#2492=IFCPRODUCTDEFINITIONSHAPE($,$,(#2491));
#2498=IFCBEAM('0Zq66jhd933hlrxtiLRzyE',$,'beam146',$,$,#16374,#2509,$,$);
#2499=IFCCARTESIANPOINTLIST2D(((0.,0.),(0.,0.25),(6.,0.25),(6.,0.),(0.,0.)));
#2500=IFCINDEXEDPOLYCURVE(#2499,$,.F.);
#2501=IFCDIRECTION((0.,0.,1.));
#2502=IFCARBITRARYCLOSEDPROFILEDEF(.AREA.,$,#2500);
#2503=IFCCARTESIANPOINT((0.,0.,0.));
#2504=IFCDIRECTION((0.,0.,1.));
#2505=IFCDIRECTION((1.,0.,0.));
#2506=IFCAXIS2PLACEMENT3D(#2503,#2504,#2505);
#2507=IFCEXTRUDEDAREASOLID(#2502,#2506,#2501,0.5);
#2508=IFCSHAPEREPRESENTATION(#11,'Body','SweptSolid',(#2507));
#2509=IFCPRODUCTDEFINITIONSHAPE($,$,(#2508));
#2515=IFCBEAM('2Sm5bdiUX7uvz_xT1m$hjN',$,'beam147',$,$,#17529,#2526,$,$);
#2516=IFCCARTESIANPOINTLIST2D(((0.,0.),(0.,0.25),(6.,0.25),(6.,0.),(0.,0.)));
#2517=IFCINDEXEDPOLYCURVE(#2516,$,.F.);
#2518=IFCDIRECTION((0.,0.,1.));
#2519=IFCARBITRARYCLOSEDPROFILEDEF(.AREA.,$,#2517);
#2520=IFCCARTESIANPOINT((0.,0.,0.));
#2521=IFCDIRECTION((0.,0.,1.));
#2522=IFCDIRECTION((1.,0.,0.));
#2523=IFCAXIS2PLACEMENT3D(#2520,#2521,#2522);
#2524=IFCEXTRUDEDAREASOLID(#2519,#2523,#2518,0.5);
#2525=IFCSHAPEREPRESENTATION(#11,'Body','SweptSolid',(#2524));
#2526=IFCPRODUCTDEFINITIONSHAPE($,$,(#2525));
#2532=IFCBEAM('0I3KAf0pD4Ter7e9ak_P8T',$,'beam148',$,$,#18659,#2543,$,$);
#2533=IFCCARTESIANPOINTLIST2D(((0.,0.),(0.,0.25),(6.,0.25),(6.,0.),(0.,0.)));
#2534=IFCINDEXEDPOLYCURVE(#2533,$,.F.);
#2535=IFCDIRECTION((0.,0.,1.));
#2536=IFCARBITRARYCLOSEDPROFILEDEF(.AREA.,$,#2534);
#2537=IFCCARTESIANPOINT((0.,0.,0.));
#2538=IFCDIRECTION((0.,0.,1.));
#2539=IFCDIRECTION((1.,0.,0.));
#2540=IFCAXIS2PLACEMENT3D(#2537,#2538,#2539);
#2541=IFCEXTRUDEDAREASOLID(#2536,#2540,#2535,0.5);
#2542=IFCSHAPEREPRESENTATION(#11,'Body','SweptSolid',(#2541));
#2543=IFCPRODUCTDEFINITIONSHAPE($,$,(#2542));
#2549=IFCBEAM('1MALknXzr8SA6iS9y1SjCU',$,'beam149',$,$,#15614,#2560,$,$);
#2550=IFCCARTESIANPOINTLIST2D(((0.,0.),(0.,0.25),(6.,0.25),(6.,0.),(0.,0.)));
#2551=IFCINDEXEDPOLYCURVE(#2550,$,.F.);
#2552=IFCDIRECTION((0.,0.,1.));
#2553=IFCARBITRARYCLOSEDPROFILEDEF(.AREA.,$,#2551);
#2554=IFCCARTESIANPOINT((0.,0.,0.));
#2555=IFCDIRECTION((0.,0.,1.));
#2556=IFCDIRECTION((1.,0.,0.));
#2557=IFCAXIS2PLACEMENT3D(#2554,#2555,#2556);
#2558=IFCEXTRUDEDAREASOLID(#2553,#2557,#2552,0.5);
#2559=IFCSHAPEREPRESENTATION(#11,'Body','SweptSolid',(#2558));
#2560=IFCPRODUCTDEFINITIONSHAPE($,$,(#2559));
#2566=IFCBEAM('0fqTU9bdn9uh2QoTBtQpWH',$,'beam150',$,$,#16679,#2577,$,$);
#2567=IFCCARTESIANPOINTLIST2D(((0.,0.),(0.,0.25),(6.,0.25),(6.,0.),(0.,0.)));
#2568=IFCINDEXEDPOLYCURVE(#2567,$,.F.);
#2569=IFCDIRECTION((0.,0.,1.));
#2570=IFCARBITRARYCLOSEDPROFILEDEF(.AREA.,$,#2568);
#2571=IFCCARTESIANPOINT((0.,0.,0.));
#2572=IFCDIRECTION((0.,0.,1.));
#2573=IFCDIRECTION((1.,0.,0.));
#2574=IFCAXIS2PLACEMENT3D(#2571,#2572,#2573);
#2575=IFCEXTRUDEDAREASOLID(#2570,#2574,#2569,0.5);
#2576=IFCSHAPEREPRESENTATION(#11,'Body','SweptSolid',(#2575));
#2577=IFCPRODUCTDEFINITIONSHAPE($,$,(#2576));
#2583=IFCBEAM('08mmfb3ALE8u13nhICoHyO',$,'beam151',$,$,#17579,#2594,$,$);
#2584=IFCCARTESIANPOINTLIST2D(((0.,0.),(0.,0.25),(6.,0.25),(6.,0.),(0.,0.)));
#2585=IFCINDEXEDPOLYCURVE(#2584,$,.F.);
#2586=IFCDIRECTION((0.,0.,1.));
#2587=IFCARBITRARYCLOSEDPROFILEDEF(.AREA.,$,#2585);
#2588=IFCCARTESIANPOINT((0.,0.,0.));
#2589=IFCDIRECTION((0.,0.,1.));
#2590=IFCDIRECTION((1.,0.,0.));
#2591=IFCAXIS2PLACEMENT3D(#2588,#2589,#2590);
#2592=IFCEXTRUDEDAREASOLID(#2587,#2591,#2586,0.5);
#2593=IFCSHAPEREPRESENTATION(#11,'Body','SweptSolid',(#2592));
#2594=IFCPRODUCTDEFINITIONSHAPE($,$,(#2593));
#2600=IFCBEAM('10egYoqkj909xIgKvIu_LX',$,'beam152',$,$,#18709,#2611,$,$);
#2601=IFCCARTESIANPOINTLIST2D(((0.,0.),(0.,0.25),(6.,0.25),(6.,0.),(0.,0.)));
#2602=IFCINDEXEDPOLYCURVE(#2601,$,.F.);
#2603=IFCDIRECTION((0.,0.,1.));
#2604=IFCARBITRARYCLOSEDPROFILEDEF(.AREA.,$,#2602);
#2605=IFCCARTESIANPOINT((0.,0.,0.));
#2606=IFCDIRECTION((0.,0.,1.));
#2607=IFCDIRECTION((1.,0.,0.));
#2608=IFCAXIS2PLACEMENT3D(#2605,#2606,#2607);
#2609=IFCEXTRUDEDAREASOLID(#2604,#2608,#2603,0.40000000000000002);
#2610=IFCSHAPEREPRESENTATION(#11,'Body','SweptSolid',(#2609));
#2611=IFCPRODUCTDEFINITIONSHAPE($,$,(#2610));
#2617=IFCBEAM('2qe$$NyuXBQRDzQtZm_JRn',$,'beam153',$,$,#15654,#2628,$,$);
#2618=IFCCARTESIANPOINTLIST2D(((0.,0.),(0.,0.25),(6.,0.25),(6.,0.),(0.,0.)));
#2619=IFCINDEXEDPOLYCURVE(#2618,$,.F.);
#2620=IFCDIRECTION((0.,0.,1.));
#2621=IFCARBITRARYCLOSEDPROFILEDEF(.AREA.,$,#2619);
#2622=IFCCARTESIANPOINT((0.,0.,0.));
#2623=IFCDIRECTION((0.,0.,1.));
#2624=IFCDIRECTION((1.,0.,0.));
#2625=IFCAXIS2PLACEMENT3D(#2622,#2623,#2624);
#2626=IFCEXTRUDEDAREASOLID(#2621,#2625,#2620,0.5);
#2627=IFCSHAPEREPRESENTATION(#11,'Body','SweptSolid',(#2626));
#2628=IFCPRODUCTDEFINITIONSHAPE($,$,(#2627));
#2634=IFCBEAM('2D3$tmDkv7iw4_Fd8n7qZ$',$,'beam154',$,$,#16744,#2645,$,$);
#2635=IFCCARTESIANPOINTLIST2D(((0.,0.),(0.,0.25),(6.,0.25),(6.,0.),(0.,0.)));
#2636=IFCINDEXEDPOLYCURVE(#2635,$,.F.);
#2637=IFCDIRECTION((0.,0.,1.));
#2638=IFCARBITRARYCLOSEDPROFILEDEF(.AREA.,$,#2636);
#2639=IFCCARTESIANPOINT((0.,0.,0.));
#2640=IFCDIRECTION((0.,0.,1.));
#2641=IFCDIRECTION((1.,0.,0.));
#2642=IFCAXIS2PLACEMENT3D(#2639,#2640,#2641);
#2643=IFCEXTRUDEDAREASOLID(#2638,#2642,#2637,0.5);
#2644=IFCSHAPEREPRESENTATION(#11,'Body','SweptSolid',(#2643));
#2645=IFCPRODUCTDEFINITIONSHAPE($,$,(#2644));
#2651=IFCBEAM('3EIVRd_HD7dQODBtdeC9CM',$,'beam155',$,$,#17889,#2662,$,$);
#2652=IFCCARTESIANPOINTLIST2D(((0.,0.),(0.,0.25),(6.,0.25),(6.,0.),(0.,0.)));
#2653=IFCINDEXEDPOLYCURVE(#2652,$,.F.);
#2654=IFCDIRECTION((0.,0.,1.));
#2655=IFCARBITRARYCLOSEDPROFILEDEF(.AREA.,$,#2653);
#2656=IFCCARTESIANPOINT((0.,0.,0.));
#2657=IFCDIRECTION((0.,0.,1.));
#2658=IFCDIRECTION((1.,0.,0.));
#2659=IFCAXIS2PLACEMENT3D(#2656,#2657,#2658);
#2660=IFCEXTRUDEDAREASOLID(#2655,#2659,#2654,0.5);
#2661=IFCSHAPEREPRESENTATION(#11,'Body','SweptSolid',(#2660));
#2662=IFCPRODUCTDEFINITIONSHAPE($,$,(#2661));
#2668=IFCBEAM('2rFv6KRgnAlOoYts6iBPJF',$,'beam156',$,$,#14744,#2679,$,$);
#2669=IFCCARTESIANPOINTLIST2D(((0.,0.),(0.,0.25),(6.,0.25),(6.,0.),(0.,0.)));
#2670=IFCINDEXEDPOLYCURVE(#2669,$,.F.);
#2671=IFCDIRECTION((0.,0.,1.));
#2672=IFCARBITRARYCLOSEDPROFILEDEF(.AREA.,$,#2670);
#2673=IFCCARTESIANPOINT((0.,0.,0.));
#2674=IFCDIRECTION((0.,0.,1.));
#2675=IFCDIRECTION((1.,0.,0.));
#2676=IFCAXIS2PLACEMENT3D(#2673,#2674,#2675);
#2677=IFCEXTRUDEDAREASOLID(#2672,#2676,#2671,0.5);
#2678=IFCSHAPEREPRESENTATION(#11,'Body','SweptSolid',(#2677));
#2679=IFCPRODUCTDEFINITIONSHAPE($,$,(#2678));
#2685=IFCBEAM('3UelcT67rFJRierOlD48oG',$,'beam157',$,$,#15709,#2696,$,$);
#2686=IFCCARTESIANPOINTLIST2D(((0.,0.),(0.,0.25),(6.,0.25),(6.,0.),(0.,0.)));
#2687=IFCINDEXEDPOLYCURVE(#2686,$,.F.);
#2688=IFCDIRECTION((0.,0.,1.));
#2689=IFCARBITRARYCLOSEDPROFILEDEF(.AREA.,$,#2687);
#2690=IFCCARTESIANPOINT((0.,0.,0.));
#2691=IFCDIRECTION((0.,0.,1.));
#2692=IFCDIRECTION((1.,0.,0.));
#2693=IFCAXIS2PLACEMENT3D(#2690,#2691,#2692);
#2694=IFCEXTRUDEDAREASOLID(#2689,#2693,#2688,0.5);
#2695=IFCSHAPEREPRESENTATION(#11,'Body','SweptSolid',(#2694));
#2696=IFCPRODUCTDEFINITIONSHAPE($,$,(#2695));
#2702=IFCBEAM('29t6BUKwLCPQ3X1Pk2KgbA',$,'beam158',$,$,#16804,#2713,$,$);
#2703=IFCCARTESIANPOINTLIST2D(((0.,0.),(0.,0.25),(6.,0.25),(6.,0.),(0.,0.)));
#2704=IFCINDEXEDPOLYCURVE(#2703,$,.F.);
#2705=IFCDIRECTION((0.,0.,1.));
#2706=IFCARBITRARYCLOSEDPROFILEDEF(.AREA.,$,#2704);
#2707=IFCCARTESIANPOINT((0.,0.,0.));
#2708=IFCDIRECTION((0.,0.,1.));
#2709=IFCDIRECTION((1.,0.,0.));
#2710=IFCAXIS2PLACEMENT3D(#2707,#2708,#2709);
#2711=IFCEXTRUDEDAREASOLID(#2706,#2710,#2705,0.5);
#2712=IFCSHAPEREPRESENTATION(#11,'Body','SweptSolid',(#2711));
#2713=IFCPRODUCTDEFINITIONSHAPE($,$,(#2712));
#2719=IFCBEAM('3Rac3HMl9DffJY7Rs_XvEt',$,'beam159',$,$,#17959,#2730,$,$);
#2720=IFCCARTESIANPOINTLIST2D(((0.,0.),(0.,0.25),(6.,0.25),(6.,0.),(0.,0.)));
#2721=IFCINDEXEDPOLYCURVE(#2720,$,.F.);
#2722=IFCDIRECTION((0.,0.,1.));
#2723=IFCARBITRARYCLOSEDPROFILEDEF(.AREA.,$,#2721);
#2724=IFCCARTESIANPOINT((0.,0.,0.));
#2725=IFCDIRECTION((0.,0.,1.));
#2726=IFCDIRECTION((1.,0.,0.));
#2727=IFCAXIS2PLACEMENT3D(#2724,#2725,#2726);
#2728=IFCEXTRUDEDAREASOLID(#2723,#2727,#2722,0.5);
#2729=IFCSHAPEREPRESENTATION(#11,'Body','SweptSolid',(#2728));
#2730=IFCPRODUCTDEFINITIONSHAPE($,$,(#2729));
#2736=IFCBEAM('2lzwCYFG9DBwz0DqoahuU5',$,'beam160',$,$,#17429,#2747,$,$);
#2737=IFCCARTESIANPOINTLIST2D(((0.,0.),(0.,0.25),(6.,0.25),(6.,0.),(0.,0.)));
#2738=IFCINDEXEDPOLYCURVE(#2737,$,.F.);
#2739=IFCDIRECTION((0.,0.,1.));
#2740=IFCARBITRARYCLOSEDPROFILEDEF(.AREA.,$,#2738);
#2741=IFCCARTESIANPOINT((0.,0.,0.));
#2742=IFCDIRECTION((0.,0.,1.));
#2743=IFCDIRECTION((1.,0.,0.));
#2744=IFCAXIS2PLACEMENT3D(#2741,#2742,#2743);
#2745=IFCEXTRUDEDAREASOLID(#2740,#2744,#2739,0.5);
#2746=IFCSHAPEREPRESENTATION(#11,'Body','SweptSolid',(#2745));
#2747=IFCPRODUCTDEFINITIONSHAPE($,$,(#2746));
#2753=IFCBEAM('1wKp0axzbEM8yAf3k6mpio',$,'beam161',$,$,#18524,#2764,$,$);
#2754=IFCCARTESIANPOINTLIST2D(((0.,0.),(0.,0.25),(6.,0.25),(6.,0.),(0.,0.)));
#2755=IFCINDEXEDPOLYCURVE(#2754,$,.F.);
#2756=IFCDIRECTION((0.,0.,1.));
#2757=IFCARBITRARYCLOSEDPROFILEDEF(.AREA.,$,#2755);
#2758=IFCCARTESIANPOINT((0.,0.,0.));
#2759=IFCDIRECTION((0.,0.,1.));
#2760=IFCDIRECTION((1.,0.,0.));
#2761=IFCAXIS2PLACEMENT3D(#2758,#2759,#2760);
#2762=IFCEXTRUDEDAREASOLID(#2757,#2761,#2756,0.5);
#2763=IFCSHAPEREPRESENTATION(#11,'Body','SweptSolid',(#2762));
#2764=IFCPRODUCTDEFINITIONSHAPE($,$,(#2763));
#2770=IFCBEAM('2_cFNp_lr3VBftVbE4tMYV',$,'beam162',$,$,#15469,#2781,$,$);
#2771=IFCCARTESIANPOINTLIST2D(((0.,0.),(0.,0.25),(6.,0.25),(6.,0.),(0.,0.)));
#2772=IFCINDEXEDPOLYCURVE(#2771,$,.F.);
#2773=IFCDIRECTION((0.,0.,1.));
#2774=IFCARBITRARYCLOSEDPROFILEDEF(.AREA.,$,#2772);
#2775=IFCCARTESIANPOINT((0.,0.,0.));
#2776=IFCDIRECTION((0.,0.,1.));
#2777=IFCDIRECTION((1.,0.,0.));
#2778=IFCAXIS2PLACEMENT3D(#2775,#2776,#2777);
#2779=IFCEXTRUDEDAREASOLID(#2774,#2778,#2773,0.5);
#2780=IFCSHAPEREPRESENTATION(#11,'Body','SweptSolid',(#2779));
#2781=IFCPRODUCTDEFINITIONSHAPE($,$,(#2780));
#2787=IFCBEAM('2jNKIUwbL13wH9eS9Vtrxd',$,'beam163',$,$,#16324,#2798,$,$);
#2788=IFCCARTESIANPOINTLIST2D(((0.,0.),(0.,0.25),(6.,0.25),(6.,0.),(0.,0.)));
#2789=IFCINDEXEDPOLYCURVE(#2788,$,.F.);
#2790=IFCDIRECTION((0.,0.,1.));
#2791=IFCARBITRARYCLOSEDPROFILEDEF(.AREA.,$,#2789);
#2792=IFCCARTESIANPOINT((0.,0.,0.));
#2793=IFCDIRECTION((0.,0.,1.));
#2794=IFCDIRECTION((1.,0.,0.));
#2795=IFCAXIS2PLACEMENT3D(#2792,#2793,#2794);
#2796=IFCEXTRUDEDAREASOLID(#2791,#2795,#2790,0.5);
#2797=IFCSHAPEREPRESENTATION(#11,'Body','SweptSolid',(#2796));
#2798=IFCPRODUCTDEFINITIONSHAPE($,$,(#2797));
#2804=IFCBEAM('1idPKALCbC5g8CE$sxb10F',$,'beam164',$,$,#17469,#2815,$,$);
#2805=IFCCARTESIANPOINTLIST2D(((0.,0.),(0.,0.25),(6.,0.25),(6.,0.),(0.,0.)));
#2806=IFCINDEXEDPOLYCURVE(#2805,$,.F.);
#2807=IFCDIRECTION((0.,0.,1.));
#2808=IFCARBITRARYCLOSEDPROFILEDEF(.AREA.,$,#2806);
#2809=IFCCARTESIANPOINT((0.,0.,0.));
#2810=IFCDIRECTION((0.,0.,1.));
#2811=IFCDIRECTION((1.,0.,0.));
#2812=IFCAXIS2PLACEMENT3D(#2809,#2810,#2811);
#2813=IFCEXTRUDEDAREASOLID(#2808,#2812,#2807,0.5);
#2814=IFCSHAPEREPRESENTATION(#11,'Body','SweptSolid',(#2813));
#2815=IFCPRODUCTDEFINITIONSHAPE($,$,(#2814));
#2821=IFCBEAM('17L78k8GDFSg5t67q57XhS',$,'beam165',$,$,#18579,#2832,$,$);
#2822=IFCCARTESIANPOINTLIST2D(((0.,0.),(0.,0.25),(6.,0.25),(6.,0.),(0.,0.)));
#2823=IFCINDEXEDPOLYCURVE(#2822,$,.F.);
#2824=IFCDIRECTION((0.,0.,1.));
#2825=IFCARBITRARYCLOSEDPROFILEDEF(.AREA.,$,#2823);
#2826=IFCCARTESIANPOINT((0.,0.,0.));
#2827=IFCDIRECTION((0.,0.,1.));
#2828=IFCDIRECTION((1.,0.,0.));
#2829=IFCAXIS2PLACEMENT3D(#2826,#2827,#2828);
#2830=IFCEXTRUDEDAREASOLID(#2825,#2829,#2824,0.5);
#2831=IFCSHAPEREPRESENTATION(#11,'Body','SweptSolid',(#2830));
#2832=IFCPRODUCTDEFINITIONSHAPE($,$,(#2831));
#2838=IFCBEAM('1tj2ZSPnTFQec_n2ifv_Iu',$,'beam166',$,$,#15534,#2849,$,$);
#2839=IFCCARTESIANPOINTLIST2D(((0.,0.),(0.,0.25),(6.,0.25),(6.,0.),(0.,0.)));
#2840=IFCINDEXEDPOLYCURVE(#2839,$,.F.);
#2841=IFCDIRECTION((0.,0.,1.));
#2842=IFCARBITRARYCLOSEDPROFILEDEF(.AREA.,$,#2840);
#2843=IFCCARTESIANPOINT((0.,0.,0.));
#2844=IFCDIRECTION((0.,0.,1.));
#2845=IFCDIRECTION((1.,0.,0.));
#2846=IFCAXIS2PLACEMENT3D(#2843,#2844,#2845);
#2847=IFCEXTRUDEDAREASOLID(#2842,#2846,#2841,0.5);
#2848=IFCSHAPEREPRESENTATION(#11,'Body','SweptSolid',(#2847));
#2849=IFCPRODUCTDEFINITIONSHAPE($,$,(#2848));
#2855=IFCBEAM('1$UhbXFIz2ofd3ty88Z3l8',$,'beam167',$,$,#16584,#2866,$,$);
#2856=IFCCARTESIANPOINTLIST2D(((0.,0.),(0.,0.25),(6.,0.25),(6.,0.),(0.,0.)));
#2857=IFCINDEXEDPOLYCURVE(#2856,$,.F.);
#2858=IFCDIRECTION((0.,0.,1.));
#2859=IFCARBITRARYCLOSEDPROFILEDEF(.AREA.,$,#2857);
#2860=IFCCARTESIANPOINT((0.,0.,0.));
#2861=IFCDIRECTION((0.,0.,1.));
#2862=IFCDIRECTION((1.,0.,0.));
#2863=IFCAXIS2PLACEMENT3D(#2860,#2861,#2862);
#2864=IFCEXTRUDEDAREASOLID(#2859,#2863,#2858,0.5);
#2865=IFCSHAPEREPRESENTATION(#11,'Body','SweptSolid',(#2864));
#2866=IFCPRODUCTDEFINITIONSHAPE($,$,(#2865));
#2872=IFCBEAM('3dsEWubx58ZvJZX9GtQtWd',$,'beam168',$,$,#17509,#2883,$,$);
#2873=IFCCARTESIANPOINTLIST2D(((0.,0.),(0.,0.25),(6.,0.25),(6.,0.),(0.,0.)));
#2874=IFCINDEXEDPOLYCURVE(#2873,$,.F.);
#2875=IFCDIRECTION((0.,0.,1.));
#2876=IFCARBITRARYCLOSEDPROFILEDEF(.AREA.,$,#2874);
#2877=IFCCARTESIANPOINT((0.,0.,0.));
#2878=IFCDIRECTION((0.,0.,1.));
#2879=IFCDIRECTION((1.,0.,0.));
#2880=IFCAXIS2PLACEMENT3D(#2877,#2878,#2879);
#2881=IFCEXTRUDEDAREASOLID(#2876,#2880,#2875,0.5);
#2882=IFCSHAPEREPRESENTATION(#11,'Body','SweptSolid',(#2881));
#2883=IFCPRODUCTDEFINITIONSHAPE($,$,(#2882));
#2889=IFCBEAM('06RBFng3PFoBDTmzuC0Z3S',$,'beam169',$,$,#18644,#2900,$,$);
#2890=IFCCARTESIANPOINTLIST2D(((0.,0.),(0.,0.25),(6.,0.25),(6.,0.),(0.,0.)));
#2891=IFCINDEXEDPOLYCURVE(#2890,$,.F.);
#2892=IFCDIRECTION((0.,0.,1.));
#2893=IFCARBITRARYCLOSEDPROFILEDEF(.AREA.,$,#2891);
#2894=IFCCARTESIANPOINT((0.,0.,0.));
#2895=IFCDIRECTION((0.,0.,1.));
#2896=IFCDIRECTION((1.,0.,0.));
#2897=IFCAXIS2PLACEMENT3D(#2894,#2895,#2896);
#2898=IFCEXTRUDEDAREASOLID(#2893,#2897,#2892,0.5);
#2899=IFCSHAPEREPRESENTATION(#11,'Body','SweptSolid',(#2898));
#2900=IFCPRODUCTDEFINITIONSHAPE($,$,(#2899));
#2906=IFCBEAM('0mSCsdp7TCnAJefgvAt9wN',$,'beam170',$,$,#15594,#2917,$,$);
#2907=IFCCARTESIANPOINTLIST2D(((0.,0.),(0.,0.25),(6.,0.25),(6.,0.),(0.,0.)));
#2908=IFCINDEXEDPOLYCURVE(#2907,$,.F.);
#2909=IFCDIRECTION((0.,0.,1.));
#2910=IFCARBITRARYCLOSEDPROFILEDEF(.AREA.,$,#2908);
#2911=IFCCARTESIANPOINT((0.,0.,0.));
#2912=IFCDIRECTION((0.,0.,1.));
#2913=IFCDIRECTION((1.,0.,0.));
#2914=IFCAXIS2PLACEMENT3D(#2911,#2912,#2913);
#2915=IFCEXTRUDEDAREASOLID(#2910,#2914,#2909,0.5);
#2916=IFCSHAPEREPRESENTATION(#11,'Body','SweptSolid',(#2915));
#2917=IFCPRODUCTDEFINITIONSHAPE($,$,(#2916));
#2923=IFCBEAM('0A$k8SAPf1Mv3CkV2IeJOv',$,'beam171',$,$,#16654,#2934,$,$);
#2924=IFCCARTESIANPOINTLIST2D(((0.,0.),(0.,0.25),(6.,0.25),(6.,0.),(0.,0.)));
#2925=IFCINDEXEDPOLYCURVE(#2924,$,.F.);
#2926=IFCDIRECTION((0.,0.,1.));
#2927=IFCARBITRARYCLOSEDPROFILEDEF(.AREA.,$,#2925);
#2928=IFCCARTESIANPOINT((0.,0.,0.));
#2929=IFCDIRECTION((0.,0.,1.));
#2930=IFCDIRECTION((1.,0.,0.));
#2931=IFCAXIS2PLACEMENT3D(#2928,#2929,#2930);
#2932=IFCEXTRUDEDAREASOLID(#2927,#2931,#2926,0.40000000000000002);
#2933=IFCSHAPEREPRESENTATION(#11,'Body','SweptSolid',(#2932));
#2934=IFCPRODUCTDEFINITIONSHAPE($,$,(#2933));
#2940=IFCBEAM('1o4MOmK8D7yhJ_jqPN2s9B',$,'beam172',$,$,#17789,#2951,$,$);
#2941=IFCCARTESIANPOINTLIST2D(((0.,0.),(0.,0.25),(6.,0.25),(6.,0.),(0.,0.)));
#2942=IFCINDEXEDPOLYCURVE(#2941,$,.F.);
#2943=IFCDIRECTION((0.,0.,1.));
#2944=IFCARBITRARYCLOSEDPROFILEDEF(.AREA.,$,#2942);
#2945=IFCCARTESIANPOINT((0.,0.,0.));
#2946=IFCDIRECTION((0.,0.,1.));
#2947=IFCDIRECTION((1.,0.,0.));
#2948=IFCAXIS2PLACEMENT3D(#2945,#2946,#2947);
#2949=IFCEXTRUDEDAREASOLID(#2944,#2948,#2943,0.40000000000000002);
#2950=IFCSHAPEREPRESENTATION(#11,'Body','SweptSolid',(#2949));
#2951=IFCPRODUCTDEFINITIONSHAPE($,$,(#2950));
#2957=IFCBEAM('2ZSjmJEerABP8kSqBY9mZQ',$,'beam173',$,$,#14659,#2968,$,$);
#2958=IFCCARTESIANPOINTLIST2D(((0.,0.),(0.,0.25),(6.,0.25),(6.,0.),(0.,0.)));
#2959=IFCINDEXEDPOLYCURVE(#2958,$,.F.);
#2960=IFCDIRECTION((0.,0.,1.));
#2961=IFCARBITRARYCLOSEDPROFILEDEF(.AREA.,$,#2959);
#2962=IFCCARTESIANPOINT((0.,0.,0.));
#2963=IFCDIRECTION((0.,0.,1.));
#2964=IFCDIRECTION((1.,0.,0.));
#2965=IFCAXIS2PLACEMENT3D(#2962,#2963,#2964);
#2966=IFCEXTRUDEDAREASOLID(#2961,#2965,#2960,0.40000000000000002);
#2967=IFCSHAPEREPRESENTATION(#11,'Body','SweptSolid',(#2966));
#2968=IFCPRODUCTDEFINITIONSHAPE($,$,(#2967));
#2974=IFCBEAM('0FM_eT$RPFM84XDRhglHLS',$,'beam174',$,$,#15274,#2985,$,$);
#2975=IFCCARTESIANPOINTLIST2D(((0.,0.),(0.,0.25),(6.,0.25),(6.,0.),(0.,0.)));
#2976=IFCINDEXEDPOLYCURVE(#2975,$,.F.);
#2977=IFCDIRECTION((0.,0.,1.));
#2978=IFCARBITRARYCLOSEDPROFILEDEF(.AREA.,$,#2976);
#2979=IFCCARTESIANPOINT((0.,0.,0.));
#2980=IFCDIRECTION((0.,0.,1.));
#2981=IFCDIRECTION((1.,0.,0.));
#2982=IFCAXIS2PLACEMENT3D(#2979,#2980,#2981);
#2983=IFCEXTRUDEDAREASOLID(#2978,#2982,#2977,0.40000000000000002);
#2984=IFCSHAPEREPRESENTATION(#11,'Body','SweptSolid',(#2983));
#2985=IFCPRODUCTDEFINITIONSHAPE($,$,(#2984));
#2991=IFCBEAM('2rT11JpKfBa8j5tqIi$Qdz',$,'beam175',$,$,#15079,#3002,$,$);
#2992=IFCCARTESIANPOINTLIST2D(((0.,0.),(0.,0.25),(6.,0.25),(6.,0.),(0.,0.)));
#2993=IFCINDEXEDPOLYCURVE(#2992,$,.F.);
#2994=IFCDIRECTION((0.,0.,1.));
#2995=IFCARBITRARYCLOSEDPROFILEDEF(.AREA.,$,#2993);
#2996=IFCCARTESIANPOINT((0.,0.,0.));
#2997=IFCDIRECTION((0.,0.,1.));
#2998=IFCDIRECTION((1.,0.,0.));
#2999=IFCAXIS2PLACEMENT3D(#2996,#2997,#2998);
#3000=IFCEXTRUDEDAREASOLID(#2995,#2999,#2994,0.40000000000000002);
#3001=IFCSHAPEREPRESENTATION(#11,'Body','SweptSolid',(#3000));
#3002=IFCPRODUCTDEFINITIONSHAPE($,$,(#3001));
#3008=IFCBEAM('1DVXBwY1jA9epWbFdekRaD',$,'beam176',$,$,#16209,#3019,$,$);
#3009=IFCCARTESIANPOINTLIST2D(((0.,0.),(0.,0.25),(6.,0.25),(6.,0.),(0.,0.)));
#3010=IFCINDEXEDPOLYCURVE(#3009,$,.F.);
#3011=IFCDIRECTION((0.,0.,1.));
#3012=IFCARBITRARYCLOSEDPROFILEDEF(.AREA.,$,#3010);
#3013=IFCCARTESIANPOINT((0.,0.,0.));
#3014=IFCDIRECTION((0.,0.,1.));
#3015=IFCDIRECTION((1.,0.,0.));
#3016=IFCAXIS2PLACEMENT3D(#3013,#3014,#3015);
#3017=IFCEXTRUDEDAREASOLID(#3012,#3016,#3011,0.40000000000000002);
#3018=IFCSHAPEREPRESENTATION(#11,'Body','SweptSolid',(#3017));
#3019=IFCPRODUCTDEFINITIONSHAPE($,$,(#3018));
#3025=IFCBEAM('0$bsmY$_f1kfw57n99KfZk',$,'beam177',$,$,#17359,#3036,$,$);
#3026=IFCCARTESIANPOINTLIST2D(((0.,0.),(0.,0.25),(6.,0.25),(6.,0.),(0.,0.)));
#3027=IFCINDEXEDPOLYCURVE(#3026,$,.F.);
#3028=IFCDIRECTION((0.,0.,1.));
#3029=IFCARBITRARYCLOSEDPROFILEDEF(.AREA.,$,#3027);
#3030=IFCCARTESIANPOINT((0.,0.,0.));
#3031=IFCDIRECTION((0.,0.,1.));
#3032=IFCDIRECTION((1.,0.,0.));
#3033=IFCAXIS2PLACEMENT3D(#3030,#3031,#3032);
#3034=IFCEXTRUDEDAREASOLID(#3029,#3033,#3028,0.40000000000000002);
#3035=IFCSHAPEREPRESENTATION(#11,'Body','SweptSolid',(#3034));
#3036=IFCPRODUCTDEFINITIONSHAPE($,$,(#3035));
#3042=IFCBEAM('08hzcoxj50TQidWIbZORUr',$,'beam178',$,$,#18434,#3053,$,$);
#3043=IFCCARTESIANPOINTLIST2D(((0.,0.),(0.,0.25),(6.,0.25),(6.,0.),(0.,0.)));
#3044=IFCINDEXEDPOLYCURVE(#3043,$,.F.);
#3045=IFCDIRECTION((0.,0.,1.));
#3046=IFCARBITRARYCLOSEDPROFILEDEF(.AREA.,$,#3044);
#3047=IFCCARTESIANPOINT((0.,0.,0.));
#3048=IFCDIRECTION((0.,0.,1.));
#3049=IFCDIRECTION((1.,0.,0.));
#3050=IFCAXIS2PLACEMENT3D(#3047,#3048,#3049);
#3051=IFCEXTRUDEDAREASOLID(#3046,#3050,#3045,0.40000000000000002);
#3052=IFCSHAPEREPRESENTATION(#11,'Body','SweptSolid',(#3051));
#3053=IFCPRODUCTDEFINITIONSHAPE($,$,(#3052));
#3059=IFCBEAM('2XEOIQkNn34wvaUG_PZ0$F',$,'beam179',$,$,#15369,#3070,$,$);
#3060=IFCCARTESIANPOINTLIST2D(((0.,0.),(0.,0.25),(6.,0.25),(6.,0.),(0.,0.)));
#3061=IFCINDEXEDPOLYCURVE(#3060,$,.F.);
#3062=IFCDIRECTION((0.,0.,1.));
#3063=IFCARBITRARYCLOSEDPROFILEDEF(.AREA.,$,#3061);
#3064=IFCCARTESIANPOINT((0.,0.,0.));
#3065=IFCDIRECTION((0.,0.,1.));
#3066=IFCDIRECTION((1.,0.,0.));
#3067=IFCAXIS2PLACEMENT3D(#3064,#3065,#3066);
#3068=IFCEXTRUDEDAREASOLID(#3063,#3067,#3062,0.40000000000000002);
#3069=IFCSHAPEREPRESENTATION(#11,'Body','SweptSolid',(#3068));
#3070=IFCPRODUCTDEFINITIONSHAPE($,$,(#3069));
#3076=IFCBEAM('3fcEKApO1489PCVWDDSDzH',$,'beam180',$,$,#16249,#3087,$,$);
#3077=IFCCARTESIANPOINTLIST2D(((0.,0.),(0.,0.25),(6.,0.25),(6.,0.),(0.,0.)));
#3078=IFCINDEXEDPOLYCURVE(#3077,$,.F.);
#3079=IFCDIRECTION((0.,0.,1.));
#3080=IFCARBITRARYCLOSEDPROFILEDEF(.AREA.,$,#3078);
#3081=IFCCARTESIANPOINT((0.,0.,0.));
#3082=IFCDIRECTION((0.,0.,1.));
#3083=IFCDIRECTION((1.,0.,0.));
#3084=IFCAXIS2PLACEMENT3D(#3081,#3082,#3083);
#3085=IFCEXTRUDEDAREASOLID(#3080,#3084,#3079,0.40000000000000002);
#3086=IFCSHAPEREPRESENTATION(#11,'Body','SweptSolid',(#3085));
#3087=IFCPRODUCTDEFINITIONSHAPE($,$,(#3086));
#3093=IFCBEAM('0_M0p6TWLCZ9XgdbDX1UIb',$,'beam181',$,$,#17409,#3104,$,$);
#3094=IFCCARTESIANPOINTLIST2D(((0.,0.),(0.,0.25),(6.,0.25),(6.,0.),(0.,0.)));
#3095=IFCINDEXEDPOLYCURVE(#3094,$,.F.);
#3096=IFCDIRECTION((0.,0.,1.));
#3097=IFCARBITRARYCLOSEDPROFILEDEF(.AREA.,$,#3095);
#3098=IFCCARTESIANPOINT((0.,0.,0.));
#3099=IFCDIRECTION((0.,0.,1.));
#3100=IFCDIRECTION((1.,0.,0.));
#3101=IFCAXIS2PLACEMENT3D(#3098,#3099,#3100);
#3102=IFCEXTRUDEDAREASOLID(#3097,#3101,#3096,0.40000000000000002);
#3103=IFCSHAPEREPRESENTATION(#11,'Body','SweptSolid',(#3102));
#3104=IFCPRODUCTDEFINITIONSHAPE($,$,(#3103));
#3110=IFCBEAM('07tp_mpbL22Bha56CGl3Z_',$,'beam182',$,$,#18499,#3121,$,$);
#3111=IFCCARTESIANPOINTLIST2D(((0.,0.),(0.,0.25),(6.,0.25),(6.,0.),(0.,0.)));
#3112=IFCINDEXEDPOLYCURVE(#3111,$,.F.);
#3113=IFCDIRECTION((0.,0.,1.));
#3114=IFCARBITRARYCLOSEDPROFILEDEF(.AREA.,$,#3112);
#3115=IFCCARTESIANPOINT((0.,0.,0.));
#3116=IFCDIRECTION((0.,0.,1.));
#3117=IFCDIRECTION((1.,0.,0.));
#3118=IFCAXIS2PLACEMENT3D(#3115,#3116,#3117);
#3119=IFCEXTRUDEDAREASOLID(#3114,#3118,#3113,0.40000000000000002);
#3120=IFCSHAPEREPRESENTATION(#11,'Body','SweptSolid',(#3119));
#3121=IFCPRODUCTDEFINITIONSHAPE($,$,(#3120));
#3127=IFCBEAM('3bpWBxqejBgA9dThFM40cm',$,'beam183',$,$,#15434,#3138,$,$);
#3128=IFCCARTESIANPOINTLIST2D(((0.,0.),(0.,0.25),(6.,0.25),(6.,0.),(0.,0.)));
#3129=IFCINDEXEDPOLYCURVE(#3128,$,.F.);
#3130=IFCDIRECTION((0.,0.,1.));
#3131=IFCARBITRARYCLOSEDPROFILEDEF(.AREA.,$,#3129);
#3132=IFCCARTESIANPOINT((0.,0.,0.));
#3133=IFCDIRECTION((0.,0.,1.));
#3134=IFCDIRECTION((1.,0.,0.));
#3135=IFCAXIS2PLACEMENT3D(#3132,#3133,#3134);
#3136=IFCEXTRUDEDAREASOLID(#3131,#3135,#3130,0.40000000000000002);
#3137=IFCSHAPEREPRESENTATION(#11,'Body','SweptSolid',(#3136));
#3138=IFCPRODUCTDEFINITIONSHAPE($,$,(#3137));
#3144=IFCBEAM('3kg8ef6$D3p8TbViJ9F4LX',$,'beam184',$,$,#16494,#3155,$,$);
#3145=IFCCARTESIANPOINTLIST2D(((0.,0.),(0.,0.25),(6.,0.25),(6.,0.),(0.,0.)));
#3146=IFCINDEXEDPOLYCURVE(#3145,$,.F.);
#3147=IFCDIRECTION((0.,0.,1.));
#3148=IFCARBITRARYCLOSEDPROFILEDEF(.AREA.,$,#3146);
#3149=IFCCARTESIANPOINT((0.,0.,0.));
#3150=IFCDIRECTION((0.,0.,1.));
#3151=IFCDIRECTION((1.,0.,0.));
#3152=IFCAXIS2PLACEMENT3D(#3149,#3150,#3151);
#3153=IFCEXTRUDEDAREASOLID(#3148,#3152,#3147,0.40000000000000002);
#3154=IFCSHAPEREPRESENTATION(#11,'Body','SweptSolid',(#3153));
#3155=IFCPRODUCTDEFINITIONSHAPE($,$,(#3154));
#3161=IFCBEAM('1UcatuqCnAMQhLguoF5yhh',$,'beam185',$,$,#17459,#3172,$,$);
#3162=IFCCARTESIANPOINTLIST2D(((0.,0.),(0.,0.25),(6.,0.25),(6.,0.),(0.,0.)));
#3163=IFCINDEXEDPOLYCURVE(#3162,$,.F.);
#3164=IFCDIRECTION((0.,0.,1.));
#3165=IFCARBITRARYCLOSEDPROFILEDEF(.AREA.,$,#3163);
#3166=IFCCARTESIANPOINT((0.,0.,0.));
#3167=IFCDIRECTION((0.,0.,1.));
#3168=IFCDIRECTION((1.,0.,0.));
#3169=IFCAXIS2PLACEMENT3D(#3166,#3167,#3168);
#3170=IFCEXTRUDEDAREASOLID(#3165,#3169,#3164,0.5);
#3171=IFCSHAPEREPRESENTATION(#11,'Body','SweptSolid',(#3170));
#3172=IFCPRODUCTDEFINITIONSHAPE($,$,(#3171));
#3178=IFCBEAM('1QJrr0Rx13TPrxx5PMRGMV',$,'beam186',$,$,#18559,#3189,$,$);
#3179=IFCCARTESIANPOINTLIST2D(((0.,0.),(0.,0.25),(6.,0.25),(6.,0.),(0.,0.)));
#3180=IFCINDEXEDPOLYCURVE(#3179,$,.F.);
#3181=IFCDIRECTION((0.,0.,1.));
#3182=IFCARBITRARYCLOSEDPROFILEDEF(.AREA.,$,#3180);
#3183=IFCCARTESIANPOINT((0.,0.,0.));
#3184=IFCDIRECTION((0.,0.,1.));
#3185=IFCDIRECTION((1.,0.,0.));
#3186=IFCAXIS2PLACEMENT3D(#3183,#3184,#3185);
#3187=IFCEXTRUDEDAREASOLID(#3182,#3186,#3181,0.5);
#3188=IFCSHAPEREPRESENTATION(#11,'Body','SweptSolid',(#3187));
#3189=IFCPRODUCTDEFINITIONSHAPE($,$,(#3188));
#3195=IFCBEAM('28BwPuP$nAkPrpgCsvmD1S',$,'beam187',$,$,#15509,#3206,$,$);
#3196=IFCCARTESIANPOINTLIST2D(((0.,0.),(0.,0.25),(6.,0.25),(6.,0.),(0.,0.)));
#3197=IFCINDEXEDPOLYCURVE(#3196,$,.F.);
#3198=IFCDIRECTION((0.,0.,1.));
#3199=IFCARBITRARYCLOSEDPROFILEDEF(.AREA.,$,#3197);
#3200=IFCCARTESIANPOINT((0.,0.,0.));
#3201=IFCDIRECTION((0.,0.,1.));
#3202=IFCDIRECTION((1.,0.,0.));
#3203=IFCAXIS2PLACEMENT3D(#3200,#3201,#3202);
#3204=IFCEXTRUDEDAREASOLID(#3199,#3203,#3198,0.5);
#3205=IFCSHAPEREPRESENTATION(#11,'Body','SweptSolid',(#3204));
#3206=IFCPRODUCTDEFINITIONSHAPE($,$,(#3205));
#3212=IFCBEAM('3UYgsSfX16lgkTl1JThy$1',$,'beam188',$,$,#16559,#3223,$,$);
#3213=IFCCARTESIANPOINTLIST2D(((0.,0.),(0.,0.25),(6.,0.25),(6.,0.),(0.,0.)));
#3214=IFCINDEXEDPOLYCURVE(#3213,$,.F.);
#3215=IFCDIRECTION((0.,0.,1.));
#3216=IFCARBITRARYCLOSEDPROFILEDEF(.AREA.,$,#3214);
#3217=IFCCARTESIANPOINT((0.,0.,0.));
#3218=IFCDIRECTION((0.,0.,1.));
#3219=IFCDIRECTION((1.,0.,0.));
#3220=IFCAXIS2PLACEMENT3D(#3217,#3218,#3219);
#3221=IFCEXTRUDEDAREASOLID(#3216,#3220,#3215,0.5);
#3222=IFCSHAPEREPRESENTATION(#11,'Body','SweptSolid',(#3221));
#3223=IFCPRODUCTDEFINITIONSHAPE($,$,(#3222));
#3229=IFCBEAM('0mVlLmV7n05ApvgisEr0eN',$,'beam189',$,$,#17444,#3240,$,$);
#3230=IFCCARTESIANPOINTLIST2D(((0.,0.),(0.,0.25),(6.,0.25),(6.,0.),(0.,0.)));
#3231=IFCINDEXEDPOLYCURVE(#3230,$,.F.);
#3232=IFCDIRECTION((0.,0.,1.));
#3233=IFCARBITRARYCLOSEDPROFILEDEF(.AREA.,$,#3231);
#3234=IFCCARTESIANPOINT((0.,0.,0.));
#3235=IFCDIRECTION((0.,0.,1.));
#3236=IFCDIRECTION((1.,0.,0.));
#3237=IFCAXIS2PLACEMENT3D(#3234,#3235,#3236);
#3238=IFCEXTRUDEDAREASOLID(#3233,#3237,#3232,0.5);
#3239=IFCSHAPEREPRESENTATION(#11,'Body','SweptSolid',(#3238));
#3240=IFCPRODUCTDEFINITIONSHAPE($,$,(#3239));
#3246=IFCBEAM('33W5oU5_b0o9vhSBrdAOp9',$,'beam190',$,$,#17219,#3257,$,$);
#3247=IFCCARTESIANPOINTLIST2D(((0.,0.),(0.,0.25),(6.,0.25),(6.,0.),(0.,0.)));
#3248=IFCINDEXEDPOLYCURVE(#3247,$,.F.);
#3249=IFCDIRECTION((0.,0.,1.));
#3250=IFCARBITRARYCLOSEDPROFILEDEF(.AREA.,$,#3248);
#3251=IFCCARTESIANPOINT((0.,0.,0.));
#3252=IFCDIRECTION((0.,0.,1.));
#3253=IFCDIRECTION((1.,0.,0.));
#3254=IFCAXIS2PLACEMENT3D(#3251,#3252,#3253);
#3255=IFCEXTRUDEDAREASOLID(#3250,#3254,#3249,0.5);
#3256=IFCSHAPEREPRESENTATION(#11,'Body','SweptSolid',(#3255));
#3257=IFCPRODUCTDEFINITIONSHAPE($,$,(#3256));
#3263=IFCBEAM('1OkzXM$eH4UB8ynFVvugyX',$,'beam191',$,$,#15189,#3274,$,$);
#3264=IFCCARTESIANPOINTLIST2D(((0.,0.),(0.,0.25),(6.,0.25),(6.,0.),(0.,0.)));
#3265=IFCINDEXEDPOLYCURVE(#3264,$,.F.);
#3266=IFCDIRECTION((0.,0.,1.));
#3267=IFCARBITRARYCLOSEDPROFILEDEF(.AREA.,$,#3265);
#3268=IFCCARTESIANPOINT((0.,0.,0.));
#3269=IFCDIRECTION((0.,0.,1.));
#3270=IFCDIRECTION((1.,0.,0.));
#3271=IFCAXIS2PLACEMENT3D(#3268,#3269,#3270);
#3272=IFCEXTRUDEDAREASOLID(#3267,#3271,#3266,0.5);
#3273=IFCSHAPEREPRESENTATION(#11,'Body','SweptSolid',(#3272));
#3274=IFCPRODUCTDEFINITIONSHAPE($,$,(#3273));
#3280=IFCBEAM('3rBLz13PPFeP$AUd0X5HkE',$,'beam192',$,$,#15009,#3291,$,$);
#3281=IFCCARTESIANPOINTLIST2D(((0.,0.),(0.,0.25),(6.,0.25),(6.,0.),(0.,0.)));
#3282=IFCINDEXEDPOLYCURVE(#3281,$,.F.);
#3283=IFCDIRECTION((0.,0.,1.));
#3284=IFCARBITRARYCLOSEDPROFILEDEF(.AREA.,$,#3282);
#3285=IFCCARTESIANPOINT((0.,0.,0.));
#3286=IFCDIRECTION((0.,0.,1.));
#3287=IFCDIRECTION((1.,0.,0.));
#3288=IFCAXIS2PLACEMENT3D(#3285,#3286,#3287);
#3289=IFCEXTRUDEDAREASOLID(#3284,#3288,#3283,0.5);
#3290=IFCSHAPEREPRESENTATION(#11,'Body','SweptSolid',(#3289));
#3291=IFCPRODUCTDEFINITIONSHAPE($,$,(#3290));
#3297=IFCBEAM('2j77LLvfv9u8pzYwWHPl02',$,'beam193',$,$,#16134,#3308,$,$);
#3298=IFCCARTESIANPOINTLIST2D(((0.,0.),(0.,0.25),(6.,0.25),(6.,0.),(0.,0.)));
#3299=IFCINDEXEDPOLYCURVE(#3298,$,.F.);
#3300=IFCDIRECTION((0.,0.,1.));
#3301=IFCARBITRARYCLOSEDPROFILEDEF(.AREA.,$,#3299);
#3302=IFCCARTESIANPOINT((0.,0.,0.));
#3303=IFCDIRECTION((0.,0.,1.));
#3304=IFCDIRECTION((1.,0.,0.));
#3305=IFCAXIS2PLACEMENT3D(#3302,#3303,#3304);
#3306=IFCEXTRUDEDAREASOLID(#3301,#3305,#3300,0.5);
#3307=IFCSHAPEREPRESENTATION(#11,'Body','SweptSolid',(#3306));
#3308=IFCPRODUCTDEFINITIONSHAPE($,$,(#3307));
#3314=IFCBEAM('0LAeDxYXz4ovk2W1H9vriL',$,'beam194',$,$,#17284,#3325,$,$);
#3315=IFCCARTESIANPOINTLIST2D(((0.,0.),(0.,0.25),(6.,0.25),(6.,0.),(0.,0.)));
#3316=IFCINDEXEDPOLYCURVE(#3315,$,.F.);
#3317=IFCDIRECTION((0.,0.,1.));
#3318=IFCARBITRARYCLOSEDPROFILEDEF(.AREA.,$,#3316);
#3319=IFCCARTESIANPOINT((0.,0.,0.));
#3320=IFCDIRECTION((0.,0.,1.));
#3321=IFCDIRECTION((1.,0.,0.));
#3322=IFCAXIS2PLACEMENT3D(#3319,#3320,#3321);
#3323=IFCEXTRUDEDAREASOLID(#3318,#3322,#3317,0.5);
#3324=IFCSHAPEREPRESENTATION(#11,'Body','SweptSolid',(#3323));
#3325=IFCPRODUCTDEFINITIONSHAPE($,$,(#3324));
#3331=IFCBEAM('12BPg0bjr9HQfOsMKJLA3T',$,'beam195',$,$,#18339,#3342,$,$);
#3332=IFCCARTESIANPOINTLIST2D(((0.,0.),(0.,0.25),(6.,0.25),(6.,0.),(0.,0.)));
#3333=IFCINDEXEDPOLYCURVE(#3332,$,.F.);
#3334=IFCDIRECTION((0.,0.,1.));
#3335=IFCARBITRARYCLOSEDPROFILEDEF(.AREA.,$,#3333);
#3336=IFCCARTESIANPOINT((0.,0.,0.));
#3337=IFCDIRECTION((0.,0.,1.));
#3338=IFCDIRECTION((1.,0.,0.));
#3339=IFCAXIS2PLACEMENT3D(#3336,#3337,#3338);
#3340=IFCEXTRUDEDAREASOLID(#3335,#3339,#3334,0.5);
#3341=IFCSHAPEREPRESENTATION(#11,'Body','SweptSolid',(#3340));
#3342=IFCPRODUCTDEFINITIONSHAPE($,$,(#3341));
#3348=IFCBEAM('00jaxgt0vEbRLvahjJgNIc',$,'beam196',$,$,#15269,#3359,$,$);
#3349=IFCCARTESIANPOINTLIST2D(((0.,0.),(0.,0.25),(6.,0.25),(6.,0.),(0.,0.)));
#3350=IFCINDEXEDPOLYCURVE(#3349,$,.F.);
#3351=IFCDIRECTION((0.,0.,1.));
#3352=IFCARBITRARYCLOSEDPROFILEDEF(.AREA.,$,#3350);
#3353=IFCCARTESIANPOINT((0.,0.,0.));
#3354=IFCDIRECTION((0.,0.,1.));
#3355=IFCDIRECTION((1.,0.,0.));
#3356=IFCAXIS2PLACEMENT3D(#3353,#3354,#3355);
#3357=IFCEXTRUDEDAREASOLID(#3352,#3356,#3351,0.5);
#3358=IFCSHAPEREPRESENTATION(#11,'Body','SweptSolid',(#3357));
#3359=IFCPRODUCTDEFINITIONSHAPE($,$,(#3358));
#3365=IFCBEAM('3BURFUwpf9PP8ZyAJzSWXC',$,'beam197',$,$,#16184,#3376,$,$);
#3366=IFCCARTESIANPOINTLIST2D(((0.,0.),(0.,0.25),(6.,0.25),(6.,0.),(0.,0.)));
#3367=IFCINDEXEDPOLYCURVE(#3366,$,.F.);
#3368=IFCDIRECTION((0.,0.,1.));
#3369=IFCARBITRARYCLOSEDPROFILEDEF(.AREA.,$,#3367);
#3370=IFCCARTESIANPOINT((0.,0.,0.));
#3371=IFCDIRECTION((0.,0.,1.));
#3372=IFCDIRECTION((1.,0.,0.));
#3373=IFCAXIS2PLACEMENT3D(#3370,#3371,#3372);
#3374=IFCEXTRUDEDAREASOLID(#3369,#3373,#3368,0.5);
#3375=IFCSHAPEREPRESENTATION(#11,'Body','SweptSolid',(#3374));
#3376=IFCPRODUCTDEFINITIONSHAPE($,$,(#3375));
#3382=IFCBEAM('0F$P$5x7vFdxxERICHc8Yb',$,'beam198',$,$,#17339,#3393,$,$);
#3383=IFCCARTESIANPOINTLIST2D(((0.,0.),(0.,0.25),(6.,0.25),(6.,0.),(0.,0.)));
#3384=IFCINDEXEDPOLYCURVE(#3383,$,.F.);
#3385=IFCDIRECTION((0.,0.,1.));
#3386=IFCARBITRARYCLOSEDPROFILEDEF(.AREA.,$,#3384);
#3387=IFCCARTESIANPOINT((0.,0.,0.));
#3388=IFCDIRECTION((0.,0.,1.));
#3389=IFCDIRECTION((1.,0.,0.));
#3390=IFCAXIS2PLACEMENT3D(#3387,#3388,#3389);
#3391=IFCEXTRUDEDAREASOLID(#3386,#3390,#3385,0.40000000000000002);
#3392=IFCSHAPEREPRESENTATION(#11,'Body','SweptSolid',(#3391));
#3393=IFCPRODUCTDEFINITIONSHAPE($,$,(#3392));
#3399=IFCBEAM('0GuyuUGlHDYfHhd5ZLhN4m',$,'beam199',$,$,#18409,#3410,$,$);
#3400=IFCCARTESIANPOINTLIST2D(((0.,0.),(0.,0.25),(6.,0.25),(6.,0.),(0.,0.)));
#3401=IFCINDEXEDPOLYCURVE(#3400,$,.F.);
#3402=IFCDIRECTION((0.,0.,1.));
#3403=IFCARBITRARYCLOSEDPROFILEDEF(.AREA.,$,#3401);
#3404=IFCCARTESIANPOINT((0.,0.,0.));
#3405=IFCDIRECTION((0.,0.,1.));
#3406=IFCDIRECTION((1.,0.,0.));
#3407=IFCAXIS2PLACEMENT3D(#3404,#3405,#3406);
#3408=IFCEXTRUDEDAREASOLID(#3403,#3407,#3402,0.5);
#3409=IFCSHAPEREPRESENTATION(#11,'Body','SweptSolid',(#3408));
#3410=IFCPRODUCTDEFINITIONSHAPE($,$,(#3409));
#3416=IFCBEAM('3uGYy99NP6OgkUwR0QSalV',$,'beam200',$,$,#15339,#3427,$,$);
#3417=IFCCARTESIANPOINTLIST2D(((0.,0.),(0.,0.25),(6.,0.25),(6.,0.),(0.,0.)));
#3418=IFCINDEXEDPOLYCURVE(#3417,$,.F.);
#3419=IFCDIRECTION((0.,0.,1.));
#3420=IFCARBITRARYCLOSEDPROFILEDEF(.AREA.,$,#3418);
#3421=IFCCARTESIANPOINT((0.,0.,0.));
#3422=IFCDIRECTION((0.,0.,1.));
#3423=IFCDIRECTION((1.,0.,0.));
#3424=IFCAXIS2PLACEMENT3D(#3421,#3422,#3423);
#3425=IFCEXTRUDEDAREASOLID(#3420,#3424,#3419,0.5);
#3426=IFCSHAPEREPRESENTATION(#11,'Body','SweptSolid',(#3425));
#3427=IFCPRODUCTDEFINITIONSHAPE($,$,(#3426));
#3433=IFCBEAM('2W$a4qqUn94wg5Nx_PaKcr',$,'beam201',$,$,#16424,#3444,$,$);
#3434=IFCCARTESIANPOINTLIST2D(((0.,0.),(0.,0.25),(6.,0.25),(6.,0.),(0.,0.)));
#3435=IFCINDEXEDPOLYCURVE(#3434,$,.F.);
#3436=IFCDIRECTION((0.,0.,1.));
#3437=IFCARBITRARYCLOSEDPROFILEDEF(.AREA.,$,#3435);
#3438=IFCCARTESIANPOINT((0.,0.,0.));
#3439=IFCDIRECTION((0.,0.,1.));
#3440=IFCDIRECTION((1.,0.,0.));
#3441=IFCAXIS2PLACEMENT3D(#3438,#3439,#3440);
#3442=IFCEXTRUDEDAREASOLID(#3437,#3441,#3436,0.5);
#3443=IFCSHAPEREPRESENTATION(#11,'Body','SweptSolid',(#3442));
#3444=IFCPRODUCTDEFINITIONSHAPE($,$,(#3443));
#3450=IFCBEAM('06c8Tmq6z32OdbyBb$OTML',$,'beam202',$,$,#17394,#3461,$,$);
#3451=IFCCARTESIANPOINTLIST2D(((0.,0.),(0.,0.25),(6.,0.25),(6.,0.),(0.,0.)));
#3452=IFCINDEXEDPOLYCURVE(#3451,$,.F.);
#3453=IFCDIRECTION((0.,0.,1.));
#3454=IFCARBITRARYCLOSEDPROFILEDEF(.AREA.,$,#3452);
#3455=IFCCARTESIANPOINT((0.,0.,0.));
#3456=IFCDIRECTION((0.,0.,1.));
#3457=IFCDIRECTION((1.,0.,0.));
#3458=IFCAXIS2PLACEMENT3D(#3455,#3456,#3457);
#3459=IFCEXTRUDEDAREASOLID(#3454,#3458,#3453,0.5);
#3460=IFCSHAPEREPRESENTATION(#11,'Body','SweptSolid',(#3459));
#3461=IFCPRODUCTDEFINITIONSHAPE($,$,(#3460));
#3467=IFCBEAM('1o2O626n18PAqtcYpw$MKT',$,'beam203',$,$,#18149,#3478,$,$);
#3468=IFCCARTESIANPOINTLIST2D(((0.,0.),(0.,0.25),(6.,0.25),(6.,0.),(0.,0.)));
#3469=IFCINDEXEDPOLYCURVE(#3468,$,.F.);
#3470=IFCDIRECTION((0.,0.,1.));
#3471=IFCARBITRARYCLOSEDPROFILEDEF(.AREA.,$,#3469);
#3472=IFCCARTESIANPOINT((0.,0.,0.));
#3473=IFCDIRECTION((0.,0.,1.));
#3474=IFCDIRECTION((1.,0.,0.));
#3475=IFCAXIS2PLACEMENT3D(#3472,#3473,#3474);
#3476=IFCEXTRUDEDAREASOLID(#3471,#3475,#3470,0.5);
#3477=IFCSHAPEREPRESENTATION(#11,'Body','SweptSolid',(#3476));
#3478=IFCPRODUCTDEFINITIONSHAPE($,$,(#3477));
#3484=IFCBEAM('3WFQdwS2LFIvWCiWAus0E4',$,'beam204',$,$,#15089,#3495,$,$);
#3485=IFCCARTESIANPOINTLIST2D(((0.,0.),(0.,0.25),(6.,0.25),(6.,0.),(0.,0.)));
#3486=IFCINDEXEDPOLYCURVE(#3485,$,.F.);
#3487=IFCDIRECTION((0.,0.,1.));
#3488=IFCARBITRARYCLOSEDPROFILEDEF(.AREA.,$,#3486);
#3489=IFCCARTESIANPOINT((0.,0.,0.));
#3490=IFCDIRECTION((0.,0.,1.));
#3491=IFCDIRECTION((1.,0.,0.));
#3492=IFCAXIS2PLACEMENT3D(#3489,#3490,#3491);
#3493=IFCEXTRUDEDAREASOLID(#3488,#3492,#3487,0.5);
#3494=IFCSHAPEREPRESENTATION(#11,'Body','SweptSolid',(#3493));
#3495=IFCPRODUCTDEFINITIONSHAPE($,$,(#3494));
#3501=IFCBEAM('1jlRUhUrP2SOQSLJs4woKg',$,'beam205',$,$,#16224,#3512,$,$);
#3502=IFCCARTESIANPOINTLIST2D(((0.,0.),(0.,0.25),(6.,0.25),(6.,0.),(0.,0.)));
#3503=IFCINDEXEDPOLYCURVE(#3502,$,.F.);
#3504=IFCDIRECTION((0.,0.,1.));
#3505=IFCARBITRARYCLOSEDPROFILEDEF(.AREA.,$,#3503);
#3506=IFCCARTESIANPOINT((0.,0.,0.));
#3507=IFCDIRECTION((0.,0.,1.));
#3508=IFCDIRECTION((1.,0.,0.));
#3509=IFCAXIS2PLACEMENT3D(#3506,#3507,#3508);
#3510=IFCEXTRUDEDAREASOLID(#3505,#3509,#3504,0.5);
#3511=IFCSHAPEREPRESENTATION(#11,'Body','SweptSolid',(#3510));
#3512=IFCPRODUCTDEFINITIONSHAPE($,$,(#3511));
#3518=IFCBEAM('3LXSN4MD5Dlws7HbOolrGt',$,'beam206',$,$,#17374,#3529,$,$);
#3519=IFCCARTESIANPOINTLIST2D(((0.,0.),(0.,0.25),(6.,0.25),(6.,0.),(0.,0.)));
#3520=IFCINDEXEDPOLYCURVE(#3519,$,.F.);
#3521=IFCDIRECTION((0.,0.,1.));
#3522=IFCARBITRARYCLOSEDPROFILEDEF(.AREA.,$,#3520);
#3523=IFCCARTESIANPOINT((0.,0.,0.));
#3524=IFCDIRECTION((0.,0.,1.));
#3525=IFCDIRECTION((1.,0.,0.));
#3526=IFCAXIS2PLACEMENT3D(#3523,#3524,#3525);
#3527=IFCEXTRUDEDAREASOLID(#3522,#3526,#3521,0.5);
#3528=IFCSHAPEREPRESENTATION(#11,'Body','SweptSolid',(#3527));
#3529=IFCPRODUCTDEFINITIONSHAPE($,$,(#3528));
#3535=IFCBEAM('0TTa2tq8PFe8mL9j4bwfFu',$,'beam207',$,$,#17119,#3546,$,$);
#3536=IFCCARTESIANPOINTLIST2D(((0.,0.),(0.,0.25),(6.,0.25),(6.,0.),(0.,0.)));
#3537=IFCINDEXEDPOLYCURVE(#3536,$,.F.);
#3538=IFCDIRECTION((0.,0.,1.));
#3539=IFCARBITRARYCLOSEDPROFILEDEF(.AREA.,$,#3537);
#3540=IFCCARTESIANPOINT((0.,0.,0.));
#3541=IFCDIRECTION((0.,0.,1.));
#3542=IFCDIRECTION((1.,0.,0.));
#3543=IFCAXIS2PLACEMENT3D(#3540,#3541,#3542);
#3544=IFCEXTRUDEDAREASOLID(#3539,#3543,#3538,0.5);
#3545=IFCSHAPEREPRESENTATION(#11,'Body','SweptSolid',(#3544));
#3546=IFCPRODUCTDEFINITIONSHAPE($,$,(#3545));
#3552=IFCBEAM('01AANgkfb9uxAVeLxRkjjt',$,'beam208',$,$,#15124,#3563,$,$);
#3553=IFCCARTESIANPOINTLIST2D(((0.,0.),(0.,0.25),(6.,0.25),(6.,0.),(0.,0.)));
#3554=IFCINDEXEDPOLYCURVE(#3553,$,.F.);
#3555=IFCDIRECTION((0.,0.,1.));
#3556=IFCARBITRARYCLOSEDPROFILEDEF(.AREA.,$,#3554);
#3557=IFCCARTESIANPOINT((0.,0.,0.));
#3558=IFCDIRECTION((0.,0.,1.));
#3559=IFCDIRECTION((1.,0.,0.));
#3560=IFCAXIS2PLACEMENT3D(#3557,#3558,#3559);
#3561=IFCEXTRUDEDAREASOLID(#3556,#3560,#3555,0.5);
#3562=IFCSHAPEREPRESENTATION(#11,'Body','SweptSolid',(#3561));
#3563=IFCPRODUCTDEFINITIONSHAPE($,$,(#3562));
#3569=IFCBEAM('2Algtr35zET9t6HItTs1I8',$,'beam209',$,$,#16259,#3580,$,$);
#3570=IFCCARTESIANPOINTLIST2D(((0.,0.),(0.,0.25),(6.,0.25),(6.,0.),(0.,0.)));
#3571=IFCINDEXEDPOLYCURVE(#3570,$,.F.);
#3572=IFCDIRECTION((0.,0.,1.));
#3573=IFCARBITRARYCLOSEDPROFILEDEF(.AREA.,$,#3571);
#3574=IFCCARTESIANPOINT((0.,0.,0.));
#3575=IFCDIRECTION((0.,0.,1.));
#3576=IFCDIRECTION((1.,0.,0.));
#3577=IFCAXIS2PLACEMENT3D(#3574,#3575,#3576);
#3578=IFCEXTRUDEDAREASOLID(#3573,#3577,#3572,0.5);
#3579=IFCSHAPEREPRESENTATION(#11,'Body','SweptSolid',(#3578));
#3580=IFCPRODUCTDEFINITIONSHAPE($,$,(#3579));
#3586=IFCBEAM('3ivdLSBQn0pxSXg93RrQ97',$,'beam210',$,$,#16054,#3597,$,$);
#3587=IFCCARTESIANPOINTLIST2D(((0.,0.),(0.,0.25),(6.,0.25),(6.,0.),(0.,0.)));
#3588=IFCINDEXEDPOLYCURVE(#3587,$,.F.);
#3589=IFCDIRECTION((0.,0.,1.));
#3590=IFCARBITRARYCLOSEDPROFILEDEF(.AREA.,$,#3588);
#3591=IFCCARTESIANPOINT((0.,0.,0.));
#3592=IFCDIRECTION((0.,0.,1.));
#3593=IFCDIRECTION((1.,0.,0.));
#3594=IFCAXIS2PLACEMENT3D(#3591,#3592,#3593);
#3595=IFCEXTRUDEDAREASOLID(#3590,#3594,#3589,0.5);
#3596=IFCSHAPEREPRESENTATION(#11,'Body','SweptSolid',(#3595));
#3597=IFCPRODUCTDEFINITIONSHAPE($,$,(#3596));
#3603=IFCBEAM('3bJrq2tNTApx8wiH$fsFUq',$,'beam211',$,$,#17184,#3614,$,$);
#3604=IFCCARTESIANPOINTLIST2D(((0.,0.),(0.,0.25),(6.,0.25),(6.,0.),(0.,0.)));
#3605=IFCINDEXEDPOLYCURVE(#3604,$,.F.);
#3606=IFCDIRECTION((0.,0.,1.));
#3607=IFCARBITRARYCLOSEDPROFILEDEF(.AREA.,$,#3605);
#3608=IFCCARTESIANPOINT((0.,0.,0.));
#3609=IFCDIRECTION((0.,0.,1.));
#3610=IFCDIRECTION((1.,0.,0.));
#3611=IFCAXIS2PLACEMENT3D(#3608,#3609,#3610);
#3612=IFCEXTRUDEDAREASOLID(#3607,#3611,#3606,0.5);
#3613=IFCSHAPEREPRESENTATION(#11,'Body','SweptSolid',(#3612));
#3614=IFCPRODUCTDEFINITIONSHAPE($,$,(#3613));
#3620=IFCBEAM('1SWnA6HEj2WgzSUdbZ3Qq9',$,'beam212',$,$,#18254,#3631,$,$);
#3621=IFCCARTESIANPOINTLIST2D(((0.,0.),(0.,0.25),(6.,0.25),(6.,0.),(0.,0.)));
#3622=IFCINDEXEDPOLYCURVE(#3621,$,.F.);
#3623=IFCDIRECTION((0.,0.,1.));
#3624=IFCARBITRARYCLOSEDPROFILEDEF(.AREA.,$,#3622);
#3625=IFCCARTESIANPOINT((0.,0.,0.));
#3626=IFCDIRECTION((0.,0.,1.));
#3627=IFCDIRECTION((1.,0.,0.));
#3628=IFCAXIS2PLACEMENT3D(#3625,#3626,#3627);
#3629=IFCEXTRUDEDAREASOLID(#3624,#3628,#3623,0.5);
#3630=IFCSHAPEREPRESENTATION(#11,'Body','SweptSolid',(#3629));
#3631=IFCPRODUCTDEFINITIONSHAPE($,$,(#3630));
#3637=IFCBEAM('0uLuEsonz0cvjZuO5OTzTF',$,'beam213',$,$,#14989,#3648,$,$);
#3638=IFCCARTESIANPOINTLIST2D(((0.,0.),(0.,0.25),(6.,0.25),(6.,0.),(0.,0.)));
#3639=IFCINDEXEDPOLYCURVE(#3638,$,.F.);
#3640=IFCDIRECTION((0.,0.,1.));
#3641=IFCARBITRARYCLOSEDPROFILEDEF(.AREA.,$,#3639);
#3642=IFCCARTESIANPOINT((0.,0.,0.));
#3643=IFCDIRECTION((0.,0.,1.));
#3644=IFCDIRECTION((1.,0.,0.));
#3645=IFCAXIS2PLACEMENT3D(#3642,#3643,#3644);
#3646=IFCEXTRUDEDAREASOLID(#3641,#3645,#3640,0.5);
#3647=IFCSHAPEREPRESENTATION(#11,'Body','SweptSolid',(#3646));
#3648=IFCPRODUCTDEFINITIONSHAPE($,$,(#3647));
#3654=IFCBEAM('2s8JVgIjX3tetV6UfkDfV$',$,'beam214',$,$,#16114,#3665,$,$);
#3655=IFCCARTESIANPOINTLIST2D(((0.,0.),(0.,0.25),(6.,0.25),(6.,0.),(0.,0.)));
#3656=IFCINDEXEDPOLYCURVE(#3655,$,.F.);
#3657=IFCDIRECTION((0.,0.,1.));
#3658=IFCARBITRARYCLOSEDPROFILEDEF(.AREA.,$,#3656);
#3659=IFCCARTESIANPOINT((0.,0.,0.));
#3660=IFCDIRECTION((0.,0.,1.));
#3661=IFCDIRECTION((1.,0.,0.));
#3662=IFCAXIS2PLACEMENT3D(#3659,#3660,#3661);
#3663=IFCEXTRUDEDAREASOLID(#3658,#3662,#3657,0.5);
#3664=IFCSHAPEREPRESENTATION(#11,'Body','SweptSolid',(#3663));
#3665=IFCPRODUCTDEFINITIONSHAPE($,$,(#3664));
#3671=IFCBEAM('2mi2Ln21v5xwTTYkz4f3WY',$,'beam215',$,$,#17254,#3682,$,$);
#3672=IFCCARTESIANPOINTLIST2D(((0.,0.),(0.,0.25),(6.,0.25),(6.,0.),(0.,0.)));
#3673=IFCINDEXEDPOLYCURVE(#3672,$,.F.);
#3674=IFCDIRECTION((0.,0.,1.));
#3675=IFCARBITRARYCLOSEDPROFILEDEF(.AREA.,$,#3673);
#3676=IFCCARTESIANPOINT((0.,0.,0.));
#3677=IFCDIRECTION((0.,0.,1.));
#3678=IFCDIRECTION((1.,0.,0.));
#3679=IFCAXIS2PLACEMENT3D(#3676,#3677,#3678);
#3680=IFCEXTRUDEDAREASOLID(#3675,#3679,#3674,0.5);
#3681=IFCSHAPEREPRESENTATION(#11,'Body','SweptSolid',(#3680));
#3682=IFCPRODUCTDEFINITIONSHAPE($,$,(#3681));
#3688=IFCBEAM('3uCnWLcTz7xQCaBnzXoeab',$,'beam216',$,$,#18314,#3699,$,$);
#3689=IFCCARTESIANPOINTLIST2D(((0.,0.),(0.,0.25),(6.,0.25),(6.,0.),(0.,0.)));
#3690=IFCINDEXEDPOLYCURVE(#3689,$,.F.);
#3691=IFCDIRECTION((0.,0.,1.));
#3692=IFCARBITRARYCLOSEDPROFILEDEF(.AREA.,$,#3690);
#3693=IFCCARTESIANPOINT((0.,0.,0.));
#3694=IFCDIRECTION((0.,0.,1.));
#3695=IFCDIRECTION((1.,0.,0.));
#3696=IFCAXIS2PLACEMENT3D(#3693,#3694,#3695);
#3697=IFCEXTRUDEDAREASOLID(#3692,#3696,#3691,0.40000000000000002);
#3698=IFCSHAPEREPRESENTATION(#11,'Body','SweptSolid',(#3697));
#3699=IFCPRODUCTDEFINITIONSHAPE($,$,(#3698));
#3705=IFCBEAM('3TIOMpELL7cgf$i$XpHR6i',$,'beam217',$,$,#14969,#3716,$,$);
#3706=IFCCARTESIANPOINTLIST2D(((0.,0.),(0.,0.25),(6.,0.25),(6.,0.),(0.,0.)));
#3707=IFCINDEXEDPOLYCURVE(#3706,$,.F.);
#3708=IFCDIRECTION((0.,0.,1.));
#3709=IFCARBITRARYCLOSEDPROFILEDEF(.AREA.,$,#3707);
#3710=IFCCARTESIANPOINT((0.,0.,0.));
#3711=IFCDIRECTION((0.,0.,1.));
#3712=IFCDIRECTION((1.,0.,0.));
#3713=IFCAXIS2PLACEMENT3D(#3710,#3711,#3712);
#3714=IFCEXTRUDEDAREASOLID(#3709,#3713,#3708,0.40000000000000002);
#3715=IFCSHAPEREPRESENTATION(#11,'Body','SweptSolid',(#3714));
#3716=IFCPRODUCTDEFINITIONSHAPE($,$,(#3715));
#3722=IFCBEAM('2xT1hcCWrEcfb9lwMB5EV3',$,'beam218',$,$,#16094,#3733,$,$);
#3723=IFCCARTESIANPOINTLIST2D(((0.,0.),(0.,0.25),(6.,0.25),(6.,0.),(0.,0.)));
#3724=IFCINDEXEDPOLYCURVE(#3723,$,.F.);
#3725=IFCDIRECTION((0.,0.,1.));
#3726=IFCARBITRARYCLOSEDPROFILEDEF(.AREA.,$,#3724);
#3727=IFCCARTESIANPOINT((0.,0.,0.));
#3728=IFCDIRECTION((0.,0.,1.));
#3729=IFCDIRECTION((1.,0.,0.));
#3730=IFCAXIS2PLACEMENT3D(#3727,#3728,#3729);
#3731=IFCEXTRUDEDAREASOLID(#3726,#3730,#3725,0.40000000000000002);
#3732=IFCSHAPEREPRESENTATION(#11,'Body','SweptSolid',(#3731));
#3733=IFCPRODUCTDEFINITIONSHAPE($,$,(#3732));
#3739=IFCBEAM('1cj6hi_Wr2sA6q1LPhz42r',$,'beam219',$,$,#16974,#3750,$,$);
#3740=IFCCARTESIANPOINTLIST2D(((0.,0.),(0.,0.25),(6.,0.25),(6.,0.),(0.,0.)));
#3741=IFCINDEXEDPOLYCURVE(#3740,$,.F.);
#3742=IFCDIRECTION((0.,0.,1.));
#3743=IFCARBITRARYCLOSEDPROFILEDEF(.AREA.,$,#3741);
#3744=IFCCARTESIANPOINT((0.,0.,0.));
#3745=IFCDIRECTION((0.,0.,1.));
#3746=IFCDIRECTION((1.,0.,0.));
#3747=IFCAXIS2PLACEMENT3D(#3744,#3745,#3746);
#3748=IFCEXTRUDEDAREASOLID(#3743,#3747,#3742,0.40000000000000002);
#3749=IFCSHAPEREPRESENTATION(#11,'Body','SweptSolid',(#3748));
#3750=IFCPRODUCTDEFINITIONSHAPE($,$,(#3749));
#3756=IFCBEAM('11RN0g_NHDWfTgD10MNZBE',$,'beam220',$,$,#18119,#3767,$,$);
#3757=IFCCARTESIANPOINTLIST2D(((0.,0.),(0.,0.25),(6.,0.25),(6.,0.),(0.,0.)));
#3758=IFCINDEXEDPOLYCURVE(#3757,$,.F.);
#3759=IFCDIRECTION((0.,0.,1.));
#3760=IFCARBITRARYCLOSEDPROFILEDEF(.AREA.,$,#3758);
#3761=IFCCARTESIANPOINT((0.,0.,0.));
#3762=IFCDIRECTION((0.,0.,1.));
#3763=IFCDIRECTION((1.,0.,0.));
#3764=IFCAXIS2PLACEMENT3D(#3761,#3762,#3763);
#3765=IFCEXTRUDEDAREASOLID(#3760,#3764,#3759,0.40000000000000002);
#3766=IFCSHAPEREPRESENTATION(#11,'Body','SweptSolid',(#3765));
#3767=IFCPRODUCTDEFINITIONSHAPE($,$,(#3766));
#3773=IFCBEAM('1ZV0mmgbjEgAYbDPjtSvnh',$,'beam221',$,$,#15019,#3784,$,$);
#3774=IFCCARTESIANPOINTLIST2D(((0.,0.),(0.,0.25),(6.,0.25),(6.,0.),(0.,0.)));
#3775=IFCINDEXEDPOLYCURVE(#3774,$,.F.);
#3776=IFCDIRECTION((0.,0.,1.));
#3777=IFCARBITRARYCLOSEDPROFILEDEF(.AREA.,$,#3775);
#3778=IFCCARTESIANPOINT((0.,0.,0.));
#3779=IFCDIRECTION((0.,0.,1.));
#3780=IFCDIRECTION((1.,0.,0.));
#3781=IFCAXIS2PLACEMENT3D(#3778,#3779,#3780);
#3782=IFCEXTRUDEDAREASOLID(#3777,#3781,#3776,0.40000000000000002);
#3783=IFCSHAPEREPRESENTATION(#11,'Body','SweptSolid',(#3782));
#3784=IFCPRODUCTDEFINITIONSHAPE($,$,(#3783));
#3790=IFCBEAM('3NzGyD08H4QxcGSxH2uiSF',$,'beam222',$,$,#16149,#3801,$,$);
#3791=IFCCARTESIANPOINTLIST2D(((0.,0.),(0.,0.25),(6.,0.25),(6.,0.),(0.,0.)));
#3792=IFCINDEXEDPOLYCURVE(#3791,$,.F.);
#3793=IFCDIRECTION((0.,0.,1.));
#3794=IFCARBITRARYCLOSEDPROFILEDEF(.AREA.,$,#3792);
#3795=IFCCARTESIANPOINT((0.,0.,0.));
#3796=IFCDIRECTION((0.,0.,1.));
#3797=IFCDIRECTION((1.,0.,0.));
#3798=IFCAXIS2PLACEMENT3D(#3795,#3796,#3797);
#3799=IFCEXTRUDEDAREASOLID(#3794,#3798,#3793,0.40000000000000002);
#3800=IFCSHAPEREPRESENTATION(#11,'Body','SweptSolid',(#3799));
#3801=IFCPRODUCTDEFINITIONSHAPE($,$,(#3800));
#3807=IFCBEAM('3MYtzl3lj5Vvs0JqCylQpM',$,'beam223',$,$,#17299,#3818,$,$);
#3808=IFCCARTESIANPOINTLIST2D(((0.,0.),(0.,0.25),(6.,0.25),(6.,0.),(0.,0.)));
#3809=IFCINDEXEDPOLYCURVE(#3808,$,.F.);
#3810=IFCDIRECTION((0.,0.,1.));
#3811=IFCARBITRARYCLOSEDPROFILEDEF(.AREA.,$,#3809);
#3812=IFCCARTESIANPOINT((0.,0.,0.));
#3813=IFCDIRECTION((0.,0.,1.));
#3814=IFCDIRECTION((1.,0.,0.));
#3815=IFCAXIS2PLACEMENT3D(#3812,#3813,#3814);
#3816=IFCEXTRUDEDAREASOLID(#3811,#3815,#3810,0.40000000000000002);
#3817=IFCSHAPEREPRESENTATION(#11,'Body','SweptSolid',(#3816));
#3818=IFCPRODUCTDEFINITIONSHAPE($,$,(#3817));
#3824=IFCBEAM('2zJfrbdDj1$v0dLz3XkUAU',$,'beam224',$,$,#17039,#3835,$,$);
#3825=IFCCARTESIANPOINTLIST2D(((0.,0.),(0.,0.25),(6.,0.25),(6.,0.),(0.,0.)));
#3826=IFCINDEXEDPOLYCURVE(#3825,$,.F.);
#3827=IFCDIRECTION((0.,0.,1.));
#3828=IFCARBITRARYCLOSEDPROFILEDEF(.AREA.,$,#3826);
#3829=IFCCARTESIANPOINT((0.,0.,0.));
#3830=IFCDIRECTION((0.,0.,1.));
#3831=IFCDIRECTION((1.,0.,0.));
#3832=IFCAXIS2PLACEMENT3D(#3829,#3830,#3831);
#3833=IFCEXTRUDEDAREASOLID(#3828,#3832,#3827,0.40000000000000002);
#3834=IFCSHAPEREPRESENTATION(#11,'Body','SweptSolid',(#3833));
#3835=IFCPRODUCTDEFINITIONSHAPE($,$,(#3834));
#3841=IFCBEAM('1EJTbM491AXxfhic2VN0t6',$,'beam225',$,$,#15064,#3852,$,$);
#3842=IFCCARTESIANPOINTLIST2D(((0.,0.),(0.,0.25),(6.,0.25),(6.,0.),(0.,0.)));
#3843=IFCINDEXEDPOLYCURVE(#3842,$,.F.);
#3844=IFCDIRECTION((0.,0.,1.));
#3845=IFCARBITRARYCLOSEDPROFILEDEF(.AREA.,$,#3843);
#3846=IFCCARTESIANPOINT((0.,0.,0.));
#3847=IFCDIRECTION((0.,0.,1.));
#3848=IFCDIRECTION((1.,0.,0.));
#3849=IFCAXIS2PLACEMENT3D(#3846,#3847,#3848);
#3850=IFCEXTRUDEDAREASOLID(#3845,#3849,#3844,0.40000000000000002);
#3851=IFCSHAPEREPRESENTATION(#11,'Body','SweptSolid',(#3850));
#3852=IFCPRODUCTDEFINITIONSHAPE($,$,(#3851));
#3858=IFCBEAM('3wXLdlUDX1aRIjuhixt2WH',$,'beam226',$,$,#16194,#3869,$,$);
#3859=IFCCARTESIANPOINTLIST2D(((0.,0.),(0.,0.25),(6.,0.25),(6.,0.),(0.,0.)));
#3860=IFCINDEXEDPOLYCURVE(#3859,$,.F.);
#3861=IFCDIRECTION((0.,0.,1.));
#3862=IFCARBITRARYCLOSEDPROFILEDEF(.AREA.,$,#3860);
#3863=IFCCARTESIANPOINT((0.,0.,0.));
#3864=IFCDIRECTION((0.,0.,1.));
#3865=IFCDIRECTION((1.,0.,0.));
#3866=IFCAXIS2PLACEMENT3D(#3863,#3864,#3865);
#3867=IFCEXTRUDEDAREASOLID(#3862,#3866,#3861,0.40000000000000002);
#3868=IFCSHAPEREPRESENTATION(#11,'Body','SweptSolid',(#3867));
#3869=IFCPRODUCTDEFINITIONSHAPE($,$,(#3868));
#3875=IFCBEAM('12gwPZ_sn7tOg7avsF034J',$,'beam227',$,$,#15969,#3886,$,$);
#3876=IFCCARTESIANPOINTLIST2D(((0.,0.),(0.,0.25),(6.,0.25),(6.,0.),(0.,0.)));
#3877=IFCINDEXEDPOLYCURVE(#3876,$,.F.);
#3878=IFCDIRECTION((0.,0.,1.));
#3879=IFCARBITRARYCLOSEDPROFILEDEF(.AREA.,$,#3877);
#3880=IFCCARTESIANPOINT((0.,0.,0.));
#3881=IFCDIRECTION((0.,0.,1.));
#3882=IFCDIRECTION((1.,0.,0.));
#3883=IFCAXIS2PLACEMENT3D(#3880,#3881,#3882);
#3884=IFCEXTRUDEDAREASOLID(#3879,#3883,#3878,0.40000000000000002);
#3885=IFCSHAPEREPRESENTATION(#11,'Body','SweptSolid',(#3884));
#3886=IFCPRODUCTDEFINITIONSHAPE($,$,(#3885));
#3892=IFCBEAM('3hNvbNcuLAuxv5aaRP0XMu',$,'beam228',$,$,#17089,#3903,$,$);
#3893=IFCCARTESIANPOINTLIST2D(((0.,0.),(0.,0.25),(6.,0.25),(6.,0.),(0.,0.)));
#3894=IFCINDEXEDPOLYCURVE(#3893,$,.F.);
#3895=IFCDIRECTION((0.,0.,1.));
#3896=IFCARBITRARYCLOSEDPROFILEDEF(.AREA.,$,#3894);
#3897=IFCCARTESIANPOINT((0.,0.,0.));
#3898=IFCDIRECTION((0.,0.,1.));
#3899=IFCDIRECTION((1.,0.,0.));
#3900=IFCAXIS2PLACEMENT3D(#3897,#3898,#3899);
#3901=IFCEXTRUDEDAREASOLID(#3896,#3900,#3895,0.40000000000000002);
#3902=IFCSHAPEREPRESENTATION(#11,'Body','SweptSolid',(#3901));
#3903=IFCPRODUCTDEFINITIONSHAPE($,$,(#3902));
#3909=IFCBEAM('2RSHSMjyD9_BsRsNYsu2jP',$,'beam229',$,$,#18184,#3920,$,$);
#3910=IFCCARTESIANPOINTLIST2D(((0.,0.),(0.,0.25),(6.,0.25),(6.,0.),(0.,0.)));
#3911=IFCINDEXEDPOLYCURVE(#3910,$,.F.);
#3912=IFCDIRECTION((0.,0.,1.));
#3913=IFCARBITRARYCLOSEDPROFILEDEF(.AREA.,$,#3911);
#3914=IFCCARTESIANPOINT((0.,0.,0.));
#3915=IFCDIRECTION((0.,0.,1.));
#3916=IFCDIRECTION((1.,0.,0.));
#3917=IFCAXIS2PLACEMENT3D(#3914,#3915,#3916);
#3918=IFCEXTRUDEDAREASOLID(#3913,#3917,#3912,0.5);
#3919=IFCSHAPEREPRESENTATION(#11,'Body','SweptSolid',(#3918));
#3920=IFCPRODUCTDEFINITIONSHAPE($,$,(#3919));
#3926=IFCBEAM('3Vy4Mfk2D1Dwm9Ua$co46F',$,'beam230',$,$,#14914,#3937,$,$);
#3927=IFCCARTESIANPOINTLIST2D(((0.,0.),(0.,0.25),(6.,0.25),(6.,0.),(0.,0.)));
#3928=IFCINDEXEDPOLYCURVE(#3927,$,.F.);
#3929=IFCDIRECTION((0.,0.,1.));
#3930=IFCARBITRARYCLOSEDPROFILEDEF(.AREA.,$,#3928);
#3931=IFCCARTESIANPOINT((0.,0.,0.));
#3932=IFCDIRECTION((0.,0.,1.));
#3933=IFCDIRECTION((1.,0.,0.));
#3934=IFCAXIS2PLACEMENT3D(#3931,#3932,#3933);
#3935=IFCEXTRUDEDAREASOLID(#3930,#3934,#3929,0.5);
#3936=IFCSHAPEREPRESENTATION(#11,'Body','SweptSolid',(#3935));
#3937=IFCPRODUCTDEFINITIONSHAPE($,$,(#3936));
#3943=IFCBEAM('361k33R2r4re_KpYTDd7eu',$,'beam231',$,$,#15739,#3954,$,$);
#3944=IFCCARTESIANPOINTLIST2D(((0.,0.),(0.,0.25),(6.,0.25),(6.,0.),(0.,0.)));
#3945=IFCINDEXEDPOLYCURVE(#3944,$,.F.);
#3946=IFCDIRECTION((0.,0.,1.));
#3947=IFCARBITRARYCLOSEDPROFILEDEF(.AREA.,$,#3945);
#3948=IFCCARTESIANPOINT((0.,0.,0.));
#3949=IFCDIRECTION((0.,0.,1.));
#3950=IFCDIRECTION((1.,0.,0.));
#3951=IFCAXIS2PLACEMENT3D(#3948,#3949,#3950);
#3952=IFCEXTRUDEDAREASOLID(#3947,#3951,#3946,0.5);
#3953=IFCSHAPEREPRESENTATION(#11,'Body','SweptSolid',(#3952));
#3954=IFCPRODUCTDEFINITIONSHAPE($,$,(#3953));
#3960=IFCBEAM('2a7Wk0fZ958Bmowlb8t8qA',$,'beam232',$,$,#16879,#3971,$,$);
#3961=IFCCARTESIANPOINTLIST2D(((0.,0.),(0.,0.25),(6.,0.25),(6.,0.),(0.,0.)));
#3962=IFCINDEXEDPOLYCURVE(#3961,$,.F.);
#3963=IFCDIRECTION((0.,0.,1.));
#3964=IFCARBITRARYCLOSEDPROFILEDEF(.AREA.,$,#3962);
#3965=IFCCARTESIANPOINT((0.,0.,0.));
#3966=IFCDIRECTION((0.,0.,1.));
#3967=IFCDIRECTION((1.,0.,0.));
#3968=IFCAXIS2PLACEMENT3D(#3965,#3966,#3967);
#3969=IFCEXTRUDEDAREASOLID(#3964,#3968,#3963,0.5);
#3970=IFCSHAPEREPRESENTATION(#11,'Body','SweptSolid',(#3969));
#3971=IFCPRODUCTDEFINITIONSHAPE($,$,(#3970));
#3977=IFCBEAM('21AXMRJFfCnfysHJhChSnx',$,'beam233',$,$,#18029,#3988,$,$);
#3978=IFCCARTESIANPOINTLIST2D(((0.,0.),(0.,0.25),(6.,0.25),(6.,0.),(0.,0.)));
#3979=IFCINDEXEDPOLYCURVE(#3978,$,.F.);
#3980=IFCDIRECTION((0.,0.,1.));
#3981=IFCARBITRARYCLOSEDPROFILEDEF(.AREA.,$,#3979);
#3982=IFCCARTESIANPOINT((0.,0.,0.));
#3983=IFCDIRECTION((0.,0.,1.));
#3984=IFCDIRECTION((1.,0.,0.));
#3985=IFCAXIS2PLACEMENT3D(#3982,#3983,#3984);
#3986=IFCEXTRUDEDAREASOLID(#3981,#3985,#3980,0.5);
#3987=IFCSHAPEREPRESENTATION(#11,'Body','SweptSolid',(#3986));
#3988=IFCPRODUCTDEFINITIONSHAPE($,$,(#3987));
#3994=IFCBEAM('2SZ4b3kij8yQxYzhljHsIC',$,'beam234',$,$,#14889,#4005,$,$);
#3995=IFCCARTESIANPOINTLIST2D(((0.,0.),(0.,0.25),(6.,0.25),(6.,0.),(0.,0.)));
#3996=IFCINDEXEDPOLYCURVE(#3995,$,.F.);
#3997=IFCDIRECTION((0.,0.,1.));
#3998=IFCARBITRARYCLOSEDPROFILEDEF(.AREA.,$,#3996);
#3999=IFCCARTESIANPOINT((0.,0.,0.));
#4000=IFCDIRECTION((0.,0.,1.));
#4001=IFCDIRECTION((1.,0.,0.));
#4002=IFCAXIS2PLACEMENT3D(#3999,#4000,#4001);
#4003=IFCEXTRUDEDAREASOLID(#3998,#4002,#3997,0.5);
#4004=IFCSHAPEREPRESENTATION(#11,'Body','SweptSolid',(#4003));
#4005=IFCPRODUCTDEFINITIONSHAPE($,$,(#4004));
#4011=IFCBEAM('1C6d2$XxHBqBv1Op0kN$LM',$,'beam235',$,$,#16004,#4022,$,$);
#4012=IFCCARTESIANPOINTLIST2D(((0.,0.),(0.,0.25),(6.,0.25),(6.,0.),(0.,0.)));
#4013=IFCINDEXEDPOLYCURVE(#4012,$,.F.);
#4014=IFCDIRECTION((0.,0.,1.));
#4015=IFCARBITRARYCLOSEDPROFILEDEF(.AREA.,$,#4013);
#4016=IFCCARTESIANPOINT((0.,0.,0.));
#4017=IFCDIRECTION((0.,0.,1.));
#4018=IFCDIRECTION((1.,0.,0.));
#4019=IFCAXIS2PLACEMENT3D(#4016,#4017,#4018);
#4020=IFCEXTRUDEDAREASOLID(#4015,#4019,#4014,0.5);
#4021=IFCSHAPEREPRESENTATION(#11,'Body','SweptSolid',(#4020));
#4022=IFCPRODUCTDEFINITIONSHAPE($,$,(#4021));
#4028=IFCBEAM('21iKTkpS12PeOOzE8ZaaA1',$,'beam236',$,$,#16919,#4039,$,$);
#4029=IFCCARTESIANPOINTLIST2D(((0.,0.),(0.,0.25),(6.,0.25),(6.,0.),(0.,0.)));
#4030=IFCINDEXEDPOLYCURVE(#4029,$,.F.);
#4031=IFCDIRECTION((0.,0.,1.));
#4032=IFCARBITRARYCLOSEDPROFILEDEF(.AREA.,$,#4030);
#4033=IFCCARTESIANPOINT((0.,0.,0.));
#4034=IFCDIRECTION((0.,0.,1.));
#4035=IFCDIRECTION((1.,0.,0.));
#4036=IFCAXIS2PLACEMENT3D(#4033,#4034,#4035);
#4037=IFCEXTRUDEDAREASOLID(#4032,#4036,#4031,0.5);
#4038=IFCSHAPEREPRESENTATION(#11,'Body','SweptSolid',(#4037));
#4039=IFCPRODUCTDEFINITIONSHAPE($,$,(#4038));
#4045=IFCBEAM('001rgdEN14deohkkF9xwz6',$,'beam237',$,$,#18074,#4056,$,$);
#4046=IFCCARTESIANPOINTLIST2D(((0.,0.),(0.,0.25),(6.,0.25),(6.,0.),(0.,0.)));
#4047=IFCINDEXEDPOLYCURVE(#4046,$,.F.);
#4048=IFCDIRECTION((0.,0.,1.));
#4049=IFCARBITRARYCLOSEDPROFILEDEF(.AREA.,$,#4047);
#4050=IFCCARTESIANPOINT((0.,0.,0.));
#4051=IFCDIRECTION((0.,0.,1.));
#4052=IFCDIRECTION((1.,0.,0.));
#4053=IFCAXIS2PLACEMENT3D(#4050,#4051,#4052);
#4054=IFCEXTRUDEDAREASOLID(#4049,#4053,#4048,0.5);
#4055=IFCSHAPEREPRESENTATION(#11,'Body','SweptSolid',(#4054));
#4056=IFCPRODUCTDEFINITIONSHAPE($,$,(#4055));
#4062=IFCBEAM('3iNKJZBxDEJA2PoReCAOlh',$,'beam238',$,$,#14944,#4073,$,$);
#4063=IFCCARTESIANPOINTLIST2D(((0.,0.),(0.,0.25),(6.,0.25),(6.,0.),(0.,0.)));
#4064=IFCINDEXEDPOLYCURVE(#4063,$,.F.);
#4065=IFCDIRECTION((0.,0.,1.));
#4066=IFCARBITRARYCLOSEDPROFILEDEF(.AREA.,$,#4064);
#4067=IFCCARTESIANPOINT((0.,0.,0.));
#4068=IFCDIRECTION((0.,0.,1.));
#4069=IFCDIRECTION((1.,0.,0.));
#4070=IFCAXIS2PLACEMENT3D(#4067,#4068,#4069);
#4071=IFCEXTRUDEDAREASOLID(#4066,#4070,#4065,0.5);
#4072=IFCSHAPEREPRESENTATION(#11,'Body','SweptSolid',(#4071));
#4073=IFCPRODUCTDEFINITIONSHAPE($,$,(#4072));
#4079=IFCBEAM('22gDQnVeb8dfJ7XmvzgCPh',$,'beam239',$,$,#16069,#4090,$,$);
#4080=IFCCARTESIANPOINTLIST2D(((0.,0.),(0.,0.25),(6.,0.25),(6.,0.),(0.,0.)));
#4081=IFCINDEXEDPOLYCURVE(#4080,$,.F.);
#4082=IFCDIRECTION((0.,0.,1.));
#4083=IFCARBITRARYCLOSEDPROFILEDEF(.AREA.,$,#4081);
#4084=IFCCARTESIANPOINT((0.,0.,0.));
#4085=IFCDIRECTION((0.,0.,1.));
#4086=IFCDIRECTION((1.,0.,0.));
#4087=IFCAXIS2PLACEMENT3D(#4084,#4085,#4086);
#4088=IFCEXTRUDEDAREASOLID(#4083,#4087,#4082,0.5);
#4089=IFCSHAPEREPRESENTATION(#11,'Body','SweptSolid',(#4088));
#4090=IFCPRODUCTDEFINITIONSHAPE($,$,(#4089));
#4096=IFCBEAM('2Gokkhzxz0meJzIJqwo78s',$,'beam240',$,$,#17199,#4107,$,$);
#4097=IFCCARTESIANPOINTLIST2D(((0.,0.),(0.,0.25),(6.,0.25),(6.,0.),(0.,0.)));
#4098=IFCINDEXEDPOLYCURVE(#4097,$,.F.);
#4099=IFCDIRECTION((0.,0.,1.));
#4100=IFCARBITRARYCLOSEDPROFILEDEF(.AREA.,$,#4098);
#4101=IFCCARTESIANPOINT((0.,0.,0.));
#4102=IFCDIRECTION((0.,0.,1.));
#4103=IFCDIRECTION((1.,0.,0.));
#4104=IFCAXIS2PLACEMENT3D(#4101,#4102,#4103);
#4105=IFCEXTRUDEDAREASOLID(#4100,#4104,#4099,0.5);
#4106=IFCSHAPEREPRESENTATION(#11,'Body','SweptSolid',(#4105));
#4107=IFCPRODUCTDEFINITIONSHAPE($,$,(#4106));
#4113=IFCBEAM('2_1ZnhDG99fwPOdX8MnvPq',$,'beam241',$,$,#18264,#4124,$,$);
#4114=IFCCARTESIANPOINTLIST2D(((0.,0.),(0.,0.25),(6.,0.25),(6.,0.),(0.,0.)));
#4115=IFCINDEXEDPOLYCURVE(#4114,$,.F.);
#4116=IFCDIRECTION((0.,0.,1.));
#4117=IFCARBITRARYCLOSEDPROFILEDEF(.AREA.,$,#4115);
#4118=IFCCARTESIANPOINT((0.,0.,0.));
#4119=IFCDIRECTION((0.,0.,1.));
#4120=IFCDIRECTION((1.,0.,0.));
#4121=IFCAXIS2PLACEMENT3D(#4118,#4119,#4120);
#4122=IFCEXTRUDEDAREASOLID(#4117,#4121,#4116,0.5);
#4123=IFCSHAPEREPRESENTATION(#11,'Body','SweptSolid',(#4122));
#4124=IFCPRODUCTDEFINITIONSHAPE($,$,(#4123));
#4130=IFCBEAM('0l0LG6bF141wTsN4za7oz2',$,'beam242',$,$,#15004,#4141,$,$);
#4131=IFCCARTESIANPOINTLIST2D(((0.,0.),(0.,0.25),(6.,0.25),(6.,0.),(0.,0.)));
#4132=IFCINDEXEDPOLYCURVE(#4131,$,.F.);
#4133=IFCDIRECTION((0.,0.,1.));
#4134=IFCARBITRARYCLOSEDPROFILEDEF(.AREA.,$,#4132);
#4135=IFCCARTESIANPOINT((0.,0.,0.));
#4136=IFCDIRECTION((0.,0.,1.));
#4137=IFCDIRECTION((1.,0.,0.));
#4138=IFCAXIS2PLACEMENT3D(#4135,#4136,#4137);
#4139=IFCEXTRUDEDAREASOLID(#4134,#4138,#4133,0.40000000000000002);
#4140=IFCSHAPEREPRESENTATION(#11,'Body','SweptSolid',(#4139));
#4141=IFCPRODUCTDEFINITIONSHAPE($,$,(#4140));
#4147=IFCBEAM('2FdgWaLO11QQ8CsT3Vx2Tz',$,'beam243',$,$,#16124,#4158,$,$);
#4148=IFCCARTESIANPOINTLIST2D(((0.,0.),(0.,0.25),(6.,0.25),(6.,0.),(0.,0.)));
#4149=IFCINDEXEDPOLYCURVE(#4148,$,.F.);
#4150=IFCDIRECTION((0.,0.,1.));
#4151=IFCARBITRARYCLOSEDPROFILEDEF(.AREA.,$,#4149);
#4152=IFCCARTESIANPOINT((0.,0.,0.));
#4153=IFCDIRECTION((0.,0.,1.));
#4154=IFCDIRECTION((1.,0.,0.));
#4155=IFCAXIS2PLACEMENT3D(#4152,#4153,#4154);
#4156=IFCEXTRUDEDAREASOLID(#4151,#4155,#4150,0.5);
#4157=IFCSHAPEREPRESENTATION(#11,'Body','SweptSolid',(#4156));
#4158=IFCPRODUCTDEFINITIONSHAPE($,$,(#4157));
#4164=IFCBEAM('1su8kAkPj4nhmYcfot0So3',$,'beam244',$,$,#17274,#4175,$,$);
#4165=IFCCARTESIANPOINTLIST2D(((0.,0.),(0.,0.25),(6.,0.25),(6.,0.),(0.,0.)));
#4166=IFCINDEXEDPOLYCURVE(#4165,$,.F.);
#4167=IFCDIRECTION((0.,0.,1.));
#4168=IFCARBITRARYCLOSEDPROFILEDEF(.AREA.,$,#4166);
#4169=IFCCARTESIANPOINT((0.,0.,0.));
#4170=IFCDIRECTION((0.,0.,1.));
#4171=IFCDIRECTION((1.,0.,0.));
#4172=IFCAXIS2PLACEMENT3D(#4169,#4170,#4171);
#4173=IFCEXTRUDEDAREASOLID(#4168,#4172,#4167,0.5);
#4174=IFCSHAPEREPRESENTATION(#11,'Body','SweptSolid',(#4173));
#4175=IFCPRODUCTDEFINITIONSHAPE($,$,(#4174));
#4181=IFCBEAM('3sgsixvWn63P9h3sZmvRjo',$,'beam245',$,$,#16734,#4192,$,$);
#4182=IFCCARTESIANPOINTLIST2D(((0.,0.),(0.,0.25),(6.,0.25),(6.,0.),(0.,0.)));
#4183=IFCINDEXEDPOLYCURVE(#4182,$,.F.);
#4184=IFCDIRECTION((0.,0.,1.));
#4185=IFCARBITRARYCLOSEDPROFILEDEF(.AREA.,$,#4183);
#4186=IFCCARTESIANPOINT((0.,0.,0.));
#4187=IFCDIRECTION((0.,0.,1.));
#4188=IFCDIRECTION((1.,0.,0.));
#4189=IFCAXIS2PLACEMENT3D(#4186,#4187,#4188);
#4190=IFCEXTRUDEDAREASOLID(#4185,#4189,#4184,0.5);
#4191=IFCSHAPEREPRESENTATION(#11,'Body','SweptSolid',(#4190));
#4192=IFCPRODUCTDEFINITIONSHAPE($,$,(#4191));
#4198=IFCBEAM('32SsaoFE59Tu0hBSCzVPd0',$,'beam246',$,$,#17879,#4209,$,$);
#4199=IFCCARTESIANPOINTLIST2D(((0.,0.),(0.,0.25),(6.,0.25),(6.,0.),(0.,0.)));
#4200=IFCINDEXEDPOLYCURVE(#4199,$,.F.);
#4201=IFCDIRECTION((0.,0.,1.));
#4202=IFCARBITRARYCLOSEDPROFILEDEF(.AREA.,$,#4200);
#4203=IFCCARTESIANPOINT((0.,0.,0.));
#4204=IFCDIRECTION((0.,0.,1.));
#4205=IFCDIRECTION((1.,0.,0.));
#4206=IFCAXIS2PLACEMENT3D(#4203,#4204,#4205);
#4207=IFCEXTRUDEDAREASOLID(#4202,#4206,#4201,0.5);
#4208=IFCSHAPEREPRESENTATION(#11,'Body','SweptSolid',(#4207));
#4209=IFCPRODUCTDEFINITIONSHAPE($,$,(#4208));
#4215=IFCBEAM('1FZNhfCkr3iQ8kRXPhkuvr',$,'beam247',$,$,#18764,#4226,$,$);
#4216=IFCCARTESIANPOINTLIST2D(((0.,0.),(0.,0.25),(6.,0.25),(6.,0.),(0.,0.)));
#4217=IFCINDEXEDPOLYCURVE(#4216,$,.F.);
#4218=IFCDIRECTION((0.,0.,1.));
#4219=IFCARBITRARYCLOSEDPROFILEDEF(.AREA.,$,#4217);
#4220=IFCCARTESIANPOINT((0.,0.,0.));
#4221=IFCDIRECTION((0.,0.,1.));
#4222=IFCDIRECTION((1.,0.,0.));
#4223=IFCAXIS2PLACEMENT3D(#4220,#4221,#4222);
#4224=IFCEXTRUDEDAREASOLID(#4219,#4223,#4218,0.5);
#4225=IFCSHAPEREPRESENTATION(#11,'Body','SweptSolid',(#4224));
#4226=IFCPRODUCTDEFINITIONSHAPE($,$,(#4225));
#4232=IFCBEAM('2ZukcfU254qPNDRG9x9H_N',$,'beam248',$,$,#15699,#4243,$,$);
#4233=IFCCARTESIANPOINTLIST2D(((0.,0.),(0.,0.25),(6.,0.25),(6.,0.),(0.,0.)));
#4234=IFCINDEXEDPOLYCURVE(#4233,$,.F.);
#4235=IFCDIRECTION((0.,0.,1.));
#4236=IFCARBITRARYCLOSEDPROFILEDEF(.AREA.,$,#4234);
#4237=IFCCARTESIANPOINT((0.,0.,0.));
#4238=IFCDIRECTION((0.,0.,1.));
#4239=IFCDIRECTION((1.,0.,0.));
#4240=IFCAXIS2PLACEMENT3D(#4237,#4238,#4239);
#4241=IFCEXTRUDEDAREASOLID(#4236,#4240,#4235,0.5);
#4242=IFCSHAPEREPRESENTATION(#11,'Body','SweptSolid',(#4241));
#4243=IFCPRODUCTDEFINITIONSHAPE($,$,(#4242));
#4249=IFCBEAM('1iySgYHND4QQXtB67XNroJ',$,'beam249',$,$,#16794,#4260,$,$);
#4250=IFCCARTESIANPOINTLIST2D(((0.,0.),(0.,0.25),(6.,0.25),(6.,0.),(0.,0.)));
#4251=IFCINDEXEDPOLYCURVE(#4250,$,.F.);
#4252=IFCDIRECTION((0.,0.,1.));
#4253=IFCARBITRARYCLOSEDPROFILEDEF(.AREA.,$,#4251);
#4254=IFCCARTESIANPOINT((0.,0.,0.));
#4255=IFCDIRECTION((0.,0.,1.));
#4256=IFCDIRECTION((1.,0.,0.));
#4257=IFCAXIS2PLACEMENT3D(#4254,#4255,#4256);
#4258=IFCEXTRUDEDAREASOLID(#4253,#4257,#4252,0.5);
#4259=IFCSHAPEREPRESENTATION(#11,'Body','SweptSolid',(#4258));
#4260=IFCPRODUCTDEFINITIONSHAPE($,$,(#4259));
#4266=IFCBEAM('1bts0ZMen7WxbzURBMRceT',$,'beam250',$,$,#17949,#4277,$,$);
#4267=IFCCARTESIANPOINTLIST2D(((0.,0.),(0.,0.25),(6.,0.25),(6.,0.),(0.,0.)));
#4268=IFCINDEXEDPOLYCURVE(#4267,$,.F.);
#4269=IFCDIRECTION((0.,0.,1.));
#4270=IFCARBITRARYCLOSEDPROFILEDEF(.AREA.,$,#4268);
#4271=IFCCARTESIANPOINT((0.,0.,0.));
#4272=IFCDIRECTION((0.,0.,1.));
#4273=IFCDIRECTION((1.,0.,0.));
#4274=IFCAXIS2PLACEMENT3D(#4271,#4272,#4273);
#4275=IFCEXTRUDEDAREASOLID(#4270,#4274,#4269,0.5);
#4276=IFCSHAPEREPRESENTATION(#11,'Body','SweptSolid',(#4275));
#4277=IFCPRODUCTDEFINITIONSHAPE($,$,(#4276));
#4283=IFCBEAM('2j5ma_RMr6MwpnEy2w4ncR',$,'beam251',$,$,#14814,#4294,$,$);
#4284=IFCCARTESIANPOINTLIST2D(((0.,0.),(0.,0.25),(6.,0.25),(6.,0.),(0.,0.)));
#4285=IFCINDEXEDPOLYCURVE(#4284,$,.F.);
#4286=IFCDIRECTION((0.,0.,1.));
#4287=IFCARBITRARYCLOSEDPROFILEDEF(.AREA.,$,#4285);
#4288=IFCCARTESIANPOINT((0.,0.,0.));
#4289=IFCDIRECTION((0.,0.,1.));
#4290=IFCDIRECTION((1.,0.,0.));
#4291=IFCAXIS2PLACEMENT3D(#4288,#4289,#4290);
#4292=IFCEXTRUDEDAREASOLID(#4287,#4291,#4286,0.5);
#4293=IFCSHAPEREPRESENTATION(#11,'Body','SweptSolid',(#4292));
#4294=IFCPRODUCTDEFINITIONSHAPE($,$,(#4293));
#4300=IFCBEAM('24dqfoFcH6KxibOgMwmtdt',$,'beam252',$,$,#15914,#4311,$,$);
#4301=IFCCARTESIANPOINTLIST2D(((0.,0.),(0.,0.25),(6.,0.25),(6.,0.),(0.,0.)));
#4302=IFCINDEXEDPOLYCURVE(#4301,$,.F.);
#4303=IFCDIRECTION((0.,0.,1.));
#4304=IFCARBITRARYCLOSEDPROFILEDEF(.AREA.,$,#4302);
#4305=IFCCARTESIANPOINT((0.,0.,0.));
#4306=IFCDIRECTION((0.,0.,1.));
#4307=IFCDIRECTION((1.,0.,0.));
#4308=IFCAXIS2PLACEMENT3D(#4305,#4306,#4307);
#4309=IFCEXTRUDEDAREASOLID(#4304,#4308,#4303,0.5);
#4310=IFCSHAPEREPRESENTATION(#11,'Body','SweptSolid',(#4309));
#4311=IFCPRODUCTDEFINITIONSHAPE($,$,(#4310));
#4317=IFCBEAM('2Bi1RQVOD6vgddR0KshD3o',$,'beam253',$,$,#16859,#4328,$,$);
#4318=IFCCARTESIANPOINTLIST2D(((0.,0.),(0.,0.25),(6.,0.25),(6.,0.),(0.,0.)));
#4319=IFCINDEXEDPOLYCURVE(#4318,$,.F.);
#4320=IFCDIRECTION((0.,0.,1.));
#4321=IFCARBITRARYCLOSEDPROFILEDEF(.AREA.,$,#4319);
#4322=IFCCARTESIANPOINT((0.,0.,0.));
#4323=IFCDIRECTION((0.,0.,1.));
#4324=IFCDIRECTION((1.,0.,0.));
#4325=IFCAXIS2PLACEMENT3D(#4322,#4323,#4324);
#4326=IFCEXTRUDEDAREASOLID(#4321,#4325,#4320,0.5);
#4327=IFCSHAPEREPRESENTATION(#11,'Body','SweptSolid',(#4326));
#4328=IFCPRODUCTDEFINITIONSHAPE($,$,(#4327));
#4334=IFCBEAM('1e5FiMDC9DphUMTb9YzFTK',$,'beam254',$,$,#18009,#4345,$,$);
#4335=IFCCARTESIANPOINTLIST2D(((0.,0.),(0.,0.25),(6.,0.25),(6.,0.),(0.,0.)));
#4336=IFCINDEXEDPOLYCURVE(#4335,$,.F.);
#4337=IFCDIRECTION((0.,0.,1.));
#4338=IFCARBITRARYCLOSEDPROFILEDEF(.AREA.,$,#4336);
#4339=IFCCARTESIANPOINT((0.,0.,0.));
#4340=IFCDIRECTION((0.,0.,1.));
#4341=IFCDIRECTION((1.,0.,0.));
#4342=IFCAXIS2PLACEMENT3D(#4339,#4340,#4341);
#4343=IFCEXTRUDEDAREASOLID(#4338,#4342,#4337,0.5);
#4344=IFCSHAPEREPRESENTATION(#11,'Body','SweptSolid',(#4343));
#4345=IFCPRODUCTDEFINITIONSHAPE($,$,(#4344));
#4351=IFCBEAM('1tBQucmGj30Q9_Q6QrD9vu',$,'beam255',$,$,#14864,#4362,$,$);
#4352=IFCCARTESIANPOINTLIST2D(((0.,0.),(0.,0.25),(6.,0.25),(6.,0.),(0.,0.)));
#4353=IFCINDEXEDPOLYCURVE(#4352,$,.F.);
#4354=IFCDIRECTION((0.,0.,1.));
#4355=IFCARBITRARYCLOSEDPROFILEDEF(.AREA.,$,#4353);
#4356=IFCCARTESIANPOINT((0.,0.,0.));
#4357=IFCDIRECTION((0.,0.,1.));
#4358=IFCDIRECTION((1.,0.,0.));
#4359=IFCAXIS2PLACEMENT3D(#4356,#4357,#4358);
#4360=IFCEXTRUDEDAREASOLID(#4355,#4359,#4354,0.5);
#4361=IFCSHAPEREPRESENTATION(#11,'Body','SweptSolid',(#4360));
#4362=IFCPRODUCTDEFINITIONSHAPE($,$,(#4361));
#4368=IFCBEAM('2HQZHu$G19lfQky8Fq9hub',$,'beam256',$,$,#15984,#4379,$,$);
#4369=IFCCARTESIANPOINTLIST2D(((0.,0.),(0.,0.25),(6.,0.25),(6.,0.),(0.,0.)));
#4370=IFCINDEXEDPOLYCURVE(#4369,$,.F.);
#4371=IFCDIRECTION((0.,0.,1.));
#4372=IFCARBITRARYCLOSEDPROFILEDEF(.AREA.,$,#4370);
#4373=IFCCARTESIANPOINT((0.,0.,0.));
#4374=IFCDIRECTION((0.,0.,1.));
#4375=IFCDIRECTION((1.,0.,0.));
#4376=IFCAXIS2PLACEMENT3D(#4373,#4374,#4375);
#4377=IFCEXTRUDEDAREASOLID(#4372,#4376,#4371,0.5);
#4378=IFCSHAPEREPRESENTATION(#11,'Body','SweptSolid',(#4377));
#4379=IFCPRODUCTDEFINITIONSHAPE($,$,(#4378));
#4385=IFCBEAM('2PJ7X7hpL7YhF2fxEZFheq',$,'beam257',$,$,#17099,#4396,$,$);
#4386=IFCCARTESIANPOINTLIST2D(((0.,0.),(0.,0.25),(6.,0.25),(6.,0.),(0.,0.)));
#4387=IFCINDEXEDPOLYCURVE(#4386,$,.F.);
#4388=IFCDIRECTION((0.,0.,1.));
#4389=IFCARBITRARYCLOSEDPROFILEDEF(.AREA.,$,#4387);
#4390=IFCCARTESIANPOINT((0.,0.,0.));
#4391=IFCDIRECTION((0.,0.,1.));
#4392=IFCDIRECTION((1.,0.,0.));
#4393=IFCAXIS2PLACEMENT3D(#4390,#4391,#4392);
#4394=IFCEXTRUDEDAREASOLID(#4389,#4393,#4388,0.5);
#4395=IFCSHAPEREPRESENTATION(#11,'Body','SweptSolid',(#4394));
#4396=IFCPRODUCTDEFINITIONSHAPE($,$,(#4395));
#4402=IFCBEAM('10DH92DhnCgfb6jbUA9rMU',$,'beam258',$,$,#18194,#4413,$,$);
#4403=IFCCARTESIANPOINTLIST2D(((0.,0.),(0.,0.25),(6.,0.25),(6.,0.),(0.,0.)));
#4404=IFCINDEXEDPOLYCURVE(#4403,$,.F.);
#4405=IFCDIRECTION((0.,0.,1.));
#4406=IFCARBITRARYCLOSEDPROFILEDEF(.AREA.,$,#4404);
#4407=IFCCARTESIANPOINT((0.,0.,0.));
#4408=IFCDIRECTION((0.,0.,1.));
#4409=IFCDIRECTION((1.,0.,0.));
#4410=IFCAXIS2PLACEMENT3D(#4407,#4408,#4409);
#4411=IFCEXTRUDEDAREASOLID(#4406,#4410,#4405,0.5);
#4412=IFCSHAPEREPRESENTATION(#11,'Body','SweptSolid',(#4411));
#4413=IFCPRODUCTDEFINITIONSHAPE($,$,(#4412));
#4419=IFCBEAM('33WkBbcyP1$A3xxPjRuVnM',$,'beam259',$,$,#17504,#4430,$,$);
#4420=IFCCARTESIANPOINTLIST2D(((0.,0.),(0.,0.25),(6.,0.25),(6.,0.),(0.,0.)));
#4421=IFCINDEXEDPOLYCURVE(#4420,$,.F.);
#4422=IFCDIRECTION((0.,0.,1.));
#4423=IFCARBITRARYCLOSEDPROFILEDEF(.AREA.,$,#4421);
#4424=IFCCARTESIANPOINT((0.,0.,0.));
#4425=IFCDIRECTION((0.,0.,1.));
#4426=IFCDIRECTION((1.,0.,0.));
#4427=IFCAXIS2PLACEMENT3D(#4424,#4425,#4426);
#4428=IFCEXTRUDEDAREASOLID(#4423,#4427,#4422,0.5);
#4429=IFCSHAPEREPRESENTATION(#11,'Body','SweptSolid',(#4428));
#4430=IFCPRODUCTDEFINITIONSHAPE($,$,(#4429));
#4436=IFCBEAM('0mwrZPXoTC5BOukamTkfzc',$,'beam260',$,$,#18639,#4447,$,$);
#4437=IFCCARTESIANPOINTLIST2D(((0.,0.),(0.,0.25),(6.,0.25),(6.,0.),(0.,0.)));
#4438=IFCINDEXEDPOLYCURVE(#4437,$,.F.);
#4439=IFCDIRECTION((0.,0.,1.));
#4440=IFCARBITRARYCLOSEDPROFILEDEF(.AREA.,$,#4438);
#4441=IFCCARTESIANPOINT((0.,0.,0.));
#4442=IFCDIRECTION((0.,0.,1.));
#4443=IFCDIRECTION((1.,0.,0.));
#4444=IFCAXIS2PLACEMENT3D(#4441,#4442,#4443);
#4445=IFCEXTRUDEDAREASOLID(#4440,#4444,#4439,0.5);
#4446=IFCSHAPEREPRESENTATION(#11,'Body','SweptSolid',(#4445));
#4447=IFCPRODUCTDEFINITIONSHAPE($,$,(#4446));
#4453=IFCBEAM('0hh$ZTsLn36wX94bvUIuqZ',$,'beam261',$,$,#15589,#4464,$,$);
#4454=IFCCARTESIANPOINTLIST2D(((0.,0.),(0.,0.25),(6.,0.25),(6.,0.),(0.,0.)));
#4455=IFCINDEXEDPOLYCURVE(#4454,$,.F.);
#4456=IFCDIRECTION((0.,0.,1.));
#4457=IFCARBITRARYCLOSEDPROFILEDEF(.AREA.,$,#4455);
#4458=IFCCARTESIANPOINT((0.,0.,0.));
#4459=IFCDIRECTION((0.,0.,1.));
#4460=IFCDIRECTION((1.,0.,0.));
#4461=IFCAXIS2PLACEMENT3D(#4458,#4459,#4460);
#4462=IFCEXTRUDEDAREASOLID(#4457,#4461,#4456,0.40000000000000002);
#4463=IFCSHAPEREPRESENTATION(#11,'Body','SweptSolid',(#4462));
#4464=IFCPRODUCTDEFINITIONSHAPE($,$,(#4463));
#4470=IFCBEAM('2JJULwcNPD0uquiDTIAcKS',$,'beam262',$,$,#16644,#4481,$,$);
#4471=IFCCARTESIANPOINTLIST2D(((0.,0.),(0.,0.25),(6.,0.25),(6.,0.),(0.,0.)));
#4472=IFCINDEXEDPOLYCURVE(#4471,$,.F.);
#4473=IFCDIRECTION((0.,0.,1.));
#4474=IFCARBITRARYCLOSEDPROFILEDEF(.AREA.,$,#4472);
#4475=IFCCARTESIANPOINT((0.,0.,0.));
#4476=IFCDIRECTION((0.,0.,1.));
#4477=IFCDIRECTION((1.,0.,0.));
#4478=IFCAXIS2PLACEMENT3D(#4475,#4476,#4477);
#4479=IFCEXTRUDEDAREASOLID(#4474,#4478,#4473,0.40000000000000002);
#4480=IFCSHAPEREPRESENTATION(#11,'Body','SweptSolid',(#4479));
#4481=IFCPRODUCTDEFINITIONSHAPE($,$,(#4480));
#4487=IFCBEAM('0C$ogYCp5D0wVcXcjinA1j',$,'beam263',$,$,#17784,#4498,$,$);
#4488=IFCCARTESIANPOINTLIST2D(((0.,0.),(0.,0.25),(6.,0.25),(6.,0.),(0.,0.)));
#4489=IFCINDEXEDPOLYCURVE(#4488,$,.F.);
#4490=IFCDIRECTION((0.,0.,1.));
#4491=IFCARBITRARYCLOSEDPROFILEDEF(.AREA.,$,#4489);
#4492=IFCCARTESIANPOINT((0.,0.,0.));
#4493=IFCDIRECTION((0.,0.,1.));
#4494=IFCDIRECTION((1.,0.,0.));
#4495=IFCAXIS2PLACEMENT3D(#4492,#4493,#4494);
#4496=IFCEXTRUDEDAREASOLID(#4491,#4495,#4490,0.40000000000000002);
#4497=IFCSHAPEREPRESENTATION(#11,'Body','SweptSolid',(#4496));
#4498=IFCPRODUCTDEFINITIONSHAPE($,$,(#4497));
#4504=IFCBEAM('2kLEt1c6L2ZwFA9fqL976n',$,'beam264',$,$,#18689,#4515,$,$);
#4505=IFCCARTESIANPOINTLIST2D(((0.,0.),(0.,0.25),(6.,0.25),(6.,0.),(0.,0.)));
#4506=IFCINDEXEDPOLYCURVE(#4505,$,.F.);
#4507=IFCDIRECTION((0.,0.,1.));
#4508=IFCARBITRARYCLOSEDPROFILEDEF(.AREA.,$,#4506);
#4509=IFCCARTESIANPOINT((0.,0.,0.));
#4510=IFCDIRECTION((0.,0.,1.));
#4511=IFCDIRECTION((1.,0.,0.));
#4512=IFCAXIS2PLACEMENT3D(#4509,#4510,#4511);
#4513=IFCEXTRUDEDAREASOLID(#4508,#4512,#4507,0.40000000000000002);
#4514=IFCSHAPEREPRESENTATION(#11,'Body','SweptSolid',(#4513));
#4515=IFCPRODUCTDEFINITIONSHAPE($,$,(#4514));
#4521=IFCBEAM('0vcUxP$KPBD8dBj$VURN7r',$,'beam265',$,$,#15639,#4532,$,$);
#4522=IFCCARTESIANPOINTLIST2D(((0.,0.),(0.,0.25),(6.,0.25),(6.,0.),(0.,0.)));
#4523=IFCINDEXEDPOLYCURVE(#4522,$,.F.);
#4524=IFCDIRECTION((0.,0.,1.));
#4525=IFCARBITRARYCLOSEDPROFILEDEF(.AREA.,$,#4523);
#4526=IFCCARTESIANPOINT((0.,0.,0.));
#4527=IFCDIRECTION((0.,0.,1.));
#4528=IFCDIRECTION((1.,0.,0.));
#4529=IFCAXIS2PLACEMENT3D(#4526,#4527,#4528);
#4530=IFCEXTRUDEDAREASOLID(#4525,#4529,#4524,0.40000000000000002);
#4531=IFCSHAPEREPRESENTATION(#11,'Body','SweptSolid',(#4530));
#4532=IFCPRODUCTDEFINITIONSHAPE($,$,(#4531));
#4538=IFCBEAM('0gwtEKfNf21vBTyusBcE0b',$,'beam266',$,$,#16704,#4549,$,$);
#4539=IFCCARTESIANPOINTLIST2D(((0.,0.),(0.,0.25),(6.,0.25),(6.,0.),(0.,0.)));
#4540=IFCINDEXEDPOLYCURVE(#4539,$,.F.);
#4541=IFCDIRECTION((0.,0.,1.));
#4542=IFCARBITRARYCLOSEDPROFILEDEF(.AREA.,$,#4540);
#4543=IFCCARTESIANPOINT((0.,0.,0.));
#4544=IFCDIRECTION((0.,0.,1.));
#4545=IFCDIRECTION((1.,0.,0.));
#4546=IFCAXIS2PLACEMENT3D(#4543,#4544,#4545);
#4547=IFCEXTRUDEDAREASOLID(#4542,#4546,#4541,0.40000000000000002);
#4548=IFCSHAPEREPRESENTATION(#11,'Body','SweptSolid',(#4547));
#4549=IFCPRODUCTDEFINITIONSHAPE($,$,(#4548));
#4555=IFCBEAM('2EPCH1bv54_w6D9QLkXqeR',$,'beam267',$,$,#17849,#4566,$,$);
#4556=IFCCARTESIANPOINTLIST2D(((0.,0.),(0.,0.25),(6.,0.25),(6.,0.),(0.,0.)));
#4557=IFCINDEXEDPOLYCURVE(#4556,$,.F.);
#4558=IFCDIRECTION((0.,0.,1.));
#4559=IFCARBITRARYCLOSEDPROFILEDEF(.AREA.,$,#4557);
#4560=IFCCARTESIANPOINT((0.,0.,0.));
#4561=IFCDIRECTION((0.,0.,1.));
#4562=IFCDIRECTION((1.,0.,0.));
#4563=IFCAXIS2PLACEMENT3D(#4560,#4561,#4562);
#4564=IFCEXTRUDEDAREASOLID(#4559,#4563,#4558,0.40000000000000002);
#4565=IFCSHAPEREPRESENTATION(#11,'Body','SweptSolid',(#4564));
#4566=IFCPRODUCTDEFINITIONSHAPE($,$,(#4565));
#4572=IFCBEAM('2wercsmZv3Sey2bSLNxTD$',$,'beam268',$,$,#14719,#4583,$,$);
#4573=IFCCARTESIANPOINTLIST2D(((0.,0.),(0.,0.25),(6.,0.25),(6.,0.),(0.,0.)));
#4574=IFCINDEXEDPOLYCURVE(#4573,$,.F.);
#4575=IFCDIRECTION((0.,0.,1.));
#4576=IFCARBITRARYCLOSEDPROFILEDEF(.AREA.,$,#4574);
#4577=IFCCARTESIANPOINT((0.,0.,0.));
#4578=IFCDIRECTION((0.,0.,1.));
#4579=IFCDIRECTION((1.,0.,0.));
#4580=IFCAXIS2PLACEMENT3D(#4577,#4578,#4579);
#4581=IFCEXTRUDEDAREASOLID(#4576,#4580,#4575,0.40000000000000002);
#4582=IFCSHAPEREPRESENTATION(#11,'Body','SweptSolid',(#4581));
#4583=IFCPRODUCTDEFINITIONSHAPE($,$,(#4582));
#4589=IFCBEAM('2MwM8Ok1DE$wKRxcVemahl',$,'beam269',$,$,#15839,#4600,$,$);
#4590=IFCCARTESIANPOINTLIST2D(((0.,0.),(0.,0.25),(6.,0.25),(6.,0.),(0.,0.)));
#4591=IFCINDEXEDPOLYCURVE(#4590,$,.F.);
#4592=IFCDIRECTION((0.,0.,1.));
#4593=IFCARBITRARYCLOSEDPROFILEDEF(.AREA.,$,#4591);
#4594=IFCCARTESIANPOINT((0.,0.,0.));
#4595=IFCDIRECTION((0.,0.,1.));
#4596=IFCDIRECTION((1.,0.,0.));
#4597=IFCAXIS2PLACEMENT3D(#4594,#4595,#4596);
#4598=IFCEXTRUDEDAREASOLID(#4593,#4597,#4592,0.40000000000000002);
#4599=IFCSHAPEREPRESENTATION(#11,'Body','SweptSolid',(#4598));
#4600=IFCPRODUCTDEFINITIONSHAPE($,$,(#4599));
#4606=IFCBEAM('0izNrO5g1FYPpXsqA$fi5g',$,'beam270',$,$,#16774,#4617,$,$);
#4607=IFCCARTESIANPOINTLIST2D(((0.,0.),(0.,0.25),(6.,0.25),(6.,0.),(0.,0.)));
#4608=IFCINDEXEDPOLYCURVE(#4607,$,.F.);
#4609=IFCDIRECTION((0.,0.,1.));
#4610=IFCARBITRARYCLOSEDPROFILEDEF(.AREA.,$,#4608);
#4611=IFCCARTESIANPOINT((0.,0.,0.));
#4612=IFCDIRECTION((0.,0.,1.));
#4613=IFCDIRECTION((1.,0.,0.));
#4614=IFCAXIS2PLACEMENT3D(#4611,#4612,#4613);
#4615=IFCEXTRUDEDAREASOLID(#4610,#4614,#4609,0.40000000000000002);
#4616=IFCSHAPEREPRESENTATION(#11,'Body','SweptSolid',(#4615));
#4617=IFCPRODUCTDEFINITIONSHAPE($,$,(#4616));
#4623=IFCBEAM('150Z_5eWv6NQwD7esyU$FR',$,'beam271',$,$,#17924,#4634,$,$);
#4624=IFCCARTESIANPOINTLIST2D(((0.,0.),(0.,0.25),(6.,0.25),(6.,0.),(0.,0.)));
#4625=IFCINDEXEDPOLYCURVE(#4624,$,.F.);
#4626=IFCDIRECTION((0.,0.,1.));
#4627=IFCARBITRARYCLOSEDPROFILEDEF(.AREA.,$,#4625);
#4628=IFCCARTESIANPOINT((0.,0.,0.));
#4629=IFCDIRECTION((0.,0.,1.));
#4630=IFCDIRECTION((1.,0.,0.));
#4631=IFCAXIS2PLACEMENT3D(#4628,#4629,#4630);
#4632=IFCEXTRUDEDAREASOLID(#4627,#4631,#4626,0.40000000000000002);
#4633=IFCSHAPEREPRESENTATION(#11,'Body','SweptSolid',(#4632));
#4634=IFCPRODUCTDEFINITIONSHAPE($,$,(#4633));
#4640=IFCBEAM('0LJ44H_Yb6eu4llNCPf7NA',$,'beam272',$,$,#14784,#4651,$,$);
#4641=IFCCARTESIANPOINTLIST2D(((0.,0.),(0.,0.25),(6.,0.25),(6.,0.),(0.,0.)));
#4642=IFCINDEXEDPOLYCURVE(#4641,$,.F.);
#4643=IFCDIRECTION((0.,0.,1.));
#4644=IFCARBITRARYCLOSEDPROFILEDEF(.AREA.,$,#4642);
#4645=IFCCARTESIANPOINT((0.,0.,0.));
#4646=IFCDIRECTION((0.,0.,1.));
#4647=IFCDIRECTION((1.,0.,0.));
#4648=IFCAXIS2PLACEMENT3D(#4645,#4646,#4647);
#4649=IFCEXTRUDEDAREASOLID(#4644,#4648,#4643,0.40000000000000002);
#4650=IFCSHAPEREPRESENTATION(#11,'Body','SweptSolid',(#4649));
#4651=IFCPRODUCTDEFINITIONSHAPE($,$,(#4650));
#4657=IFCBEAM('16osSzyGf13v48dUjiIy$F',$,'beam273',$,$,#15664,#4668,$,$);
#4658=IFCCARTESIANPOINTLIST2D(((0.,0.),(0.,0.25),(6.,0.25),(6.,0.),(0.,0.)));
#4659=IFCINDEXEDPOLYCURVE(#4658,$,.F.);
#4660=IFCDIRECTION((0.,0.,1.));
#4661=IFCARBITRARYCLOSEDPROFILEDEF(.AREA.,$,#4659);
#4662=IFCCARTESIANPOINT((0.,0.,0.));
#4663=IFCDIRECTION((0.,0.,1.));
#4664=IFCDIRECTION((1.,0.,0.));
#4665=IFCAXIS2PLACEMENT3D(#4662,#4663,#4664);
#4666=IFCEXTRUDEDAREASOLID(#4661,#4665,#4660,0.40000000000000002);
#4667=IFCSHAPEREPRESENTATION(#11,'Body','SweptSolid',(#4666));
#4668=IFCPRODUCTDEFINITIONSHAPE($,$,(#4667));
#4674=IFCBEAM('1VVZBOFVT4iw5ktwBRWg7A',$,'beam274',$,$,#15429,#4685,$,$);
#4675=IFCCARTESIANPOINTLIST2D(((0.,0.),(0.,0.25),(6.,0.25),(6.,0.),(0.,0.)));
#4676=IFCINDEXEDPOLYCURVE(#4675,$,.F.);
#4677=IFCDIRECTION((0.,0.,1.));
#4678=IFCARBITRARYCLOSEDPROFILEDEF(.AREA.,$,#4676);
#4679=IFCCARTESIANPOINT((0.,0.,0.));
#4680=IFCDIRECTION((0.,0.,1.));
#4681=IFCDIRECTION((1.,0.,0.));
#4682=IFCAXIS2PLACEMENT3D(#4679,#4680,#4681);
#4683=IFCEXTRUDEDAREASOLID(#4678,#4682,#4677,0.40000000000000002);
#4684=IFCSHAPEREPRESENTATION(#11,'Body','SweptSolid',(#4683));
#4685=IFCPRODUCTDEFINITIONSHAPE($,$,(#4684));
#4691=IFCBEAM('20aHCigC911w$cu$jQEl9k',$,'beam275',$,$,#17624,#4702,$,$);
#4692=IFCCARTESIANPOINTLIST2D(((0.,0.),(0.,0.25),(6.,0.25),(6.,0.),(0.,0.)));
#4693=IFCINDEXEDPOLYCURVE(#4692,$,.F.);
#4694=IFCDIRECTION((0.,0.,1.));
#4695=IFCARBITRARYCLOSEDPROFILEDEF(.AREA.,$,#4693);
#4696=IFCCARTESIANPOINT((0.,0.,0.));
#4697=IFCDIRECTION((0.,0.,1.));
#4698=IFCDIRECTION((1.,0.,0.));
#4699=IFCAXIS2PLACEMENT3D(#4696,#4697,#4698);
#4700=IFCEXTRUDEDAREASOLID(#4695,#4699,#4694,0.5);
#4701=IFCSHAPEREPRESENTATION(#11,'Body','SweptSolid',(#4700));
#4702=IFCPRODUCTDEFINITIONSHAPE($,$,(#4701));
#4708=IFCBEAM('07VeKFj8z5ERBd38qpjQQ1',$,'beam276',$,$,#18774,#4719,$,$);
#4709=IFCCARTESIANPOINTLIST2D(((0.,0.),(0.,0.25),(6.,0.25),(6.,0.),(0.,0.)));
#4710=IFCINDEXEDPOLYCURVE(#4709,$,.F.);
#4711=IFCDIRECTION((0.,0.,1.));
#4712=IFCARBITRARYCLOSEDPROFILEDEF(.AREA.,$,#4710);
#4713=IFCCARTESIANPOINT((0.,0.,0.));
#4714=IFCDIRECTION((0.,0.,1.));
#4715=IFCDIRECTION((1.,0.,0.));
#4716=IFCAXIS2PLACEMENT3D(#4713,#4714,#4715);
#4717=IFCEXTRUDEDAREASOLID(#4712,#4716,#4711,0.5);
#4718=IFCSHAPEREPRESENTATION(#11,'Body','SweptSolid',(#4717));
#4719=IFCPRODUCTDEFINITIONSHAPE($,$,(#4718));
#4725=IFCBEAM('0GIVYIk9D1oBoUx_ZULs7Y',$,'beam277',$,$,#18549,#4736,$,$);
#4726=IFCCARTESIANPOINTLIST2D(((0.,0.),(0.,0.25),(6.,0.25),(6.,0.),(0.,0.)));
#4727=IFCINDEXEDPOLYCURVE(#4726,$,.F.);
#4728=IFCDIRECTION((0.,0.,1.));
#4729=IFCARBITRARYCLOSEDPROFILEDEF(.AREA.,$,#4727);
#4730=IFCCARTESIANPOINT((0.,0.,0.));
#4731=IFCDIRECTION((0.,0.,1.));
#4732=IFCDIRECTION((1.,0.,0.));
#4733=IFCAXIS2PLACEMENT3D(#4730,#4731,#4732);
#4734=IFCEXTRUDEDAREASOLID(#4729,#4733,#4728,0.5);
#4735=IFCSHAPEREPRESENTATION(#11,'Body','SweptSolid',(#4734));
#4736=IFCPRODUCTDEFINITIONSHAPE($,$,(#4735));
#4742=IFCBEAM('1n07FCmbT3MuU9vJ7VSiQV',$,'beam278',$,$,#15504,#4753,$,$);
#4743=IFCCARTESIANPOINTLIST2D(((0.,0.),(0.,0.25),(6.,0.25),(6.,0.),(0.,0.)));
#4744=IFCINDEXEDPOLYCURVE(#4743,$,.F.);
#4745=IFCDIRECTION((0.,0.,1.));
#4746=IFCARBITRARYCLOSEDPROFILEDEF(.AREA.,$,#4744);
#4747=IFCCARTESIANPOINT((0.,0.,0.));
#4748=IFCDIRECTION((0.,0.,1.));
#4749=IFCDIRECTION((1.,0.,0.));
#4750=IFCAXIS2PLACEMENT3D(#4747,#4748,#4749);
#4751=IFCEXTRUDEDAREASOLID(#4746,#4750,#4745,0.5);
#4752=IFCSHAPEREPRESENTATION(#11,'Body','SweptSolid',(#4751));
#4753=IFCPRODUCTDEFINITIONSHAPE($,$,(#4752));
#4759=IFCBEAM('1uBQqK8S1AaOWI9LjvhkMp',$,'beam279',$,$,#16549,#4770,$,$);
#4760=IFCCARTESIANPOINTLIST2D(((0.,0.),(0.,0.25),(6.,0.25),(6.,0.),(0.,0.)));
#4761=IFCINDEXEDPOLYCURVE(#4760,$,.F.);
#4762=IFCDIRECTION((0.,0.,1.));
#4763=IFCARBITRARYCLOSEDPROFILEDEF(.AREA.,$,#4761);
#4764=IFCCARTESIANPOINT((0.,0.,0.));
#4765=IFCDIRECTION((0.,0.,1.));
#4766=IFCDIRECTION((1.,0.,0.));
#4767=IFCAXIS2PLACEMENT3D(#4764,#4765,#4766);
#4768=IFCEXTRUDEDAREASOLID(#4763,#4767,#4762,0.5);
#4769=IFCSHAPEREPRESENTATION(#11,'Body','SweptSolid',(#4768));
#4770=IFCPRODUCTDEFINITIONSHAPE($,$,(#4769));
#4776=IFCBEAM('3T3XJjki1E3x1NHsEUlSHW',$,'beam280',$,$,#17694,#4787,$,$);
#4777=IFCCARTESIANPOINTLIST2D(((0.,0.),(0.,0.25),(6.,0.25),(6.,0.),(0.,0.)));
#4778=IFCINDEXEDPOLYCURVE(#4777,$,.F.);
#4779=IFCDIRECTION((0.,0.,1.));
#4780=IFCARBITRARYCLOSEDPROFILEDEF(.AREA.,$,#4778);
#4781=IFCCARTESIANPOINT((0.,0.,0.));
#4782=IFCDIRECTION((0.,0.,1.));
#4783=IFCDIRECTION((1.,0.,0.));
#4784=IFCAXIS2PLACEMENT3D(#4781,#4782,#4783);
#4785=IFCEXTRUDEDAREASOLID(#4780,#4784,#4779,0.5);
#4786=IFCSHAPEREPRESENTATION(#11,'Body','SweptSolid',(#4785));
#4787=IFCPRODUCTDEFINITIONSHAPE($,$,(#4786));
#4793=IFCBEAM('37W6FNjSDC6xuMjpLfbqg2',$,'beam281',$,$,#18614,#4804,$,$);
#4794=IFCCARTESIANPOINTLIST2D(((0.,0.),(0.,0.25),(6.,0.25),(6.,0.),(0.,0.)));
#4795=IFCINDEXEDPOLYCURVE(#4794,$,.F.);
#4796=IFCDIRECTION((0.,0.,1.));
#4797=IFCARBITRARYCLOSEDPROFILEDEF(.AREA.,$,#4795);
#4798=IFCCARTESIANPOINT((0.,0.,0.));
#4799=IFCDIRECTION((0.,0.,1.));
#4800=IFCDIRECTION((1.,0.,0.));
#4801=IFCAXIS2PLACEMENT3D(#4798,#4799,#4800);
#4802=IFCEXTRUDEDAREASOLID(#4797,#4801,#4796,0.5);
#4803=IFCSHAPEREPRESENTATION(#11,'Body','SweptSolid',(#4802));
#4804=IFCPRODUCTDEFINITIONSHAPE($,$,(#4803));
#4810=IFCBEAM('2DpNA2loXDzAWVCe09XHmJ',$,'beam282',$,$,#15564,#4821,$,$);
#4811=IFCCARTESIANPOINTLIST2D(((0.,0.),(0.,0.25),(6.,0.25),(6.,0.),(0.,0.)));
#4812=IFCINDEXEDPOLYCURVE(#4811,$,.F.);
#4813=IFCDIRECTION((0.,0.,1.));
#4814=IFCARBITRARYCLOSEDPROFILEDEF(.AREA.,$,#4812);
#4815=IFCCARTESIANPOINT((0.,0.,0.));
#4816=IFCDIRECTION((0.,0.,1.));
#4817=IFCDIRECTION((1.,0.,0.));
#4818=IFCAXIS2PLACEMENT3D(#4815,#4816,#4817);
#4819=IFCEXTRUDEDAREASOLID(#4814,#4818,#4813,0.5);
#4820=IFCSHAPEREPRESENTATION(#11,'Body','SweptSolid',(#4819));
#4821=IFCPRODUCTDEFINITIONSHAPE($,$,(#4820));
#4827=IFCBEAM('0veE2z72fDMB1pprovZ6QB',$,'beam283',$,$,#16614,#4838,$,$);
#4828=IFCCARTESIANPOINTLIST2D(((0.,0.),(0.,0.25),(6.,0.25),(6.,0.),(0.,0.)));
#4829=IFCINDEXEDPOLYCURVE(#4828,$,.F.);
#4830=IFCDIRECTION((0.,0.,1.));
#4831=IFCARBITRARYCLOSEDPROFILEDEF(.AREA.,$,#4829);
#4832=IFCCARTESIANPOINT((0.,0.,0.));
#4833=IFCDIRECTION((0.,0.,1.));
#4834=IFCDIRECTION((1.,0.,0.));
#4835=IFCAXIS2PLACEMENT3D(#4832,#4833,#4834);
#4836=IFCEXTRUDEDAREASOLID(#4831,#4835,#4830,0.5);
#4837=IFCSHAPEREPRESENTATION(#11,'Body','SweptSolid',(#4836));
#4838=IFCPRODUCTDEFINITIONSHAPE($,$,(#4837));
#4844=IFCBEAM('2SIZ8CTo53yRen1UmrK8VU',$,'beam284',$,$,#17754,#4855,$,$);
#4845=IFCCARTESIANPOINTLIST2D(((0.,0.),(0.,0.25),(6.,0.25),(6.,0.),(0.,0.)));
#4846=IFCINDEXEDPOLYCURVE(#4845,$,.F.);
#4847=IFCDIRECTION((0.,0.,1.));
#4848=IFCARBITRARYCLOSEDPROFILEDEF(.AREA.,$,#4846);
#4849=IFCCARTESIANPOINT((0.,0.,0.));
#4850=IFCDIRECTION((0.,0.,1.));
#4851=IFCDIRECTION((1.,0.,0.));
#4852=IFCAXIS2PLACEMENT3D(#4849,#4850,#4851);
#4853=IFCEXTRUDEDAREASOLID(#4848,#4852,#4847,0.5);
#4854=IFCSHAPEREPRESENTATION(#11,'Body','SweptSolid',(#4853));
#4855=IFCPRODUCTDEFINITIONSHAPE($,$,(#4854));
#4861=IFCBEAM('0M7llQleDBBghaQlNCxSTq',$,'beam285',$,$,#14634,#4872,$,$);
#4862=IFCCARTESIANPOINTLIST2D(((0.,0.),(0.,0.25),(6.,0.25),(6.,0.),(0.,0.)));
#4863=IFCINDEXEDPOLYCURVE(#4862,$,.F.);
#4864=IFCDIRECTION((0.,0.,1.));
#4865=IFCARBITRARYCLOSEDPROFILEDEF(.AREA.,$,#4863);
#4866=IFCCARTESIANPOINT((0.,0.,0.));
#4867=IFCDIRECTION((0.,0.,1.));
#4868=IFCDIRECTION((1.,0.,0.));
#4869=IFCAXIS2PLACEMENT3D(#4866,#4867,#4868);
#4870=IFCEXTRUDEDAREASOLID(#4865,#4869,#4864,0.5);
#4871=IFCSHAPEREPRESENTATION(#11,'Body','SweptSolid',(#4870));
#4872=IFCPRODUCTDEFINITIONSHAPE($,$,(#4871));
#4878=IFCBEAM('0TOlymmaD6dhlz0TQNJ7R8',$,'beam286',$,$,#15774,#4889,$,$);
#4879=IFCCARTESIANPOINTLIST2D(((0.,0.),(0.,0.25),(6.,0.25),(6.,0.),(0.,0.)));
#4880=IFCINDEXEDPOLYCURVE(#4879,$,.F.);
#4881=IFCDIRECTION((0.,0.,1.));
#4882=IFCARBITRARYCLOSEDPROFILEDEF(.AREA.,$,#4880);
#4883=IFCCARTESIANPOINT((0.,0.,0.));
#4884=IFCDIRECTION((0.,0.,1.));
#4885=IFCDIRECTION((1.,0.,0.));
#4886=IFCAXIS2PLACEMENT3D(#4883,#4884,#4885);
#4887=IFCEXTRUDEDAREASOLID(#4882,#4886,#4881,0.5);
#4888=IFCSHAPEREPRESENTATION(#11,'Body','SweptSolid',(#4887));
#4889=IFCPRODUCTDEFINITIONSHAPE($,$,(#4888));
#4895=IFCBEAM('17ZNGGs3fDwxIcfPJYNEYj',$,'beam287',$,$,#16354,#4906,$,$);
#4896=IFCCARTESIANPOINTLIST2D(((0.,0.),(0.,0.25),(6.,0.25),(6.,0.),(0.,0.)));
#4897=IFCINDEXEDPOLYCURVE(#4896,$,.F.);
#4898=IFCDIRECTION((0.,0.,1.));
#4899=IFCARBITRARYCLOSEDPROFILEDEF(.AREA.,$,#4897);
#4900=IFCCARTESIANPOINT((0.,0.,0.));
#4901=IFCDIRECTION((0.,0.,1.));
#4902=IFCDIRECTION((1.,0.,0.));
#4903=IFCAXIS2PLACEMENT3D(#4900,#4901,#4902);
#4904=IFCEXTRUDEDAREASOLID(#4899,#4903,#4898,0.5);
#4905=IFCSHAPEREPRESENTATION(#11,'Body','SweptSolid',(#4904));
#4906=IFCPRODUCTDEFINITIONSHAPE($,$,(#4905));
#4912=IFCBEAM('3zYPkLSHL5u92_P1B6y3tc',$,'beam288',$,$,#17514,#4923,$,$);
#4913=IFCCARTESIANPOINTLIST2D(((0.,0.),(0.,0.25),(6.,0.25),(6.,0.),(0.,0.)));
#4914=IFCINDEXEDPOLYCURVE(#4913,$,.F.);
#4915=IFCDIRECTION((0.,0.,1.));
#4916=IFCARBITRARYCLOSEDPROFILEDEF(.AREA.,$,#4914);
#4917=IFCCARTESIANPOINT((0.,0.,0.));
#4918=IFCDIRECTION((0.,0.,1.));
#4919=IFCDIRECTION((1.,0.,0.));
#4920=IFCAXIS2PLACEMENT3D(#4917,#4918,#4919);
#4921=IFCEXTRUDEDAREASOLID(#4916,#4920,#4915,0.40000000000000002);
#4922=IFCSHAPEREPRESENTATION(#11,'Body','SweptSolid',(#4921));
#4923=IFCPRODUCTDEFINITIONSHAPE($,$,(#4922));
#4929=IFCBEAM('0$BfEmZe57rvs1FJhwBH0$',$,'beam289',$,$,#18649,#4940,$,$);
#4930=IFCCARTESIANPOINTLIST2D(((0.,0.),(0.,0.25),(6.,0.25),(6.,0.),(0.,0.)));
#4931=IFCINDEXEDPOLYCURVE(#4930,$,.F.);
#4932=IFCDIRECTION((0.,0.,1.));
#4933=IFCARBITRARYCLOSEDPROFILEDEF(.AREA.,$,#4931);
#4934=IFCCARTESIANPOINT((0.,0.,0.));
#4935=IFCDIRECTION((0.,0.,1.));
#4936=IFCDIRECTION((1.,0.,0.));
#4937=IFCAXIS2PLACEMENT3D(#4934,#4935,#4936);
#4938=IFCEXTRUDEDAREASOLID(#4933,#4937,#4932,0.5);
#4939=IFCSHAPEREPRESENTATION(#11,'Body','SweptSolid',(#4938));
#4940=IFCPRODUCTDEFINITIONSHAPE($,$,(#4939));
#4946=IFCBEAM('17gOLxrArEJu_IEa1wL3LY',$,'beam290',$,$,#15604,#4957,$,$);
#4947=IFCCARTESIANPOINTLIST2D(((0.,0.),(0.,0.25),(6.,0.25),(6.,0.),(0.,0.)));
#4948=IFCINDEXEDPOLYCURVE(#4947,$,.F.);
#4949=IFCDIRECTION((0.,0.,1.));
#4950=IFCARBITRARYCLOSEDPROFILEDEF(.AREA.,$,#4948);
#4951=IFCCARTESIANPOINT((0.,0.,0.));
#4952=IFCDIRECTION((0.,0.,1.));
#4953=IFCDIRECTION((1.,0.,0.));
#4954=IFCAXIS2PLACEMENT3D(#4951,#4952,#4953);
#4955=IFCEXTRUDEDAREASOLID(#4950,#4954,#4949,0.5);
#4956=IFCSHAPEREPRESENTATION(#11,'Body','SweptSolid',(#4955));
#4957=IFCPRODUCTDEFINITIONSHAPE($,$,(#4956));
#4963=IFCBEAM('2GHVCXJan7kPS_Ss94Jrcr',$,'beam291',$,$,#15334,#4974,$,$);
#4964=IFCCARTESIANPOINTLIST2D(((0.,0.),(0.,0.25),(6.,0.25),(6.,0.),(0.,0.)));
#4965=IFCINDEXEDPOLYCURVE(#4964,$,.F.);
#4966=IFCDIRECTION((0.,0.,1.));
#4967=IFCARBITRARYCLOSEDPROFILEDEF(.AREA.,$,#4965);
#4968=IFCCARTESIANPOINT((0.,0.,0.));
#4969=IFCDIRECTION((0.,0.,1.));
#4970=IFCDIRECTION((1.,0.,0.));
#4971=IFCAXIS2PLACEMENT3D(#4968,#4969,#4970);
#4972=IFCEXTRUDEDAREASOLID(#4967,#4971,#4966,0.5);
#4973=IFCSHAPEREPRESENTATION(#11,'Body','SweptSolid',(#4972));
#4974=IFCPRODUCTDEFINITIONSHAPE($,$,(#4973));
#4980=IFCBEAM('1XOWuTJS1ETQGzSwAfVoAL',$,'beam292',$,$,#17559,#4991,$,$);
#4981=IFCCARTESIANPOINTLIST2D(((0.,0.),(0.,0.25),(6.,0.25),(6.,0.),(0.,0.)));
#4982=IFCINDEXEDPOLYCURVE(#4981,$,.F.);
#4983=IFCDIRECTION((0.,0.,1.));
#4984=IFCARBITRARYCLOSEDPROFILEDEF(.AREA.,$,#4982);
#4985=IFCCARTESIANPOINT((0.,0.,0.));
#4986=IFCDIRECTION((0.,0.,1.));
#4987=IFCDIRECTION((1.,0.,0.));
#4988=IFCAXIS2PLACEMENT3D(#4985,#4986,#4987);
#4989=IFCEXTRUDEDAREASOLID(#4984,#4988,#4983,0.5);
#4990=IFCSHAPEREPRESENTATION(#11,'Body','SweptSolid',(#4989));
#4991=IFCPRODUCTDEFINITIONSHAPE($,$,(#4990));
#4997=IFCBEAM('2LOMS3J7f1OPeD$3sjDk05',$,'beam293',$,$,#18699,#5008,$,$);
#4998=IFCCARTESIANPOINTLIST2D(((0.,0.),(0.,0.25),(6.,0.25),(6.,0.),(0.,0.)));
#4999=IFCINDEXEDPOLYCURVE(#4998,$,.F.);
#5000=IFCDIRECTION((0.,0.,1.));
#5001=IFCARBITRARYCLOSEDPROFILEDEF(.AREA.,$,#4999);
#5002=IFCCARTESIANPOINT((0.,0.,0.));
#5003=IFCDIRECTION((0.,0.,1.));
#5004=IFCDIRECTION((1.,0.,0.));
#5005=IFCAXIS2PLACEMENT3D(#5002,#5003,#5004);
#5006=IFCEXTRUDEDAREASOLID(#5001,#5005,#5000,0.5);
#5007=IFCSHAPEREPRESENTATION(#11,'Body','SweptSolid',(#5006));
#5008=IFCPRODUCTDEFINITIONSHAPE($,$,(#5007));
#5014=IFCBEAM('1y8$wtpcDA$fTnFA86BnM$',$,'beam294',$,$,#18469,#5025,$,$);
#5015=IFCCARTESIANPOINTLIST2D(((0.,0.),(0.,0.25),(6.,0.25),(6.,0.),(0.,0.)));
#5016=IFCINDEXEDPOLYCURVE(#5015,$,.F.);
#5017=IFCDIRECTION((0.,0.,1.));
#5018=IFCARBITRARYCLOSEDPROFILEDEF(.AREA.,$,#5016);
#5019=IFCCARTESIANPOINT((0.,0.,0.));
#5020=IFCDIRECTION((0.,0.,1.));
#5021=IFCDIRECTION((1.,0.,0.));
#5022=IFCAXIS2PLACEMENT3D(#5019,#5020,#5021);
#5023=IFCEXTRUDEDAREASOLID(#5018,#5022,#5017,0.5);
#5024=IFCSHAPEREPRESENTATION(#11,'Body','SweptSolid',(#5023));
#5025=IFCPRODUCTDEFINITIONSHAPE($,$,(#5024));
#5031=IFCBEAM('3GnGnlcXXECQJjMel7GJqn',$,'beam295',$,$,#15404,#5042,$,$);
#5032=IFCCARTESIANPOINTLIST2D(((0.,0.),(0.,0.25),(6.,0.25),(6.,0.),(0.,0.)));
#5033=IFCINDEXEDPOLYCURVE(#5032,$,.F.);
#5034=IFCDIRECTION((0.,0.,1.));
#5035=IFCARBITRARYCLOSEDPROFILEDEF(.AREA.,$,#5033);
#5036=IFCCARTESIANPOINT((0.,0.,0.));
#5037=IFCDIRECTION((0.,0.,1.));
#5038=IFCDIRECTION((1.,0.,0.));
#5039=IFCAXIS2PLACEMENT3D(#5036,#5037,#5038);
#5040=IFCEXTRUDEDAREASOLID(#5035,#5039,#5034,0.5);
#5041=IFCSHAPEREPRESENTATION(#11,'Body','SweptSolid',(#5040));
#5042=IFCPRODUCTDEFINITIONSHAPE($,$,(#5041));
#5048=IFCBEAM('1nvLk20Er03O6mZcAVzVgY',$,'beam296',$,$,#16474,#5059,$,$);
#5049=IFCCARTESIANPOINTLIST2D(((0.,0.),(0.,0.25),(6.,0.25),(6.,0.),(0.,0.)));
#5050=IFCINDEXEDPOLYCURVE(#5049,$,.F.);
#5051=IFCDIRECTION((0.,0.,1.));
#5052=IFCARBITRARYCLOSEDPROFILEDEF(.AREA.,$,#5050);
#5053=IFCCARTESIANPOINT((0.,0.,0.));
#5054=IFCDIRECTION((0.,0.,1.));
#5055=IFCDIRECTION((1.,0.,0.));
#5056=IFCAXIS2PLACEMENT3D(#5053,#5054,#5055);
#5057=IFCEXTRUDEDAREASOLID(#5052,#5056,#5051,0.5);
#5058=IFCSHAPEREPRESENTATION(#11,'Body','SweptSolid',(#5057));
#5059=IFCPRODUCTDEFINITIONSHAPE($,$,(#5058));
#5065=IFCBEAM('3qIvIulf92axuyAn1fZQxQ',$,'beam297',$,$,#17619,#5076,$,$);
#5066=IFCCARTESIANPOINTLIST2D(((0.,0.),(0.,0.25),(6.,0.25),(6.,0.),(0.,0.)));
#5067=IFCINDEXEDPOLYCURVE(#5066,$,.F.);
#5068=IFCDIRECTION((0.,0.,1.));
#5069=IFCARBITRARYCLOSEDPROFILEDEF(.AREA.,$,#5067);
#5070=IFCCARTESIANPOINT((0.,0.,0.));
#5071=IFCDIRECTION((0.,0.,1.));
#5072=IFCDIRECTION((1.,0.,0.));
#5073=IFCAXIS2PLACEMENT3D(#5070,#5071,#5072);
#5074=IFCEXTRUDEDAREASOLID(#5069,#5073,#5068,0.5);
#5075=IFCSHAPEREPRESENTATION(#11,'Body','SweptSolid',(#5074));
#5076=IFCPRODUCTDEFINITIONSHAPE($,$,(#5075));
#5082=IFCBEAM('1QAS2MJ59CAQllsL5KzVS$',$,'beam298',$,$,#18529,#5093,$,$);
#5083=IFCCARTESIANPOINTLIST2D(((0.,0.),(0.,0.25),(6.,0.25),(6.,0.),(0.,0.)));
#5084=IFCINDEXEDPOLYCURVE(#5083,$,.F.);
#5085=IFCDIRECTION((0.,0.,1.));
#5086=IFCARBITRARYCLOSEDPROFILEDEF(.AREA.,$,#5084);
#5087=IFCCARTESIANPOINT((0.,0.,0.));
#5088=IFCDIRECTION((0.,0.,1.));
#5089=IFCDIRECTION((1.,0.,0.));
#5090=IFCAXIS2PLACEMENT3D(#5087,#5088,#5089);
#5091=IFCEXTRUDEDAREASOLID(#5086,#5090,#5085,0.5);
#5092=IFCSHAPEREPRESENTATION(#11,'Body','SweptSolid',(#5091));
#5093=IFCPRODUCTDEFINITIONSHAPE($,$,(#5092));
#5099=IFCBEAM('1kH1HREXDBFPPttxC$mBXz',$,'beam299',$,$,#15474,#5110,$,$);
#5100=IFCCARTESIANPOINTLIST2D(((0.,0.),(0.,0.25),(6.,0.25),(6.,0.),(0.,0.)));
#5101=IFCINDEXEDPOLYCURVE(#5100,$,.F.);
#5102=IFCDIRECTION((0.,0.,1.));
#5103=IFCARBITRARYCLOSEDPROFILEDEF(.AREA.,$,#5101);
#5104=IFCCARTESIANPOINT((0.,0.,0.));
#5105=IFCDIRECTION((0.,0.,1.));
#5106=IFCDIRECTION((1.,0.,0.));
#5107=IFCAXIS2PLACEMENT3D(#5104,#5105,#5106);
#5108=IFCEXTRUDEDAREASOLID(#5103,#5107,#5102,0.5);
#5109=IFCSHAPEREPRESENTATION(#11,'Body','SweptSolid',(#5108));
#5110=IFCPRODUCTDEFINITIONSHAPE($,$,(#5109));
#5116=IFCBEAM('34U5WGCu5DWumznKK5hvFz',$,'beam300',$,$,#16519,#5127,$,$);
#5117=IFCCARTESIANPOINTLIST2D(((0.,0.),(0.,0.25),(6.,0.25),(6.,0.),(0.,0.)));
#5118=IFCINDEXEDPOLYCURVE(#5117,$,.F.);
#5119=IFCDIRECTION((0.,0.,1.));
#5120=IFCARBITRARYCLOSEDPROFILEDEF(.AREA.,$,#5118);
#5121=IFCCARTESIANPOINT((0.,0.,0.));
#5122=IFCDIRECTION((0.,0.,1.));
#5123=IFCDIRECTION((1.,0.,0.));
#5124=IFCAXIS2PLACEMENT3D(#5121,#5122,#5123);
#5125=IFCEXTRUDEDAREASOLID(#5120,#5124,#5119,0.5);
#5126=IFCSHAPEREPRESENTATION(#11,'Body','SweptSolid',(#5125));
#5127=IFCPRODUCTDEFINITIONSHAPE($,$,(#5126));
#5133=IFCBEAM('3D3e$$5Of7$uSF5zVZBRrE',$,'beam301',$,$,#17669,#5144,$,$);
#5134=IFCCARTESIANPOINTLIST2D(((0.,0.),(0.,0.25),(6.,0.25),(6.,0.),(0.,0.)));
#5135=IFCINDEXEDPOLYCURVE(#5134,$,.F.);
#5136=IFCDIRECTION((0.,0.,1.));
#5137=IFCARBITRARYCLOSEDPROFILEDEF(.AREA.,$,#5135);
#5138=IFCCARTESIANPOINT((0.,0.,0.));
#5139=IFCDIRECTION((0.,0.,1.));
#5140=IFCDIRECTION((1.,0.,0.));
#5141=IFCAXIS2PLACEMENT3D(#5138,#5139,#5140);
#5142=IFCEXTRUDEDAREASOLID(#5137,#5141,#5136,0.5);
#5143=IFCSHAPEREPRESENTATION(#11,'Body','SweptSolid',(#5142));
#5144=IFCPRODUCTDEFINITIONSHAPE($,$,(#5143));
#5150=IFCBEAM('27OUN3Jtn7Rwl2zsT_Ed8o',$,'beam302',$,$,#18509,#5161,$,$);
#5151=IFCCARTESIANPOINTLIST2D(((0.,0.),(0.,0.25),(6.,0.25),(6.,0.),(0.,0.)));
#5152=IFCINDEXEDPOLYCURVE(#5151,$,.F.);
#5153=IFCDIRECTION((0.,0.,1.));
#5154=IFCARBITRARYCLOSEDPROFILEDEF(.AREA.,$,#5152);
#5155=IFCCARTESIANPOINT((0.,0.,0.));
#5156=IFCDIRECTION((0.,0.,1.));
#5157=IFCDIRECTION((1.,0.,0.));
#5158=IFCAXIS2PLACEMENT3D(#5155,#5156,#5157);
#5159=IFCEXTRUDEDAREASOLID(#5154,#5158,#5153,0.5);
#5160=IFCSHAPEREPRESENTATION(#11,'Body','SweptSolid',(#5159));
#5161=IFCPRODUCTDEFINITIONSHAPE($,$,(#5160));
#5167=IFCBEAM('2mOgJmNrb1lfIaLxV6NBNk',$,'beam303',$,$,#15444,#5178,$,$);
#5168=IFCCARTESIANPOINTLIST2D(((0.,0.),(0.,0.25),(6.,0.25),(6.,0.),(0.,0.)));
#5169=IFCINDEXEDPOLYCURVE(#5168,$,.F.);
#5170=IFCDIRECTION((0.,0.,1.));
#5171=IFCARBITRARYCLOSEDPROFILEDEF(.AREA.,$,#5169);
#5172=IFCCARTESIANPOINT((0.,0.,0.));
#5173=IFCDIRECTION((0.,0.,1.));
#5174=IFCDIRECTION((1.,0.,0.));
#5175=IFCAXIS2PLACEMENT3D(#5172,#5173,#5174);
#5176=IFCEXTRUDEDAREASOLID(#5171,#5175,#5170,0.5);
#5177=IFCSHAPEREPRESENTATION(#11,'Body','SweptSolid',(#5176));
#5178=IFCPRODUCTDEFINITIONSHAPE($,$,(#5177));
#5184=IFCBEAM('3AmGucCh99i8gWP7vyZjwj',$,'beam304',$,$,#16309,#5195,$,$);
#5185=IFCCARTESIANPOINTLIST2D(((0.,0.),(0.,0.25),(6.,0.25),(6.,0.),(0.,0.)));
#5186=IFCINDEXEDPOLYCURVE(#5185,$,.F.);
#5187=IFCDIRECTION((0.,0.,1.));
#5188=IFCARBITRARYCLOSEDPROFILEDEF(.AREA.,$,#5186);
#5189=IFCCARTESIANPOINT((0.,0.,0.));
#5190=IFCDIRECTION((0.,0.,1.));
#5191=IFCDIRECTION((1.,0.,0.));
#5192=IFCAXIS2PLACEMENT3D(#5189,#5190,#5191);
#5193=IFCEXTRUDEDAREASOLID(#5188,#5192,#5187,0.5);
#5194=IFCSHAPEREPRESENTATION(#11,'Body','SweptSolid',(#5193));
#5195=IFCPRODUCTDEFINITIONSHAPE($,$,(#5194));
#5201=IFCBEAM('1TYKFdz8r9APVEGGurQOFg',$,'beam305',$,$,#17464,#5212,$,$);
#5202=IFCCARTESIANPOINTLIST2D(((0.,0.),(0.,0.25),(6.,0.25),(6.,0.),(0.,0.)));
#5203=IFCINDEXEDPOLYCURVE(#5202,$,.F.);
#5204=IFCDIRECTION((0.,0.,1.));
#5205=IFCARBITRARYCLOSEDPROFILEDEF(.AREA.,$,#5203);
#5206=IFCCARTESIANPOINT((0.,0.,0.));
#5207=IFCDIRECTION((0.,0.,1.));
#5208=IFCDIRECTION((1.,0.,0.));
#5209=IFCAXIS2PLACEMENT3D(#5206,#5207,#5208);
#5210=IFCEXTRUDEDAREASOLID(#5205,#5209,#5204,0.5);
#5211=IFCSHAPEREPRESENTATION(#11,'Body','SweptSolid',(#5210));
#5212=IFCPRODUCTDEFINITIONSHAPE($,$,(#5211));
#5218=IFCBEAM('2LT_CBZS5A6frBKciOvCGZ',$,'beam306',$,$,#18564,#5229,$,$);
#5219=IFCCARTESIANPOINTLIST2D(((0.,0.),(0.,0.25),(6.,0.25),(6.,0.),(0.,0.)));
#5220=IFCINDEXEDPOLYCURVE(#5219,$,.F.);
#5221=IFCDIRECTION((0.,0.,1.));
#5222=IFCARBITRARYCLOSEDPROFILEDEF(.AREA.,$,#5220);
#5223=IFCCARTESIANPOINT((0.,0.,0.));
#5224=IFCDIRECTION((0.,0.,1.));
#5225=IFCDIRECTION((1.,0.,0.));
#5226=IFCAXIS2PLACEMENT3D(#5223,#5224,#5225);
#5227=IFCEXTRUDEDAREASOLID(#5222,#5226,#5221,0.5);
#5228=IFCSHAPEREPRESENTATION(#11,'Body','SweptSolid',(#5227));
#5229=IFCPRODUCTDEFINITIONSHAPE($,$,(#5228));
#5235=IFCBEAM('1kJLt98In4o8fIZ$q5Lw$l',$,'beam307',$,$,#15519,#5246,$,$);
#5236=IFCCARTESIANPOINTLIST2D(((0.,0.),(0.,0.25),(6.,0.25),(6.,0.),(0.,0.)));
#5237=IFCINDEXEDPOLYCURVE(#5236,$,.F.);
#5238=IFCDIRECTION((0.,0.,1.));
#5239=IFCARBITRARYCLOSEDPROFILEDEF(.AREA.,$,#5237);
#5240=IFCCARTESIANPOINT((0.,0.,0.));
#5241=IFCDIRECTION((0.,0.,1.));
#5242=IFCDIRECTION((1.,0.,0.));
#5243=IFCAXIS2PLACEMENT3D(#5240,#5241,#5242);
#5244=IFCEXTRUDEDAREASOLID(#5239,#5243,#5238,0.40000000000000002);
#5245=IFCSHAPEREPRESENTATION(#11,'Body','SweptSolid',(#5244));
#5246=IFCPRODUCTDEFINITIONSHAPE($,$,(#5245));
#5252=IFCBEAM('1_MMG1pd93KAJRbsWgjogm',$,'beam308',$,$,#16569,#5263,$,$);
#5253=IFCCARTESIANPOINTLIST2D(((0.,0.),(0.,0.25),(6.,0.25),(6.,0.),(0.,0.)));
#5254=IFCINDEXEDPOLYCURVE(#5253,$,.F.);
#5255=IFCDIRECTION((0.,0.,1.));
#5256=IFCARBITRARYCLOSEDPROFILEDEF(.AREA.,$,#5254);
#5257=IFCCARTESIANPOINT((0.,0.,0.));
#5258=IFCDIRECTION((0.,0.,1.));
#5259=IFCDIRECTION((1.,0.,0.));
#5260=IFCAXIS2PLACEMENT3D(#5257,#5258,#5259);
#5261=IFCEXTRUDEDAREASOLID(#5256,#5260,#5255,0.40000000000000002);
#5262=IFCSHAPEREPRESENTATION(#11,'Body','SweptSolid',(#5261));
#5263=IFCPRODUCTDEFINITIONSHAPE($,$,(#5262));
#5269=IFCBEAM('34rSWCwdTBG8XjNtOVqZHO',$,'beam309',$,$,#17494,#5280,$,$);
#5270=IFCCARTESIANPOINTLIST2D(((0.,0.),(0.,0.25),(6.,0.25),(6.,0.),(0.,0.)));
#5271=IFCINDEXEDPOLYCURVE(#5270,$,.F.);
#5272=IFCDIRECTION((0.,0.,1.));
#5273=IFCARBITRARYCLOSEDPROFILEDEF(.AREA.,$,#5271);
#5274=IFCCARTESIANPOINT((0.,0.,0.));
#5275=IFCDIRECTION((0.,0.,1.));
#5276=IFCDIRECTION((1.,0.,0.));
#5277=IFCAXIS2PLACEMENT3D(#5274,#5275,#5276);
#5278=IFCEXTRUDEDAREASOLID(#5273,#5277,#5272,0.40000000000000002);
#5279=IFCSHAPEREPRESENTATION(#11,'Body','SweptSolid',(#5278));
#5280=IFCPRODUCTDEFINITIONSHAPE($,$,(#5279));
#5286=IFCBEAM('1ylW5DSwbCCu$DNKAS1UUE',$,'beam310',$,$,#18629,#5297,$,$);
#5287=IFCCARTESIANPOINTLIST2D(((0.,0.),(0.,0.25),(6.,0.25),(6.,0.),(0.,0.)));
#5288=IFCINDEXEDPOLYCURVE(#5287,$,.F.);
#5289=IFCDIRECTION((0.,0.,1.));
#5290=IFCARBITRARYCLOSEDPROFILEDEF(.AREA.,$,#5288);
#5291=IFCCARTESIANPOINT((0.,0.,0.));
#5292=IFCDIRECTION((0.,0.,1.));
#5293=IFCDIRECTION((1.,0.,0.));
#5294=IFCAXIS2PLACEMENT3D(#5291,#5292,#5293);
#5295=IFCEXTRUDEDAREASOLID(#5290,#5294,#5289,0.40000000000000002);
#5296=IFCSHAPEREPRESENTATION(#11,'Body','SweptSolid',(#5295));
#5297=IFCPRODUCTDEFINITIONSHAPE($,$,(#5296));
#5303=IFCBEAM('1dRzCzJbf5RQfPGBeafRc1',$,'beam311',$,$,#18374,#5314,$,$);
#5304=IFCCARTESIANPOINTLIST2D(((0.,0.),(0.,0.25),(6.,0.25),(6.,0.),(0.,0.)));
#5305=IFCINDEXEDPOLYCURVE(#5304,$,.F.);
#5306=IFCDIRECTION((0.,0.,1.));
#5307=IFCARBITRARYCLOSEDPROFILEDEF(.AREA.,$,#5305);
#5308=IFCCARTESIANPOINT((0.,0.,0.));
#5309=IFCDIRECTION((0.,0.,1.));
#5310=IFCDIRECTION((1.,0.,0.));
#5311=IFCAXIS2PLACEMENT3D(#5308,#5309,#5310);
#5312=IFCEXTRUDEDAREASOLID(#5307,#5311,#5306,0.40000000000000002);
#5313=IFCSHAPEREPRESENTATION(#11,'Body','SweptSolid',(#5312));
#5314=IFCPRODUCTDEFINITIONSHAPE($,$,(#5313));
#5320=IFCBEAM('1xz3jvZCzEcwb4DNUSYm13',$,'beam312',$,$,#15309,#5331,$,$);
#5321=IFCCARTESIANPOINTLIST2D(((0.,0.),(0.,0.25),(6.,0.25),(6.,0.),(0.,0.)));
#5322=IFCINDEXEDPOLYCURVE(#5321,$,.F.);
#5323=IFCDIRECTION((0.,0.,1.));
#5324=IFCARBITRARYCLOSEDPROFILEDEF(.AREA.,$,#5322);
#5325=IFCCARTESIANPOINT((0.,0.,0.));
#5326=IFCDIRECTION((0.,0.,1.));
#5327=IFCDIRECTION((1.,0.,0.));
#5328=IFCAXIS2PLACEMENT3D(#5325,#5326,#5327);
#5329=IFCEXTRUDEDAREASOLID(#5324,#5328,#5323,0.40000000000000002);
#5330=IFCSHAPEREPRESENTATION(#11,'Body','SweptSolid',(#5329));
#5331=IFCPRODUCTDEFINITIONSHAPE($,$,(#5330));
#5337=IFCBEAM('3UarlYSb9AC86cM4uwlQQA',$,'beam313',$,$,#16404,#5348,$,$);
#5338=IFCCARTESIANPOINTLIST2D(((0.,0.),(0.,0.25),(6.,0.25),(6.,0.),(0.,0.)));
#5339=IFCINDEXEDPOLYCURVE(#5338,$,.F.);
#5340=IFCDIRECTION((0.,0.,1.));
#5341=IFCARBITRARYCLOSEDPROFILEDEF(.AREA.,$,#5339);
#5342=IFCCARTESIANPOINT((0.,0.,0.));
#5343=IFCDIRECTION((0.,0.,1.));
#5344=IFCDIRECTION((1.,0.,0.));
#5345=IFCAXIS2PLACEMENT3D(#5342,#5343,#5344);
#5346=IFCEXTRUDEDAREASOLID(#5341,#5345,#5340,0.40000000000000002);
#5347=IFCSHAPEREPRESENTATION(#11,'Body','SweptSolid',(#5346));
#5348=IFCPRODUCTDEFINITIONSHAPE($,$,(#5347));
#5354=IFCBEAM('1AF459m1X8b9N9iDeeopbw',$,'beam314',$,$,#17554,#5365,$,$);
#5355=IFCCARTESIANPOINTLIST2D(((0.,0.),(0.,0.25),(6.,0.25),(6.,0.),(0.,0.)));
#5356=IFCINDEXEDPOLYCURVE(#5355,$,.F.);
#5357=IFCDIRECTION((0.,0.,1.));
#5358=IFCARBITRARYCLOSEDPROFILEDEF(.AREA.,$,#5356);
#5359=IFCCARTESIANPOINT((0.,0.,0.));
#5360=IFCDIRECTION((0.,0.,1.));
#5361=IFCDIRECTION((1.,0.,0.));
#5362=IFCAXIS2PLACEMENT3D(#5359,#5360,#5361);
#5363=IFCEXTRUDEDAREASOLID(#5358,#5362,#5357,0.40000000000000002);
#5364=IFCSHAPEREPRESENTATION(#11,'Body','SweptSolid',(#5363));
#5365=IFCPRODUCTDEFINITIONSHAPE($,$,(#5364));
#5371=IFCBEAM('1z8BnSfnP8bP9VzvqGOSEy',$,'beam315',$,$,#18439,#5382,$,$);
#5372=IFCCARTESIANPOINTLIST2D(((0.,0.),(0.,0.25),(6.,0.25),(6.,0.),(0.,0.)));
#5373=IFCINDEXEDPOLYCURVE(#5372,$,.F.);
#5374=IFCDIRECTION((0.,0.,1.));
#5375=IFCARBITRARYCLOSEDPROFILEDEF(.AREA.,$,#5373);
#5376=IFCCARTESIANPOINT((0.,0.,0.));
#5377=IFCDIRECTION((0.,0.,1.));
#5378=IFCDIRECTION((1.,0.,0.));
#5379=IFCAXIS2PLACEMENT3D(#5376,#5377,#5378);
#5380=IFCEXTRUDEDAREASOLID(#5375,#5379,#5374,0.40000000000000002);
#5381=IFCSHAPEREPRESENTATION(#11,'Body','SweptSolid',(#5380));
#5382=IFCPRODUCTDEFINITIONSHAPE($,$,(#5381));
#5388=IFCBEAM('0JTrmDWBTF3Rgl14f8huyd',$,'beam316',$,$,#15059,#5399,$,$);
#5389=IFCCARTESIANPOINTLIST2D(((0.,0.),(0.,0.25),(6.,0.25),(6.,0.),(0.,0.)));
#5390=IFCINDEXEDPOLYCURVE(#5389,$,.F.);
#5391=IFCDIRECTION((0.,0.,1.));
#5392=IFCARBITRARYCLOSEDPROFILEDEF(.AREA.,$,#5390);
#5393=IFCCARTESIANPOINT((0.,0.,0.));
#5394=IFCDIRECTION((0.,0.,1.));
#5395=IFCDIRECTION((1.,0.,0.));
#5396=IFCAXIS2PLACEMENT3D(#5393,#5394,#5395);
#5397=IFCEXTRUDEDAREASOLID(#5392,#5396,#5391,0.40000000000000002);
#5398=IFCSHAPEREPRESENTATION(#11,'Body','SweptSolid',(#5397));
#5399=IFCPRODUCTDEFINITIONSHAPE($,$,(#5398));
#5405=IFCBEAM('3ZlWYhaFDDQu6vF$w1jzCn',$,'beam317',$,$,#16189,#5416,$,$);
#5406=IFCCARTESIANPOINTLIST2D(((0.,0.),(0.,0.25),(6.,0.25),(6.,0.),(0.,0.)));
#5407=IFCINDEXEDPOLYCURVE(#5406,$,.F.);
#5408=IFCDIRECTION((0.,0.,1.));
#5409=IFCARBITRARYCLOSEDPROFILEDEF(.AREA.,$,#5407);
#5410=IFCCARTESIANPOINT((0.,0.,0.));
#5411=IFCDIRECTION((0.,0.,1.));
#5412=IFCDIRECTION((1.,0.,0.));
#5413=IFCAXIS2PLACEMENT3D(#5410,#5411,#5412);
#5414=IFCEXTRUDEDAREASOLID(#5409,#5413,#5408,0.40000000000000002);
#5415=IFCSHAPEREPRESENTATION(#11,'Body','SweptSolid',(#5414));
#5416=IFCPRODUCTDEFINITIONSHAPE($,$,(#5415));
#5422=IFCBEAM('1C8oP3Buv7aPNojQ9Wg3JT',$,'beam318',$,$,#17349,#5433,$,$);
#5423=IFCCARTESIANPOINTLIST2D(((0.,0.),(0.,0.25),(6.,0.25),(6.,0.),(0.,0.)));
#5424=IFCINDEXEDPOLYCURVE(#5423,$,.F.);
#5425=IFCDIRECTION((0.,0.,1.));
#5426=IFCARBITRARYCLOSEDPROFILEDEF(.AREA.,$,#5424);
#5427=IFCCARTESIANPOINT((0.,0.,0.));
#5428=IFCDIRECTION((0.,0.,1.));
#5429=IFCDIRECTION((1.,0.,0.));
#5430=IFCAXIS2PLACEMENT3D(#5427,#5428,#5429);
#5431=IFCEXTRUDEDAREASOLID(#5426,#5430,#5425,0.40000000000000002);
#5432=IFCSHAPEREPRESENTATION(#11,'Body','SweptSolid',(#5431));
#5433=IFCPRODUCTDEFINITIONSHAPE($,$,(#5432));
#5439=IFCBEAM('2RCXJQsyXAB8smrkpwJQvu',$,'beam319',$,$,#18419,#5450,$,$);
#5440=IFCCARTESIANPOINTLIST2D(((0.,0.),(0.,0.25),(6.,0.25),(6.,0.),(0.,0.)));
#5441=IFCINDEXEDPOLYCURVE(#5440,$,.F.);
#5442=IFCDIRECTION((0.,0.,1.));
#5443=IFCARBITRARYCLOSEDPROFILEDEF(.AREA.,$,#5441);
#5444=IFCCARTESIANPOINT((0.,0.,0.));
#5445=IFCDIRECTION((0.,0.,1.));
#5446=IFCDIRECTION((1.,0.,0.));
#5447=IFCAXIS2PLACEMENT3D(#5444,#5445,#5446);
#5448=IFCEXTRUDEDAREASOLID(#5443,#5447,#5442,0.40000000000000002);
#5449=IFCSHAPEREPRESENTATION(#11,'Body','SweptSolid',(#5448));
#5450=IFCPRODUCTDEFINITIONSHAPE($,$,(#5449));
#5456=IFCBEAM('0sg5acmJn5egfNoxnvdLwU',$,'beam320',$,$,#15349,#5467,$,$);
#5457=IFCCARTESIANPOINTLIST2D(((0.,0.),(0.,0.25),(6.,0.25),(6.,0.),(0.,0.)));
#5458=IFCINDEXEDPOLYCURVE(#5457,$,.F.);
#5459=IFCDIRECTION((0.,0.,1.));
#5460=IFCARBITRARYCLOSEDPROFILEDEF(.AREA.,$,#5458);
#5461=IFCCARTESIANPOINT((0.,0.,0.));
#5462=IFCDIRECTION((0.,0.,1.));
#5463=IFCDIRECTION((1.,0.,0.));
#5464=IFCAXIS2PLACEMENT3D(#5461,#5462,#5463);
#5465=IFCEXTRUDEDAREASOLID(#5460,#5464,#5459,0.40000000000000002);
#5466=IFCSHAPEREPRESENTATION(#11,'Body','SweptSolid',(#5465));
#5467=IFCPRODUCTDEFINITIONSHAPE($,$,(#5466));
#5473=IFCBEAM('1$Gu_HdcX8485o8fhCFsXp',$,'beam321',$,$,#16239,#5484,$,$);
#5474=IFCCARTESIANPOINTLIST2D(((0.,0.),(0.,0.25),(6.,0.25),(6.,0.),(0.,0.)));
#5475=IFCINDEXEDPOLYCURVE(#5474,$,.F.);
#5476=IFCDIRECTION((0.,0.,1.));
#5477=IFCARBITRARYCLOSEDPROFILEDEF(.AREA.,$,#5475);
#5478=IFCCARTESIANPOINT((0.,0.,0.));
#5479=IFCDIRECTION((0.,0.,1.));
#5480=IFCDIRECTION((1.,0.,0.));
#5481=IFCAXIS2PLACEMENT3D(#5478,#5479,#5480);
#5482=IFCEXTRUDEDAREASOLID(#5477,#5481,#5476,0.5);
#5483=IFCSHAPEREPRESENTATION(#11,'Body','SweptSolid',(#5482));
#5484=IFCPRODUCTDEFINITIONSHAPE($,$,(#5483));
#5490=IFCBEAM('27eOVq5tv2K8FWNDM6KDJU',$,'beam322',$,$,#17399,#5501,$,$);
#5491=IFCCARTESIANPOINTLIST2D(((0.,0.),(0.,0.25),(6.,0.25),(6.,0.),(0.,0.)));
#5492=IFCINDEXEDPOLYCURVE(#5491,$,.F.);
#5493=IFCDIRECTION((0.,0.,1.));
#5494=IFCARBITRARYCLOSEDPROFILEDEF(.AREA.,$,#5492);
#5495=IFCCARTESIANPOINT((0.,0.,0.));
#5496=IFCDIRECTION((0.,0.,1.));
#5497=IFCDIRECTION((1.,0.,0.));
#5498=IFCAXIS2PLACEMENT3D(#5495,#5496,#5497);
#5499=IFCEXTRUDEDAREASOLID(#5494,#5498,#5493,0.5);
#5500=IFCSHAPEREPRESENTATION(#11,'Body','SweptSolid',(#5499));
#5501=IFCPRODUCTDEFINITIONSHAPE($,$,(#5500));
#5507=IFCBEAM('3ynXuec8D0YxAlqILbjFNH',$,'beam323',$,$,#18484,#5518,$,$);
#5508=IFCCARTESIANPOINTLIST2D(((0.,0.),(0.,0.25),(6.,0.25),(6.,0.),(0.,0.)));
#5509=IFCINDEXEDPOLYCURVE(#5508,$,.F.);
#5510=IFCDIRECTION((0.,0.,1.));
#5511=IFCARBITRARYCLOSEDPROFILEDEF(.AREA.,$,#5509);
#5512=IFCCARTESIANPOINT((0.,0.,0.));
#5513=IFCDIRECTION((0.,0.,1.));
#5514=IFCDIRECTION((1.,0.,0.));
#5515=IFCAXIS2PLACEMENT3D(#5512,#5513,#5514);
#5516=IFCEXTRUDEDAREASOLID(#5511,#5515,#5510,0.5);
#5517=IFCSHAPEREPRESENTATION(#11,'Body','SweptSolid',(#5516));
#5518=IFCPRODUCTDEFINITIONSHAPE($,$,(#5517));
#5524=IFCBEAM('09ot2UhyXFWhig9L83OsUq',$,'beam324',$,$,#15419,#5535,$,$);
#5525=IFCCARTESIANPOINTLIST2D(((0.,0.),(0.,0.25),(6.,0.25),(6.,0.),(0.,0.)));
#5526=IFCINDEXEDPOLYCURVE(#5525,$,.F.);
#5527=IFCDIRECTION((0.,0.,1.));
#5528=IFCARBITRARYCLOSEDPROFILEDEF(.AREA.,$,#5526);
#5529=IFCCARTESIANPOINT((0.,0.,0.));
#5530=IFCDIRECTION((0.,0.,1.));
#5531=IFCDIRECTION((1.,0.,0.));
#5532=IFCAXIS2PLACEMENT3D(#5529,#5530,#5531);
#5533=IFCEXTRUDEDAREASOLID(#5528,#5532,#5527,0.5);
#5534=IFCSHAPEREPRESENTATION(#11,'Body','SweptSolid',(#5533));
#5535=IFCPRODUCTDEFINITIONSHAPE($,$,(#5534));
#5541=IFCBEAM('3NJeFOXFn3rg4UjipZEt2C',$,'beam325',$,$,#16484,#5552,$,$);
#5542=IFCCARTESIANPOINTLIST2D(((0.,0.),(0.,0.25),(6.,0.25),(6.,0.),(0.,0.)));
#5543=IFCINDEXEDPOLYCURVE(#5542,$,.F.);
#5544=IFCDIRECTION((0.,0.,1.));
#5545=IFCARBITRARYCLOSEDPROFILEDEF(.AREA.,$,#5543);
#5546=IFCCARTESIANPOINT((0.,0.,0.));
#5547=IFCDIRECTION((0.,0.,1.));
#5548=IFCDIRECTION((1.,0.,0.));
#5549=IFCAXIS2PLACEMENT3D(#5546,#5547,#5548);
#5550=IFCEXTRUDEDAREASOLID(#5545,#5549,#5544,0.5);
#5551=IFCSHAPEREPRESENTATION(#11,'Body','SweptSolid',(#5550));
#5552=IFCPRODUCTDEFINITIONSHAPE($,$,(#5551));
#5558=IFCBEAM('1EwI2EhdXDahw0cOdOTd3J',$,'beam326',$,$,#17449,#5569,$,$);
#5559=IFCCARTESIANPOINTLIST2D(((0.,0.),(0.,0.25),(6.,0.25),(6.,0.),(0.,0.)));
#5560=IFCINDEXEDPOLYCURVE(#5559,$,.F.);
#5561=IFCDIRECTION((0.,0.,1.));
#5562=IFCARBITRARYCLOSEDPROFILEDEF(.AREA.,$,#5560);
#5563=IFCCARTESIANPOINT((0.,0.,0.));
#5564=IFCDIRECTION((0.,0.,1.));
#5565=IFCDIRECTION((1.,0.,0.));
#5566=IFCAXIS2PLACEMENT3D(#5563,#5564,#5565);
#5567=IFCEXTRUDEDAREASOLID(#5562,#5566,#5561,0.5);
#5568=IFCSHAPEREPRESENTATION(#11,'Body','SweptSolid',(#5567));
#5569=IFCPRODUCTDEFINITIONSHAPE($,$,(#5568));
#5575=IFCBEAM('0t0MwPYWL6YwvJpazCQlQ5',$,'beam327',$,$,#18544,#5586,$,$);
#5576=IFCCARTESIANPOINTLIST2D(((0.,0.),(0.,0.25),(6.,0.25),(6.,0.),(0.,0.)));
#5577=IFCINDEXEDPOLYCURVE(#5576,$,.F.);
#5578=IFCDIRECTION((0.,0.,1.));
#5579=IFCARBITRARYCLOSEDPROFILEDEF(.AREA.,$,#5577);
#5580=IFCCARTESIANPOINT((0.,0.,0.));
#5581=IFCDIRECTION((0.,0.,1.));
#5582=IFCDIRECTION((1.,0.,0.));
#5583=IFCAXIS2PLACEMENT3D(#5580,#5581,#5582);
#5584=IFCEXTRUDEDAREASOLID(#5579,#5583,#5578,0.5);
#5585=IFCSHAPEREPRESENTATION(#11,'Body','SweptSolid',(#5584));
#5586=IFCPRODUCTDEFINITIONSHAPE($,$,(#5585));
#5592=IFCBEAM('06zsxlEZPDOelo$WQirjwl',$,'beam328',$,$,#15494,#5603,$,$);
#5593=IFCCARTESIANPOINTLIST2D(((0.,0.),(0.,0.25),(6.,0.25),(6.,0.),(0.,0.)));
#5594=IFCINDEXEDPOLYCURVE(#5593,$,.F.);
#5595=IFCDIRECTION((0.,0.,1.));
#5596=IFCARBITRARYCLOSEDPROFILEDEF(.AREA.,$,#5594);
#5597=IFCCARTESIANPOINT((0.,0.,0.));
#5598=IFCDIRECTION((0.,0.,1.));
#5599=IFCDIRECTION((1.,0.,0.));
#5600=IFCAXIS2PLACEMENT3D(#5597,#5598,#5599);
#5601=IFCEXTRUDEDAREASOLID(#5596,#5600,#5595,0.5);
#5602=IFCSHAPEREPRESENTATION(#11,'Body','SweptSolid',(#5601));
#5603=IFCPRODUCTDEFINITIONSHAPE($,$,(#5602));
#5609=IFCBEAM('2QooO54YH0YQ$APqSwRKEe',$,'beam329',$,$,#15224,#5620,$,$);
#5610=IFCCARTESIANPOINTLIST2D(((0.,0.),(0.,0.25),(6.,0.25),(6.,0.),(0.,0.)));
#5611=IFCINDEXEDPOLYCURVE(#5610,$,.F.);
#5612=IFCDIRECTION((0.,0.,1.));
#5613=IFCARBITRARYCLOSEDPROFILEDEF(.AREA.,$,#5611);
#5614=IFCCARTESIANPOINT((0.,0.,0.));
#5615=IFCDIRECTION((0.,0.,1.));
#5616=IFCDIRECTION((1.,0.,0.));
#5617=IFCAXIS2PLACEMENT3D(#5614,#5615,#5616);
#5618=IFCEXTRUDEDAREASOLID(#5613,#5617,#5612,0.5);
#5619=IFCSHAPEREPRESENTATION(#11,'Body','SweptSolid',(#5618));
#5620=IFCPRODUCTDEFINITIONSHAPE($,$,(#5619));
#5626=IFCBEAM('3S8XpREUX0iRLP13E6$d4o',$,'beam330',$,$,#16059,#5637,$,$);
#5627=IFCCARTESIANPOINTLIST2D(((0.,0.),(0.,0.25),(6.,0.25),(6.,0.),(0.,0.)));
#5628=IFCINDEXEDPOLYCURVE(#5627,$,.F.);
#5629=IFCDIRECTION((0.,0.,1.));
#5630=IFCARBITRARYCLOSEDPROFILEDEF(.AREA.,$,#5628);
#5631=IFCCARTESIANPOINT((0.,0.,0.));
#5632=IFCDIRECTION((0.,0.,1.));
#5633=IFCDIRECTION((1.,0.,0.));
#5634=IFCAXIS2PLACEMENT3D(#5631,#5632,#5633);
#5635=IFCEXTRUDEDAREASOLID(#5630,#5634,#5629,0.5);
#5636=IFCSHAPEREPRESENTATION(#11,'Body','SweptSolid',(#5635));
#5637=IFCPRODUCTDEFINITIONSHAPE($,$,(#5636));
#5643=IFCBEAM('3Sxengs9P7ZRe7aZVBXrlB',$,'beam331',$,$,#17189,#5654,$,$);
#5644=IFCCARTESIANPOINTLIST2D(((0.,0.),(0.,0.25),(6.,0.25),(6.,0.),(0.,0.)));
#5645=IFCINDEXEDPOLYCURVE(#5644,$,.F.);
#5646=IFCDIRECTION((0.,0.,1.));
#5647=IFCARBITRARYCLOSEDPROFILEDEF(.AREA.,$,#5645);
#5648=IFCCARTESIANPOINT((0.,0.,0.));
#5649=IFCDIRECTION((0.,0.,1.));
#5650=IFCDIRECTION((1.,0.,0.));
#5651=IFCAXIS2PLACEMENT3D(#5648,#5649,#5650);
#5652=IFCEXTRUDEDAREASOLID(#5647,#5651,#5646,0.5);
#5653=IFCSHAPEREPRESENTATION(#11,'Body','SweptSolid',(#5652));
#5654=IFCPRODUCTDEFINITIONSHAPE($,$,(#5653));
#5660=IFCBEAM('2ZiYN39e12luanPq0wnctQ',$,'beam332',$,$,#18104,#5671,$,$);
#5661=IFCCARTESIANPOINTLIST2D(((0.,0.),(0.,0.25),(6.,0.25),(6.,0.),(0.,0.)));
#5662=IFCINDEXEDPOLYCURVE(#5661,$,.F.);
#5663=IFCDIRECTION((0.,0.,1.));
#5664=IFCARBITRARYCLOSEDPROFILEDEF(.AREA.,$,#5662);
#5665=IFCCARTESIANPOINT((0.,0.,0.));
#5666=IFCDIRECTION((0.,0.,1.));
#5667=IFCDIRECTION((1.,0.,0.));
#5668=IFCAXIS2PLACEMENT3D(#5665,#5666,#5667);
#5669=IFCEXTRUDEDAREASOLID(#5664,#5668,#5663,0.5);
#5670=IFCSHAPEREPRESENTATION(#11,'Body','SweptSolid',(#5669));
#5671=IFCPRODUCTDEFINITIONSHAPE($,$,(#5670));
#5677=IFCBEAM('35bs0iOWn71R9x6yHqLWMV',$,'beam333',$,$,#14994,#5688,$,$);
#5678=IFCCARTESIANPOINTLIST2D(((0.,0.),(0.,0.25),(6.,0.25),(6.,0.),(0.,0.)));
#5679=IFCINDEXEDPOLYCURVE(#5678,$,.F.);
#5680=IFCDIRECTION((0.,0.,1.));
#5681=IFCARBITRARYCLOSEDPROFILEDEF(.AREA.,$,#5679);
#5682=IFCCARTESIANPOINT((0.,0.,0.));
#5683=IFCDIRECTION((0.,0.,1.));
#5684=IFCDIRECTION((1.,0.,0.));
#5685=IFCAXIS2PLACEMENT3D(#5682,#5683,#5684);
#5686=IFCEXTRUDEDAREASOLID(#5681,#5685,#5680,0.5);
#5687=IFCSHAPEREPRESENTATION(#11,'Body','SweptSolid',(#5686));
#5688=IFCPRODUCTDEFINITIONSHAPE($,$,(#5687));
#5694=IFCBEAM('1fjSzcpe94FBwSp9Bm4D4I',$,'beam334',$,$,#16119,#5705,$,$);
#5695=IFCCARTESIANPOINTLIST2D(((0.,0.),(0.,0.25),(6.,0.25),(6.,0.),(0.,0.)));
#5696=IFCINDEXEDPOLYCURVE(#5695,$,.F.);
#5697=IFCDIRECTION((0.,0.,1.));
#5698=IFCARBITRARYCLOSEDPROFILEDEF(.AREA.,$,#5696);
#5699=IFCCARTESIANPOINT((0.,0.,0.));
#5700=IFCDIRECTION((0.,0.,1.));
#5701=IFCDIRECTION((1.,0.,0.));
#5702=IFCAXIS2PLACEMENT3D(#5699,#5700,#5701);
#5703=IFCEXTRUDEDAREASOLID(#5698,#5702,#5697,0.5);
#5704=IFCSHAPEREPRESENTATION(#11,'Body','SweptSolid',(#5703));
#5705=IFCPRODUCTDEFINITIONSHAPE($,$,(#5704));
#5711=IFCBEAM('2B8$Gsjmr7ERGWbRr7uPlu',$,'beam335',$,$,#17264,#5722,$,$);
#5712=IFCCARTESIANPOINTLIST2D(((0.,0.),(0.,0.25),(6.,0.25),(6.,0.),(0.,0.)));
#5713=IFCINDEXEDPOLYCURVE(#5712,$,.F.);
#5714=IFCDIRECTION((0.,0.,1.));
#5715=IFCARBITRARYCLOSEDPROFILEDEF(.AREA.,$,#5713);
#5716=IFCCARTESIANPOINT((0.,0.,0.));
#5717=IFCDIRECTION((0.,0.,1.));
#5718=IFCDIRECTION((1.,0.,0.));
#5719=IFCAXIS2PLACEMENT3D(#5716,#5717,#5718);
#5720=IFCEXTRUDEDAREASOLID(#5715,#5719,#5714,0.5);
#5721=IFCSHAPEREPRESENTATION(#11,'Body','SweptSolid',(#5720));
#5722=IFCPRODUCTDEFINITIONSHAPE($,$,(#5721));
#5728=IFCBEAM('1RAZixzLz7uvfkrbju5Rcs',$,'beam336',$,$,#18324,#5739,$,$);
#5729=IFCCARTESIANPOINTLIST2D(((0.,0.),(0.,0.25),(6.,0.25),(6.,0.),(0.,0.)));
#5730=IFCINDEXEDPOLYCURVE(#5729,$,.F.);
#5731=IFCDIRECTION((0.,0.,1.));
#5732=IFCARBITRARYCLOSEDPROFILEDEF(.AREA.,$,#5730);
#5733=IFCCARTESIANPOINT((0.,0.,0.));
#5734=IFCDIRECTION((0.,0.,1.));
#5735=IFCDIRECTION((1.,0.,0.));
#5736=IFCAXIS2PLACEMENT3D(#5733,#5734,#5735);
#5737=IFCEXTRUDEDAREASOLID(#5732,#5736,#5731,0.5);
#5738=IFCSHAPEREPRESENTATION(#11,'Body','SweptSolid',(#5737));
#5739=IFCPRODUCTDEFINITIONSHAPE($,$,(#5738));
#5745=IFCBEAM('1A2lH80GD3YOuqHzs8RNg1',$,'beam337',$,$,#15039,#5756,$,$);
#5746=IFCCARTESIANPOINTLIST2D(((0.,0.),(0.,0.25),(6.,0.25),(6.,0.),(0.,0.)));
#5747=IFCINDEXEDPOLYCURVE(#5746,$,.F.);
#5748=IFCDIRECTION((0.,0.,1.));
#5749=IFCARBITRARYCLOSEDPROFILEDEF(.AREA.,$,#5747);
#5750=IFCCARTESIANPOINT((0.,0.,0.));
#5751=IFCDIRECTION((0.,0.,1.));
#5752=IFCDIRECTION((1.,0.,0.));
#5753=IFCAXIS2PLACEMENT3D(#5750,#5751,#5752);
#5754=IFCEXTRUDEDAREASOLID(#5749,#5753,#5748,0.5);
#5755=IFCSHAPEREPRESENTATION(#11,'Body','SweptSolid',(#5754));
#5756=IFCPRODUCTDEFINITIONSHAPE($,$,(#5755));
#5762=IFCBEAM('3tK9FBdDf8MBB5NfwLnd4W',$,'beam338',$,$,#16174,#5773,$,$);
#5763=IFCCARTESIANPOINTLIST2D(((0.,0.),(0.,0.25),(6.,0.25),(6.,0.),(0.,0.)));
#5764=IFCINDEXEDPOLYCURVE(#5763,$,.F.);
#5765=IFCDIRECTION((0.,0.,1.));
#5766=IFCARBITRARYCLOSEDPROFILEDEF(.AREA.,$,#5764);
#5767=IFCCARTESIANPOINT((0.,0.,0.));
#5768=IFCDIRECTION((0.,0.,1.));
#5769=IFCDIRECTION((1.,0.,0.));
#5770=IFCAXIS2PLACEMENT3D(#5767,#5768,#5769);
#5771=IFCEXTRUDEDAREASOLID(#5766,#5770,#5765,0.5);
#5772=IFCSHAPEREPRESENTATION(#11,'Body','SweptSolid',(#5771));
#5773=IFCPRODUCTDEFINITIONSHAPE($,$,(#5772));
#5779=IFCBEAM('0Pie9v7E95UuGfoP4QBFNP',$,'beam339',$,$,#17329,#5790,$,$);
#5780=IFCCARTESIANPOINTLIST2D(((0.,0.),(0.,0.25),(6.,0.25),(6.,0.),(0.,0.)));
#5781=IFCINDEXEDPOLYCURVE(#5780,$,.F.);
#5782=IFCDIRECTION((0.,0.,1.));
#5783=IFCARBITRARYCLOSEDPROFILEDEF(.AREA.,$,#5781);
#5784=IFCCARTESIANPOINT((0.,0.,0.));
#5785=IFCDIRECTION((0.,0.,1.));
#5786=IFCDIRECTION((1.,0.,0.));
#5787=IFCAXIS2PLACEMENT3D(#5784,#5785,#5786);
#5788=IFCEXTRUDEDAREASOLID(#5783,#5787,#5782,0.5);
#5789=IFCSHAPEREPRESENTATION(#11,'Body','SweptSolid',(#5788));
#5790=IFCPRODUCTDEFINITIONSHAPE($,$,(#5789));
#5796=IFCBEAM('2OZhL6LPPALxon_H_wvvZ_',$,'beam340',$,$,#18394,#5807,$,$);
#5797=IFCCARTESIANPOINTLIST2D(((0.,0.),(0.,0.25),(6.,0.25),(6.,0.),(0.,0.)));
#5798=IFCINDEXEDPOLYCURVE(#5797,$,.F.);
#5799=IFCDIRECTION((0.,0.,1.));
#5800=IFCARBITRARYCLOSEDPROFILEDEF(.AREA.,$,#5798);
#5801=IFCCARTESIANPOINT((0.,0.,0.));
#5802=IFCDIRECTION((0.,0.,1.));
#5803=IFCDIRECTION((1.,0.,0.));
#5804=IFCAXIS2PLACEMENT3D(#5801,#5802,#5803);
#5805=IFCEXTRUDEDAREASOLID(#5800,#5804,#5799,0.5);
#5806=IFCSHAPEREPRESENTATION(#11,'Body','SweptSolid',(#5805));
#5807=IFCPRODUCTDEFINITIONSHAPE($,$,(#5806));
#5813=IFCBEAM('2x8uFd6459vuLkDZaolKlE',$,'beam341',$,$,#15324,#5824,$,$);
#5814=IFCCARTESIANPOINTLIST2D(((0.,0.),(0.,0.25),(6.,0.25),(6.,0.),(0.,0.)));
#5815=IFCINDEXEDPOLYCURVE(#5814,$,.F.);
#5816=IFCDIRECTION((0.,0.,1.));
#5817=IFCARBITRARYCLOSEDPROFILEDEF(.AREA.,$,#5815);
#5818=IFCCARTESIANPOINT((0.,0.,0.));
#5819=IFCDIRECTION((0.,0.,1.));
#5820=IFCDIRECTION((1.,0.,0.));
#5821=IFCAXIS2PLACEMENT3D(#5818,#5819,#5820);
#5822=IFCEXTRUDEDAREASOLID(#5817,#5821,#5816,0.5);
#5823=IFCSHAPEREPRESENTATION(#11,'Body','SweptSolid',(#5822));
#5824=IFCPRODUCTDEFINITIONSHAPE($,$,(#5823));
#5830=IFCBEAM('3RdEdpEs54YeJqMCQU_PZR',$,'beam342',$,$,#16414,#5841,$,$);
#5831=IFCCARTESIANPOINTLIST2D(((0.,0.),(0.,0.25),(6.,0.25),(6.,0.),(0.,0.)));
#5832=IFCINDEXEDPOLYCURVE(#5831,$,.F.);
#5833=IFCDIRECTION((0.,0.,1.));
#5834=IFCARBITRARYCLOSEDPROFILEDEF(.AREA.,$,#5832);
#5835=IFCCARTESIANPOINT((0.,0.,0.));
#5836=IFCDIRECTION((0.,0.,1.));
#5837=IFCDIRECTION((1.,0.,0.));
#5838=IFCAXIS2PLACEMENT3D(#5835,#5836,#5837);
#5839=IFCEXTRUDEDAREASOLID(#5834,#5838,#5833,0.5);
#5840=IFCSHAPEREPRESENTATION(#11,'Body','SweptSolid',(#5839));
#5841=IFCPRODUCTDEFINITIONSHAPE($,$,(#5840));
#5847=IFCBEAM('0OE7aCnOnAhRg7i9EJiu2a',$,'beam343',$,$,#17379,#5858,$,$);
#5848=IFCCARTESIANPOINTLIST2D(((0.,0.),(0.,0.25),(6.,0.25),(6.,0.),(0.,0.)));
#5849=IFCINDEXEDPOLYCURVE(#5848,$,.F.);
#5850=IFCDIRECTION((0.,0.,1.));
#5851=IFCARBITRARYCLOSEDPROFILEDEF(.AREA.,$,#5849);
#5852=IFCCARTESIANPOINT((0.,0.,0.));
#5853=IFCDIRECTION((0.,0.,1.));
#5854=IFCDIRECTION((1.,0.,0.));
#5855=IFCAXIS2PLACEMENT3D(#5852,#5853,#5854);
#5856=IFCEXTRUDEDAREASOLID(#5851,#5855,#5850,0.5);
#5857=IFCSHAPEREPRESENTATION(#11,'Body','SweptSolid',(#5856));
#5858=IFCPRODUCTDEFINITIONSHAPE($,$,(#5857));
#5864=IFCBEAM('0_QYWTEZL0Guw2LYNIfReG',$,'beam344',$,$,#16854,#5875,$,$);
#5865=IFCCARTESIANPOINTLIST2D(((0.,0.),(0.,0.25),(6.,0.25),(6.,0.),(0.,0.)));
#5866=IFCINDEXEDPOLYCURVE(#5865,$,.F.);
#5867=IFCDIRECTION((0.,0.,1.));
#5868=IFCARBITRARYCLOSEDPROFILEDEF(.AREA.,$,#5866);
#5869=IFCCARTESIANPOINT((0.,0.,0.));
#5870=IFCDIRECTION((0.,0.,1.));
#5871=IFCDIRECTION((1.,0.,0.));
#5872=IFCAXIS2PLACEMENT3D(#5869,#5870,#5871);
#5873=IFCEXTRUDEDAREASOLID(#5868,#5872,#5867,0.5);
#5874=IFCSHAPEREPRESENTATION(#11,'Body','SweptSolid',(#5873));
#5875=IFCPRODUCTDEFINITIONSHAPE($,$,(#5874));
#5881=IFCBEAM('0ORxF1FB5Du92oEDgDXD6g',$,'beam345',$,$,#18004,#5892,$,$);
#5882=IFCCARTESIANPOINTLIST2D(((0.,0.),(0.,0.25),(6.,0.25),(6.,0.),(0.,0.)));
#5883=IFCINDEXEDPOLYCURVE(#5882,$,.F.);
#5884=IFCDIRECTION((0.,0.,1.));
#5885=IFCARBITRARYCLOSEDPROFILEDEF(.AREA.,$,#5883);
#5886=IFCCARTESIANPOINT((0.,0.,0.));
#5887=IFCDIRECTION((0.,0.,1.));
#5888=IFCDIRECTION((1.,0.,0.));
#5889=IFCAXIS2PLACEMENT3D(#5886,#5887,#5888);
#5890=IFCEXTRUDEDAREASOLID(#5885,#5889,#5884,0.5);
#5891=IFCSHAPEREPRESENTATION(#11,'Body','SweptSolid',(#5890));
#5892=IFCPRODUCTDEFINITIONSHAPE($,$,(#5891));
#5898=IFCBEAM('1RlPbrajb27QMPxOiHtc1B',$,'beam346',$,$,#14859,#5909,$,$);
#5899=IFCCARTESIANPOINTLIST2D(((0.,0.),(0.,0.25),(6.,0.25),(6.,0.),(0.,0.)));
#5900=IFCINDEXEDPOLYCURVE(#5899,$,.F.);
#5901=IFCDIRECTION((0.,0.,1.));
#5902=IFCARBITRARYCLOSEDPROFILEDEF(.AREA.,$,#5900);
#5903=IFCCARTESIANPOINT((0.,0.,0.));
#5904=IFCDIRECTION((0.,0.,1.));
#5905=IFCDIRECTION((1.,0.,0.));
#5906=IFCAXIS2PLACEMENT3D(#5903,#5904,#5905);
#5907=IFCEXTRUDEDAREASOLID(#5902,#5906,#5901,0.5);
#5908=IFCSHAPEREPRESENTATION(#11,'Body','SweptSolid',(#5907));
#5909=IFCPRODUCTDEFINITIONSHAPE($,$,(#5908));
#5915=IFCBEAM('0JemyxHLL4xg3mmAF_Uq3U',$,'beam347',$,$,#15974,#5926,$,$);
#5916=IFCCARTESIANPOINTLIST2D(((0.,0.),(0.,0.25),(6.,0.25),(6.,0.),(0.,0.)));
#5917=IFCINDEXEDPOLYCURVE(#5916,$,.F.);
#5918=IFCDIRECTION((0.,0.,1.));
#5919=IFCARBITRARYCLOSEDPROFILEDEF(.AREA.,$,#5917);
#5920=IFCCARTESIANPOINT((0.,0.,0.));
#5921=IFCDIRECTION((0.,0.,1.));
#5922=IFCDIRECTION((1.,0.,0.));
#5923=IFCAXIS2PLACEMENT3D(#5920,#5921,#5922);
#5924=IFCEXTRUDEDAREASOLID(#5919,#5923,#5918,0.5);
#5925=IFCSHAPEREPRESENTATION(#11,'Body','SweptSolid',(#5924));
#5926=IFCPRODUCTDEFINITIONSHAPE($,$,(#5925));
#5932=IFCBEAM('3ofdqMI7L2kx9CtK5G0Mgv',$,'beam348',$,$,#17094,#5943,$,$);
#5933=IFCCARTESIANPOINTLIST2D(((0.,0.),(0.,0.25),(6.,0.25),(6.,0.),(0.,0.)));
#5934=IFCINDEXEDPOLYCURVE(#5933,$,.F.);
#5935=IFCDIRECTION((0.,0.,1.));
#5936=IFCARBITRARYCLOSEDPROFILEDEF(.AREA.,$,#5934);
#5937=IFCCARTESIANPOINT((0.,0.,0.));
#5938=IFCDIRECTION((0.,0.,1.));
#5939=IFCDIRECTION((1.,0.,0.));
#5940=IFCAXIS2PLACEMENT3D(#5937,#5938,#5939);
#5941=IFCEXTRUDEDAREASOLID(#5936,#5940,#5935,0.5);
#5942=IFCSHAPEREPRESENTATION(#11,'Body','SweptSolid',(#5941));
#5943=IFCPRODUCTDEFINITIONSHAPE($,$,(#5942));
#5949=IFCBEAM('0FaTeYaDj9Ne7oyvyq5YZu',$,'beam349',$,$,#18054,#5960,$,$);
#5950=IFCCARTESIANPOINTLIST2D(((0.,0.),(0.,0.25),(6.,0.25),(6.,0.),(0.,0.)));
#5951=IFCINDEXEDPOLYCURVE(#5950,$,.F.);
#5952=IFCDIRECTION((0.,0.,1.));
#5953=IFCARBITRARYCLOSEDPROFILEDEF(.AREA.,$,#5951);
#5954=IFCCARTESIANPOINT((0.,0.,0.));
#5955=IFCDIRECTION((0.,0.,1.));
#5956=IFCDIRECTION((1.,0.,0.));
#5957=IFCAXIS2PLACEMENT3D(#5954,#5955,#5956);
#5958=IFCEXTRUDEDAREASOLID(#5953,#5957,#5952,0.5);
#5959=IFCSHAPEREPRESENTATION(#11,'Body','SweptSolid',(#5958));
#5960=IFCPRODUCTDEFINITIONSHAPE($,$,(#5959));
#5966=IFCBEAM('2NYNGVbsfAFxYKLOBlgBs5',$,'beam350',$,$,#14924,#5977,$,$);
#5967=IFCCARTESIANPOINTLIST2D(((0.,0.),(0.,0.25),(6.,0.25),(6.,0.),(0.,0.)));
#5968=IFCINDEXEDPOLYCURVE(#5967,$,.F.);
#5969=IFCDIRECTION((0.,0.,1.));
#5970=IFCARBITRARYCLOSEDPROFILEDEF(.AREA.,$,#5968);
#5971=IFCCARTESIANPOINT((0.,0.,0.));
#5972=IFCDIRECTION((0.,0.,1.));
#5973=IFCDIRECTION((1.,0.,0.));
#5974=IFCAXIS2PLACEMENT3D(#5971,#5972,#5973);
#5975=IFCEXTRUDEDAREASOLID(#5970,#5974,#5969,0.5);
#5976=IFCSHAPEREPRESENTATION(#11,'Body','SweptSolid',(#5975));
#5977=IFCPRODUCTDEFINITIONSHAPE($,$,(#5976));
#5983=IFCBEAM('2n7toku9TFtRhukJT7Dxw$',$,'beam351',$,$,#16029,#5994,$,$);
#5984=IFCCARTESIANPOINTLIST2D(((0.,0.),(0.,0.25),(6.,0.25),(6.,0.),(0.,0.)));
#5985=IFCINDEXEDPOLYCURVE(#5984,$,.F.);
#5986=IFCDIRECTION((0.,0.,1.));
#5987=IFCARBITRARYCLOSEDPROFILEDEF(.AREA.,$,#5985);
#5988=IFCCARTESIANPOINT((0.,0.,0.));
#5989=IFCDIRECTION((0.,0.,1.));
#5990=IFCDIRECTION((1.,0.,0.));
#5991=IFCAXIS2PLACEMENT3D(#5988,#5989,#5990);
#5992=IFCEXTRUDEDAREASOLID(#5987,#5991,#5986,0.5);
#5993=IFCSHAPEREPRESENTATION(#11,'Body','SweptSolid',(#5992));
#5994=IFCPRODUCTDEFINITIONSHAPE($,$,(#5993));
#6000=IFCBEAM('0d5HI9Vyj29g5uzG7FgFOb',$,'beam352',$,$,#17164,#6011,$,$);
#6001=IFCCARTESIANPOINTLIST2D(((0.,0.),(0.,0.25),(6.,0.25),(6.,0.),(0.,0.)));
#6002=IFCINDEXEDPOLYCURVE(#6001,$,.F.);
#6003=IFCDIRECTION((0.,0.,1.));
#6004=IFCARBITRARYCLOSEDPROFILEDEF(.AREA.,$,#6002);
#6005=IFCCARTESIANPOINT((0.,0.,0.));
#6006=IFCDIRECTION((0.,0.,1.));
#6007=IFCDIRECTION((1.,0.,0.));
#6008=IFCAXIS2PLACEMENT3D(#6005,#6006,#6007);
#6009=IFCEXTRUDEDAREASOLID(#6004,#6008,#6003,0.40000000000000002);
#6010=IFCSHAPEREPRESENTATION(#11,'Body','SweptSolid',(#6009));
#6011=IFCPRODUCTDEFINITIONSHAPE($,$,(#6010));
#6017=IFCBEAM('3ZQqMhL95Cx8ehSWehwaTq',$,'beam353',$,$,#18239,#6028,$,$);
#6018=IFCCARTESIANPOINTLIST2D(((0.,0.),(0.,0.25),(6.,0.25),(6.,0.),(0.,0.)));
#6019=IFCINDEXEDPOLYCURVE(#6018,$,.F.);
#6020=IFCDIRECTION((0.,0.,1.));
#6021=IFCARBITRARYCLOSEDPROFILEDEF(.AREA.,$,#6019);
#6022=IFCCARTESIANPOINT((0.,0.,0.));
#6023=IFCDIRECTION((0.,0.,1.));
#6024=IFCDIRECTION((1.,0.,0.));
#6025=IFCAXIS2PLACEMENT3D(#6022,#6023,#6024);
#6026=IFCEXTRUDEDAREASOLID(#6021,#6025,#6020,0.40000000000000002);
#6027=IFCSHAPEREPRESENTATION(#11,'Body','SweptSolid',(#6026));
#6028=IFCPRODUCTDEFINITIONSHAPE($,$,(#6027));
#6034=IFCBEAM('0JePZ927TCqfUjevgldjzy',$,'beam354',$,$,#14974,#6045,$,$);
#6035=IFCCARTESIANPOINTLIST2D(((0.,0.),(0.,0.25),(6.,0.25),(6.,0.),(0.,0.)));
#6036=IFCINDEXEDPOLYCURVE(#6035,$,.F.);
#6037=IFCDIRECTION((0.,0.,1.));
#6038=IFCARBITRARYCLOSEDPROFILEDEF(.AREA.,$,#6036);
#6039=IFCCARTESIANPOINT((0.,0.,0.));
#6040=IFCDIRECTION((0.,0.,1.));
#6041=IFCDIRECTION((1.,0.,0.));
#6042=IFCAXIS2PLACEMENT3D(#6039,#6040,#6041);
#6043=IFCEXTRUDEDAREASOLID(#6038,#6042,#6037,0.40000000000000002);
#6044=IFCSHAPEREPRESENTATION(#11,'Body','SweptSolid',(#6043));
#6045=IFCPRODUCTDEFINITIONSHAPE($,$,(#6044));
#6051=IFCBEAM('2W2zEMN8zDs8sGZy16yTLF',$,'beam355',$,$,#16099,#6062,$,$);
#6052=IFCCARTESIANPOINTLIST2D(((0.,0.),(0.,0.25),(6.,0.25),(6.,0.),(0.,0.)));
#6053=IFCINDEXEDPOLYCURVE(#6052,$,.F.);
#6054=IFCDIRECTION((0.,0.,1.));
#6055=IFCARBITRARYCLOSEDPROFILEDEF(.AREA.,$,#6053);
#6056=IFCCARTESIANPOINT((0.,0.,0.));
#6057=IFCDIRECTION((0.,0.,1.));
#6058=IFCDIRECTION((1.,0.,0.));
#6059=IFCAXIS2PLACEMENT3D(#6056,#6057,#6058);
#6060=IFCEXTRUDEDAREASOLID(#6055,#6059,#6054,0.40000000000000002);
#6061=IFCSHAPEREPRESENTATION(#11,'Body','SweptSolid',(#6060));
#6062=IFCPRODUCTDEFINITIONSHAPE($,$,(#6061));
#6068=IFCBEAM('2Yj1umFUvBGxOfwaQ1yOHG',$,'beam356',$,$,#17234,#6079,$,$);
#6069=IFCCARTESIANPOINTLIST2D(((0.,0.),(0.,0.25),(6.,0.25),(6.,0.),(0.,0.)));
#6070=IFCINDEXEDPOLYCURVE(#6069,$,.F.);
#6071=IFCDIRECTION((0.,0.,1.));
#6072=IFCARBITRARYCLOSEDPROFILEDEF(.AREA.,$,#6070);
#6073=IFCCARTESIANPOINT((0.,0.,0.));
#6074=IFCDIRECTION((0.,0.,1.));
#6075=IFCDIRECTION((1.,0.,0.));
#6076=IFCAXIS2PLACEMENT3D(#6073,#6074,#6075);
#6077=IFCEXTRUDEDAREASOLID(#6072,#6076,#6071,0.40000000000000002);
#6078=IFCSHAPEREPRESENTATION(#11,'Body','SweptSolid',(#6077));
#6079=IFCPRODUCTDEFINITIONSHAPE($,$,(#6078));
#6085=IFCBEAM('0YCpVwQTD5JOc13hBt5$I7',$,'beam357',$,$,#18299,#6096,$,$);
#6086=IFCCARTESIANPOINTLIST2D(((0.,0.),(0.,0.25),(6.,0.25),(6.,0.),(0.,0.)));
#6087=IFCINDEXEDPOLYCURVE(#6086,$,.F.);
#6088=IFCDIRECTION((0.,0.,1.));
#6089=IFCARBITRARYCLOSEDPROFILEDEF(.AREA.,$,#6087);
#6090=IFCCARTESIANPOINT((0.,0.,0.));
#6091=IFCDIRECTION((0.,0.,1.));
#6092=IFCDIRECTION((1.,0.,0.));
#6093=IFCAXIS2PLACEMENT3D(#6090,#6091,#6092);
#6094=IFCEXTRUDEDAREASOLID(#6089,#6093,#6088,0.40000000000000002);
#6095=IFCSHAPEREPRESENTATION(#11,'Body','SweptSolid',(#6094));
#6096=IFCPRODUCTDEFINITIONSHAPE($,$,(#6095));
#6102=IFCBEAM('070fI8B4zBveqTPyHzcEhN',$,'beam358',$,$,#17844,#6113,$,$);
#6103=IFCCARTESIANPOINTLIST2D(((0.,0.),(0.,0.25),(6.,0.25),(6.,0.),(0.,0.)));
#6104=IFCINDEXEDPOLYCURVE(#6103,$,.F.);
#6105=IFCDIRECTION((0.,0.,1.));
#6106=IFCARBITRARYCLOSEDPROFILEDEF(.AREA.,$,#6104);
#6107=IFCCARTESIANPOINT((0.,0.,0.));
#6108=IFCDIRECTION((0.,0.,1.));
#6109=IFCDIRECTION((1.,0.,0.));
#6110=IFCAXIS2PLACEMENT3D(#6107,#6108,#6109);
#6111=IFCEXTRUDEDAREASOLID(#6106,#6110,#6105,0.40000000000000002);
#6112=IFCSHAPEREPRESENTATION(#11,'Body','SweptSolid',(#6111));
#6113=IFCPRODUCTDEFINITIONSHAPE($,$,(#6112));
#6119=IFCBEAM('1OGoywBuz11QbT3$_b$MVz',$,'beam359',$,$,#14714,#6130,$,$);
#6120=IFCCARTESIANPOINTLIST2D(((0.,0.),(0.,0.25),(6.,0.25),(6.,0.),(0.,0.)));
#6121=IFCINDEXEDPOLYCURVE(#6120,$,.F.);
#6122=IFCDIRECTION((0.,0.,1.));
#6123=IFCARBITRARYCLOSEDPROFILEDEF(.AREA.,$,#6121);
#6124=IFCCARTESIANPOINT((0.,0.,0.));
#6125=IFCDIRECTION((0.,0.,1.));
#6126=IFCDIRECTION((1.,0.,0.));
#6127=IFCAXIS2PLACEMENT3D(#6124,#6125,#6126);
#6128=IFCEXTRUDEDAREASOLID(#6123,#6127,#6122,0.40000000000000002);
#6129=IFCSHAPEREPRESENTATION(#11,'Body','SweptSolid',(#6128));
#6130=IFCPRODUCTDEFINITIONSHAPE($,$,(#6129));
#6136=IFCBEAM('1ygKuCDyH12uIIGbOE3g9I',$,'beam360',$,$,#16954,#6147,$,$);
#6137=IFCCARTESIANPOINTLIST2D(((0.,0.),(0.,0.25),(6.,0.25),(6.,0.),(0.,0.)));
#6138=IFCINDEXEDPOLYCURVE(#6137,$,.F.);
#6139=IFCDIRECTION((0.,0.,1.));
#6140=IFCARBITRARYCLOSEDPROFILEDEF(.AREA.,$,#6138);
#6141=IFCCARTESIANPOINT((0.,0.,0.));
#6142=IFCDIRECTION((0.,0.,1.));
#6143=IFCDIRECTION((1.,0.,0.));
#6144=IFCAXIS2PLACEMENT3D(#6141,#6142,#6143);
#6145=IFCEXTRUDEDAREASOLID(#6140,#6144,#6139,0.40000000000000002);
#6146=IFCSHAPEREPRESENTATION(#11,'Body','SweptSolid',(#6145));
#6147=IFCPRODUCTDEFINITIONSHAPE($,$,(#6146));
#6153=IFCBEAM('2MqJJSoRzEbgobHus2Mg6R',$,'beam361',$,$,#16764,#6164,$,$);
#6154=IFCCARTESIANPOINTLIST2D(((0.,0.),(0.,0.25),(6.,0.25),(6.,0.),(0.,0.)));
#6155=IFCINDEXEDPOLYCURVE(#6154,$,.F.);
#6156=IFCDIRECTION((0.,0.,1.));
#6157=IFCARBITRARYCLOSEDPROFILEDEF(.AREA.,$,#6155);
#6158=IFCCARTESIANPOINT((0.,0.,0.));
#6159=IFCDIRECTION((0.,0.,1.));
#6160=IFCDIRECTION((1.,0.,0.));
#6161=IFCAXIS2PLACEMENT3D(#6158,#6159,#6160);
#6162=IFCEXTRUDEDAREASOLID(#6157,#6161,#6156,0.40000000000000002);
#6163=IFCSHAPEREPRESENTATION(#11,'Body','SweptSolid',(#6162));
#6164=IFCPRODUCTDEFINITIONSHAPE($,$,(#6163));
#6170=IFCBEAM('3fpcrGT1TEVuSQZ11qfNr7',$,'beam362',$,$,#17914,#6181,$,$);
#6171=IFCCARTESIANPOINTLIST2D(((0.,0.),(0.,0.25),(6.,0.25),(6.,0.),(0.,0.)));
#6172=IFCINDEXEDPOLYCURVE(#6171,$,.F.);
#6173=IFCDIRECTION((0.,0.,1.));
#6174=IFCARBITRARYCLOSEDPROFILEDEF(.AREA.,$,#6172);
#6175=IFCCARTESIANPOINT((0.,0.,0.));
#6176=IFCDIRECTION((0.,0.,1.));
#6177=IFCDIRECTION((1.,0.,0.));
#6178=IFCAXIS2PLACEMENT3D(#6175,#6176,#6177);
#6179=IFCEXTRUDEDAREASOLID(#6174,#6178,#6173,0.40000000000000002);
#6180=IFCSHAPEREPRESENTATION(#11,'Body','SweptSolid',(#6179));
#6181=IFCPRODUCTDEFINITIONSHAPE($,$,(#6180));
#6187=IFCBEAM('0ELeG1xBb67w6XM4AUXbBR',$,'beam363',$,$,#14774,#6198,$,$);
#6188=IFCCARTESIANPOINTLIST2D(((0.,0.),(0.,0.25),(6.,0.25),(6.,0.),(0.,0.)));
#6189=IFCINDEXEDPOLYCURVE(#6188,$,.F.);
#6190=IFCDIRECTION((0.,0.,1.));
#6191=IFCARBITRARYCLOSEDPROFILEDEF(.AREA.,$,#6189);
#6192=IFCCARTESIANPOINT((0.,0.,0.));
#6193=IFCDIRECTION((0.,0.,1.));
#6194=IFCDIRECTION((1.,0.,0.));
#6195=IFCAXIS2PLACEMENT3D(#6192,#6193,#6194);
#6196=IFCEXTRUDEDAREASOLID(#6191,#6195,#6190,0.40000000000000002);
#6197=IFCSHAPEREPRESENTATION(#11,'Body','SweptSolid',(#6196));
#6198=IFCPRODUCTDEFINITIONSHAPE($,$,(#6197));
#6204=IFCBEAM('2e0$YHL3n6Lgi1BArRx7kb',$,'beam364',$,$,#15889,#6215,$,$);
#6205=IFCCARTESIANPOINTLIST2D(((0.,0.),(0.,0.25),(6.,0.25),(6.,0.),(0.,0.)));
#6206=IFCINDEXEDPOLYCURVE(#6205,$,.F.);
#6207=IFCDIRECTION((0.,0.,1.));
#6208=IFCARBITRARYCLOSEDPROFILEDEF(.AREA.,$,#6206);
#6209=IFCCARTESIANPOINT((0.,0.,0.));
#6210=IFCDIRECTION((0.,0.,1.));
#6211=IFCDIRECTION((1.,0.,0.));
#6212=IFCAXIS2PLACEMENT3D(#6209,#6210,#6211);
#6213=IFCEXTRUDEDAREASOLID(#6208,#6212,#6207,0.40000000000000002);
#6214=IFCSHAPEREPRESENTATION(#11,'Body','SweptSolid',(#6213));
#6215=IFCPRODUCTDEFINITIONSHAPE($,$,(#6214));
#6221=IFCBEAM('1veQqdjFr3Y8BsSGRWf67$',$,'beam365',$,$,#17014,#6232,$,$);
#6222=IFCCARTESIANPOINTLIST2D(((0.,0.),(0.,0.25),(6.,0.25),(6.,0.),(0.,0.)));
#6223=IFCINDEXEDPOLYCURVE(#6222,$,.F.);
#6224=IFCDIRECTION((0.,0.,1.));
#6225=IFCARBITRARYCLOSEDPROFILEDEF(.AREA.,$,#6223);
#6226=IFCCARTESIANPOINT((0.,0.,0.));
#6227=IFCDIRECTION((0.,0.,1.));
#6228=IFCDIRECTION((1.,0.,0.));
#6229=IFCAXIS2PLACEMENT3D(#6226,#6227,#6228);
#6230=IFCEXTRUDEDAREASOLID(#6225,#6229,#6224,0.5);
#6231=IFCSHAPEREPRESENTATION(#11,'Body','SweptSolid',(#6230));
#6232=IFCPRODUCTDEFINITIONSHAPE($,$,(#6231));
#6238=IFCBEAM('2yHI_2Zlf4Ge4CWmHL9ifa',$,'beam366',$,$,#17979,#6249,$,$);
#6239=IFCCARTESIANPOINTLIST2D(((0.,0.),(0.,0.25),(6.,0.25),(6.,0.),(0.,0.)));
#6240=IFCINDEXEDPOLYCURVE(#6239,$,.F.);
#6241=IFCDIRECTION((0.,0.,1.));
#6242=IFCARBITRARYCLOSEDPROFILEDEF(.AREA.,$,#6240);
#6243=IFCCARTESIANPOINT((0.,0.,0.));
#6244=IFCDIRECTION((0.,0.,1.));
#6245=IFCDIRECTION((1.,0.,0.));
#6246=IFCAXIS2PLACEMENT3D(#6243,#6244,#6245);
#6247=IFCEXTRUDEDAREASOLID(#6242,#6246,#6241,0.40000000000000002);
#6248=IFCSHAPEREPRESENTATION(#11,'Body','SweptSolid',(#6247));
#6249=IFCPRODUCTDEFINITIONSHAPE($,$,(#6248));
#6255=IFCBEAM('2YIF9DcCH5J97j1EjxT2Yb',$,'beam367',$,$,#14834,#6266,$,$);
#6256=IFCCARTESIANPOINTLIST2D(((0.,0.),(0.,0.25),(6.,0.25),(6.,0.),(0.,0.)));
#6257=IFCINDEXEDPOLYCURVE(#6256,$,.F.);
#6258=IFCDIRECTION((0.,0.,1.));
#6259=IFCARBITRARYCLOSEDPROFILEDEF(.AREA.,$,#6257);
#6260=IFCCARTESIANPOINT((0.,0.,0.));
#6261=IFCDIRECTION((0.,0.,1.));
#6262=IFCDIRECTION((1.,0.,0.));
#6263=IFCAXIS2PLACEMENT3D(#6260,#6261,#6262);
#6264=IFCEXTRUDEDAREASOLID(#6259,#6263,#6258,0.40000000000000002);
#6265=IFCSHAPEREPRESENTATION(#11,'Body','SweptSolid',(#6264));
#6266=IFCPRODUCTDEFINITIONSHAPE($,$,(#6265));
#6272=IFCBEAM('3G8OdZGUjEAOZmDKR4H1S_',$,'beam368',$,$,#15944,#6283,$,$);
#6273=IFCCARTESIANPOINTLIST2D(((0.,0.),(0.,0.25),(6.,0.25),(6.,0.),(0.,0.)));
#6274=IFCINDEXEDPOLYCURVE(#6273,$,.F.);
#6275=IFCDIRECTION((0.,0.,1.));
#6276=IFCARBITRARYCLOSEDPROFILEDEF(.AREA.,$,#6274);
#6277=IFCCARTESIANPOINT((0.,0.,0.));
#6278=IFCDIRECTION((0.,0.,1.));
#6279=IFCDIRECTION((1.,0.,0.));
#6280=IFCAXIS2PLACEMENT3D(#6277,#6278,#6279);
#6281=IFCEXTRUDEDAREASOLID(#6276,#6280,#6275,0.40000000000000002);
#6282=IFCSHAPEREPRESENTATION(#11,'Body','SweptSolid',(#6281));
#6283=IFCPRODUCTDEFINITIONSHAPE($,$,(#6282));
#6289=IFCBEAM('3ukkOecM1ENvmgz7$xBdx9',$,'beam369',$,$,#17074,#6300,$,$);
#6290=IFCCARTESIANPOINTLIST2D(((0.,0.),(0.,0.25),(6.,0.25),(6.,0.),(0.,0.)));
#6291=IFCINDEXEDPOLYCURVE(#6290,$,.F.);
#6292=IFCDIRECTION((0.,0.,1.));
#6293=IFCARBITRARYCLOSEDPROFILEDEF(.AREA.,$,#6291);
#6294=IFCCARTESIANPOINT((0.,0.,0.));
#6295=IFCDIRECTION((0.,0.,1.));
#6296=IFCDIRECTION((1.,0.,0.));
#6297=IFCAXIS2PLACEMENT3D(#6294,#6295,#6296);
#6298=IFCEXTRUDEDAREASOLID(#6293,#6297,#6292,0.40000000000000002);
#6299=IFCSHAPEREPRESENTATION(#11,'Body','SweptSolid',(#6298));
#6300=IFCPRODUCTDEFINITIONSHAPE($,$,(#6299));
#6306=IFCBEAM('0EOwqdU151vgHBS4vaeviE',$,'beam370',$,$,#18169,#6317,$,$);
#6307=IFCCARTESIANPOINTLIST2D(((0.,0.),(0.,0.25),(6.,0.25),(6.,0.),(0.,0.)));
#6308=IFCINDEXEDPOLYCURVE(#6307,$,.F.);
#6309=IFCDIRECTION((0.,0.,1.));
#6310=IFCARBITRARYCLOSEDPROFILEDEF(.AREA.,$,#6308);
#6311=IFCCARTESIANPOINT((0.,0.,0.));
#6312=IFCDIRECTION((0.,0.,1.));
#6313=IFCDIRECTION((1.,0.,0.));
#6314=IFCAXIS2PLACEMENT3D(#6311,#6312,#6313);
#6315=IFCEXTRUDEDAREASOLID(#6310,#6314,#6309,0.40000000000000002);
#6316=IFCSHAPEREPRESENTATION(#11,'Body','SweptSolid',(#6315));
#6317=IFCPRODUCTDEFINITIONSHAPE($,$,(#6316));
#6323=IFCBEAM('2jyhAziDT0wAXx72Josi1J',$,'beam371',$,$,#14894,#6334,$,$);
#6324=IFCCARTESIANPOINTLIST2D(((0.,0.),(0.,0.25),(6.,0.25),(6.,0.),(0.,0.)));
#6325=IFCINDEXEDPOLYCURVE(#6324,$,.F.);
#6326=IFCDIRECTION((0.,0.,1.));
#6327=IFCARBITRARYCLOSEDPROFILEDEF(.AREA.,$,#6325);
#6328=IFCCARTESIANPOINT((0.,0.,0.));
#6329=IFCDIRECTION((0.,0.,1.));
#6330=IFCDIRECTION((1.,0.,0.));
#6331=IFCAXIS2PLACEMENT3D(#6328,#6329,#6330);
#6332=IFCEXTRUDEDAREASOLID(#6327,#6331,#6326,0.40000000000000002);
#6333=IFCSHAPEREPRESENTATION(#11,'Body','SweptSolid',(#6332));
#6334=IFCPRODUCTDEFINITIONSHAPE($,$,(#6333));
#6340=IFCBEAM('3VFkXJmpfC3f4JAkrvrLv2',$,'beam372',$,$,#15729,#6351,$,$);
#6341=IFCCARTESIANPOINTLIST2D(((0.,0.),(0.,0.25),(6.,0.25),(6.,0.),(0.,0.)));
#6342=IFCINDEXEDPOLYCURVE(#6341,$,.F.);
#6343=IFCDIRECTION((0.,0.,1.));
#6344=IFCARBITRARYCLOSEDPROFILEDEF(.AREA.,$,#6342);
#6345=IFCCARTESIANPOINT((0.,0.,0.));
#6346=IFCDIRECTION((0.,0.,1.));
#6347=IFCDIRECTION((1.,0.,0.));
#6348=IFCAXIS2PLACEMENT3D(#6345,#6346,#6347);
#6349=IFCEXTRUDEDAREASOLID(#6344,#6348,#6343,0.40000000000000002);
#6350=IFCSHAPEREPRESENTATION(#11,'Body','SweptSolid',(#6349));
#6351=IFCPRODUCTDEFINITIONSHAPE($,$,(#6350));
#6357=IFCBEAM('1$1iLe3wn5oQ_F3Ku5KB8U',$,'beam373',$,$,#16864,#6368,$,$);
#6358=IFCCARTESIANPOINTLIST2D(((0.,0.),(0.,0.25),(6.,0.25),(6.,0.),(0.,0.)));
#6359=IFCINDEXEDPOLYCURVE(#6358,$,.F.);
#6360=IFCDIRECTION((0.,0.,1.));
#6361=IFCARBITRARYCLOSEDPROFILEDEF(.AREA.,$,#6359);
#6362=IFCCARTESIANPOINT((0.,0.,0.));
#6363=IFCDIRECTION((0.,0.,1.));
#6364=IFCDIRECTION((1.,0.,0.));
#6365=IFCAXIS2PLACEMENT3D(#6362,#6363,#6364);
#6366=IFCEXTRUDEDAREASOLID(#6361,#6365,#6360,0.40000000000000002);
#6367=IFCSHAPEREPRESENTATION(#11,'Body','SweptSolid',(#6366));
#6368=IFCPRODUCTDEFINITIONSHAPE($,$,(#6367));
#6374=IFCBEAM('3BMzrEEw12hRCyAN0ZsfBV',$,'beam374',$,$,#18019,#6385,$,$);
#6375=IFCCARTESIANPOINTLIST2D(((0.,0.),(0.,0.25),(6.,0.25),(6.,0.),(0.,0.)));
#6376=IFCINDEXEDPOLYCURVE(#6375,$,.F.);
#6377=IFCDIRECTION((0.,0.,1.));
#6378=IFCARBITRARYCLOSEDPROFILEDEF(.AREA.,$,#6376);
#6379=IFCCARTESIANPOINT((0.,0.,0.));
#6380=IFCDIRECTION((0.,0.,1.));
#6381=IFCDIRECTION((1.,0.,0.));
#6382=IFCAXIS2PLACEMENT3D(#6379,#6380,#6381);
#6383=IFCEXTRUDEDAREASOLID(#6378,#6382,#6377,0.40000000000000002);
#6384=IFCSHAPEREPRESENTATION(#11,'Body','SweptSolid',(#6383));
#6385=IFCPRODUCTDEFINITIONSHAPE($,$,(#6384));
#6391=IFCBEAM('0o$jFF9SX3XAahZUQ4Quck',$,'beam375',$,$,#17749,#6402,$,$);
#6392=IFCCARTESIANPOINTLIST2D(((0.,0.),(0.,0.25),(6.,0.25),(6.,0.),(0.,0.)));
#6393=IFCINDEXEDPOLYCURVE(#6392,$,.F.);
#6394=IFCDIRECTION((0.,0.,1.));
#6395=IFCARBITRARYCLOSEDPROFILEDEF(.AREA.,$,#6393);
#6396=IFCCARTESIANPOINT((0.,0.,0.));
#6397=IFCDIRECTION((0.,0.,1.));
#6398=IFCDIRECTION((1.,0.,0.));
#6399=IFCAXIS2PLACEMENT3D(#6396,#6397,#6398);
#6400=IFCEXTRUDEDAREASOLID(#6395,#6399,#6394,0.40000000000000002);
#6401=IFCSHAPEREPRESENTATION(#11,'Body','SweptSolid',(#6400));
#6402=IFCPRODUCTDEFINITIONSHAPE($,$,(#6401));
#6408=IFCBEAM('3TSp4l6dzAy88hiwSjrBd5',$,'beam376',$,$,#14629,#6419,$,$);
#6409=IFCCARTESIANPOINTLIST2D(((0.,0.),(0.,0.25),(6.,0.25),(6.,0.),(0.,0.)));
#6410=IFCINDEXEDPOLYCURVE(#6409,$,.F.);
#6411=IFCDIRECTION((0.,0.,1.));
#6412=IFCARBITRARYCLOSEDPROFILEDEF(.AREA.,$,#6410);
#6413=IFCCARTESIANPOINT((0.,0.,0.));
#6414=IFCDIRECTION((0.,0.,1.));
#6415=IFCDIRECTION((1.,0.,0.));
#6416=IFCAXIS2PLACEMENT3D(#6413,#6414,#6415);
#6417=IFCEXTRUDEDAREASOLID(#6412,#6416,#6411,0.40000000000000002);
#6418=IFCSHAPEREPRESENTATION(#11,'Body','SweptSolid',(#6417));
#6419=IFCPRODUCTDEFINITIONSHAPE($,$,(#6418));
#6425=IFCBEAM('33VRw0SjnC2uZ7mmCmNiKh',$,'beam377',$,$,#16904,#6436,$,$);
#6426=IFCCARTESIANPOINTLIST2D(((0.,0.),(0.,0.25),(6.,0.25),(6.,0.),(0.,0.)));
#6427=IFCINDEXEDPOLYCURVE(#6426,$,.F.);
#6428=IFCDIRECTION((0.,0.,1.));
#6429=IFCARBITRARYCLOSEDPROFILEDEF(.AREA.,$,#6427);
#6430=IFCCARTESIANPOINT((0.,0.,0.));
#6431=IFCDIRECTION((0.,0.,1.));
#6432=IFCDIRECTION((1.,0.,0.));
#6433=IFCAXIS2PLACEMENT3D(#6430,#6431,#6432);
#6434=IFCEXTRUDEDAREASOLID(#6429,#6433,#6428,0.40000000000000002);
#6435=IFCSHAPEREPRESENTATION(#11,'Body','SweptSolid',(#6434));
#6436=IFCPRODUCTDEFINITIONSHAPE($,$,(#6435));
#6442=IFCBEAM('080W83uhv1WhJIu0W7kkGk',$,'beam378',$,$,#16674,#6453,$,$);
#6443=IFCCARTESIANPOINTLIST2D(((0.,0.),(0.,0.25),(6.,0.25),(6.,0.),(0.,0.)));
#6444=IFCINDEXEDPOLYCURVE(#6443,$,.F.);
#6445=IFCDIRECTION((0.,0.,1.));
#6446=IFCARBITRARYCLOSEDPROFILEDEF(.AREA.,$,#6444);
#6447=IFCCARTESIANPOINT((0.,0.,0.));
#6448=IFCDIRECTION((0.,0.,1.));
#6449=IFCDIRECTION((1.,0.,0.));
#6450=IFCAXIS2PLACEMENT3D(#6447,#6448,#6449);
#6451=IFCEXTRUDEDAREASOLID(#6446,#6450,#6445,0.40000000000000002);
#6452=IFCSHAPEREPRESENTATION(#11,'Body','SweptSolid',(#6451));
#6453=IFCPRODUCTDEFINITIONSHAPE($,$,(#6452));
#6459=IFCBEAM('05Vx3rBDv7S9B7rxg36Gku',$,'beam379',$,$,#17814,#6470,$,$);
#6460=IFCCARTESIANPOINTLIST2D(((0.,0.),(0.,0.25),(6.,0.25),(6.,0.),(0.,0.)));
#6461=IFCINDEXEDPOLYCURVE(#6460,$,.F.);
#6462=IFCDIRECTION((0.,0.,1.));
#6463=IFCARBITRARYCLOSEDPROFILEDEF(.AREA.,$,#6461);
#6464=IFCCARTESIANPOINT((0.,0.,0.));
#6465=IFCDIRECTION((0.,0.,1.));
#6466=IFCDIRECTION((1.,0.,0.));
#6467=IFCAXIS2PLACEMENT3D(#6464,#6465,#6466);
#6468=IFCEXTRUDEDAREASOLID(#6463,#6467,#6462,0.40000000000000002);
#6469=IFCSHAPEREPRESENTATION(#11,'Body','SweptSolid',(#6468));
#6470=IFCPRODUCTDEFINITIONSHAPE($,$,(#6469));
#6476=IFCBEAM('269zVbM156PO96TMolJ18$',$,'beam380',$,$,#14689,#6487,$,$);
#6477=IFCCARTESIANPOINTLIST2D(((0.,0.),(0.,0.25),(6.,0.25),(6.,0.),(0.,0.)));
#6478=IFCINDEXEDPOLYCURVE(#6477,$,.F.);
#6479=IFCDIRECTION((0.,0.,1.));
#6480=IFCARBITRARYCLOSEDPROFILEDEF(.AREA.,$,#6478);
#6481=IFCCARTESIANPOINT((0.,0.,0.));
#6482=IFCDIRECTION((0.,0.,1.));
#6483=IFCDIRECTION((1.,0.,0.));
#6484=IFCAXIS2PLACEMENT3D(#6481,#6482,#6483);
#6485=IFCEXTRUDEDAREASOLID(#6480,#6484,#6479,0.40000000000000002);
#6486=IFCSHAPEREPRESENTATION(#11,'Body','SweptSolid',(#6485));
#6487=IFCPRODUCTDEFINITIONSHAPE($,$,(#6486));
#6493=IFCBEAM('3UV9F5_kH9W8ZqebZerytw',$,'beam381',$,$,#15814,#6504,$,$);
#6494=IFCCARTESIANPOINTLIST2D(((0.,0.),(0.,0.25),(6.,0.25),(6.,0.),(0.,0.)));
#6495=IFCINDEXEDPOLYCURVE(#6494,$,.F.);
#6496=IFCDIRECTION((0.,0.,1.));
#6497=IFCARBITRARYCLOSEDPROFILEDEF(.AREA.,$,#6495);
#6498=IFCCARTESIANPOINT((0.,0.,0.));
#6499=IFCDIRECTION((0.,0.,1.));
#6500=IFCDIRECTION((1.,0.,0.));
#6501=IFCAXIS2PLACEMENT3D(#6498,#6499,#6500);
#6502=IFCEXTRUDEDAREASOLID(#6497,#6501,#6496,0.40000000000000002);
#6503=IFCSHAPEREPRESENTATION(#11,'Body','SweptSolid',(#6502));
#6504=IFCPRODUCTDEFINITIONSHAPE($,$,(#6503));
#6510=IFCBEAM('1JNpu$WEPDOBKtgNOuR5kD',$,'beam382',$,$,#16739,#6521,$,$);
#6511=IFCCARTESIANPOINTLIST2D(((0.,0.),(0.,0.25),(6.,0.25),(6.,0.),(0.,0.)));
#6512=IFCINDEXEDPOLYCURVE(#6511,$,.F.);
#6513=IFCDIRECTION((0.,0.,1.));
#6514=IFCARBITRARYCLOSEDPROFILEDEF(.AREA.,$,#6512);
#6515=IFCCARTESIANPOINT((0.,0.,0.));
#6516=IFCDIRECTION((0.,0.,1.));
#6517=IFCDIRECTION((1.,0.,0.));
#6518=IFCAXIS2PLACEMENT3D(#6515,#6516,#6517);
#6519=IFCEXTRUDEDAREASOLID(#6514,#6518,#6513,0.40000000000000002);
#6520=IFCSHAPEREPRESENTATION(#11,'Body','SweptSolid',(#6519));
#6521=IFCPRODUCTDEFINITIONSHAPE($,$,(#6520));
#6527=IFCBEAM('1DBPhXzjz2iRxukYyaYaTG',$,'beam383',$,$,#17884,#6538,$,$);
#6528=IFCCARTESIANPOINTLIST2D(((0.,0.),(0.,0.25),(5.,0.25),(5.,0.),(0.,0.)));
#6529=IFCINDEXEDPOLYCURVE(#6528,$,.F.);
#6530=IFCDIRECTION((0.,0.,1.));
#6531=IFCARBITRARYCLOSEDPROFILEDEF(.AREA.,$,#6529);
#6532=IFCCARTESIANPOINT((0.,0.,0.));
#6533=IFCDIRECTION((0.,0.,1.));
#6534=IFCDIRECTION((1.,0.,0.));
#6535=IFCAXIS2PLACEMENT3D(#6532,#6533,#6534);
#6536=IFCEXTRUDEDAREASOLID(#6531,#6535,#6530,0.40000000000000002);
#6537=IFCSHAPEREPRESENTATION(#11,'Body','SweptSolid',(#6536));
#6538=IFCPRODUCTDEFINITIONSHAPE($,$,(#6537));
#6544=IFCBEAM('3tfY9L2UX5pOKdp2LTp7qT',$,'beam384',$,$,#14739,#6555,$,$);
#6545=IFCCARTESIANPOINTLIST2D(((0.,0.),(0.,0.25),(5.,0.25),(5.,0.),(0.,0.)));
#6546=IFCINDEXEDPOLYCURVE(#6545,$,.F.);
#6547=IFCDIRECTION((0.,0.,1.));
#6548=IFCARBITRARYCLOSEDPROFILEDEF(.AREA.,$,#6546);
#6549=IFCCARTESIANPOINT((0.,0.,0.));
#6550=IFCDIRECTION((0.,0.,1.));
#6551=IFCDIRECTION((1.,0.,0.));
#6552=IFCAXIS2PLACEMENT3D(#6549,#6550,#6551);
#6553=IFCEXTRUDEDAREASOLID(#6548,#6552,#6547,0.40000000000000002);
#6554=IFCSHAPEREPRESENTATION(#11,'Body','SweptSolid',(#6553));
#6555=IFCPRODUCTDEFINITIONSHAPE($,$,(#6554));
#6561=IFCBEAM('33exW1XHL0fx4dh9niiN$$',$,'beam385',$,$,#15864,#6572,$,$);
#6562=IFCCARTESIANPOINTLIST2D(((0.,0.),(0.,0.25),(5.,0.25),(5.,0.),(0.,0.)));
#6563=IFCINDEXEDPOLYCURVE(#6562,$,.F.);
#6564=IFCDIRECTION((0.,0.,1.));
#6565=IFCARBITRARYCLOSEDPROFILEDEF(.AREA.,$,#6563);
#6566=IFCCARTESIANPOINT((0.,0.,0.));
#6567=IFCDIRECTION((0.,0.,1.));
#6568=IFCDIRECTION((1.,0.,0.));
#6569=IFCAXIS2PLACEMENT3D(#6566,#6567,#6568);
#6570=IFCEXTRUDEDAREASOLID(#6565,#6569,#6564,0.40000000000000002);
#6571=IFCSHAPEREPRESENTATION(#11,'Body','SweptSolid',(#6570));
#6572=IFCPRODUCTDEFINITIONSHAPE($,$,(#6571));
#6578=IFCBEAM('3sykrwiCDCzPwAJ$xzeu8_',$,'beam386',$,$,#16714,#6589,$,$);
#6579=IFCCARTESIANPOINTLIST2D(((0.,0.),(0.,0.25),(5.,0.25),(5.,0.),(0.,0.)));
#6580=IFCINDEXEDPOLYCURVE(#6579,$,.F.);
#6581=IFCDIRECTION((0.,0.,1.));
#6582=IFCARBITRARYCLOSEDPROFILEDEF(.AREA.,$,#6580);
#6583=IFCCARTESIANPOINT((0.,0.,0.));
#6584=IFCDIRECTION((0.,0.,1.));
#6585=IFCDIRECTION((1.,0.,0.));
#6586=IFCAXIS2PLACEMENT3D(#6583,#6584,#6585);
#6587=IFCEXTRUDEDAREASOLID(#6582,#6586,#6581,0.40000000000000002);
#6588=IFCSHAPEREPRESENTATION(#11,'Body','SweptSolid',(#6587));
#6589=IFCPRODUCTDEFINITIONSHAPE($,$,(#6588));
#6595=IFCBEAM('0rmFx98cvAFw8Yl504ElMp',$,'beam387',$,$,#17859,#6606,$,$);
#6596=IFCCARTESIANPOINTLIST2D(((0.,0.),(0.,0.25),(5.,0.25),(5.,0.),(0.,0.)));
#6597=IFCINDEXEDPOLYCURVE(#6596,$,.F.);
#6598=IFCDIRECTION((0.,0.,1.));
#6599=IFCARBITRARYCLOSEDPROFILEDEF(.AREA.,$,#6597);
#6600=IFCCARTESIANPOINT((0.,0.,0.));
#6601=IFCDIRECTION((0.,0.,1.));
#6602=IFCDIRECTION((1.,0.,0.));
#6603=IFCAXIS2PLACEMENT3D(#6600,#6601,#6602);
#6604=IFCEXTRUDEDAREASOLID(#6599,#6603,#6598,0.40000000000000002);
#6605=IFCSHAPEREPRESENTATION(#11,'Body','SweptSolid',(#6604));
#6606=IFCPRODUCTDEFINITIONSHAPE($,$,(#6605));
#6612=IFCBEAM('0XB2_m0Hn9W8_XxW5S47AF',$,'beam388',$,$,#18739,#6623,$,$);
#6613=IFCCARTESIANPOINTLIST2D(((0.,0.),(0.,0.25),(5.,0.25),(5.,0.),(0.,0.)));
#6614=IFCINDEXEDPOLYCURVE(#6613,$,.F.);
#6615=IFCDIRECTION((0.,0.,1.));
#6616=IFCARBITRARYCLOSEDPROFILEDEF(.AREA.,$,#6614);
#6617=IFCCARTESIANPOINT((0.,0.,0.));
#6618=IFCDIRECTION((0.,0.,1.));
#6619=IFCDIRECTION((1.,0.,0.));
#6620=IFCAXIS2PLACEMENT3D(#6617,#6618,#6619);
#6621=IFCEXTRUDEDAREASOLID(#6616,#6620,#6615,0.40000000000000002);
#6622=IFCSHAPEREPRESENTATION(#11,'Body','SweptSolid',(#6621));
#6623=IFCPRODUCTDEFINITIONSHAPE($,$,(#6622));
#6629=IFCBEAM('0abixD2fHFvBN6D6tEK040',$,'beam389',$,$,#15689,#6640,$,$);
#6630=IFCCARTESIANPOINTLIST2D(((0.,0.),(0.,0.25),(5.,0.25),(5.,0.),(0.,0.)));
#6631=IFCINDEXEDPOLYCURVE(#6630,$,.F.);
#6632=IFCDIRECTION((0.,0.,1.));
#6633=IFCARBITRARYCLOSEDPROFILEDEF(.AREA.,$,#6631);
#6634=IFCCARTESIANPOINT((0.,0.,0.));
#6635=IFCDIRECTION((0.,0.,1.));
#6636=IFCDIRECTION((1.,0.,0.));
#6637=IFCAXIS2PLACEMENT3D(#6634,#6635,#6636);
#6638=IFCEXTRUDEDAREASOLID(#6633,#6637,#6632,0.40000000000000002);
#6639=IFCSHAPEREPRESENTATION(#11,'Body','SweptSolid',(#6638));
#6640=IFCPRODUCTDEFINITIONSHAPE($,$,(#6639));
#6646=IFCBEAM('3yn8D659D2yfSOuYPCn2oE',$,'beam390',$,$,#16779,#6657,$,$);
#6647=IFCCARTESIANPOINTLIST2D(((0.,0.),(0.,0.25),(5.,0.25),(5.,0.),(0.,0.)));
#6648=IFCINDEXEDPOLYCURVE(#6647,$,.F.);
#6649=IFCDIRECTION((0.,0.,1.));
#6650=IFCARBITRARYCLOSEDPROFILEDEF(.AREA.,$,#6648);
#6651=IFCCARTESIANPOINT((0.,0.,0.));
#6652=IFCDIRECTION((0.,0.,1.));
#6653=IFCDIRECTION((1.,0.,0.));
#6654=IFCAXIS2PLACEMENT3D(#6651,#6652,#6653);
#6655=IFCEXTRUDEDAREASOLID(#6650,#6654,#6649,0.40000000000000002);
#6656=IFCSHAPEREPRESENTATION(#11,'Body','SweptSolid',(#6655));
#6657=IFCPRODUCTDEFINITIONSHAPE($,$,(#6656));
#6663=IFCBEAM('2Fvh5fkYf8u8SIgR7td5OQ',$,'beam391',$,$,#17934,#6674,$,$);
#6664=IFCCARTESIANPOINTLIST2D(((0.,0.),(0.,0.25),(6.,0.25),(6.,0.),(0.,0.)));
#6665=IFCINDEXEDPOLYCURVE(#6664,$,.F.);
#6666=IFCDIRECTION((0.,0.,1.));
#6667=IFCARBITRARYCLOSEDPROFILEDEF(.AREA.,$,#6665);
#6668=IFCCARTESIANPOINT((0.,0.,0.));
#6669=IFCDIRECTION((0.,0.,1.));
#6670=IFCDIRECTION((1.,0.,0.));
#6671=IFCAXIS2PLACEMENT3D(#6668,#6669,#6670);
#6672=IFCEXTRUDEDAREASOLID(#6667,#6671,#6666,0.40000000000000002);
#6673=IFCSHAPEREPRESENTATION(#11,'Body','SweptSolid',(#6672));
#6674=IFCPRODUCTDEFINITIONSHAPE($,$,(#6673));
#6680=IFCBEAM('2oygDHPEb8HRlQA9eL1zOE',$,'beam392',$,$,#14794,#6691,$,$);
#6681=IFCCARTESIANPOINTLIST2D(((0.,0.),(0.,0.25),(6.,0.25),(6.,0.),(0.,0.)));
#6682=IFCINDEXEDPOLYCURVE(#6681,$,.F.);
#6683=IFCDIRECTION((0.,0.,1.));
#6684=IFCARBITRARYCLOSEDPROFILEDEF(.AREA.,$,#6682);
#6685=IFCCARTESIANPOINT((0.,0.,0.));
#6686=IFCDIRECTION((0.,0.,1.));
#6687=IFCDIRECTION((1.,0.,0.));
#6688=IFCAXIS2PLACEMENT3D(#6685,#6686,#6687);
#6689=IFCEXTRUDEDAREASOLID(#6684,#6688,#6683,0.40000000000000002);
#6690=IFCSHAPEREPRESENTATION(#11,'Body','SweptSolid',(#6689));
#6691=IFCPRODUCTDEFINITIONSHAPE($,$,(#6690));
#6697=IFCBEAM('1Jqz4o4vP5UwIPSStCFRR3',$,'beam393',$,$,#14554,#6708,$,$);
#6698=IFCCARTESIANPOINTLIST2D(((0.,0.),(0.,0.25),(6.,0.25),(6.,0.),(0.,0.)));
#6699=IFCINDEXEDPOLYCURVE(#6698,$,.F.);
#6700=IFCDIRECTION((0.,0.,1.));
#6701=IFCARBITRARYCLOSEDPROFILEDEF(.AREA.,$,#6699);
#6702=IFCCARTESIANPOINT((0.,0.,0.));
#6703=IFCDIRECTION((0.,0.,1.));
#6704=IFCDIRECTION((1.,0.,0.));
#6705=IFCAXIS2PLACEMENT3D(#6702,#6703,#6704);
#6706=IFCEXTRUDEDAREASOLID(#6701,#6705,#6700,0.40000000000000002);
#6707=IFCSHAPEREPRESENTATION(#11,'Body','SweptSolid',(#6706));
#6708=IFCPRODUCTDEFINITIONSHAPE($,$,(#6707));
#6714=IFCBEAM('1WZHF9ZI52PPAlhEJNHOMS',$,'beam394',$,$,#16839,#6725,$,$);
#6715=IFCCARTESIANPOINTLIST2D(((0.,0.),(0.,0.25),(6.,0.25),(6.,0.),(0.,0.)));
#6716=IFCINDEXEDPOLYCURVE(#6715,$,.F.);
#6717=IFCDIRECTION((0.,0.,1.));
#6718=IFCARBITRARYCLOSEDPROFILEDEF(.AREA.,$,#6716);
#6719=IFCCARTESIANPOINT((0.,0.,0.));
#6720=IFCDIRECTION((0.,0.,1.));
#6721=IFCDIRECTION((1.,0.,0.));
#6722=IFCAXIS2PLACEMENT3D(#6719,#6720,#6721);
#6723=IFCEXTRUDEDAREASOLID(#6718,#6722,#6717,0.40000000000000002);
#6724=IFCSHAPEREPRESENTATION(#11,'Body','SweptSolid',(#6723));
#6725=IFCPRODUCTDEFINITIONSHAPE($,$,(#6724));
#6731=IFCBEAM('1ZgytDKpjAWgTL6z7wbRUs',$,'beam395',$,$,#16579,#6742,$,$);
#6732=IFCCARTESIANPOINTLIST2D(((0.,0.),(0.,0.25),(6.,0.25),(6.,0.),(0.,0.)));
#6733=IFCINDEXEDPOLYCURVE(#6732,$,.F.);
#6734=IFCDIRECTION((0.,0.,1.));
#6735=IFCARBITRARYCLOSEDPROFILEDEF(.AREA.,$,#6733);
#6736=IFCCARTESIANPOINT((0.,0.,0.));
#6737=IFCDIRECTION((0.,0.,1.));
#6738=IFCDIRECTION((1.,0.,0.));
#6739=IFCAXIS2PLACEMENT3D(#6736,#6737,#6738);
#6740=IFCEXTRUDEDAREASOLID(#6735,#6739,#6734,0.40000000000000002);
#6741=IFCSHAPEREPRESENTATION(#11,'Body','SweptSolid',(#6740));
#6742=IFCPRODUCTDEFINITIONSHAPE($,$,(#6741));
#6748=IFCBEAM('3Vxb2PqFvCRuIGRjsZuxqg',$,'beam396',$,$,#17719,#6759,$,$);
#6749=IFCCARTESIANPOINTLIST2D(((0.,0.),(0.,0.25),(6.,0.25),(6.,0.),(0.,0.)));
#6750=IFCINDEXEDPOLYCURVE(#6749,$,.F.);
#6751=IFCDIRECTION((0.,0.,1.));
#6752=IFCARBITRARYCLOSEDPROFILEDEF(.AREA.,$,#6750);
#6753=IFCCARTESIANPOINT((0.,0.,0.));
#6754=IFCDIRECTION((0.,0.,1.));
#6755=IFCDIRECTION((1.,0.,0.));
#6756=IFCAXIS2PLACEMENT3D(#6753,#6754,#6755);
#6757=IFCEXTRUDEDAREASOLID(#6752,#6756,#6751,0.40000000000000002);
#6758=IFCSHAPEREPRESENTATION(#11,'Body','SweptSolid',(#6757));
#6759=IFCPRODUCTDEFINITIONSHAPE($,$,(#6758));
#6765=IFCBEAM('1VbETNSin6TwAth4mJ2WpH',$,'beam397',$,$,#14604,#6776,$,$);
#6766=IFCCARTESIANPOINTLIST2D(((0.,0.),(0.,0.25),(6.,0.25),(6.,0.),(0.,0.)));
#6767=IFCINDEXEDPOLYCURVE(#6766,$,.F.);
#6768=IFCDIRECTION((0.,0.,1.));
#6769=IFCARBITRARYCLOSEDPROFILEDEF(.AREA.,$,#6767);
#6770=IFCCARTESIANPOINT((0.,0.,0.));
#6771=IFCDIRECTION((0.,0.,1.));
#6772=IFCDIRECTION((1.,0.,0.));
#6773=IFCAXIS2PLACEMENT3D(#6770,#6771,#6772);
#6774=IFCEXTRUDEDAREASOLID(#6769,#6773,#6768,0.40000000000000002);
#6775=IFCSHAPEREPRESENTATION(#11,'Body','SweptSolid',(#6774));
#6776=IFCPRODUCTDEFINITIONSHAPE($,$,(#6775));
#6782=IFCBEAM('065XKh4A59Xg4P2TzUfqd2',$,'beam398',$,$,#15759,#6793,$,$);
#6783=IFCCARTESIANPOINTLIST2D(((0.,0.),(0.,0.25),(6.,0.25),(6.,0.),(0.,0.)));
#6784=IFCINDEXEDPOLYCURVE(#6783,$,.F.);
#6785=IFCDIRECTION((0.,0.,1.));
#6786=IFCARBITRARYCLOSEDPROFILEDEF(.AREA.,$,#6784);
#6787=IFCCARTESIANPOINT((0.,0.,0.));
#6788=IFCDIRECTION((0.,0.,1.));
#6789=IFCDIRECTION((1.,0.,0.));
#6790=IFCAXIS2PLACEMENT3D(#6787,#6788,#6789);
#6791=IFCEXTRUDEDAREASOLID(#6786,#6790,#6785,0.40000000000000002);
#6792=IFCSHAPEREPRESENTATION(#11,'Body','SweptSolid',(#6791));
#6793=IFCPRODUCTDEFINITIONSHAPE($,$,(#6792));
#6799=IFCBEAM('1_8bNMClnFteStXZWiipuH',$,'beam399',$,$,#16649,#6810,$,$);
#6800=IFCCARTESIANPOINTLIST2D(((0.,0.),(0.,0.25),(6.,0.25),(6.,0.),(0.,0.)));
#6801=IFCINDEXEDPOLYCURVE(#6800,$,.F.);
#6802=IFCDIRECTION((0.,0.,1.));
#6803=IFCARBITRARYCLOSEDPROFILEDEF(.AREA.,$,#6801);
#6804=IFCCARTESIANPOINT((0.,0.,0.));
#6805=IFCDIRECTION((0.,0.,1.));
#6806=IFCDIRECTION((1.,0.,0.));
#6807=IFCAXIS2PLACEMENT3D(#6804,#6805,#6806);
#6808=IFCEXTRUDEDAREASOLID(#6803,#6807,#6802,0.40000000000000002);
#6809=IFCSHAPEREPRESENTATION(#11,'Body','SweptSolid',(#6808));
#6810=IFCPRODUCTDEFINITIONSHAPE($,$,(#6809));
#6816=IFCBEAM('3G5b_x6WX5HPnYtq6OY2mb',$,'beam400',$,$,#17489,#6827,$,$);
#6817=IFCCARTESIANPOINTLIST2D(((0.,0.),(0.,0.25),(6.,0.25),(6.,0.),(0.,0.)));
#6818=IFCINDEXEDPOLYCURVE(#6817,$,.F.);
#6819=IFCDIRECTION((0.,0.,1.));
#6820=IFCARBITRARYCLOSEDPROFILEDEF(.AREA.,$,#6818);
#6821=IFCCARTESIANPOINT((0.,0.,0.));
#6822=IFCDIRECTION((0.,0.,1.));
#6823=IFCDIRECTION((1.,0.,0.));
#6824=IFCAXIS2PLACEMENT3D(#6821,#6822,#6823);
#6825=IFCEXTRUDEDAREASOLID(#6820,#6824,#6819,0.40000000000000002);
#6826=IFCSHAPEREPRESENTATION(#11,'Body','SweptSolid',(#6825));
#6827=IFCPRODUCTDEFINITIONSHAPE($,$,(#6826));
#6833=IFCBEAM('0xwJ4HxEXD9eGVh_e5ppTT',$,'beam401',$,$,#18624,#6844,$,$);
#6834=IFCCARTESIANPOINTLIST2D(((0.,0.),(0.,0.25),(6.,0.25),(6.,0.),(0.,0.)));
#6835=IFCINDEXEDPOLYCURVE(#6834,$,.F.);
#6836=IFCDIRECTION((0.,0.,1.));
#6837=IFCARBITRARYCLOSEDPROFILEDEF(.AREA.,$,#6835);
#6838=IFCCARTESIANPOINT((0.,0.,0.));
#6839=IFCDIRECTION((0.,0.,1.));
#6840=IFCDIRECTION((1.,0.,0.));
#6841=IFCAXIS2PLACEMENT3D(#6838,#6839,#6840);
#6842=IFCEXTRUDEDAREASOLID(#6837,#6841,#6836,0.40000000000000002);
#6843=IFCSHAPEREPRESENTATION(#11,'Body','SweptSolid',(#6842));
#6844=IFCPRODUCTDEFINITIONSHAPE($,$,(#6843));
#6850=IFCBEAM('0n0Y4yTdL5Ae6qx0tBS9EF',$,'beam402',$,$,#15574,#6861,$,$);
#6851=IFCCARTESIANPOINTLIST2D(((0.,0.),(0.,0.25),(6.,0.25),(6.,0.),(0.,0.)));
#6852=IFCINDEXEDPOLYCURVE(#6851,$,.F.);
#6853=IFCDIRECTION((0.,0.,1.));
#6854=IFCARBITRARYCLOSEDPROFILEDEF(.AREA.,$,#6852);
#6855=IFCCARTESIANPOINT((0.,0.,0.));
#6856=IFCDIRECTION((0.,0.,1.));
#6857=IFCDIRECTION((1.,0.,0.));
#6858=IFCAXIS2PLACEMENT3D(#6855,#6856,#6857);
#6859=IFCEXTRUDEDAREASOLID(#6854,#6858,#6853,0.40000000000000002);
#6860=IFCSHAPEREPRESENTATION(#11,'Body','SweptSolid',(#6859));
#6861=IFCPRODUCTDEFINITIONSHAPE($,$,(#6860));
#6867=IFCBEAM('1onOEvXEj3$RSX0t$AvBO5',$,'beam403',$,$,#16624,#6878,$,$);
#6868=IFCCARTESIANPOINTLIST2D(((0.,0.),(0.,0.25),(6.,0.25),(6.,0.),(0.,0.)));
#6869=IFCINDEXEDPOLYCURVE(#6868,$,.F.);
#6870=IFCDIRECTION((0.,0.,1.));
#6871=IFCARBITRARYCLOSEDPROFILEDEF(.AREA.,$,#6869);
#6872=IFCCARTESIANPOINT((0.,0.,0.));
#6873=IFCDIRECTION((0.,0.,1.));
#6874=IFCDIRECTION((1.,0.,0.));
#6875=IFCAXIS2PLACEMENT3D(#6872,#6873,#6874);
#6876=IFCEXTRUDEDAREASOLID(#6871,#6875,#6870,0.40000000000000002);
#6877=IFCSHAPEREPRESENTATION(#11,'Body','SweptSolid',(#6876));
#6878=IFCPRODUCTDEFINITIONSHAPE($,$,(#6877));
#6884=IFCBEAM('3RGBKFnF9Euh7EE8$veA2s',$,'beam404',$,$,#17764,#6895,$,$);
#6885=IFCCARTESIANPOINTLIST2D(((0.,0.),(0.,0.25),(6.,0.25),(6.,0.),(0.,0.)));
#6886=IFCINDEXEDPOLYCURVE(#6885,$,.F.);
#6887=IFCDIRECTION((0.,0.,1.));
#6888=IFCARBITRARYCLOSEDPROFILEDEF(.AREA.,$,#6886);
#6889=IFCCARTESIANPOINT((0.,0.,0.));
#6890=IFCDIRECTION((0.,0.,1.));
#6891=IFCDIRECTION((1.,0.,0.));
#6892=IFCAXIS2PLACEMENT3D(#6889,#6890,#6891);
#6893=IFCEXTRUDEDAREASOLID(#6888,#6892,#6887,0.40000000000000002);
#6894=IFCSHAPEREPRESENTATION(#11,'Body','SweptSolid',(#6893));
#6895=IFCPRODUCTDEFINITIONSHAPE($,$,(#6894));
#6901=IFCBEAM('0DYq65WErAKua7plbXnPW$',$,'beam405',$,$,#18669,#6912,$,$);
#6902=IFCCARTESIANPOINTLIST2D(((0.,0.),(0.,0.25),(6.,0.25),(6.,0.),(0.,0.)));
#6903=IFCINDEXEDPOLYCURVE(#6902,$,.F.);
#6904=IFCDIRECTION((0.,0.,1.));
#6905=IFCARBITRARYCLOSEDPROFILEDEF(.AREA.,$,#6903);
#6906=IFCCARTESIANPOINT((0.,0.,0.));
#6907=IFCDIRECTION((0.,0.,1.));
#6908=IFCDIRECTION((1.,0.,0.));
#6909=IFCAXIS2PLACEMENT3D(#6906,#6907,#6908);
#6910=IFCEXTRUDEDAREASOLID(#6905,#6909,#6904,0.40000000000000002);
#6911=IFCSHAPEREPRESENTATION(#11,'Body','SweptSolid',(#6910));
#6912=IFCPRODUCTDEFINITIONSHAPE($,$,(#6911));
#6918=IFCBEAM('1g32VQVcv2MgeeYXEn95wX',$,'beam406',$,$,#15624,#6929,$,$);
#6919=IFCCARTESIANPOINTLIST2D(((0.,0.),(0.,0.25),(6.,0.25),(6.,0.),(0.,0.)));
#6920=IFCINDEXEDPOLYCURVE(#6919,$,.F.);
#6921=IFCDIRECTION((0.,0.,1.));
#6922=IFCARBITRARYCLOSEDPROFILEDEF(.AREA.,$,#6920);
#6923=IFCCARTESIANPOINT((0.,0.,0.));
#6924=IFCDIRECTION((0.,0.,1.));
#6925=IFCDIRECTION((1.,0.,0.));
#6926=IFCAXIS2PLACEMENT3D(#6923,#6924,#6925);
#6927=IFCEXTRUDEDAREASOLID(#6922,#6926,#6921,0.40000000000000002);
#6928=IFCSHAPEREPRESENTATION(#11,'Body','SweptSolid',(#6927));
#6929=IFCPRODUCTDEFINITIONSHAPE($,$,(#6928));
#6935=IFCBEAM('0x5kMziqH4KB7qIM4GuG0X',$,'beam407',$,$,#16684,#6946,$,$);
#6936=IFCCARTESIANPOINTLIST2D(((0.,0.),(0.,0.25),(6.,0.25),(6.,0.),(0.,0.)));
#6937=IFCINDEXEDPOLYCURVE(#6936,$,.F.);
#6938=IFCDIRECTION((0.,0.,1.));
#6939=IFCARBITRARYCLOSEDPROFILEDEF(.AREA.,$,#6937);
#6940=IFCCARTESIANPOINT((0.,0.,0.));
#6941=IFCDIRECTION((0.,0.,1.));
#6942=IFCDIRECTION((1.,0.,0.));
#6943=IFCAXIS2PLACEMENT3D(#6940,#6941,#6942);
#6944=IFCEXTRUDEDAREASOLID(#6939,#6943,#6938,0.5);
#6945=IFCSHAPEREPRESENTATION(#11,'Body','SweptSolid',(#6944));
#6946=IFCPRODUCTDEFINITIONSHAPE($,$,(#6945));
#6952=IFCBEAM('2vP4rAIDj7k8sUyYvujDp2',$,'beam408',$,$,#17829,#6963,$,$);
#6953=IFCCARTESIANPOINTLIST2D(((0.,0.),(0.,0.25),(5.5,0.25),(5.5,0.),(0.,0.)));
#6954=IFCINDEXEDPOLYCURVE(#6953,$,.F.);
#6955=IFCDIRECTION((0.,0.,1.));
#6956=IFCARBITRARYCLOSEDPROFILEDEF(.AREA.,$,#6954);
#6957=IFCCARTESIANPOINT((0.,0.,0.));
#6958=IFCDIRECTION((0.,0.,1.));
#6959=IFCDIRECTION((1.,0.,0.));
#6960=IFCAXIS2PLACEMENT3D(#6957,#6958,#6959);
#6961=IFCEXTRUDEDAREASOLID(#6956,#6960,#6955,0.40000000000000002);
#6962=IFCSHAPEREPRESENTATION(#11,'Body','SweptSolid',(#6961));
#6963=IFCPRODUCTDEFINITIONSHAPE($,$,(#6962));
#6969=IFCBEAM('2dyepa8O1AiB51EoQLsLxC',$,'beam409',$,$,#14704,#6980,$,$);
#6970=IFCCARTESIANPOINTLIST2D(((0.,0.),(0.,0.25),(5.5,0.25),(5.5,0.),(0.,0.)));
#6971=IFCINDEXEDPOLYCURVE(#6970,$,.F.);
#6972=IFCDIRECTION((0.,0.,1.));
#6973=IFCARBITRARYCLOSEDPROFILEDEF(.AREA.,$,#6971);
#6974=IFCCARTESIANPOINT((0.,0.,0.));
#6975=IFCDIRECTION((0.,0.,1.));
#6976=IFCDIRECTION((1.,0.,0.));
#6977=IFCAXIS2PLACEMENT3D(#6974,#6975,#6976);
#6978=IFCEXTRUDEDAREASOLID(#6973,#6977,#6972,0.40000000000000002);
#6979=IFCSHAPEREPRESENTATION(#11,'Body','SweptSolid',(#6978));
#6980=IFCPRODUCTDEFINITIONSHAPE($,$,(#6979));
#6986=IFCBEAM('0$j364F7j7nOdPYKz652ZJ',$,'beam410',$,$,#18744,#6997,$,$);
#6987=IFCCARTESIANPOINTLIST2D(((0.,0.),(0.,0.25),(5.5,0.25),(5.5,0.),(0.,0.)));
#6988=IFCINDEXEDPOLYCURVE(#6987,$,.F.);
#6989=IFCDIRECTION((0.,0.,1.));
#6990=IFCARBITRARYCLOSEDPROFILEDEF(.AREA.,$,#6988);
#6991=IFCCARTESIANPOINT((0.,0.,0.));
#6992=IFCDIRECTION((0.,0.,1.));
#6993=IFCDIRECTION((1.,0.,0.));
#6994=IFCAXIS2PLACEMENT3D(#6991,#6992,#6993);
#6995=IFCEXTRUDEDAREASOLID(#6990,#6994,#6989,0.40000000000000002);
#6996=IFCSHAPEREPRESENTATION(#11,'Body','SweptSolid',(#6995));
#6997=IFCPRODUCTDEFINITIONSHAPE($,$,(#6996));
#7003=IFCBEAM('2lciFDbjP0Aho2umaodj6m',$,'beam411',$,$,#16754,#7014,$,$);
#7004=IFCCARTESIANPOINTLIST2D(((0.,0.),(0.,0.25),(5.5,0.25),(5.5,0.),(0.,0.)));
#7005=IFCINDEXEDPOLYCURVE(#7004,$,.F.);
#7006=IFCDIRECTION((0.,0.,1.));
#7007=IFCARBITRARYCLOSEDPROFILEDEF(.AREA.,$,#7005);
#7008=IFCCARTESIANPOINT((0.,0.,0.));
#7009=IFCDIRECTION((0.,0.,1.));
#7010=IFCDIRECTION((1.,0.,0.));
#7011=IFCAXIS2PLACEMENT3D(#7008,#7009,#7010);
#7012=IFCEXTRUDEDAREASOLID(#7007,#7011,#7006,0.40000000000000002);
#7013=IFCSHAPEREPRESENTATION(#11,'Body','SweptSolid',(#7012));
#7014=IFCPRODUCTDEFINITIONSHAPE($,$,(#7013));
#7020=IFCBEAM('18b8iMPcP15xyrPBoHS2l3',$,'beam412',$,$,#17899,#7031,$,$);
#7021=IFCCARTESIANPOINTLIST2D(((0.,0.),(0.,0.25),(5.5,0.25),(5.5,0.),(0.,0.)));
#7022=IFCINDEXEDPOLYCURVE(#7021,$,.F.);
#7023=IFCDIRECTION((0.,0.,1.));
#7024=IFCARBITRARYCLOSEDPROFILEDEF(.AREA.,$,#7022);
#7025=IFCCARTESIANPOINT((0.,0.,0.));
#7026=IFCDIRECTION((0.,0.,1.));
#7027=IFCDIRECTION((1.,0.,0.));
#7028=IFCAXIS2PLACEMENT3D(#7025,#7026,#7027);
#7029=IFCEXTRUDEDAREASOLID(#7024,#7028,#7023,0.40000000000000002);
#7030=IFCSHAPEREPRESENTATION(#11,'Body','SweptSolid',(#7029));
#7031=IFCPRODUCTDEFINITIONSHAPE($,$,(#7030));
#7037=IFCBEAM('0xDK0JzAP86QbYHSTzLQR6',$,'beam413',$,$,#17644,#7048,$,$);
#7038=IFCCARTESIANPOINTLIST2D(((0.,0.),(0.,0.25),(5.5,0.25),(5.5,0.),(0.,0.)));
#7039=IFCINDEXEDPOLYCURVE(#7038,$,.F.);
#7040=IFCDIRECTION((0.,0.,1.));
#7041=IFCARBITRARYCLOSEDPROFILEDEF(.AREA.,$,#7039);
#7042=IFCCARTESIANPOINT((0.,0.,0.));
#7043=IFCDIRECTION((0.,0.,1.));
#7044=IFCDIRECTION((1.,0.,0.));
#7045=IFCAXIS2PLACEMENT3D(#7042,#7043,#7044);
#7046=IFCEXTRUDEDAREASOLID(#7041,#7045,#7040,0.40000000000000002);
#7047=IFCSHAPEREPRESENTATION(#11,'Body','SweptSolid',(#7046));
#7048=IFCPRODUCTDEFINITIONSHAPE($,$,(#7047));
#7054=IFCBEAM('2bs$VTo118_PlQaSkkV46$',$,'beam414',$,$,#18479,#7065,$,$);
#7055=IFCCARTESIANPOINTLIST2D(((0.,0.),(0.,0.25),(5.5,0.25),(5.5,0.),(0.,0.)));
#7056=IFCINDEXEDPOLYCURVE(#7055,$,.F.);
#7057=IFCDIRECTION((0.,0.,1.));
#7058=IFCARBITRARYCLOSEDPROFILEDEF(.AREA.,$,#7056);
#7059=IFCCARTESIANPOINT((0.,0.,0.));
#7060=IFCDIRECTION((0.,0.,1.));
#7061=IFCDIRECTION((1.,0.,0.));
#7062=IFCAXIS2PLACEMENT3D(#7059,#7060,#7061);
#7063=IFCEXTRUDEDAREASOLID(#7058,#7062,#7057,0.40000000000000002);
#7064=IFCSHAPEREPRESENTATION(#11,'Body','SweptSolid',(#7063));
#7065=IFCPRODUCTDEFINITIONSHAPE($,$,(#7064));
#7071=IFCBEAM('2AfDq9lor11f7l5XlUwd9F',$,'beam415',$,$,#15409,#7082,$,$);
#7072=IFCCARTESIANPOINTLIST2D(((0.,0.),(0.,0.25),(5.5,0.25),(5.5,0.),(0.,0.)));
#7073=IFCINDEXEDPOLYCURVE(#7072,$,.F.);
#7074=IFCDIRECTION((0.,0.,1.));
#7075=IFCARBITRARYCLOSEDPROFILEDEF(.AREA.,$,#7073);
#7076=IFCCARTESIANPOINT((0.,0.,0.));
#7077=IFCDIRECTION((0.,0.,1.));
#7078=IFCDIRECTION((1.,0.,0.));
#7079=IFCAXIS2PLACEMENT3D(#7076,#7077,#7078);
#7080=IFCEXTRUDEDAREASOLID(#7075,#7079,#7074,0.40000000000000002);
#7081=IFCSHAPEREPRESENTATION(#11,'Body','SweptSolid',(#7080));
#7082=IFCPRODUCTDEFINITIONSHAPE($,$,(#7081));
#7088=IFCBEAM('1lejHQfqr9cPsU7UqRKhyU',$,'beam416',$,$,#16284,#7099,$,$);
#7089=IFCCARTESIANPOINTLIST2D(((0.,0.),(0.,0.25),(6.0827625302982193,0.25),(6.0827625302982193,0.),(0.,0.)));
#7090=IFCINDEXEDPOLYCURVE(#7089,$,.F.);
#7091=IFCDIRECTION((0.,0.,1.));
#7092=IFCARBITRARYCLOSEDPROFILEDEF(.AREA.,$,#7090);
#7093=IFCCARTESIANPOINT((0.,0.,0.));
#7094=IFCDIRECTION((0.,0.,1.));
#7095=IFCDIRECTION((1.,0.,0.));
#7096=IFCAXIS2PLACEMENT3D(#7093,#7094,#7095);
#7097=IFCEXTRUDEDAREASOLID(#7092,#7096,#7091,0.40000000000000002);
#7098=IFCSHAPEREPRESENTATION(#11,'Body','SweptSolid',(#7097));
#7099=IFCPRODUCTDEFINITIONSHAPE($,$,(#7098));
#7105=IFCBEAM('1D8zVZhd116gWRojTGTjL8',$,'beam417',$,$,#17439,#7116,$,$);
#7106=IFCCARTESIANPOINTLIST2D(((0.,0.),(0.,0.25),(6.0827625302982193,0.25),(6.0827625302982193,0.),(0.,0.)));
#7107=IFCINDEXEDPOLYCURVE(#7106,$,.F.);
#7108=IFCDIRECTION((0.,0.,1.));
#7109=IFCARBITRARYCLOSEDPROFILEDEF(.AREA.,$,#7107);
#7110=IFCCARTESIANPOINT((0.,0.,0.));
#7111=IFCDIRECTION((0.,0.,1.));
#7112=IFCDIRECTION((1.,0.,0.));
#7113=IFCAXIS2PLACEMENT3D(#7110,#7111,#7112);
#7114=IFCEXTRUDEDAREASOLID(#7109,#7113,#7108,0.40000000000000002);
#7115=IFCSHAPEREPRESENTATION(#11,'Body','SweptSolid',(#7114));
#7116=IFCPRODUCTDEFINITIONSHAPE($,$,(#7115));
#7122=IFCBEAM('0KenqvU8nCRRAOpP116JX3',$,'beam418',$,$,#18539,#7133,$,$);
#7123=IFCCARTESIANPOINTLIST2D(((0.,0.),(0.,0.25),(6.0827625302982193,0.25),(6.0827625302982193,0.),(0.,0.)));
#7124=IFCINDEXEDPOLYCURVE(#7123,$,.F.);
#7125=IFCDIRECTION((0.,0.,1.));
#7126=IFCARBITRARYCLOSEDPROFILEDEF(.AREA.,$,#7124);
#7127=IFCCARTESIANPOINT((0.,0.,0.));
#7128=IFCDIRECTION((0.,0.,1.));
#7129=IFCDIRECTION((1.,0.,0.));
#7130=IFCAXIS2PLACEMENT3D(#7127,#7128,#7129);
#7131=IFCEXTRUDEDAREASOLID(#7126,#7130,#7125,0.40000000000000002);
#7132=IFCSHAPEREPRESENTATION(#11,'Body','SweptSolid',(#7131));
#7133=IFCPRODUCTDEFINITIONSHAPE($,$,(#7132));
#7139=IFCBEAM('1KrFn9VovFox7MLfU3OXRv',$,'beam419',$,$,#15484,#7150,$,$);
#7140=IFCCARTESIANPOINTLIST2D(((0.,0.),(0.,0.25),(6.0827625302982193,0.25),(6.0827625302982193,0.),(0.,0.)));
#7141=IFCINDEXEDPOLYCURVE(#7140,$,.F.);
#7142=IFCDIRECTION((0.,0.,1.));
#7143=IFCARBITRARYCLOSEDPROFILEDEF(.AREA.,$,#7141);
#7144=IFCCARTESIANPOINT((0.,0.,0.));
#7145=IFCDIRECTION((0.,0.,1.));
#7146=IFCDIRECTION((1.,0.,0.));
#7147=IFCAXIS2PLACEMENT3D(#7144,#7145,#7146);
#7148=IFCEXTRUDEDAREASOLID(#7143,#7147,#7142,0.40000000000000002);
#7149=IFCSHAPEREPRESENTATION(#11,'Body','SweptSolid',(#7148));
#7150=IFCPRODUCTDEFINITIONSHAPE($,$,(#7149));
#7156=IFCBEAM('3EwoyJmn5FVR$dF_62vyJs',$,'beam420',$,$,#16529,#7167,$,$);
#7157=IFCCARTESIANPOINTLIST2D(((0.,0.),(0.,0.25),(6.0827625302982193,0.25),(6.0827625302982193,0.),(0.,0.)));
#7158=IFCINDEXEDPOLYCURVE(#7157,$,.F.);
#7159=IFCDIRECTION((0.,0.,1.));
#7160=IFCARBITRARYCLOSEDPROFILEDEF(.AREA.,$,#7158);
#7161=IFCCARTESIANPOINT((0.,0.,0.));
#7162=IFCDIRECTION((0.,0.,1.));
#7163=IFCDIRECTION((1.,0.,0.));
#7164=IFCAXIS2PLACEMENT3D(#7161,#7162,#7163);
#7165=IFCEXTRUDEDAREASOLID(#7160,#7164,#7159,0.40000000000000002);
#7166=IFCSHAPEREPRESENTATION(#11,'Body','SweptSolid',(#7165));
#7167=IFCPRODUCTDEFINITIONSHAPE($,$,(#7166));
#7173=IFCBEAM('1S0Ve3G9j2f9fWYDYgyf80',$,'beam421',$,$,#17679,#7184,$,$);
#7174=IFCCARTESIANPOINTLIST2D(((0.,0.),(0.,0.25),(6.0827625302982193,0.25),(6.0827625302982193,0.),(0.,0.)));
#7175=IFCINDEXEDPOLYCURVE(#7174,$,.F.);
#7176=IFCDIRECTION((0.,0.,1.));
#7177=IFCARBITRARYCLOSEDPROFILEDEF(.AREA.,$,#7175);
#7178=IFCCARTESIANPOINT((0.,0.,0.));
#7179=IFCDIRECTION((0.,0.,1.));
#7180=IFCDIRECTION((1.,0.,0.));
#7181=IFCAXIS2PLACEMENT3D(#7178,#7179,#7180);
#7182=IFCEXTRUDEDAREASOLID(#7177,#7181,#7176,0.40000000000000002);
#7183=IFCSHAPEREPRESENTATION(#11,'Body','SweptSolid',(#7182));
#7184=IFCPRODUCTDEFINITIONSHAPE($,$,(#7183));
#7190=IFCBEAM('3PB64wQof6oOPMCHScjqL3',$,'beam422',$,$,#18594,#7201,$,$);
#7191=IFCCARTESIANPOINTLIST2D(((0.,0.),(0.,0.25),(6.0827625302982193,0.25),(6.0827625302982193,0.),(0.,0.)));
#7192=IFCINDEXEDPOLYCURVE(#7191,$,.F.);
#7193=IFCDIRECTION((0.,0.,1.));
#7194=IFCARBITRARYCLOSEDPROFILEDEF(.AREA.,$,#7192);
#7195=IFCCARTESIANPOINT((0.,0.,0.));
#7196=IFCDIRECTION((0.,0.,1.));
#7197=IFCDIRECTION((1.,0.,0.));
#7198=IFCAXIS2PLACEMENT3D(#7195,#7196,#7197);
#7199=IFCEXTRUDEDAREASOLID(#7194,#7198,#7193,0.40000000000000002);
#7200=IFCSHAPEREPRESENTATION(#11,'Body','SweptSolid',(#7199));
#7201=IFCPRODUCTDEFINITIONSHAPE($,$,(#7200));
#7207=IFCBEAM('3HkM1j88rCk8uvqvdbcKZ7',$,'beam423',$,$,#15549,#7218,$,$);
#7208=IFCCARTESIANPOINTLIST2D(((0.,0.),(0.,0.25),(6.0827625302982193,0.25),(6.0827625302982193,0.),(0.,0.)));
#7209=IFCINDEXEDPOLYCURVE(#7208,$,.F.);
#7210=IFCDIRECTION((0.,0.,1.));
#7211=IFCARBITRARYCLOSEDPROFILEDEF(.AREA.,$,#7209);
#7212=IFCCARTESIANPOINT((0.,0.,0.));
#7213=IFCDIRECTION((0.,0.,1.));
#7214=IFCDIRECTION((1.,0.,0.));
#7215=IFCAXIS2PLACEMENT3D(#7212,#7213,#7214);
#7216=IFCEXTRUDEDAREASOLID(#7211,#7215,#7210,0.40000000000000002);
#7217=IFCSHAPEREPRESENTATION(#11,'Body','SweptSolid',(#7216));
#7218=IFCPRODUCTDEFINITIONSHAPE($,$,(#7217));
#7224=IFCCOLUMN('38hT_Yotn7_8LQKJ4s5Ece',$,'col1',$,$,#16594,#7235,$,$);
#7225=IFCCARTESIANPOINTLIST2D(((0.,0.),(0.,0.40000000000000002),(0.40000000000000002,0.40000000000000002),(0.40000000000000002,0.),(0.,0.)));
#7226=IFCINDEXEDPOLYCURVE(#7225,$,.F.);
#7227=IFCDIRECTION((0.,0.,1.));
#7228=IFCARBITRARYCLOSEDPROFILEDEF(.AREA.,$,#7226);
#7229=IFCCARTESIANPOINT((0.,0.,0.));
#7230=IFCDIRECTION((0.,0.,1.));
#7231=IFCDIRECTION((1.,0.,0.));
#7232=IFCAXIS2PLACEMENT3D(#7229,#7230,#7231);
#7233=IFCEXTRUDEDAREASOLID(#7228,#7232,#7227,3.);
#7234=IFCSHAPEREPRESENTATION(#11,'Body','SweptSolid',(#7233));
#7235=IFCPRODUCTDEFINITIONSHAPE($,$,(#7234));
#7241=IFCCOLUMN('3Z8YJAMy50GPcYJB9l_$lx',$,'col2',$,$,#17734,#7252,$,$);
#7242=IFCCARTESIANPOINTLIST2D(((0.,0.),(0.,0.40000000000000002),(0.40000000000000002,0.40000000000000002),(0.40000000000000002,0.),(0.,0.)));
#7243=IFCINDEXEDPOLYCURVE(#7242,$,.F.);
#7244=IFCDIRECTION((0.,0.,1.));
#7245=IFCARBITRARYCLOSEDPROFILEDEF(.AREA.,$,#7243);
#7246=IFCCARTESIANPOINT((0.,0.,0.));
#7247=IFCDIRECTION((0.,0.,1.));
#7248=IFCDIRECTION((1.,0.,0.));
#7249=IFCAXIS2PLACEMENT3D(#7246,#7247,#7248);
#7250=IFCEXTRUDEDAREASOLID(#7245,#7249,#7244,3.);
#7251=IFCSHAPEREPRESENTATION(#11,'Body','SweptSolid',(#7250));
#7252=IFCPRODUCTDEFINITIONSHAPE($,$,(#7251));
#7258=IFCCOLUMN('2mP5nO2F56fv2z_bXeNZr1',$,'col3',$,$,#14614,#7269,$,$);
#7259=IFCCARTESIANPOINTLIST2D(((0.,0.),(0.,0.40000000000000002),(0.40000000000000002,0.40000000000000002),(0.40000000000000002,0.),(0.,0.)));
#7260=IFCINDEXEDPOLYCURVE(#7259,$,.F.);
#7261=IFCDIRECTION((0.,0.,1.));
#7262=IFCARBITRARYCLOSEDPROFILEDEF(.AREA.,$,#7260);
#7263=IFCCARTESIANPOINT((0.,0.,0.));
#7264=IFCDIRECTION((0.,0.,1.));
#7265=IFCDIRECTION((1.,0.,0.));
#7266=IFCAXIS2PLACEMENT3D(#7263,#7264,#7265);
#7267=IFCEXTRUDEDAREASOLID(#7262,#7266,#7261,3.);
#7268=IFCSHAPEREPRESENTATION(#11,'Body','SweptSolid',(#7267));
#7269=IFCPRODUCTDEFINITIONSHAPE($,$,(#7268));
#7275=IFCCOLUMN('2QsAzyciXEOxWm5y0lOLDz',$,'col4',$,$,#18674,#7286,$,$);
#7276=IFCCARTESIANPOINTLIST2D(((0.,0.),(0.,0.40000000000000002),(0.40000000000000002,0.40000000000000002),(0.40000000000000002,0.),(0.,0.)));
#7277=IFCINDEXEDPOLYCURVE(#7276,$,.F.);
#7278=IFCDIRECTION((0.,0.,1.));
#7279=IFCARBITRARYCLOSEDPROFILEDEF(.AREA.,$,#7277);
#7280=IFCCARTESIANPOINT((0.,0.,0.));
#7281=IFCDIRECTION((0.,0.,1.));
#7282=IFCDIRECTION((1.,0.,0.));
#7283=IFCAXIS2PLACEMENT3D(#7280,#7281,#7282);
#7284=IFCEXTRUDEDAREASOLID(#7279,#7283,#7278,3.);
#7285=IFCSHAPEREPRESENTATION(#11,'Body','SweptSolid',(#7284));
#7286=IFCPRODUCTDEFINITIONSHAPE($,$,(#7285));
#7292=IFCCOLUMN('0bIzRa6pf0gBGe_3fxuEpy',$,'col5',$,$,#16664,#7303,$,$);
#7293=IFCCARTESIANPOINTLIST2D(((0.,0.),(0.,0.40000000000000002),(0.40000000000000002,0.40000000000000002),(0.40000000000000002,0.),(0.,0.)));
#7294=IFCINDEXEDPOLYCURVE(#7293,$,.F.);
#7295=IFCDIRECTION((0.,0.,1.));
#7296=IFCARBITRARYCLOSEDPROFILEDEF(.AREA.,$,#7294);
#7297=IFCCARTESIANPOINT((0.,0.,0.));
#7298=IFCDIRECTION((0.,0.,1.));
#7299=IFCDIRECTION((1.,0.,0.));
#7300=IFCAXIS2PLACEMENT3D(#7297,#7298,#7299);
#7301=IFCEXTRUDEDAREASOLID(#7296,#7300,#7295,3.);
#7302=IFCSHAPEREPRESENTATION(#11,'Body','SweptSolid',(#7301));
#7303=IFCPRODUCTDEFINITIONSHAPE($,$,(#7302));
#7309=IFCCOLUMN('3rbX7nsBT4DgT0aelOpPWH',$,'col6',$,$,#16169,#7320,$,$);
#7310=IFCCARTESIANPOINTLIST2D(((0.,0.),(0.,0.40000000000000002),(0.40000000000000002,0.40000000000000002),(0.40000000000000002,0.),(0.,0.)));
#7311=IFCINDEXEDPOLYCURVE(#7310,$,.F.);
#7312=IFCDIRECTION((0.,0.,1.));
#7313=IFCARBITRARYCLOSEDPROFILEDEF(.AREA.,$,#7311);
#7314=IFCCARTESIANPOINT((0.,0.,0.));
#7315=IFCDIRECTION((0.,0.,1.));
#7316=IFCDIRECTION((1.,0.,0.));
#7317=IFCAXIS2PLACEMENT3D(#7314,#7315,#7316);
#7318=IFCEXTRUDEDAREASOLID(#7313,#7317,#7312,3.);
#7319=IFCSHAPEREPRESENTATION(#11,'Body','SweptSolid',(#7318));
#7320=IFCPRODUCTDEFINITIONSHAPE($,$,(#7319));
#7326=IFCCOLUMN('2n74b1fvf0Hfko2fa$0To6',$,'col7',$,$,#17324,#7337,$,$);
#7327=IFCCARTESIANPOINTLIST2D(((0.,0.),(0.,0.40000000000000002),(0.40000000000000002,0.40000000000000002),(0.40000000000000002,0.),(0.,0.)));
#7328=IFCINDEXEDPOLYCURVE(#7327,$,.F.);
#7329=IFCDIRECTION((0.,0.,1.));
#7330=IFCARBITRARYCLOSEDPROFILEDEF(.AREA.,$,#7328);
#7331=IFCCARTESIANPOINT((0.,0.,0.));
#7332=IFCDIRECTION((0.,0.,1.));
#7333=IFCDIRECTION((1.,0.,0.));
#7334=IFCAXIS2PLACEMENT3D(#7331,#7332,#7333);
#7335=IFCEXTRUDEDAREASOLID(#7330,#7334,#7329,3.);
#7336=IFCSHAPEREPRESENTATION(#11,'Body','SweptSolid',(#7335));
#7337=IFCPRODUCTDEFINITIONSHAPE($,$,(#7336));
#7343=IFCCOLUMN('09WNQ2ksH07gIgQ5NkBBiC',$,'col8',$,$,#18384,#7354,$,$);
#7344=IFCCARTESIANPOINTLIST2D(((0.,0.),(0.,0.40000000000000002),(0.40000000000000002,0.40000000000000002),(0.40000000000000002,0.),(0.,0.)));
#7345=IFCINDEXEDPOLYCURVE(#7344,$,.F.);
#7346=IFCDIRECTION((0.,0.,1.));
#7347=IFCARBITRARYCLOSEDPROFILEDEF(.AREA.,$,#7345);
#7348=IFCCARTESIANPOINT((0.,0.,0.));
#7349=IFCDIRECTION((0.,0.,1.));
#7350=IFCDIRECTION((1.,0.,0.));
#7351=IFCAXIS2PLACEMENT3D(#7348,#7349,#7350);
#7352=IFCEXTRUDEDAREASOLID(#7347,#7351,#7346,3.);
#7353=IFCSHAPEREPRESENTATION(#11,'Body','SweptSolid',(#7352));
#7354=IFCPRODUCTDEFINITIONSHAPE($,$,(#7353));
#7360=IFCCOLUMN('1SUqa7IIXBM878v3iG6oHq',$,'col9',$,$,#15314,#7371,$,$);
#7361=IFCCARTESIANPOINTLIST2D(((0.,0.),(0.,0.40000000000000002),(0.40000000000000002,0.40000000000000002),(0.40000000000000002,0.),(0.,0.)));
#7362=IFCINDEXEDPOLYCURVE(#7361,$,.F.);
#7363=IFCDIRECTION((0.,0.,1.));
#7364=IFCARBITRARYCLOSEDPROFILEDEF(.AREA.,$,#7362);
#7365=IFCCARTESIANPOINT((0.,0.,0.));
#7366=IFCDIRECTION((0.,0.,1.));
#7367=IFCDIRECTION((1.,0.,0.));
#7368=IFCAXIS2PLACEMENT3D(#7365,#7366,#7367);
#7369=IFCEXTRUDEDAREASOLID(#7364,#7368,#7363,3.);
#7370=IFCSHAPEREPRESENTATION(#11,'Body','SweptSolid',(#7369));
#7371=IFCPRODUCTDEFINITIONSHAPE($,$,(#7370));
#7377=IFCCOLUMN('2NZwWpeBL90AkPhVCa8UGu',$,'col10',$,$,#16219,#7388,$,$);
#7378=IFCCARTESIANPOINTLIST2D(((0.,0.),(0.,0.40000000000000002),(0.40000000000000002,0.40000000000000002),(0.40000000000000002,0.),(0.,0.)));
#7379=IFCINDEXEDPOLYCURVE(#7378,$,.F.);
#7380=IFCDIRECTION((0.,0.,1.));
#7381=IFCARBITRARYCLOSEDPROFILEDEF(.AREA.,$,#7379);
#7382=IFCCARTESIANPOINT((0.,0.,0.));
#7383=IFCDIRECTION((0.,0.,1.));
#7384=IFCDIRECTION((1.,0.,0.));
#7385=IFCAXIS2PLACEMENT3D(#7382,#7383,#7384);
#7386=IFCEXTRUDEDAREASOLID(#7381,#7385,#7380,3.);
#7387=IFCSHAPEREPRESENTATION(#11,'Body','SweptSolid',(#7386));
#7388=IFCPRODUCTDEFINITIONSHAPE($,$,(#7387));
#7394=IFCCOLUMN('0_swSJ0QzDHef6x9MRIEBc',$,'col11',$,$,#17369,#7405,$,$);
#7395=IFCCARTESIANPOINTLIST2D(((0.,0.),(0.,0.40000000000000002),(0.40000000000000002,0.40000000000000002),(0.40000000000000002,0.),(0.,0.)));
#7396=IFCINDEXEDPOLYCURVE(#7395,$,.F.);
#7397=IFCDIRECTION((0.,0.,1.));
#7398=IFCARBITRARYCLOSEDPROFILEDEF(.AREA.,$,#7396);
#7399=IFCCARTESIANPOINT((0.,0.,0.));
#7400=IFCDIRECTION((0.,0.,1.));
#7401=IFCDIRECTION((1.,0.,0.));
#7402=IFCAXIS2PLACEMENT3D(#7399,#7400,#7401);
#7403=IFCEXTRUDEDAREASOLID(#7398,#7402,#7397,3.);
#7404=IFCSHAPEREPRESENTATION(#11,'Body','SweptSolid',(#7403));
#7405=IFCPRODUCTDEFINITIONSHAPE($,$,(#7404));
#7411=IFCCOLUMN('2rWhx3OLP5iw9st9ApmZrV',$,'col12',$,$,#18449,#7422,$,$);
#7412=IFCCARTESIANPOINTLIST2D(((0.,0.),(0.,0.40000000000000002),(0.40000000000000002,0.40000000000000002),(0.40000000000000002,0.),(0.,0.)));
#7413=IFCINDEXEDPOLYCURVE(#7412,$,.F.);
#7414=IFCDIRECTION((0.,0.,1.));
#7415=IFCARBITRARYCLOSEDPROFILEDEF(.AREA.,$,#7413);
#7416=IFCCARTESIANPOINT((0.,0.,0.));
#7417=IFCDIRECTION((0.,0.,1.));
#7418=IFCDIRECTION((1.,0.,0.));
#7419=IFCAXIS2PLACEMENT3D(#7416,#7417,#7418);
#7420=IFCEXTRUDEDAREASOLID(#7415,#7419,#7414,3.);
#7421=IFCSHAPEREPRESENTATION(#11,'Body','SweptSolid',(#7420));
#7422=IFCPRODUCTDEFINITIONSHAPE($,$,(#7421));
#7428=IFCCOLUMN('2lxfIJtYf96O89tG001tET',$,'col13',$,$,#15384,#7439,$,$);
#7429=IFCCARTESIANPOINTLIST2D(((0.,0.),(0.,0.40000000000000002),(0.40000000000000002,0.40000000000000002),(0.40000000000000002,0.),(0.,0.)));
#7430=IFCINDEXEDPOLYCURVE(#7429,$,.F.);
#7431=IFCDIRECTION((0.,0.,1.));
#7432=IFCARBITRARYCLOSEDPROFILEDEF(.AREA.,$,#7430);
#7433=IFCCARTESIANPOINT((0.,0.,0.));
#7434=IFCDIRECTION((0.,0.,1.));
#7435=IFCDIRECTION((1.,0.,0.));
#7436=IFCAXIS2PLACEMENT3D(#7433,#7434,#7435);
#7437=IFCEXTRUDEDAREASOLID(#7432,#7436,#7431,3.);
#7438=IFCSHAPEREPRESENTATION(#11,'Body','SweptSolid',(#7437));
#7439=IFCPRODUCTDEFINITIONSHAPE($,$,(#7438));
#7445=IFCCOLUMN('3uDB9B449BvuC5d_fLIjm8',$,'col14',$,$,#16459,#7456,$,$);
#7446=IFCCARTESIANPOINTLIST2D(((0.,0.),(0.,0.40000000000000002),(0.40000000000000002,0.40000000000000002),(0.40000000000000002,0.),(0.,0.)));
#7447=IFCINDEXEDPOLYCURVE(#7446,$,.F.);
#7448=IFCDIRECTION((0.,0.,1.));
#7449=IFCARBITRARYCLOSEDPROFILEDEF(.AREA.,$,#7447);
#7450=IFCCARTESIANPOINT((0.,0.,0.));
#7451=IFCDIRECTION((0.,0.,1.));
#7452=IFCDIRECTION((1.,0.,0.));
#7453=IFCAXIS2PLACEMENT3D(#7450,#7451,#7452);
#7454=IFCEXTRUDEDAREASOLID(#7449,#7453,#7448,3.);
#7455=IFCSHAPEREPRESENTATION(#11,'Body','SweptSolid',(#7454));
#7456=IFCPRODUCTDEFINITIONSHAPE($,$,(#7455));
#7462=IFCCOLUMN('2$A_5eCWz54xtxmFE0LmQd',$,'col15',$,$,#17604,#7473,$,$);
#7463=IFCCARTESIANPOINTLIST2D(((0.,0.),(0.,0.40000000000000002),(0.40000000000000002,0.40000000000000002),(0.40000000000000002,0.),(0.,0.)));
#7464=IFCINDEXEDPOLYCURVE(#7463,$,.F.);
#7465=IFCDIRECTION((0.,0.,1.));
#7466=IFCARBITRARYCLOSEDPROFILEDEF(.AREA.,$,#7464);
#7467=IFCCARTESIANPOINT((0.,0.,0.));
#7468=IFCDIRECTION((0.,0.,1.));
#7469=IFCDIRECTION((1.,0.,0.));
#7470=IFCAXIS2PLACEMENT3D(#7467,#7468,#7469);
#7471=IFCEXTRUDEDAREASOLID(#7466,#7470,#7465,3.);
#7472=IFCSHAPEREPRESENTATION(#11,'Body','SweptSolid',(#7471));
#7473=IFCPRODUCTDEFINITIONSHAPE($,$,(#7472));
#7479=IFCCOLUMN('0TI_L_DPnFnuMSrlSkAOtS',$,'col16',$,$,#18514,#7490,$,$);
#7480=IFCCARTESIANPOINTLIST2D(((0.,0.),(0.,0.40000000000000002),(0.40000000000000002,0.40000000000000002),(0.40000000000000002,0.),(0.,0.)));
#7481=IFCINDEXEDPOLYCURVE(#7480,$,.F.);
#7482=IFCDIRECTION((0.,0.,1.));
#7483=IFCARBITRARYCLOSEDPROFILEDEF(.AREA.,$,#7481);
#7484=IFCCARTESIANPOINT((0.,0.,0.));
#7485=IFCDIRECTION((0.,0.,1.));
#7486=IFCDIRECTION((1.,0.,0.));
#7487=IFCAXIS2PLACEMENT3D(#7484,#7485,#7486);
#7488=IFCEXTRUDEDAREASOLID(#7483,#7487,#7482,3.);
#7489=IFCSHAPEREPRESENTATION(#11,'Body','SweptSolid',(#7488));
#7490=IFCPRODUCTDEFINITIONSHAPE($,$,(#7489));
#7496=IFCCOLUMN('1Gk8E7o2L1m9sIBOteA4V9',$,'col17',$,$,#15449,#7507,$,$);
#7497=IFCCARTESIANPOINTLIST2D(((0.,0.),(0.,0.40000000000000002),(0.40000000000000002,0.40000000000000002),(0.40000000000000002,0.),(0.,0.)));
#7498=IFCINDEXEDPOLYCURVE(#7497,$,.F.);
#7499=IFCDIRECTION((0.,0.,1.));
#7500=IFCARBITRARYCLOSEDPROFILEDEF(.AREA.,$,#7498);
#7501=IFCCARTESIANPOINT((0.,0.,0.));
#7502=IFCDIRECTION((0.,0.,1.));
#7503=IFCDIRECTION((1.,0.,0.));
#7504=IFCAXIS2PLACEMENT3D(#7501,#7502,#7503);
#7505=IFCEXTRUDEDAREASOLID(#7500,#7504,#7499,3.);
#7506=IFCSHAPEREPRESENTATION(#11,'Body','SweptSolid',(#7505));
#7507=IFCPRODUCTDEFINITIONSHAPE($,$,(#7506));
#7513=IFCCOLUMN('2l48hDGyL6_PqNzttsLup9',$,'col18',$,$,#16504,#7524,$,$);
#7514=IFCCARTESIANPOINTLIST2D(((0.,0.),(0.,0.40000000000000002),(0.40000000000000002,0.40000000000000002),(0.40000000000000002,0.),(0.,0.)));
#7515=IFCINDEXEDPOLYCURVE(#7514,$,.F.);
#7516=IFCDIRECTION((0.,0.,1.));
#7517=IFCARBITRARYCLOSEDPROFILEDEF(.AREA.,$,#7515);
#7518=IFCCARTESIANPOINT((0.,0.,0.));
#7519=IFCDIRECTION((0.,0.,1.));
#7520=IFCDIRECTION((1.,0.,0.));
#7521=IFCAXIS2PLACEMENT3D(#7518,#7519,#7520);
#7522=IFCEXTRUDEDAREASOLID(#7517,#7521,#7516,3.);
#7523=IFCSHAPEREPRESENTATION(#11,'Body','SweptSolid',(#7522));
#7524=IFCPRODUCTDEFINITIONSHAPE($,$,(#7523));
#7530=IFCCOLUMN('2bahswZk98bBQEQjJXYDa6',$,'col19',$,$,#17654,#7541,$,$);
#7531=IFCCARTESIANPOINTLIST2D(((0.,0.),(0.,0.40000000000000002),(0.40000000000000002,0.40000000000000002),(0.40000000000000002,0.),(0.,0.)));
#7532=IFCINDEXEDPOLYCURVE(#7531,$,.F.);
#7533=IFCDIRECTION((0.,0.,1.));
#7534=IFCARBITRARYCLOSEDPROFILEDEF(.AREA.,$,#7532);
#7535=IFCCARTESIANPOINT((0.,0.,0.));
#7536=IFCDIRECTION((0.,0.,1.));
#7537=IFCDIRECTION((1.,0.,0.));
#7538=IFCAXIS2PLACEMENT3D(#7535,#7536,#7537);
#7539=IFCEXTRUDEDAREASOLID(#7534,#7538,#7533,3.);
#7540=IFCSHAPEREPRESENTATION(#11,'Body','SweptSolid',(#7539));
#7541=IFCPRODUCTDEFINITIONSHAPE($,$,(#7540));
#7547=IFCCOLUMN('2m_rBywdPDNg5hlMkfM2pq',$,'col20',$,$,#17154,#7558,$,$);
#7548=IFCCARTESIANPOINTLIST2D(((0.,0.),(0.,0.40000000000000002),(0.40000000000000002,0.40000000000000002),(0.40000000000000002,0.),(0.,0.)));
#7549=IFCINDEXEDPOLYCURVE(#7548,$,.F.);
#7550=IFCDIRECTION((0.,0.,1.));
#7551=IFCARBITRARYCLOSEDPROFILEDEF(.AREA.,$,#7549);
#7552=IFCCARTESIANPOINT((0.,0.,0.));
#7553=IFCDIRECTION((0.,0.,1.));
#7554=IFCDIRECTION((1.,0.,0.));
#7555=IFCAXIS2PLACEMENT3D(#7552,#7553,#7554);
#7556=IFCEXTRUDEDAREASOLID(#7551,#7555,#7550,3.);
#7557=IFCSHAPEREPRESENTATION(#11,'Body','SweptSolid',(#7556));
#7558=IFCPRODUCTDEFINITIONSHAPE($,$,(#7557));
#7564=IFCCOLUMN('3LX8McpMzCchDKqBWmd2Bc',$,'col21',$,$,#15154,#7575,$,$);
#7565=IFCCARTESIANPOINTLIST2D(((0.,0.),(0.,0.40000000000000002),(0.40000000000000002,0.40000000000000002),(0.40000000000000002,0.),(0.,0.)));
#7566=IFCINDEXEDPOLYCURVE(#7565,$,.F.);
#7567=IFCDIRECTION((0.,0.,1.));
#7568=IFCARBITRARYCLOSEDPROFILEDEF(.AREA.,$,#7566);
#7569=IFCCARTESIANPOINT((0.,0.,0.));
#7570=IFCDIRECTION((0.,0.,1.));
#7571=IFCDIRECTION((1.,0.,0.));
#7572=IFCAXIS2PLACEMENT3D(#7569,#7570,#7571);
#7573=IFCEXTRUDEDAREASOLID(#7568,#7572,#7567,3.);
#7574=IFCSHAPEREPRESENTATION(#11,'Body','SweptSolid',(#7573));
#7575=IFCPRODUCTDEFINITIONSHAPE($,$,(#7574));
#7581=IFCCOLUMN('3Rv4C6qTTBCAgRpMdnZ9Ze',$,'col22',$,$,#14964,#7592,$,$);
#7582=IFCCARTESIANPOINTLIST2D(((0.,0.),(0.,0.40000000000000002),(0.40000000000000002,0.40000000000000002),(0.40000000000000002,0.),(0.,0.)));
#7583=IFCINDEXEDPOLYCURVE(#7582,$,.F.);
#7584=IFCDIRECTION((0.,0.,1.));
#7585=IFCARBITRARYCLOSEDPROFILEDEF(.AREA.,$,#7583);
#7586=IFCCARTESIANPOINT((0.,0.,0.));
#7587=IFCDIRECTION((0.,0.,1.));
#7588=IFCDIRECTION((1.,0.,0.));
#7589=IFCAXIS2PLACEMENT3D(#7586,#7587,#7588);
#7590=IFCEXTRUDEDAREASOLID(#7585,#7589,#7584,3.);
#7591=IFCSHAPEREPRESENTATION(#11,'Body','SweptSolid',(#7590));
#7592=IFCPRODUCTDEFINITIONSHAPE($,$,(#7591));
#7598=IFCCOLUMN('1FlP_AzPL6f9Seu4eEg3iJ',$,'col23',$,$,#16089,#7609,$,$);
#7599=IFCCARTESIANPOINTLIST2D(((0.,0.),(0.,0.40000000000000002),(0.40000000000000002,0.40000000000000002),(0.40000000000000002,0.),(0.,0.)));
#7600=IFCINDEXEDPOLYCURVE(#7599,$,.F.);
#7601=IFCDIRECTION((0.,0.,1.));
#7602=IFCARBITRARYCLOSEDPROFILEDEF(.AREA.,$,#7600);
#7603=IFCCARTESIANPOINT((0.,0.,0.));
#7604=IFCDIRECTION((0.,0.,1.));
#7605=IFCDIRECTION((1.,0.,0.));
#7606=IFCAXIS2PLACEMENT3D(#7603,#7604,#7605);
#7607=IFCEXTRUDEDAREASOLID(#7602,#7606,#7601,3.);
#7608=IFCSHAPEREPRESENTATION(#11,'Body','SweptSolid',(#7607));
#7609=IFCPRODUCTDEFINITIONSHAPE($,$,(#7608));
#7615=IFCCOLUMN('22tpjLUyD4dhcQVzG7SuDd',$,'col24',$,$,#17229,#7626,$,$);
#7616=IFCCARTESIANPOINTLIST2D(((0.,0.),(0.,0.40000000000000002),(0.40000000000000002,0.40000000000000002),(0.40000000000000002,0.),(0.,0.)));
#7617=IFCINDEXEDPOLYCURVE(#7616,$,.F.);
#7618=IFCDIRECTION((0.,0.,1.));
#7619=IFCARBITRARYCLOSEDPROFILEDEF(.AREA.,$,#7617);
#7620=IFCCARTESIANPOINT((0.,0.,0.));
#7621=IFCDIRECTION((0.,0.,1.));
#7622=IFCDIRECTION((1.,0.,0.));
#7623=IFCAXIS2PLACEMENT3D(#7620,#7621,#7622);
#7624=IFCEXTRUDEDAREASOLID(#7619,#7623,#7618,3.);
#7625=IFCSHAPEREPRESENTATION(#11,'Body','SweptSolid',(#7624));
#7626=IFCPRODUCTDEFINITIONSHAPE($,$,(#7625));
#7632=IFCCOLUMN('0OS579jRr0rgmQcbbkrmU4',$,'col25',$,$,#18289,#7643,$,$);
#7633=IFCCARTESIANPOINTLIST2D(((0.,0.),(0.,0.40000000000000002),(0.40000000000000002,0.40000000000000002),(0.40000000000000002,0.),(0.,0.)));
#7634=IFCINDEXEDPOLYCURVE(#7633,$,.F.);
#7635=IFCDIRECTION((0.,0.,1.));
#7636=IFCARBITRARYCLOSEDPROFILEDEF(.AREA.,$,#7634);
#7637=IFCCARTESIANPOINT((0.,0.,0.));
#7638=IFCDIRECTION((0.,0.,1.));
#7639=IFCDIRECTION((1.,0.,0.));
#7640=IFCAXIS2PLACEMENT3D(#7637,#7638,#7639);
#7641=IFCEXTRUDEDAREASOLID(#7636,#7640,#7635,3.);
#7642=IFCSHAPEREPRESENTATION(#11,'Body','SweptSolid',(#7641));
#7643=IFCPRODUCTDEFINITIONSHAPE($,$,(#7642));
#7649=IFCCOLUMN('0O0VNCDYTAp9LDeUdZKwMv',$,'col26',$,$,#15229,#7660,$,$);
#7650=IFCCARTESIANPOINTLIST2D(((0.,0.),(0.,0.40000000000000002),(0.40000000000000002,0.40000000000000002),(0.40000000000000002,0.),(0.,0.)));
#7651=IFCINDEXEDPOLYCURVE(#7650,$,.F.);
#7652=IFCDIRECTION((0.,0.,1.));
#7653=IFCARBITRARYCLOSEDPROFILEDEF(.AREA.,$,#7651);
#7654=IFCCARTESIANPOINT((0.,0.,0.));
#7655=IFCDIRECTION((0.,0.,1.));
#7656=IFCDIRECTION((1.,0.,0.));
#7657=IFCAXIS2PLACEMENT3D(#7654,#7655,#7656);
#7658=IFCEXTRUDEDAREASOLID(#7653,#7657,#7652,3.);
#7659=IFCSHAPEREPRESENTATION(#11,'Body','SweptSolid',(#7658));
#7660=IFCPRODUCTDEFINITIONSHAPE($,$,(#7659));
#7666=IFCCOLUMN('0ceJqkJM10Wu_lMiCVfh07',$,'col27',$,$,#16144,#7677,$,$);
#7667=IFCCARTESIANPOINTLIST2D(((0.,0.),(0.,0.40000000000000002),(0.40000000000000002,0.40000000000000002),(0.40000000000000002,0.),(0.,0.)));
#7668=IFCINDEXEDPOLYCURVE(#7667,$,.F.);
#7669=IFCDIRECTION((0.,0.,1.));
#7670=IFCARBITRARYCLOSEDPROFILEDEF(.AREA.,$,#7668);
#7671=IFCCARTESIANPOINT((0.,0.,0.));
#7672=IFCDIRECTION((0.,0.,1.));
#7673=IFCDIRECTION((1.,0.,0.));
#7674=IFCAXIS2PLACEMENT3D(#7671,#7672,#7673);
#7675=IFCEXTRUDEDAREASOLID(#7670,#7674,#7669,3.);
#7676=IFCSHAPEREPRESENTATION(#11,'Body','SweptSolid',(#7675));
#7677=IFCPRODUCTDEFINITIONSHAPE($,$,(#7676));
#7683=IFCCOLUMN('0AuDjsrpX4uPAGgiPAz7Ie',$,'col28',$,$,#17294,#7694,$,$);
#7684=IFCCARTESIANPOINTLIST2D(((0.,0.),(0.,0.40000000000000002),(0.40000000000000002,0.40000000000000002),(0.40000000000000002,0.),(0.,0.)));
#7685=IFCINDEXEDPOLYCURVE(#7684,$,.F.);
#7686=IFCDIRECTION((0.,0.,1.));
#7687=IFCARBITRARYCLOSEDPROFILEDEF(.AREA.,$,#7685);
#7688=IFCCARTESIANPOINT((0.,0.,0.));
#7689=IFCDIRECTION((0.,0.,1.));
#7690=IFCDIRECTION((1.,0.,0.));
#7691=IFCAXIS2PLACEMENT3D(#7688,#7689,#7690);
#7692=IFCEXTRUDEDAREASOLID(#7687,#7691,#7686,3.);
#7693=IFCSHAPEREPRESENTATION(#11,'Body','SweptSolid',(#7692));
#7694=IFCPRODUCTDEFINITIONSHAPE($,$,(#7693));
#7700=IFCCOLUMN('2nu5_kQAHFz8Ims6I6PUYF',$,'col29',$,$,#18349,#7711,$,$);
#7701=IFCCARTESIANPOINTLIST2D(((0.,0.),(0.,0.40000000000000002),(0.40000000000000002,0.40000000000000002),(0.40000000000000002,0.),(0.,0.)));
#7702=IFCINDEXEDPOLYCURVE(#7701,$,.F.);
#7703=IFCDIRECTION((0.,0.,1.));
#7704=IFCARBITRARYCLOSEDPROFILEDEF(.AREA.,$,#7702);
#7705=IFCCARTESIANPOINT((0.,0.,0.));
#7706=IFCDIRECTION((0.,0.,1.));
#7707=IFCDIRECTION((1.,0.,0.));
#7708=IFCAXIS2PLACEMENT3D(#7705,#7706,#7707);
#7709=IFCEXTRUDEDAREASOLID(#7704,#7708,#7703,3.);
#7710=IFCSHAPEREPRESENTATION(#11,'Body','SweptSolid',(#7709));
#7711=IFCPRODUCTDEFINITIONSHAPE($,$,(#7710));
#7717=IFCCOLUMN('2xKAUejFD3LQZqg3K6OgJX',$,'col30',$,$,#15284,#7728,$,$);
#7718=IFCCARTESIANPOINTLIST2D(((0.,0.),(0.,0.40000000000000002),(0.40000000000000002,0.40000000000000002),(0.40000000000000002,0.),(0.,0.)));
#7719=IFCINDEXEDPOLYCURVE(#7718,$,.F.);
#7720=IFCDIRECTION((0.,0.,1.));
#7721=IFCARBITRARYCLOSEDPROFILEDEF(.AREA.,$,#7719);
#7722=IFCCARTESIANPOINT((0.,0.,0.));
#7723=IFCDIRECTION((0.,0.,1.));
#7724=IFCDIRECTION((1.,0.,0.));
#7725=IFCAXIS2PLACEMENT3D(#7722,#7723,#7724);
#7726=IFCEXTRUDEDAREASOLID(#7721,#7725,#7720,3.);
#7727=IFCSHAPEREPRESENTATION(#11,'Body','SweptSolid',(#7726));
#7728=IFCPRODUCTDEFINITIONSHAPE($,$,(#7727));
#7734=IFCCOLUMN('26krcNUYnCb8VTL7imk1ii',$,'col31',$,$,#16389,#7745,$,$);
#7735=IFCCARTESIANPOINTLIST2D(((0.,0.),(0.,0.40000000000000002),(0.40000000000000002,0.40000000000000002),(0.40000000000000002,0.),(0.,0.)));
#7736=IFCINDEXEDPOLYCURVE(#7735,$,.F.);
#7737=IFCDIRECTION((0.,0.,1.));
#7738=IFCARBITRARYCLOSEDPROFILEDEF(.AREA.,$,#7736);
#7739=IFCCARTESIANPOINT((0.,0.,0.));
#7740=IFCDIRECTION((0.,0.,1.));
#7741=IFCDIRECTION((1.,0.,0.));
#7742=IFCAXIS2PLACEMENT3D(#7739,#7740,#7741);
#7743=IFCEXTRUDEDAREASOLID(#7738,#7742,#7737,3.);
#7744=IFCSHAPEREPRESENTATION(#11,'Body','SweptSolid',(#7743));
#7745=IFCPRODUCTDEFINITIONSHAPE($,$,(#7744));
#7751=IFCCOLUMN('1Y9H58VM12t98eKCRP5mVv',$,'col32',$,$,#17539,#7762,$,$);
#7752=IFCCARTESIANPOINTLIST2D(((0.,0.),(0.,0.40000000000000002),(0.40000000000000002,0.40000000000000002),(0.40000000000000002,0.),(0.,0.)));
#7753=IFCINDEXEDPOLYCURVE(#7752,$,.F.);
#7754=IFCDIRECTION((0.,0.,1.));
#7755=IFCARBITRARYCLOSEDPROFILEDEF(.AREA.,$,#7753);
#7756=IFCCARTESIANPOINT((0.,0.,0.));
#7757=IFCDIRECTION((0.,0.,1.));
#7758=IFCDIRECTION((1.,0.,0.));
#7759=IFCAXIS2PLACEMENT3D(#7756,#7757,#7758);
#7760=IFCEXTRUDEDAREASOLID(#7755,#7759,#7754,3.);
#7761=IFCSHAPEREPRESENTATION(#11,'Body','SweptSolid',(#7760));
#7762=IFCPRODUCTDEFINITIONSHAPE($,$,(#7761));
#7768=IFCCOLUMN('078rY7vyn27QyH7XLOoI$J',$,'col33',$,$,#18424,#7779,$,$);
#7769=IFCCARTESIANPOINTLIST2D(((0.,0.),(0.,0.40000000000000002),(0.40000000000000002,0.40000000000000002),(0.40000000000000002,0.),(0.,0.)));
#7770=IFCINDEXEDPOLYCURVE(#7769,$,.F.);
#7771=IFCDIRECTION((0.,0.,1.));
#7772=IFCARBITRARYCLOSEDPROFILEDEF(.AREA.,$,#7770);
#7773=IFCCARTESIANPOINT((0.,0.,0.));
#7774=IFCDIRECTION((0.,0.,1.));
#7775=IFCDIRECTION((1.,0.,0.));
#7776=IFCAXIS2PLACEMENT3D(#7773,#7774,#7775);
#7777=IFCEXTRUDEDAREASOLID(#7772,#7776,#7771,3.);
#7778=IFCSHAPEREPRESENTATION(#11,'Body','SweptSolid',(#7777));
#7779=IFCPRODUCTDEFINITIONSHAPE($,$,(#7778));
#7785=IFCCOLUMN('0BkgU55tjF7QPncgv23M2r',$,'col34',$,$,#15044,#7796,$,$);
#7786=IFCCARTESIANPOINTLIST2D(((0.,0.),(0.,0.40000000000000002),(0.40000000000000002,0.40000000000000002),(0.40000000000000002,0.),(0.,0.)));
#7787=IFCINDEXEDPOLYCURVE(#7786,$,.F.);
#7788=IFCDIRECTION((0.,0.,1.));
#7789=IFCARBITRARYCLOSEDPROFILEDEF(.AREA.,$,#7787);
#7790=IFCCARTESIANPOINT((0.,0.,0.));
#7791=IFCDIRECTION((0.,0.,1.));
#7792=IFCDIRECTION((1.,0.,0.));
#7793=IFCAXIS2PLACEMENT3D(#7790,#7791,#7792);
#7794=IFCEXTRUDEDAREASOLID(#7789,#7793,#7788,3.);
#7795=IFCSHAPEREPRESENTATION(#11,'Body','SweptSolid',(#7794));
#7796=IFCPRODUCTDEFINITIONSHAPE($,$,(#7795));
#7802=IFCCOLUMN('23MiOPiUbEcP5o0Dnvog7H',$,'col35',$,$,#16179,#7813,$,$);
#7803=IFCCARTESIANPOINTLIST2D(((0.,0.),(0.,0.40000000000000002),(0.40000000000000002,0.40000000000000002),(0.40000000000000002,0.),(0.,0.)));
#7804=IFCINDEXEDPOLYCURVE(#7803,$,.F.);
#7805=IFCDIRECTION((0.,0.,1.));
#7806=IFCARBITRARYCLOSEDPROFILEDEF(.AREA.,$,#7804);
#7807=IFCCARTESIANPOINT((0.,0.,0.));
#7808=IFCDIRECTION((0.,0.,1.));
#7809=IFCDIRECTION((1.,0.,0.));
#7810=IFCAXIS2PLACEMENT3D(#7807,#7808,#7809);
#7811=IFCEXTRUDEDAREASOLID(#7806,#7810,#7805,3.);
#7812=IFCSHAPEREPRESENTATION(#11,'Body','SweptSolid',(#7811));
#7813=IFCPRODUCTDEFINITIONSHAPE($,$,(#7812));
#7819=IFCCOLUMN('1vWGXeowD8hwTkEoyWAiIC',$,'col36',$,$,#15939,#7830,$,$);
#7820=IFCCARTESIANPOINTLIST2D(((0.,0.),(0.,0.40000000000000002),(0.40000000000000002,0.40000000000000002),(0.40000000000000002,0.),(0.,0.)));
#7821=IFCINDEXEDPOLYCURVE(#7820,$,.F.);
#7822=IFCDIRECTION((0.,0.,1.));
#7823=IFCARBITRARYCLOSEDPROFILEDEF(.AREA.,$,#7821);
#7824=IFCCARTESIANPOINT((0.,0.,0.));
#7825=IFCDIRECTION((0.,0.,1.));
#7826=IFCDIRECTION((1.,0.,0.));
#7827=IFCAXIS2PLACEMENT3D(#7824,#7825,#7826);
#7828=IFCEXTRUDEDAREASOLID(#7823,#7827,#7822,3.);
#7829=IFCSHAPEREPRESENTATION(#11,'Body','SweptSolid',(#7828));
#7830=IFCPRODUCTDEFINITIONSHAPE($,$,(#7829));
#7836=IFCCOLUMN('0EP8CkB3936uOD114L3e8g',$,'col37',$,$,#17069,#7847,$,$);
#7837=IFCCARTESIANPOINTLIST2D(((0.,0.),(0.,0.40000000000000002),(0.40000000000000002,0.40000000000000002),(0.40000000000000002,0.),(0.,0.)));
#7838=IFCINDEXEDPOLYCURVE(#7837,$,.F.);
#7839=IFCDIRECTION((0.,0.,1.));
#7840=IFCARBITRARYCLOSEDPROFILEDEF(.AREA.,$,#7838);
#7841=IFCCARTESIANPOINT((0.,0.,0.));
#7842=IFCDIRECTION((0.,0.,1.));
#7843=IFCDIRECTION((1.,0.,0.));
#7844=IFCAXIS2PLACEMENT3D(#7841,#7842,#7843);
#7845=IFCEXTRUDEDAREASOLID(#7840,#7844,#7839,3.);
#7846=IFCSHAPEREPRESENTATION(#11,'Body','SweptSolid',(#7845));
#7847=IFCPRODUCTDEFINITIONSHAPE($,$,(#7846));
#7853=IFCCOLUMN('2lGDKQRqz8eAuZAxuxyyxf',$,'col38',$,$,#15099,#7864,$,$);
#7854=IFCCARTESIANPOINTLIST2D(((0.,0.),(0.,0.40000000000000002),(0.40000000000000002,0.40000000000000002),(0.40000000000000002,0.),(0.,0.)));
#7855=IFCINDEXEDPOLYCURVE(#7854,$,.F.);
#7856=IFCDIRECTION((0.,0.,1.));
#7857=IFCARBITRARYCLOSEDPROFILEDEF(.AREA.,$,#7855);
#7858=IFCCARTESIANPOINT((0.,0.,0.));
#7859=IFCDIRECTION((0.,0.,1.));
#7860=IFCDIRECTION((1.,0.,0.));
#7861=IFCAXIS2PLACEMENT3D(#7858,#7859,#7860);
#7862=IFCEXTRUDEDAREASOLID(#7857,#7861,#7856,3.);
#7863=IFCSHAPEREPRESENTATION(#11,'Body','SweptSolid',(#7862));
#7864=IFCPRODUCTDEFINITIONSHAPE($,$,(#7863));
#7870=IFCCOLUMN('3Q3Oo2QRT1kBr2hbexYbpQ',$,'col39',$,$,#14884,#7881,$,$);
#7871=IFCCARTESIANPOINTLIST2D(((0.,0.),(0.,0.40000000000000002),(0.40000000000000002,0.40000000000000002),(0.40000000000000002,0.),(0.,0.)));
#7872=IFCINDEXEDPOLYCURVE(#7871,$,.F.);
#7873=IFCDIRECTION((0.,0.,1.));
#7874=IFCARBITRARYCLOSEDPROFILEDEF(.AREA.,$,#7872);
#7875=IFCCARTESIANPOINT((0.,0.,0.));
#7876=IFCDIRECTION((0.,0.,1.));
#7877=IFCDIRECTION((1.,0.,0.));
#7878=IFCAXIS2PLACEMENT3D(#7875,#7876,#7877);
#7879=IFCEXTRUDEDAREASOLID(#7874,#7878,#7873,3.);
#7880=IFCSHAPEREPRESENTATION(#11,'Body','SweptSolid',(#7879));
#7881=IFCPRODUCTDEFINITIONSHAPE($,$,(#7880));
#7887=IFCCOLUMN('0QKvMBXzvFQAbwX9YB3yJu',$,'col40',$,$,#15999,#7898,$,$);
#7888=IFCCARTESIANPOINTLIST2D(((0.,0.),(0.,0.40000000000000002),(0.40000000000000002,0.40000000000000002),(0.40000000000000002,0.),(0.,0.)));
#7889=IFCINDEXEDPOLYCURVE(#7888,$,.F.);
#7890=IFCDIRECTION((0.,0.,1.));
#7891=IFCARBITRARYCLOSEDPROFILEDEF(.AREA.,$,#7889);
#7892=IFCCARTESIANPOINT((0.,0.,0.));
#7893=IFCDIRECTION((0.,0.,1.));
#7894=IFCDIRECTION((1.,0.,0.));
#7895=IFCAXIS2PLACEMENT3D(#7892,#7893,#7894);
#7896=IFCEXTRUDEDAREASOLID(#7891,#7895,#7890,3.);
#7897=IFCSHAPEREPRESENTATION(#11,'Body','SweptSolid',(#7896));
#7898=IFCPRODUCTDEFINITIONSHAPE($,$,(#7897));
#7904=IFCCOLUMN('3ckl58daP0DPgi_g8EevJp',$,'col41',$,$,#17129,#7915,$,$);
#7905=IFCCARTESIANPOINTLIST2D(((0.,0.),(0.,0.40000000000000002),(0.40000000000000002,0.40000000000000002),(0.40000000000000002,0.),(0.,0.)));
#7906=IFCINDEXEDPOLYCURVE(#7905,$,.F.);
#7907=IFCDIRECTION((0.,0.,1.));
#7908=IFCARBITRARYCLOSEDPROFILEDEF(.AREA.,$,#7906);
#7909=IFCCARTESIANPOINT((0.,0.,0.));
#7910=IFCDIRECTION((0.,0.,1.));
#7911=IFCDIRECTION((1.,0.,0.));
#7912=IFCAXIS2PLACEMENT3D(#7909,#7910,#7911);
#7913=IFCEXTRUDEDAREASOLID(#7908,#7912,#7907,3.);
#7914=IFCSHAPEREPRESENTATION(#11,'Body','SweptSolid',(#7913));
#7915=IFCPRODUCTDEFINITIONSHAPE($,$,(#7914));
#7921=IFCCOLUMN('1IA_UnY455eB245dgv0BcD',$,'col42',$,$,#18214,#7932,$,$);
#7922=IFCCARTESIANPOINTLIST2D(((0.,0.),(0.,0.40000000000000002),(0.40000000000000002,0.40000000000000002),(0.40000000000000002,0.),(0.,0.)));
#7923=IFCINDEXEDPOLYCURVE(#7922,$,.F.);
#7924=IFCDIRECTION((0.,0.,1.));
#7925=IFCARBITRARYCLOSEDPROFILEDEF(.AREA.,$,#7923);
#7926=IFCCARTESIANPOINT((0.,0.,0.));
#7927=IFCDIRECTION((0.,0.,1.));
#7928=IFCDIRECTION((1.,0.,0.));
#7929=IFCAXIS2PLACEMENT3D(#7926,#7927,#7928);
#7930=IFCEXTRUDEDAREASOLID(#7925,#7929,#7924,3.);
#7931=IFCSHAPEREPRESENTATION(#11,'Body','SweptSolid',(#7930));
#7932=IFCPRODUCTDEFINITIONSHAPE($,$,(#7931));
#7938=IFCCOLUMN('0MI$EzyUj69h9FVeyMhHDX',$,'col43',$,$,#15149,#7949,$,$);
#7939=IFCCARTESIANPOINTLIST2D(((0.,0.),(0.,0.40000000000000002),(0.40000000000000002,0.40000000000000002),(0.40000000000000002,0.),(0.,0.)));
#7940=IFCINDEXEDPOLYCURVE(#7939,$,.F.);
#7941=IFCDIRECTION((0.,0.,1.));
#7942=IFCARBITRARYCLOSEDPROFILEDEF(.AREA.,$,#7940);
#7943=IFCCARTESIANPOINT((0.,0.,0.));
#7944=IFCDIRECTION((0.,0.,1.));
#7945=IFCDIRECTION((1.,0.,0.));
#7946=IFCAXIS2PLACEMENT3D(#7943,#7944,#7945);
#7947=IFCEXTRUDEDAREASOLID(#7942,#7946,#7941,3.);
#7948=IFCSHAPEREPRESENTATION(#11,'Body','SweptSolid',(#7947));
#7949=IFCPRODUCTDEFINITIONSHAPE($,$,(#7948));
#7955=IFCCOLUMN('1RdrjFfEL5Sv_Qx1BjvL2m',$,'col44',$,$,#16064,#7966,$,$);
#7956=IFCCARTESIANPOINTLIST2D(((0.,0.),(0.,0.40000000000000002),(0.40000000000000002,0.40000000000000002),(0.40000000000000002,0.),(0.,0.)));
#7957=IFCINDEXEDPOLYCURVE(#7956,$,.F.);
#7958=IFCDIRECTION((0.,0.,1.));
#7959=IFCARBITRARYCLOSEDPROFILEDEF(.AREA.,$,#7957);
#7960=IFCCARTESIANPOINT((0.,0.,0.));
#7961=IFCDIRECTION((0.,0.,1.));
#7962=IFCDIRECTION((1.,0.,0.));
#7963=IFCAXIS2PLACEMENT3D(#7960,#7961,#7962);
#7964=IFCEXTRUDEDAREASOLID(#7959,#7963,#7958,3.);
#7965=IFCSHAPEREPRESENTATION(#11,'Body','SweptSolid',(#7964));
#7966=IFCPRODUCTDEFINITIONSHAPE($,$,(#7965));
#7972=IFCCOLUMN('2UOFY$34r8QQGRtl2QhKZs',$,'col45',$,$,#17194,#7983,$,$);
#7973=IFCCARTESIANPOINTLIST2D(((0.,0.),(0.,0.40000000000000002),(0.40000000000000002,0.40000000000000002),(0.40000000000000002,0.),(0.,0.)));
#7974=IFCINDEXEDPOLYCURVE(#7973,$,.F.);
#7975=IFCDIRECTION((0.,0.,1.));
#7976=IFCARBITRARYCLOSEDPROFILEDEF(.AREA.,$,#7974);
#7977=IFCCARTESIANPOINT((0.,0.,0.));
#7978=IFCDIRECTION((0.,0.,1.));
#7979=IFCDIRECTION((1.,0.,0.));
#7980=IFCAXIS2PLACEMENT3D(#7977,#7978,#7979);
#7981=IFCEXTRUDEDAREASOLID(#7976,#7980,#7975,3.);
#7982=IFCSHAPEREPRESENTATION(#11,'Body','SweptSolid',(#7981));
#7983=IFCPRODUCTDEFINITIONSHAPE($,$,(#7982));
#7989=IFCCOLUMN('1bwArjv9H6lulBFEg4Yc$R',$,'col46',$,$,#18259,#8000,$,$);
#7990=IFCCARTESIANPOINTLIST2D(((0.,0.),(0.,0.40000000000000002),(0.40000000000000002,0.40000000000000002),(0.40000000000000002,0.),(0.,0.)));
#7991=IFCINDEXEDPOLYCURVE(#7990,$,.F.);
#7992=IFCDIRECTION((0.,0.,1.));
#7993=IFCARBITRARYCLOSEDPROFILEDEF(.AREA.,$,#7991);
#7994=IFCCARTESIANPOINT((0.,0.,0.));
#7995=IFCDIRECTION((0.,0.,1.));
#7996=IFCDIRECTION((1.,0.,0.));
#7997=IFCAXIS2PLACEMENT3D(#7994,#7995,#7996);
#7998=IFCEXTRUDEDAREASOLID(#7993,#7997,#7992,3.);
#7999=IFCSHAPEREPRESENTATION(#11,'Body','SweptSolid',(#7998));
#8000=IFCPRODUCTDEFINITIONSHAPE($,$,(#7999));
#8006=IFCCOLUMN('0UdSXDtxPDFwykAeOeNOi3',$,'col47',$,$,#15199,#8017,$,$);
#8007=IFCCARTESIANPOINTLIST2D(((0.,0.),(0.,0.40000000000000002),(0.40000000000000002,0.40000000000000002),(0.40000000000000002,0.),(0.,0.)));
#8008=IFCINDEXEDPOLYCURVE(#8007,$,.F.);
#8009=IFCDIRECTION((0.,0.,1.));
#8010=IFCARBITRARYCLOSEDPROFILEDEF(.AREA.,$,#8008);
#8011=IFCCARTESIANPOINT((0.,0.,0.));
#8012=IFCDIRECTION((0.,0.,1.));
#8013=IFCDIRECTION((1.,0.,0.));
#8014=IFCAXIS2PLACEMENT3D(#8011,#8012,#8013);
#8015=IFCEXTRUDEDAREASOLID(#8010,#8014,#8009,3.);
#8016=IFCSHAPEREPRESENTATION(#11,'Body','SweptSolid',(#8015));
#8017=IFCPRODUCTDEFINITIONSHAPE($,$,(#8016));
#8023=IFCCOLUMN('1e2wmNneHApxkbjJNCoYlq',$,'col48',$,$,#16039,#8034,$,$);
#8024=IFCCARTESIANPOINTLIST2D(((0.,0.),(0.,0.40000000000000002),(0.40000000000000002,0.40000000000000002),(0.40000000000000002,0.),(0.,0.)));
#8025=IFCINDEXEDPOLYCURVE(#8024,$,.F.);
#8026=IFCDIRECTION((0.,0.,1.));
#8027=IFCARBITRARYCLOSEDPROFILEDEF(.AREA.,$,#8025);
#8028=IFCCARTESIANPOINT((0.,0.,0.));
#8029=IFCDIRECTION((0.,0.,1.));
#8030=IFCDIRECTION((1.,0.,0.));
#8031=IFCAXIS2PLACEMENT3D(#8028,#8029,#8030);
#8032=IFCEXTRUDEDAREASOLID(#8027,#8031,#8026,3.);
#8033=IFCSHAPEREPRESENTATION(#11,'Body','SweptSolid',(#8032));
#8034=IFCPRODUCTDEFINITIONSHAPE($,$,(#8033));
#8040=IFCCOLUMN('3JavqJFh1F0A94EWiKUeve',$,'col49',$,$,#17174,#8051,$,$);
#8041=IFCCARTESIANPOINTLIST2D(((0.,0.),(0.,0.40000000000000002),(0.40000000000000002,0.40000000000000002),(0.40000000000000002,0.),(0.,0.)));
#8042=IFCINDEXEDPOLYCURVE(#8041,$,.F.);
#8043=IFCDIRECTION((0.,0.,1.));
#8044=IFCARBITRARYCLOSEDPROFILEDEF(.AREA.,$,#8042);
#8045=IFCCARTESIANPOINT((0.,0.,0.));
#8046=IFCDIRECTION((0.,0.,1.));
#8047=IFCDIRECTION((1.,0.,0.));
#8048=IFCAXIS2PLACEMENT3D(#8045,#8046,#8047);
#8049=IFCEXTRUDEDAREASOLID(#8044,#8048,#8043,3.);
#8050=IFCSHAPEREPRESENTATION(#11,'Body','SweptSolid',(#8049));
#8051=IFCPRODUCTDEFINITIONSHAPE($,$,(#8050));
#8057=IFCCOLUMN('33kayRMZH0NBYHSzNxc$$N',$,'col50',$,$,#18094,#8068,$,$);
#8058=IFCCARTESIANPOINTLIST2D(((0.,0.),(0.,0.40000000000000002),(0.40000000000000002,0.40000000000000002),(0.40000000000000002,0.),(0.,0.)));
#8059=IFCINDEXEDPOLYCURVE(#8058,$,.F.);
#8060=IFCDIRECTION((0.,0.,1.));
#8061=IFCARBITRARYCLOSEDPROFILEDEF(.AREA.,$,#8059);
#8062=IFCCARTESIANPOINT((0.,0.,0.));
#8063=IFCDIRECTION((0.,0.,1.));
#8064=IFCDIRECTION((1.,0.,0.));
#8065=IFCAXIS2PLACEMENT3D(#8062,#8063,#8064);
#8066=IFCEXTRUDEDAREASOLID(#8061,#8065,#8060,3.);
#8067=IFCSHAPEREPRESENTATION(#11,'Body','SweptSolid',(#8066));
#8068=IFCPRODUCTDEFINITIONSHAPE($,$,(#8067));
#8074=IFCCOLUMN('0fH7HtUv19fQekiJmdfxaT',$,'col51',$,$,#14979,#8085,$,$);
#8075=IFCCARTESIANPOINTLIST2D(((0.,0.),(0.,0.40000000000000002),(0.40000000000000002,0.40000000000000002),(0.40000000000000002,0.),(0.,0.)));
#8076=IFCINDEXEDPOLYCURVE(#8075,$,.F.);
#8077=IFCDIRECTION((0.,0.,1.));
#8078=IFCARBITRARYCLOSEDPROFILEDEF(.AREA.,$,#8076);
#8079=IFCCARTESIANPOINT((0.,0.,0.));
#8080=IFCDIRECTION((0.,0.,1.));
#8081=IFCDIRECTION((1.,0.,0.));
#8082=IFCAXIS2PLACEMENT3D(#8079,#8080,#8081);
#8083=IFCEXTRUDEDAREASOLID(#8078,#8082,#8077,3.);
#8084=IFCSHAPEREPRESENTATION(#11,'Body','SweptSolid',(#8083));
#8085=IFCPRODUCTDEFINITIONSHAPE($,$,(#8084));
#8091=IFCCOLUMN('3ZRanLO795LgSaFWwKick0',$,'col52',$,$,#16104,#8102,$,$);
#8092=IFCCARTESIANPOINTLIST2D(((0.,0.),(0.,0.40000000000000002),(0.40000000000000002,0.40000000000000002),(0.40000000000000002,0.),(0.,0.)));
#8093=IFCINDEXEDPOLYCURVE(#8092,$,.F.);
#8094=IFCDIRECTION((0.,0.,1.));
#8095=IFCARBITRARYCLOSEDPROFILEDEF(.AREA.,$,#8093);
#8096=IFCCARTESIANPOINT((0.,0.,0.));
#8097=IFCDIRECTION((0.,0.,1.));
#8098=IFCDIRECTION((1.,0.,0.));
#8099=IFCAXIS2PLACEMENT3D(#8096,#8097,#8098);
#8100=IFCEXTRUDEDAREASOLID(#8095,#8099,#8094,3.);
#8101=IFCSHAPEREPRESENTATION(#11,'Body','SweptSolid',(#8100));
#8102=IFCPRODUCTDEFINITIONSHAPE($,$,(#8101));
#8108=IFCCOLUMN('3QFjH01wP8d82WDifKvhgm',$,'col53',$,$,#17244,#8119,$,$);
#8109=IFCCARTESIANPOINTLIST2D(((0.,0.),(0.,0.40000000000000002),(0.40000000000000002,0.40000000000000002),(0.40000000000000002,0.),(0.,0.)));
#8110=IFCINDEXEDPOLYCURVE(#8109,$,.F.);
#8111=IFCDIRECTION((0.,0.,1.));
#8112=IFCARBITRARYCLOSEDPROFILEDEF(.AREA.,$,#8110);
#8113=IFCCARTESIANPOINT((0.,0.,0.));
#8114=IFCDIRECTION((0.,0.,1.));
#8115=IFCDIRECTION((1.,0.,0.));
#8116=IFCAXIS2PLACEMENT3D(#8113,#8114,#8115);
#8117=IFCEXTRUDEDAREASOLID(#8112,#8116,#8111,3.);
#8118=IFCSHAPEREPRESENTATION(#11,'Body','SweptSolid',(#8117));
#8119=IFCPRODUCTDEFINITIONSHAPE($,$,(#8118));
#8125=IFCCOLUMN('0unH9q0o13HxqwM71yDezM',$,'col54',$,$,#16999,#8136,$,$);
#8126=IFCCARTESIANPOINTLIST2D(((0.,0.),(0.,0.40000000000000002),(0.40000000000000002,0.40000000000000002),(0.40000000000000002,0.),(0.,0.)));
#8127=IFCINDEXEDPOLYCURVE(#8126,$,.F.);
#8128=IFCDIRECTION((0.,0.,1.));
#8129=IFCARBITRARYCLOSEDPROFILEDEF(.AREA.,$,#8127);
#8130=IFCCARTESIANPOINT((0.,0.,0.));
#8131=IFCDIRECTION((0.,0.,1.));
#8132=IFCDIRECTION((1.,0.,0.));
#8133=IFCAXIS2PLACEMENT3D(#8130,#8131,#8132);
#8134=IFCEXTRUDEDAREASOLID(#8129,#8133,#8128,3.);
#8135=IFCSHAPEREPRESENTATION(#11,'Body','SweptSolid',(#8134));
#8136=IFCPRODUCTDEFINITIONSHAPE($,$,(#8135));
#8142=IFCCOLUMN('0k8Ykn1iH5ORO9wi6Xh1Uo',$,'col55',$,$,#15024,#8153,$,$);
#8143=IFCCARTESIANPOINTLIST2D(((0.,0.),(0.,0.40000000000000002),(0.40000000000000002,0.40000000000000002),(0.40000000000000002,0.),(0.,0.)));
#8144=IFCINDEXEDPOLYCURVE(#8143,$,.F.);
#8145=IFCDIRECTION((0.,0.,1.));
#8146=IFCARBITRARYCLOSEDPROFILEDEF(.AREA.,$,#8144);
#8147=IFCCARTESIANPOINT((0.,0.,0.));
#8148=IFCDIRECTION((0.,0.,1.));
#8149=IFCDIRECTION((1.,0.,0.));
#8150=IFCAXIS2PLACEMENT3D(#8147,#8148,#8149);
#8151=IFCEXTRUDEDAREASOLID(#8146,#8150,#8145,3.);
#8152=IFCSHAPEREPRESENTATION(#11,'Body','SweptSolid',(#8151));
#8153=IFCPRODUCTDEFINITIONSHAPE($,$,(#8152));
#8159=IFCCOLUMN('332Un493vCfgsiTcgLvfBJ',$,'col56',$,$,#14809,#8170,$,$);
#8160=IFCCARTESIANPOINTLIST2D(((0.,0.),(0.,0.40000000000000002),(0.40000000000000002,0.40000000000000002),(0.40000000000000002,0.),(0.,0.)));
#8161=IFCINDEXEDPOLYCURVE(#8160,$,.F.);
#8162=IFCDIRECTION((0.,0.,1.));
#8163=IFCARBITRARYCLOSEDPROFILEDEF(.AREA.,$,#8161);
#8164=IFCCARTESIANPOINT((0.,0.,0.));
#8165=IFCDIRECTION((0.,0.,1.));
#8166=IFCDIRECTION((1.,0.,0.));
#8167=IFCAXIS2PLACEMENT3D(#8164,#8165,#8166);
#8168=IFCEXTRUDEDAREASOLID(#8163,#8167,#8162,3.);
#8169=IFCSHAPEREPRESENTATION(#11,'Body','SweptSolid',(#8168));
#8170=IFCPRODUCTDEFINITIONSHAPE($,$,(#8169));
#8176=IFCCOLUMN('2zReIvfYX8JBTQ4Nrx54cq',$,'col57',$,$,#15909,#8187,$,$);
#8177=IFCCARTESIANPOINTLIST2D(((0.,0.),(0.,0.40000000000000002),(0.40000000000000002,0.40000000000000002),(0.40000000000000002,0.),(0.,0.)));
#8178=IFCINDEXEDPOLYCURVE(#8177,$,.F.);
#8179=IFCDIRECTION((0.,0.,1.));
#8180=IFCARBITRARYCLOSEDPROFILEDEF(.AREA.,$,#8178);
#8181=IFCCARTESIANPOINT((0.,0.,0.));
#8182=IFCDIRECTION((0.,0.,1.));
#8183=IFCDIRECTION((1.,0.,0.));
#8184=IFCAXIS2PLACEMENT3D(#8181,#8182,#8183);
#8185=IFCEXTRUDEDAREASOLID(#8180,#8184,#8179,3.);
#8186=IFCSHAPEREPRESENTATION(#11,'Body','SweptSolid',(#8185));
#8187=IFCPRODUCTDEFINITIONSHAPE($,$,(#8186));
#8193=IFCCOLUMN('02IsLGBaz5VR6WFG0PtitP',$,'col58',$,$,#17044,#8204,$,$);
#8194=IFCCARTESIANPOINTLIST2D(((0.,0.),(0.,0.40000000000000002),(0.40000000000000002,0.40000000000000002),(0.40000000000000002,0.),(0.,0.)));
#8195=IFCINDEXEDPOLYCURVE(#8194,$,.F.);
#8196=IFCDIRECTION((0.,0.,1.));
#8197=IFCARBITRARYCLOSEDPROFILEDEF(.AREA.,$,#8195);
#8198=IFCCARTESIANPOINT((0.,0.,0.));
#8199=IFCDIRECTION((0.,0.,1.));
#8200=IFCDIRECTION((1.,0.,0.));
#8201=IFCAXIS2PLACEMENT3D(#8198,#8199,#8200);
#8202=IFCEXTRUDEDAREASOLID(#8197,#8201,#8196,3.);
#8203=IFCSHAPEREPRESENTATION(#11,'Body','SweptSolid',(#8202));
#8204=IFCPRODUCTDEFINITIONSHAPE($,$,(#8203));
#8210=IFCCOLUMN('335pKrGr962eg$MXo3C6a4',$,'col59',$,$,#18154,#8221,$,$);
#8211=IFCCARTESIANPOINTLIST2D(((0.,0.),(0.,0.40000000000000002),(0.40000000000000002,0.40000000000000002),(0.40000000000000002,0.),(0.,0.)));
#8212=IFCINDEXEDPOLYCURVE(#8211,$,.F.);
#8213=IFCDIRECTION((0.,0.,1.));
#8214=IFCARBITRARYCLOSEDPROFILEDEF(.AREA.,$,#8212);
#8215=IFCCARTESIANPOINT((0.,0.,0.));
#8216=IFCDIRECTION((0.,0.,1.));
#8217=IFCDIRECTION((1.,0.,0.));
#8218=IFCAXIS2PLACEMENT3D(#8215,#8216,#8217);
#8219=IFCEXTRUDEDAREASOLID(#8214,#8218,#8213,3.);
#8220=IFCSHAPEREPRESENTATION(#11,'Body','SweptSolid',(#8219));
#8221=IFCPRODUCTDEFINITIONSHAPE($,$,(#8220));
#8227=IFCCOLUMN('1FB_1TVl503gWYWfPoNnsf',$,'col60',$,$,#15094,#8238,$,$);
#8228=IFCCARTESIANPOINTLIST2D(((0.,0.),(0.,0.40000000000000002),(0.40000000000000002,0.40000000000000002),(0.40000000000000002,0.),(0.,0.)));
#8229=IFCINDEXEDPOLYCURVE(#8228,$,.F.);
#8230=IFCDIRECTION((0.,0.,1.));
#8231=IFCARBITRARYCLOSEDPROFILEDEF(.AREA.,$,#8229);
#8232=IFCCARTESIANPOINT((0.,0.,0.));
#8233=IFCDIRECTION((0.,0.,1.));
#8234=IFCDIRECTION((1.,0.,0.));
#8235=IFCAXIS2PLACEMENT3D(#8232,#8233,#8234);
#8236=IFCEXTRUDEDAREASOLID(#8231,#8235,#8230,3.);
#8237=IFCSHAPEREPRESENTATION(#11,'Body','SweptSolid',(#8236));
#8238=IFCPRODUCTDEFINITIONSHAPE($,$,(#8237));
#8244=IFCCOLUMN('26NQllRh1EPudIu_EwdtLc',$,'col61',$,$,#15979,#8255,$,$);
#8245=IFCCARTESIANPOINTLIST2D(((0.,0.),(0.,0.40000000000000002),(0.40000000000000002,0.40000000000000002),(0.40000000000000002,0.),(0.,0.)));
#8246=IFCINDEXEDPOLYCURVE(#8245,$,.F.);
#8247=IFCDIRECTION((0.,0.,1.));
#8248=IFCARBITRARYCLOSEDPROFILEDEF(.AREA.,$,#8246);
#8249=IFCCARTESIANPOINT((0.,0.,0.));
#8250=IFCDIRECTION((0.,0.,1.));
#8251=IFCDIRECTION((1.,0.,0.));
#8252=IFCAXIS2PLACEMENT3D(#8249,#8250,#8251);
#8253=IFCEXTRUDEDAREASOLID(#8248,#8252,#8247,3.);
#8254=IFCSHAPEREPRESENTATION(#11,'Body','SweptSolid',(#8253));
#8255=IFCPRODUCTDEFINITIONSHAPE($,$,(#8254));
#8261=IFCCOLUMN('0Hlw7b6wP14wbmFUheEuD9',$,'col62',$,$,#16834,#8272,$,$);
#8262=IFCCARTESIANPOINTLIST2D(((0.,0.),(0.,0.40000000000000002),(0.40000000000000002,0.40000000000000002),(0.40000000000000002,0.),(0.,0.)));
#8263=IFCINDEXEDPOLYCURVE(#8262,$,.F.);
#8264=IFCDIRECTION((0.,0.,1.));
#8265=IFCARBITRARYCLOSEDPROFILEDEF(.AREA.,$,#8263);
#8266=IFCCARTESIANPOINT((0.,0.,0.));
#8267=IFCDIRECTION((0.,0.,1.));
#8268=IFCDIRECTION((1.,0.,0.));
#8269=IFCAXIS2PLACEMENT3D(#8266,#8267,#8268);
#8270=IFCEXTRUDEDAREASOLID(#8265,#8269,#8264,3.);
#8271=IFCSHAPEREPRESENTATION(#11,'Body','SweptSolid',(#8270));
#8272=IFCPRODUCTDEFINITIONSHAPE($,$,(#8271));
#8278=IFCCOLUMN('1oV01kqNbCoBGMhSIaqErI',$,'col63',$,$,#17989,#8289,$,$);
#8279=IFCCARTESIANPOINTLIST2D(((0.,0.),(0.,0.40000000000000002),(0.40000000000000002,0.40000000000000002),(0.40000000000000002,0.),(0.,0.)));
#8280=IFCINDEXEDPOLYCURVE(#8279,$,.F.);
#8281=IFCDIRECTION((0.,0.,1.));
#8282=IFCARBITRARYCLOSEDPROFILEDEF(.AREA.,$,#8280);
#8283=IFCCARTESIANPOINT((0.,0.,0.));
#8284=IFCDIRECTION((0.,0.,1.));
#8285=IFCDIRECTION((1.,0.,0.));
#8286=IFCAXIS2PLACEMENT3D(#8283,#8284,#8285);
#8287=IFCEXTRUDEDAREASOLID(#8282,#8286,#8281,3.);
#8288=IFCSHAPEREPRESENTATION(#11,'Body','SweptSolid',(#8287));
#8289=IFCPRODUCTDEFINITIONSHAPE($,$,(#8288));
#8295=IFCCOLUMN('1Qxcxhz8zFV8IWprlqgNdO',$,'col64',$,$,#14844,#8306,$,$);
#8296=IFCCARTESIANPOINTLIST2D(((0.,0.),(0.,0.40000000000000002),(0.40000000000000002,0.40000000000000002),(0.40000000000000002,0.),(0.,0.)));
#8297=IFCINDEXEDPOLYCURVE(#8296,$,.F.);
#8298=IFCDIRECTION((0.,0.,1.));
#8299=IFCARBITRARYCLOSEDPROFILEDEF(.AREA.,$,#8297);
#8300=IFCCARTESIANPOINT((0.,0.,0.));
#8301=IFCDIRECTION((0.,0.,1.));
#8302=IFCDIRECTION((1.,0.,0.));
#8303=IFCAXIS2PLACEMENT3D(#8300,#8301,#8302);
#8304=IFCEXTRUDEDAREASOLID(#8299,#8303,#8298,3.);
#8305=IFCSHAPEREPRESENTATION(#11,'Body','SweptSolid',(#8304));
#8306=IFCPRODUCTDEFINITIONSHAPE($,$,(#8305));
#8312=IFCCOLUMN('1Uj9RV7XD13e5vm78mlDLQ',$,'col65',$,$,#15954,#8323,$,$);
#8313=IFCCARTESIANPOINTLIST2D(((0.,0.),(0.,0.40000000000000002),(0.40000000000000002,0.40000000000000002),(0.40000000000000002,0.),(0.,0.)));
#8314=IFCINDEXEDPOLYCURVE(#8313,$,.F.);
#8315=IFCDIRECTION((0.,0.,1.));
#8316=IFCARBITRARYCLOSEDPROFILEDEF(.AREA.,$,#8314);
#8317=IFCCARTESIANPOINT((0.,0.,0.));
#8318=IFCDIRECTION((0.,0.,1.));
#8319=IFCDIRECTION((1.,0.,0.));
#8320=IFCAXIS2PLACEMENT3D(#8317,#8318,#8319);
#8321=IFCEXTRUDEDAREASOLID(#8316,#8320,#8315,3.);
#8322=IFCSHAPEREPRESENTATION(#11,'Body','SweptSolid',(#8321));
#8323=IFCPRODUCTDEFINITIONSHAPE($,$,(#8322));
#8329=IFCCOLUMN('3c7h$q1Wz3BfS5UZ1Bq6nh',$,'col66',$,$,#17084,#8340,$,$);
#8330=IFCCARTESIANPOINTLIST2D(((0.,0.),(0.,0.40000000000000002),(0.40000000000000002,0.40000000000000002),(0.40000000000000002,0.),(0.,0.)));
#8331=IFCINDEXEDPOLYCURVE(#8330,$,.F.);
#8332=IFCDIRECTION((0.,0.,1.));
#8333=IFCARBITRARYCLOSEDPROFILEDEF(.AREA.,$,#8331);
#8334=IFCCARTESIANPOINT((0.,0.,0.));
#8335=IFCDIRECTION((0.,0.,1.));
#8336=IFCDIRECTION((1.,0.,0.));
#8337=IFCAXIS2PLACEMENT3D(#8334,#8335,#8336);
#8338=IFCEXTRUDEDAREASOLID(#8333,#8337,#8332,3.);
#8339=IFCSHAPEREPRESENTATION(#11,'Body','SweptSolid',(#8338));
#8340=IFCPRODUCTDEFINITIONSHAPE($,$,(#8339));
#8346=IFCCOLUMN('3y_HWeepT15OxrLZw7ayb_',$,'col67',$,$,#18039,#8357,$,$);
#8347=IFCCARTESIANPOINTLIST2D(((0.,0.),(0.,0.40000000000000002),(0.40000000000000002,0.40000000000000002),(0.40000000000000002,0.),(0.,0.)));
#8348=IFCINDEXEDPOLYCURVE(#8347,$,.F.);
#8349=IFCDIRECTION((0.,0.,1.));
#8350=IFCARBITRARYCLOSEDPROFILEDEF(.AREA.,$,#8348);
#8351=IFCCARTESIANPOINT((0.,0.,0.));
#8352=IFCDIRECTION((0.,0.,1.));
#8353=IFCDIRECTION((1.,0.,0.));
#8354=IFCAXIS2PLACEMENT3D(#8351,#8352,#8353);
#8355=IFCEXTRUDEDAREASOLID(#8350,#8354,#8349,3.);
#8356=IFCSHAPEREPRESENTATION(#11,'Body','SweptSolid',(#8355));
#8357=IFCPRODUCTDEFINITIONSHAPE($,$,(#8356));
#8363=IFCCOLUMN('3cLpwoHO5BlOLcbxOs2_rc',$,'col68',$,$,#14899,#8374,$,$);
#8364=IFCCARTESIANPOINTLIST2D(((0.,0.),(0.,0.40000000000000002),(0.40000000000000002,0.40000000000000002),(0.40000000000000002,0.),(0.,0.)));
#8365=IFCINDEXEDPOLYCURVE(#8364,$,.F.);
#8366=IFCDIRECTION((0.,0.,1.));
#8367=IFCARBITRARYCLOSEDPROFILEDEF(.AREA.,$,#8365);
#8368=IFCCARTESIANPOINT((0.,0.,0.));
#8369=IFCDIRECTION((0.,0.,1.));
#8370=IFCDIRECTION((1.,0.,0.));
#8371=IFCAXIS2PLACEMENT3D(#8368,#8369,#8370);
#8372=IFCEXTRUDEDAREASOLID(#8367,#8371,#8366,3.);
#8373=IFCSHAPEREPRESENTATION(#11,'Body','SweptSolid',(#8372));
#8374=IFCPRODUCTDEFINITIONSHAPE($,$,(#8373));
#8380=IFCCOLUMN('0wy_dvLuXBIuGe6Hk5iW59',$,'col69',$,$,#16009,#8391,$,$);
#8381=IFCCARTESIANPOINTLIST2D(((0.,0.),(0.,0.40000000000000002),(0.40000000000000002,0.40000000000000002),(0.40000000000000002,0.),(0.,0.)));
#8382=IFCINDEXEDPOLYCURVE(#8381,$,.F.);
#8383=IFCDIRECTION((0.,0.,1.));
#8384=IFCARBITRARYCLOSEDPROFILEDEF(.AREA.,$,#8382);
#8385=IFCCARTESIANPOINT((0.,0.,0.));
#8386=IFCDIRECTION((0.,0.,1.));
#8387=IFCDIRECTION((1.,0.,0.));
#8388=IFCAXIS2PLACEMENT3D(#8385,#8386,#8387);
#8389=IFCEXTRUDEDAREASOLID(#8384,#8388,#8383,3.);
#8390=IFCSHAPEREPRESENTATION(#11,'Body','SweptSolid',(#8389));
#8391=IFCPRODUCTDEFINITIONSHAPE($,$,(#8390));
#8397=IFCCOLUMN('17Dly6nlbBIBUQOh7WsoPD',$,'col70',$,$,#17144,#8408,$,$);
#8398=IFCCARTESIANPOINTLIST2D(((0.,0.),(0.,0.40000000000000002),(0.40000000000000002,0.40000000000000002),(0.40000000000000002,0.),(0.,0.)));
#8399=IFCINDEXEDPOLYCURVE(#8398,$,.F.);
#8400=IFCDIRECTION((0.,0.,1.));
#8401=IFCARBITRARYCLOSEDPROFILEDEF(.AREA.,$,#8399);
#8402=IFCCARTESIANPOINT((0.,0.,0.));
#8403=IFCDIRECTION((0.,0.,1.));
#8404=IFCDIRECTION((1.,0.,0.));
#8405=IFCAXIS2PLACEMENT3D(#8402,#8403,#8404);
#8406=IFCEXTRUDEDAREASOLID(#8401,#8405,#8400,3.);
#8407=IFCSHAPEREPRESENTATION(#11,'Body','SweptSolid',(#8406));
#8408=IFCPRODUCTDEFINITIONSHAPE($,$,(#8407));
#8414=IFCCOLUMN('1D2TjHxif0XP3cwP09Cwti',$,'col71',$,$,#16939,#8425,$,$);
#8415=IFCCARTESIANPOINTLIST2D(((0.,0.),(0.,0.40000000000000002),(0.40000000000000002,0.40000000000000002),(0.40000000000000002,0.),(0.,0.)));
#8416=IFCINDEXEDPOLYCURVE(#8415,$,.F.);
#8417=IFCDIRECTION((0.,0.,1.));
#8418=IFCARBITRARYCLOSEDPROFILEDEF(.AREA.,$,#8416);
#8419=IFCCARTESIANPOINT((0.,0.,0.));
#8420=IFCDIRECTION((0.,0.,1.));
#8421=IFCDIRECTION((1.,0.,0.));
#8422=IFCAXIS2PLACEMENT3D(#8419,#8420,#8421);
#8423=IFCEXTRUDEDAREASOLID(#8418,#8422,#8417,3.);
#8424=IFCSHAPEREPRESENTATION(#11,'Body','SweptSolid',(#8423));
#8425=IFCPRODUCTDEFINITIONSHAPE($,$,(#8424));
#8431=IFCCOLUMN('19$JeZ0pz8yOkkOrYNFvKq',$,'col72',$,$,#14954,#8442,$,$);
#8432=IFCCARTESIANPOINTLIST2D(((0.,0.),(0.,0.40000000000000002),(0.40000000000000002,0.40000000000000002),(0.40000000000000002,0.),(0.,0.)));
#8433=IFCINDEXEDPOLYCURVE(#8432,$,.F.);
#8434=IFCDIRECTION((0.,0.,1.));
#8435=IFCARBITRARYCLOSEDPROFILEDEF(.AREA.,$,#8433);
#8436=IFCCARTESIANPOINT((0.,0.,0.));
#8437=IFCDIRECTION((0.,0.,1.));
#8438=IFCDIRECTION((1.,0.,0.));
#8439=IFCAXIS2PLACEMENT3D(#8436,#8437,#8438);
#8440=IFCEXTRUDEDAREASOLID(#8435,#8439,#8434,3.);
#8441=IFCSHAPEREPRESENTATION(#11,'Body','SweptSolid',(#8440));
#8442=IFCPRODUCTDEFINITIONSHAPE($,$,(#8441));
#8448=IFCCOLUMN('0HpDthyt5FEPDktyyxO87V',$,'col73',$,$,#16079,#8459,$,$);
#8449=IFCCARTESIANPOINTLIST2D(((0.,0.),(0.,0.40000000000000002),(0.40000000000000002,0.40000000000000002),(0.40000000000000002,0.),(0.,0.)));
#8450=IFCINDEXEDPOLYCURVE(#8449,$,.F.);
#8451=IFCDIRECTION((0.,0.,1.));
#8452=IFCARBITRARYCLOSEDPROFILEDEF(.AREA.,$,#8450);
#8453=IFCCARTESIANPOINT((0.,0.,0.));
#8454=IFCDIRECTION((0.,0.,1.));
#8455=IFCDIRECTION((1.,0.,0.));
#8456=IFCAXIS2PLACEMENT3D(#8453,#8454,#8455);
#8457=IFCEXTRUDEDAREASOLID(#8452,#8456,#8451,3.);
#8458=IFCSHAPEREPRESENTATION(#11,'Body','SweptSolid',(#8457));
#8459=IFCPRODUCTDEFINITIONSHAPE($,$,(#8458));
#8465=IFCCOLUMN('08RMaqwXPEdR23XkcXpoAk',$,'col74',$,$,#15834,#8476,$,$);
#8466=IFCCARTESIANPOINTLIST2D(((0.,0.),(0.,0.40000000000000002),(0.40000000000000002,0.40000000000000002),(0.40000000000000002,0.),(0.,0.)));
#8467=IFCINDEXEDPOLYCURVE(#8466,$,.F.);
#8468=IFCDIRECTION((0.,0.,1.));
#8469=IFCARBITRARYCLOSEDPROFILEDEF(.AREA.,$,#8467);
#8470=IFCCARTESIANPOINT((0.,0.,0.));
#8471=IFCDIRECTION((0.,0.,1.));
#8472=IFCDIRECTION((1.,0.,0.));
#8473=IFCAXIS2PLACEMENT3D(#8470,#8471,#8472);
#8474=IFCEXTRUDEDAREASOLID(#8469,#8473,#8468,3.);
#8475=IFCSHAPEREPRESENTATION(#11,'Body','SweptSolid',(#8474));
#8476=IFCPRODUCTDEFINITIONSHAPE($,$,(#8475));
#8482=IFCCOLUMN('2t2T8FlRT8Mevu8vedOl09',$,'col75',$,$,#16979,#8493,$,$);
#8483=IFCCARTESIANPOINTLIST2D(((0.,0.),(0.,0.40000000000000002),(0.40000000000000002,0.40000000000000002),(0.40000000000000002,0.),(0.,0.)));
#8484=IFCINDEXEDPOLYCURVE(#8483,$,.F.);
#8485=IFCDIRECTION((0.,0.,1.));
#8486=IFCARBITRARYCLOSEDPROFILEDEF(.AREA.,$,#8484);
#8487=IFCCARTESIANPOINT((0.,0.,0.));
#8488=IFCDIRECTION((0.,0.,1.));
#8489=IFCDIRECTION((1.,0.,0.));
#8490=IFCAXIS2PLACEMENT3D(#8487,#8488,#8489);
#8491=IFCEXTRUDEDAREASOLID(#8486,#8490,#8485,3.);
#8492=IFCSHAPEREPRESENTATION(#11,'Body','SweptSolid',(#8491));
#8493=IFCPRODUCTDEFINITIONSHAPE($,$,(#8492));
#8499=IFCCOLUMN('3bVN5C9ZH34BtquJhFvS_F',$,'col76',$,$,#17819,#8510,$,$);
#8500=IFCCARTESIANPOINTLIST2D(((0.,0.),(0.,0.40000000000000002),(0.40000000000000002,0.40000000000000002),(0.40000000000000002,0.),(0.,0.)));
#8501=IFCINDEXEDPOLYCURVE(#8500,$,.F.);
#8502=IFCDIRECTION((0.,0.,1.));
#8503=IFCARBITRARYCLOSEDPROFILEDEF(.AREA.,$,#8501);
#8504=IFCCARTESIANPOINT((0.,0.,0.));
#8505=IFCDIRECTION((0.,0.,1.));
#8506=IFCDIRECTION((1.,0.,0.));
#8507=IFCAXIS2PLACEMENT3D(#8504,#8505,#8506);
#8508=IFCEXTRUDEDAREASOLID(#8503,#8507,#8502,3.);
#8509=IFCSHAPEREPRESENTATION(#11,'Body','SweptSolid',(#8508));
#8510=IFCPRODUCTDEFINITIONSHAPE($,$,(#8509));
#8516=IFCCOLUMN('0cuI8pvXzAKhMOKfh_r$HP',$,'col77',$,$,#14694,#8527,$,$);
#8517=IFCCARTESIANPOINTLIST2D(((0.,0.),(0.,0.40000000000000002),(0.40000000000000002,0.40000000000000002),(0.40000000000000002,0.),(0.,0.)));
#8518=IFCINDEXEDPOLYCURVE(#8517,$,.F.);
#8519=IFCDIRECTION((0.,0.,1.));
#8520=IFCARBITRARYCLOSEDPROFILEDEF(.AREA.,$,#8518);
#8521=IFCCARTESIANPOINT((0.,0.,0.));
#8522=IFCDIRECTION((0.,0.,1.));
#8523=IFCDIRECTION((1.,0.,0.));
#8524=IFCAXIS2PLACEMENT3D(#8521,#8522,#8523);
#8525=IFCEXTRUDEDAREASOLID(#8520,#8524,#8519,3.);
#8526=IFCSHAPEREPRESENTATION(#11,'Body','SweptSolid',(#8525));
#8527=IFCPRODUCTDEFINITIONSHAPE($,$,(#8526));
#8533=IFCCOLUMN('39DgPnNLfFzAJKtF9Zj9dp',$,'col78',$,$,#15659,#8544,$,$);
#8534=IFCCARTESIANPOINTLIST2D(((0.,0.),(0.,0.40000000000000002),(0.40000000000000002,0.40000000000000002),(0.40000000000000002,0.),(0.,0.)));
#8535=IFCINDEXEDPOLYCURVE(#8534,$,.F.);
#8536=IFCDIRECTION((0.,0.,1.));
#8537=IFCARBITRARYCLOSEDPROFILEDEF(.AREA.,$,#8535);
#8538=IFCCARTESIANPOINT((0.,0.,0.));
#8539=IFCDIRECTION((0.,0.,1.));
#8540=IFCDIRECTION((1.,0.,0.));
#8541=IFCAXIS2PLACEMENT3D(#8538,#8539,#8540);
#8542=IFCEXTRUDEDAREASOLID(#8537,#8541,#8536,3.);
#8543=IFCSHAPEREPRESENTATION(#11,'Body','SweptSolid',(#8542));
#8544=IFCPRODUCTDEFINITIONSHAPE($,$,(#8543));
#8550=IFCCOLUMN('0Jl29xDabCiO6kF5zrogj0',$,'col79',$,$,#16749,#8561,$,$);
#8551=IFCCARTESIANPOINTLIST2D(((0.,0.),(0.,0.40000000000000002),(0.40000000000000002,0.40000000000000002),(0.40000000000000002,0.),(0.,0.)));
#8552=IFCINDEXEDPOLYCURVE(#8551,$,.F.);
#8553=IFCDIRECTION((0.,0.,1.));
#8554=IFCARBITRARYCLOSEDPROFILEDEF(.AREA.,$,#8552);
#8555=IFCCARTESIANPOINT((0.,0.,0.));
#8556=IFCDIRECTION((0.,0.,1.));
#8557=IFCDIRECTION((1.,0.,0.));
#8558=IFCAXIS2PLACEMENT3D(#8555,#8556,#8557);
#8559=IFCEXTRUDEDAREASOLID(#8554,#8558,#8553,3.);
#8560=IFCSHAPEREPRESENTATION(#11,'Body','SweptSolid',(#8559));
#8561=IFCPRODUCTDEFINITIONSHAPE($,$,(#8560));
#8567=IFCCOLUMN('0yGGij3yv3VOrEvaAKvyLk',$,'col80',$,$,#17894,#8578,$,$);
#8568=IFCCARTESIANPOINTLIST2D(((0.,0.),(0.,0.40000000000000002),(0.40000000000000002,0.40000000000000002),(0.40000000000000002,0.),(0.,0.)));
#8569=IFCINDEXEDPOLYCURVE(#8568,$,.F.);
#8570=IFCDIRECTION((0.,0.,1.));
#8571=IFCARBITRARYCLOSEDPROFILEDEF(.AREA.,$,#8569);
#8572=IFCCARTESIANPOINT((0.,0.,0.));
#8573=IFCDIRECTION((0.,0.,1.));
#8574=IFCDIRECTION((1.,0.,0.));
#8575=IFCAXIS2PLACEMENT3D(#8572,#8573,#8574);
#8576=IFCEXTRUDEDAREASOLID(#8571,#8575,#8570,3.);
#8577=IFCSHAPEREPRESENTATION(#11,'Body','SweptSolid',(#8576));
#8578=IFCPRODUCTDEFINITIONSHAPE($,$,(#8577));
#8584=IFCCOLUMN('0YIriJQQP5GuScz5bQIFOZ',$,'col81',$,$,#14749,#8595,$,$);
#8585=IFCCARTESIANPOINTLIST2D(((0.,0.),(0.,0.40000000000000002),(0.40000000000000002,0.40000000000000002),(0.40000000000000002,0.),(0.,0.)));
#8586=IFCINDEXEDPOLYCURVE(#8585,$,.F.);
#8587=IFCDIRECTION((0.,0.,1.));
#8588=IFCARBITRARYCLOSEDPROFILEDEF(.AREA.,$,#8586);
#8589=IFCCARTESIANPOINT((0.,0.,0.));
#8590=IFCDIRECTION((0.,0.,1.));
#8591=IFCDIRECTION((1.,0.,0.));
#8592=IFCAXIS2PLACEMENT3D(#8589,#8590,#8591);
#8593=IFCEXTRUDEDAREASOLID(#8588,#8592,#8587,3.);
#8594=IFCSHAPEREPRESENTATION(#11,'Body','SweptSolid',(#8593));
#8595=IFCPRODUCTDEFINITIONSHAPE($,$,(#8594));
#8601=IFCCOLUMN('0uSxW5eYzCsg2QoRMHXllC',$,'col82',$,$,#15874,#8612,$,$);
#8602=IFCCARTESIANPOINTLIST2D(((0.,0.),(0.,0.40000000000000002),(0.40000000000000002,0.40000000000000002),(0.40000000000000002,0.),(0.,0.)));
#8603=IFCINDEXEDPOLYCURVE(#8602,$,.F.);
#8604=IFCDIRECTION((0.,0.,1.));
#8605=IFCARBITRARYCLOSEDPROFILEDEF(.AREA.,$,#8603);
#8606=IFCCARTESIANPOINT((0.,0.,0.));
#8607=IFCDIRECTION((0.,0.,1.));
#8608=IFCDIRECTION((1.,0.,0.));
#8609=IFCAXIS2PLACEMENT3D(#8606,#8607,#8608);
#8610=IFCEXTRUDEDAREASOLID(#8605,#8609,#8604,3.);
#8611=IFCSHAPEREPRESENTATION(#11,'Body','SweptSolid',(#8610));
#8612=IFCPRODUCTDEFINITIONSHAPE($,$,(#8611));
#8618=IFCCOLUMN('0XOha9RUL9uRgJ2K_p0Aso',$,'col83',$,$,#16809,#8629,$,$);
#8619=IFCCARTESIANPOINTLIST2D(((0.,0.),(0.,0.40000000000000002),(0.40000000000000002,0.40000000000000002),(0.40000000000000002,0.),(0.,0.)));
#8620=IFCINDEXEDPOLYCURVE(#8619,$,.F.);
#8621=IFCDIRECTION((0.,0.,1.));
#8622=IFCARBITRARYCLOSEDPROFILEDEF(.AREA.,$,#8620);
#8623=IFCCARTESIANPOINT((0.,0.,0.));
#8624=IFCDIRECTION((0.,0.,1.));
#8625=IFCDIRECTION((1.,0.,0.));
#8626=IFCAXIS2PLACEMENT3D(#8623,#8624,#8625);
#8627=IFCEXTRUDEDAREASOLID(#8622,#8626,#8621,3.);
#8628=IFCSHAPEREPRESENTATION(#11,'Body','SweptSolid',(#8627));
#8629=IFCPRODUCTDEFINITIONSHAPE($,$,(#8628));
#8635=IFCCOLUMN('3REKbQkXTD5e0ocWQIAfcP',$,'col84',$,$,#17964,#8646,$,$);
#8636=IFCCARTESIANPOINTLIST2D(((0.,0.),(0.,0.40000000000000002),(0.40000000000000002,0.40000000000000002),(0.40000000000000002,0.),(0.,0.)));
#8637=IFCINDEXEDPOLYCURVE(#8636,$,.F.);
#8638=IFCDIRECTION((0.,0.,1.));
#8639=IFCARBITRARYCLOSEDPROFILEDEF(.AREA.,$,#8637);
#8640=IFCCARTESIANPOINT((0.,0.,0.));
#8641=IFCDIRECTION((0.,0.,1.));
#8642=IFCDIRECTION((1.,0.,0.));
#8643=IFCAXIS2PLACEMENT3D(#8640,#8641,#8642);
#8644=IFCEXTRUDEDAREASOLID(#8639,#8643,#8638,3.);
#8645=IFCSHAPEREPRESENTATION(#11,'Body','SweptSolid',(#8644));
#8646=IFCPRODUCTDEFINITIONSHAPE($,$,(#8645));
#8652=IFCCOLUMN('3uGlFzqiP2ZP6wkCfI0tjT',$,'col85',$,$,#14824,#8663,$,$);
#8653=IFCCARTESIANPOINTLIST2D(((0.,0.),(0.,0.40000000000000002),(0.40000000000000002,0.40000000000000002),(0.40000000000000002,0.),(0.,0.)));
#8654=IFCINDEXEDPOLYCURVE(#8653,$,.F.);
#8655=IFCDIRECTION((0.,0.,1.));
#8656=IFCARBITRARYCLOSEDPROFILEDEF(.AREA.,$,#8654);
#8657=IFCCARTESIANPOINT((0.,0.,0.));
#8658=IFCDIRECTION((0.,0.,1.));
#8659=IFCDIRECTION((1.,0.,0.));
#8660=IFCAXIS2PLACEMENT3D(#8657,#8658,#8659);
#8661=IFCEXTRUDEDAREASOLID(#8656,#8660,#8655,3.);
#8662=IFCSHAPEREPRESENTATION(#11,'Body','SweptSolid',(#8661));
#8663=IFCPRODUCTDEFINITIONSHAPE($,$,(#8662));
#8669=IFCCOLUMN('2F7mhWNh17tevjdCp3yvKi',$,'col86',$,$,#15929,#8680,$,$);
#8670=IFCCARTESIANPOINTLIST2D(((0.,0.),(0.,0.40000000000000002),(0.40000000000000002,0.40000000000000002),(0.40000000000000002,0.),(0.,0.)));
#8671=IFCINDEXEDPOLYCURVE(#8670,$,.F.);
#8672=IFCDIRECTION((0.,0.,1.));
#8673=IFCARBITRARYCLOSEDPROFILEDEF(.AREA.,$,#8671);
#8674=IFCCARTESIANPOINT((0.,0.,0.));
#8675=IFCDIRECTION((0.,0.,1.));
#8676=IFCDIRECTION((1.,0.,0.));
#8677=IFCAXIS2PLACEMENT3D(#8674,#8675,#8676);
#8678=IFCEXTRUDEDAREASOLID(#8673,#8677,#8672,3.);
#8679=IFCSHAPEREPRESENTATION(#11,'Body','SweptSolid',(#8678));
#8680=IFCPRODUCTDEFINITIONSHAPE($,$,(#8679));
#8686=IFCCOLUMN('0b9mx11a96VxvbqaVbLSuO',$,'col87',$,$,#17059,#8697,$,$);
#8687=IFCCARTESIANPOINTLIST2D(((0.,0.),(0.,0.40000000000000002),(0.40000000000000002,0.40000000000000002),(0.40000000000000002,0.),(0.,0.)));
#8688=IFCINDEXEDPOLYCURVE(#8687,$,.F.);
#8689=IFCDIRECTION((0.,0.,1.));
#8690=IFCARBITRARYCLOSEDPROFILEDEF(.AREA.,$,#8688);
#8691=IFCCARTESIANPOINT((0.,0.,0.));
#8692=IFCDIRECTION((0.,0.,1.));
#8693=IFCDIRECTION((1.,0.,0.));
#8694=IFCAXIS2PLACEMENT3D(#8691,#8692,#8693);
#8695=IFCEXTRUDEDAREASOLID(#8690,#8694,#8689,3.);
#8696=IFCSHAPEREPRESENTATION(#11,'Body','SweptSolid',(#8695));
#8697=IFCPRODUCTDEFINITIONSHAPE($,$,(#8696));
#8703=IFCCOLUMN('3U9t738dXD3w34DnAVFuvY',$,'col88',$,$,#16889,#8714,$,$);
#8704=IFCCARTESIANPOINTLIST2D(((0.,0.),(0.,0.40000000000000002),(0.40000000000000002,0.40000000000000002),(0.40000000000000002,0.),(0.,0.)));
#8705=IFCINDEXEDPOLYCURVE(#8704,$,.F.);
#8706=IFCDIRECTION((0.,0.,1.));
#8707=IFCARBITRARYCLOSEDPROFILEDEF(.AREA.,$,#8705);
#8708=IFCCARTESIANPOINT((0.,0.,0.));
#8709=IFCDIRECTION((0.,0.,1.));
#8710=IFCDIRECTION((1.,0.,0.));
#8711=IFCAXIS2PLACEMENT3D(#8708,#8709,#8710);
#8712=IFCEXTRUDEDAREASOLID(#8707,#8711,#8706,3.);
#8713=IFCSHAPEREPRESENTATION(#11,'Body','SweptSolid',(#8712));
#8714=IFCPRODUCTDEFINITIONSHAPE($,$,(#8713));
#8720=IFCCOLUMN('1iVy4_YVLAsO4s7UIxIkK_',$,'col89',$,$,#14874,#8731,$,$);
#8721=IFCCARTESIANPOINTLIST2D(((0.,0.),(0.,0.40000000000000002),(0.40000000000000002,0.40000000000000002),(0.40000000000000002,0.),(0.,0.)));
#8722=IFCINDEXEDPOLYCURVE(#8721,$,.F.);
#8723=IFCDIRECTION((0.,0.,1.));
#8724=IFCARBITRARYCLOSEDPROFILEDEF(.AREA.,$,#8722);
#8725=IFCCARTESIANPOINT((0.,0.,0.));
#8726=IFCDIRECTION((0.,0.,1.));
#8727=IFCDIRECTION((1.,0.,0.));
#8728=IFCAXIS2PLACEMENT3D(#8725,#8726,#8727);
#8729=IFCEXTRUDEDAREASOLID(#8724,#8728,#8723,3.);
#8730=IFCSHAPEREPRESENTATION(#11,'Body','SweptSolid',(#8729));
#8731=IFCPRODUCTDEFINITIONSHAPE($,$,(#8730));
#8737=IFCCOLUMN('303sJ2KR10FerU6P9QhadS',$,'col90',$,$,#18584,#8748,$,$);
#8738=IFCCARTESIANPOINTLIST2D(((0.,0.),(0.,0.40000000000000002),(0.40000000000000002,0.40000000000000002),(0.40000000000000002,0.),(0.,0.)));
#8739=IFCINDEXEDPOLYCURVE(#8738,$,.F.);
#8740=IFCDIRECTION((0.,0.,1.));
#8741=IFCARBITRARYCLOSEDPROFILEDEF(.AREA.,$,#8739);
#8742=IFCCARTESIANPOINT((0.,0.,0.));
#8743=IFCDIRECTION((0.,0.,1.));
#8744=IFCDIRECTION((1.,0.,0.));
#8745=IFCAXIS2PLACEMENT3D(#8742,#8743,#8744);
#8746=IFCEXTRUDEDAREASOLID(#8741,#8745,#8740,3.);
#8747=IFCSHAPEREPRESENTATION(#11,'Body','SweptSolid',(#8746));
#8748=IFCPRODUCTDEFINITIONSHAPE($,$,(#8747));
#8754=IFCCOLUMN('0JD_1rYW16qfGwPTg$hSqy',$,'col91',$,$,#15539,#8765,$,$);
#8755=IFCCARTESIANPOINTLIST2D(((0.,0.),(0.,0.40000000000000002),(0.40000000000000002,0.40000000000000002),(0.40000000000000002,0.),(0.,0.)));
#8756=IFCINDEXEDPOLYCURVE(#8755,$,.F.);
#8757=IFCDIRECTION((0.,0.,1.));
#8758=IFCARBITRARYCLOSEDPROFILEDEF(.AREA.,$,#8756);
#8759=IFCCARTESIANPOINT((0.,0.,0.));
#8760=IFCDIRECTION((0.,0.,1.));
#8761=IFCDIRECTION((1.,0.,0.));
#8762=IFCAXIS2PLACEMENT3D(#8759,#8760,#8761);
#8763=IFCEXTRUDEDAREASOLID(#8758,#8762,#8757,3.);
#8764=IFCSHAPEREPRESENTATION(#11,'Body','SweptSolid',(#8763));
#8765=IFCPRODUCTDEFINITIONSHAPE($,$,(#8764));
#8771=IFCCOLUMN('1zb5sA$u99jwxij_6em3sJ',$,'col92',$,$,#16589,#8782,$,$);
#8772=IFCCARTESIANPOINTLIST2D(((0.,0.),(0.,0.40000000000000002),(0.40000000000000002,0.40000000000000002),(0.40000000000000002,0.),(0.,0.)));
#8773=IFCINDEXEDPOLYCURVE(#8772,$,.F.);
#8774=IFCDIRECTION((0.,0.,1.));
#8775=IFCARBITRARYCLOSEDPROFILEDEF(.AREA.,$,#8773);
#8776=IFCCARTESIANPOINT((0.,0.,0.));
#8777=IFCDIRECTION((0.,0.,1.));
#8778=IFCDIRECTION((1.,0.,0.));
#8779=IFCAXIS2PLACEMENT3D(#8776,#8777,#8778);
#8780=IFCEXTRUDEDAREASOLID(#8775,#8779,#8774,3.);
#8781=IFCSHAPEREPRESENTATION(#11,'Body','SweptSolid',(#8780));
#8782=IFCPRODUCTDEFINITIONSHAPE($,$,(#8781));
#8788=IFCCOLUMN('3UomoyYtP9ceyD4An7DH8a',$,'col93',$,$,#17724,#8799,$,$);
#8789=IFCCARTESIANPOINTLIST2D(((0.,0.),(0.,0.40000000000000002),(0.40000000000000002,0.40000000000000002),(0.40000000000000002,0.),(0.,0.)));
#8790=IFCINDEXEDPOLYCURVE(#8789,$,.F.);
#8791=IFCDIRECTION((0.,0.,1.));
#8792=IFCARBITRARYCLOSEDPROFILEDEF(.AREA.,$,#8790);
#8793=IFCCARTESIANPOINT((0.,0.,0.));
#8794=IFCDIRECTION((0.,0.,1.));
#8795=IFCDIRECTION((1.,0.,0.));
#8796=IFCAXIS2PLACEMENT3D(#8793,#8794,#8795);
#8797=IFCEXTRUDEDAREASOLID(#8792,#8796,#8791,3.);
#8798=IFCSHAPEREPRESENTATION(#11,'Body','SweptSolid',(#8797));
#8799=IFCPRODUCTDEFINITIONSHAPE($,$,(#8798));
#8805=IFCCOLUMN('2Nt9oF$y5B0gAUtXuS0yAY',$,'col94',$,$,#14609,#8816,$,$);
#8806=IFCCARTESIANPOINTLIST2D(((0.,0.),(0.,0.40000000000000002),(0.40000000000000002,0.40000000000000002),(0.40000000000000002,0.),(0.,0.)));
#8807=IFCINDEXEDPOLYCURVE(#8806,$,.F.);
#8808=IFCDIRECTION((0.,0.,1.));
#8809=IFCARBITRARYCLOSEDPROFILEDEF(.AREA.,$,#8807);
#8810=IFCCARTESIANPOINT((0.,0.,0.));
#8811=IFCDIRECTION((0.,0.,1.));
#8812=IFCDIRECTION((1.,0.,0.));
#8813=IFCAXIS2PLACEMENT3D(#8810,#8811,#8812);
#8814=IFCEXTRUDEDAREASOLID(#8809,#8813,#8808,3.);
#8815=IFCSHAPEREPRESENTATION(#11,'Body','SweptSolid',(#8814));
#8816=IFCPRODUCTDEFINITIONSHAPE($,$,(#8815));
#8822=IFCCOLUMN('388Uly8$18p9xOCtTQblRE',$,'col95',$,$,#15599,#8833,$,$);
#8823=IFCCARTESIANPOINTLIST2D(((0.,0.),(0.,0.40000000000000002),(0.40000000000000002,0.40000000000000002),(0.40000000000000002,0.),(0.,0.)));
#8824=IFCINDEXEDPOLYCURVE(#8823,$,.F.);
#8825=IFCDIRECTION((0.,0.,1.));
#8826=IFCARBITRARYCLOSEDPROFILEDEF(.AREA.,$,#8824);
#8827=IFCCARTESIANPOINT((0.,0.,0.));
#8828=IFCDIRECTION((0.,0.,1.));
#8829=IFCDIRECTION((1.,0.,0.));
#8830=IFCAXIS2PLACEMENT3D(#8827,#8828,#8829);
#8831=IFCEXTRUDEDAREASOLID(#8826,#8830,#8825,3.);
#8832=IFCSHAPEREPRESENTATION(#11,'Body','SweptSolid',(#8831));
#8833=IFCPRODUCTDEFINITIONSHAPE($,$,(#8832));
#8839=IFCCOLUMN('1aug1bB091m883nuJpCRM9',$,'col96',$,$,#16659,#8850,$,$);
#8840=IFCCARTESIANPOINTLIST2D(((0.,0.),(0.,0.40000000000000002),(0.40000000000000002,0.40000000000000002),(0.40000000000000002,0.),(0.,0.)));
#8841=IFCINDEXEDPOLYCURVE(#8840,$,.F.);
#8842=IFCDIRECTION((0.,0.,1.));
#8843=IFCARBITRARYCLOSEDPROFILEDEF(.AREA.,$,#8841);
#8844=IFCCARTESIANPOINT((0.,0.,0.));
#8845=IFCDIRECTION((0.,0.,1.));
#8846=IFCDIRECTION((1.,0.,0.));
#8847=IFCAXIS2PLACEMENT3D(#8844,#8845,#8846);
#8848=IFCEXTRUDEDAREASOLID(#8843,#8847,#8842,3.);
#8849=IFCSHAPEREPRESENTATION(#11,'Body','SweptSolid',(#8848));
#8850=IFCPRODUCTDEFINITIONSHAPE($,$,(#8849));
#8856=IFCCOLUMN('2WaZ3BLZzEGfERSThwJKba',$,'col97',$,$,#17794,#8867,$,$);
#8857=IFCCARTESIANPOINTLIST2D(((0.,0.),(0.,0.40000000000000002),(0.40000000000000002,0.40000000000000002),(0.40000000000000002,0.),(0.,0.)));
#8858=IFCINDEXEDPOLYCURVE(#8857,$,.F.);
#8859=IFCDIRECTION((0.,0.,1.));
#8860=IFCARBITRARYCLOSEDPROFILEDEF(.AREA.,$,#8858);
#8861=IFCCARTESIANPOINT((0.,0.,0.));
#8862=IFCDIRECTION((0.,0.,1.));
#8863=IFCDIRECTION((1.,0.,0.));
#8864=IFCAXIS2PLACEMENT3D(#8861,#8862,#8863);
#8865=IFCEXTRUDEDAREASOLID(#8860,#8864,#8859,3.);
#8866=IFCSHAPEREPRESENTATION(#11,'Body','SweptSolid',(#8865));
#8867=IFCPRODUCTDEFINITIONSHAPE($,$,(#8866));
#8873=IFCCOLUMN('3FX_6mibH5eO5La_nKJ1o$',$,'col98',$,$,#14664,#8884,$,$);
#8874=IFCCARTESIANPOINTLIST2D(((0.,0.),(0.,0.40000000000000002),(0.40000000000000002,0.40000000000000002),(0.40000000000000002,0.),(0.,0.)));
#8875=IFCINDEXEDPOLYCURVE(#8874,$,.F.);
#8876=IFCDIRECTION((0.,0.,1.));
#8877=IFCARBITRARYCLOSEDPROFILEDEF(.AREA.,$,#8875);
#8878=IFCCARTESIANPOINT((0.,0.,0.));
#8879=IFCDIRECTION((0.,0.,1.));
#8880=IFCDIRECTION((1.,0.,0.));
#8881=IFCAXIS2PLACEMENT3D(#8878,#8879,#8880);
#8882=IFCEXTRUDEDAREASOLID(#8877,#8881,#8876,3.);
#8883=IFCSHAPEREPRESENTATION(#11,'Body','SweptSolid',(#8882));
#8884=IFCPRODUCTDEFINITIONSHAPE($,$,(#8883));
#8890=IFCCOLUMN('3pYhD6F5f1kQ$Detg3PoX9',$,'col99',$,$,#15804,#8901,$,$);
#8891=IFCCARTESIANPOINTLIST2D(((0.,0.),(0.,0.40000000000000002),(0.40000000000000002,0.40000000000000002),(0.40000000000000002,0.),(0.,0.)));
#8892=IFCINDEXEDPOLYCURVE(#8891,$,.F.);
#8893=IFCDIRECTION((0.,0.,1.));
#8894=IFCARBITRARYCLOSEDPROFILEDEF(.AREA.,$,#8892);
#8895=IFCCARTESIANPOINT((0.,0.,0.));
#8896=IFCDIRECTION((0.,0.,1.));
#8897=IFCDIRECTION((1.,0.,0.));
#8898=IFCAXIS2PLACEMENT3D(#8895,#8896,#8897);
#8899=IFCEXTRUDEDAREASOLID(#8894,#8898,#8893,3.);
#8900=IFCSHAPEREPRESENTATION(#11,'Body','SweptSolid',(#8899));
#8901=IFCPRODUCTDEFINITIONSHAPE($,$,(#8900));
#8907=IFCCOLUMN('0CHlQYH9b8hgYRDPQ8YNEs',$,'col100',$,$,#16719,#8918,$,$);
#8908=IFCCARTESIANPOINTLIST2D(((0.,0.),(0.,0.40000000000000002),(0.40000000000000002,0.40000000000000002),(0.40000000000000002,0.),(0.,0.)));
#8909=IFCINDEXEDPOLYCURVE(#8908,$,.F.);
#8910=IFCDIRECTION((0.,0.,1.));
#8911=IFCARBITRARYCLOSEDPROFILEDEF(.AREA.,$,#8909);
#8912=IFCCARTESIANPOINT((0.,0.,0.));
#8913=IFCDIRECTION((0.,0.,1.));
#8914=IFCDIRECTION((1.,0.,0.));
#8915=IFCAXIS2PLACEMENT3D(#8912,#8913,#8914);
#8916=IFCEXTRUDEDAREASOLID(#8911,#8915,#8910,3.);
#8917=IFCSHAPEREPRESENTATION(#11,'Body','SweptSolid',(#8916));
#8918=IFCPRODUCTDEFINITIONSHAPE($,$,(#8917));
#8924=IFCCOLUMN('0vdR5Fe2jDSxKCFCPMXPWb',$,'col101',$,$,#17864,#8935,$,$);
#8925=IFCCARTESIANPOINTLIST2D(((0.,0.),(0.,0.40000000000000002),(0.40000000000000002,0.40000000000000002),(0.40000000000000002,0.),(0.,0.)));
#8926=IFCINDEXEDPOLYCURVE(#8925,$,.F.);
#8927=IFCDIRECTION((0.,0.,1.));
#8928=IFCARBITRARYCLOSEDPROFILEDEF(.AREA.,$,#8926);
#8929=IFCCARTESIANPOINT((0.,0.,0.));
#8930=IFCDIRECTION((0.,0.,1.));
#8931=IFCDIRECTION((1.,0.,0.));
#8932=IFCAXIS2PLACEMENT3D(#8929,#8930,#8931);
#8933=IFCEXTRUDEDAREASOLID(#8928,#8932,#8927,3.);
#8934=IFCSHAPEREPRESENTATION(#11,'Body','SweptSolid',(#8933));
#8935=IFCPRODUCTDEFINITIONSHAPE($,$,(#8934));
#8941=IFCCOLUMN('0zLVP5BkL0G8ah2ZqKIsYF',$,'col102',$,$,#14729,#8952,$,$);
#8942=IFCCARTESIANPOINTLIST2D(((0.,0.),(0.,0.40000000000000002),(0.40000000000000002,0.40000000000000002),(0.40000000000000002,0.),(0.,0.)));
#8943=IFCINDEXEDPOLYCURVE(#8942,$,.F.);
#8944=IFCDIRECTION((0.,0.,1.));
#8945=IFCARBITRARYCLOSEDPROFILEDEF(.AREA.,$,#8943);
#8946=IFCCARTESIANPOINT((0.,0.,0.));
#8947=IFCDIRECTION((0.,0.,1.));
#8948=IFCDIRECTION((1.,0.,0.));
#8949=IFCAXIS2PLACEMENT3D(#8946,#8947,#8948);
#8950=IFCEXTRUDEDAREASOLID(#8945,#8949,#8944,3.);
#8951=IFCSHAPEREPRESENTATION(#11,'Body','SweptSolid',(#8950));
#8952=IFCPRODUCTDEFINITIONSHAPE($,$,(#8951));
#8958=IFCCOLUMN('2bCRr9uCv4rfqzwhOOFj07',$,'col103',$,$,#15849,#8969,$,$);
#8959=IFCCARTESIANPOINTLIST2D(((0.,0.),(0.,0.40000000000000002),(0.40000000000000002,0.40000000000000002),(0.40000000000000002,0.),(0.,0.)));
#8960=IFCINDEXEDPOLYCURVE(#8959,$,.F.);
#8961=IFCDIRECTION((0.,0.,1.));
#8962=IFCARBITRARYCLOSEDPROFILEDEF(.AREA.,$,#8960);
#8963=IFCCARTESIANPOINT((0.,0.,0.));
#8964=IFCDIRECTION((0.,0.,1.));
#8965=IFCDIRECTION((1.,0.,0.));
#8966=IFCAXIS2PLACEMENT3D(#8963,#8964,#8965);
#8967=IFCEXTRUDEDAREASOLID(#8962,#8966,#8961,3.);
#8968=IFCSHAPEREPRESENTATION(#11,'Body','SweptSolid',(#8967));
#8969=IFCPRODUCTDEFINITIONSHAPE($,$,(#8968));
#8975=IFCCOLUMN('1Br3BNgW5CoxZ2PjZwLVlU',$,'col104',$,$,#15374,#8986,$,$);
#8976=IFCCARTESIANPOINTLIST2D(((0.,0.),(0.,0.40000000000000002),(0.40000000000000002,0.40000000000000002),(0.40000000000000002,0.),(0.,0.)));
#8977=IFCINDEXEDPOLYCURVE(#8976,$,.F.);
#8978=IFCDIRECTION((0.,0.,1.));
#8979=IFCARBITRARYCLOSEDPROFILEDEF(.AREA.,$,#8977);
#8980=IFCCARTESIANPOINT((0.,0.,0.));
#8981=IFCDIRECTION((0.,0.,1.));
#8982=IFCDIRECTION((1.,0.,0.));
#8983=IFCAXIS2PLACEMENT3D(#8980,#8981,#8982);
#8984=IFCEXTRUDEDAREASOLID(#8979,#8983,#8978,3.);
#8985=IFCSHAPEREPRESENTATION(#11,'Body','SweptSolid',(#8984));
#8986=IFCPRODUCTDEFINITIONSHAPE($,$,(#8985));
#8992=IFCCOLUMN('2tij5TTgb0U8jgtNWZqD7O',$,'col105',$,$,#16449,#9003,$,$);
#8993=IFCCARTESIANPOINTLIST2D(((0.,0.),(0.,0.40000000000000002),(0.40000000000000002,0.40000000000000002),(0.40000000000000002,0.),(0.,0.)));
#8994=IFCINDEXEDPOLYCURVE(#8993,$,.F.);
#8995=IFCDIRECTION((0.,0.,1.));
#8996=IFCARBITRARYCLOSEDPROFILEDEF(.AREA.,$,#8994);
#8997=IFCCARTESIANPOINT((0.,0.,0.));
#8998=IFCDIRECTION((0.,0.,1.));
#8999=IFCDIRECTION((1.,0.,0.));
#9000=IFCAXIS2PLACEMENT3D(#8997,#8998,#8999);
#9001=IFCEXTRUDEDAREASOLID(#8996,#9000,#8995,3.);
#9002=IFCSHAPEREPRESENTATION(#11,'Body','SweptSolid',(#9001));
#9003=IFCPRODUCTDEFINITIONSHAPE($,$,(#9002));
#9009=IFCCOLUMN('2tvxh0Yr1FyQaPM6eVXJ95',$,'col106',$,$,#17414,#9020,$,$);
#9010=IFCCARTESIANPOINTLIST2D(((0.,0.),(0.,0.40000000000000002),(0.40000000000000002,0.40000000000000002),(0.40000000000000002,0.),(0.,0.)));
#9011=IFCINDEXEDPOLYCURVE(#9010,$,.F.);
#9012=IFCDIRECTION((0.,0.,1.));
#9013=IFCARBITRARYCLOSEDPROFILEDEF(.AREA.,$,#9011);
#9014=IFCCARTESIANPOINT((0.,0.,0.));
#9015=IFCDIRECTION((0.,0.,1.));
#9016=IFCDIRECTION((1.,0.,0.));
#9017=IFCAXIS2PLACEMENT3D(#9014,#9015,#9016);
#9018=IFCEXTRUDEDAREASOLID(#9013,#9017,#9012,3.);
#9019=IFCSHAPEREPRESENTATION(#11,'Body','SweptSolid',(#9018));
#9020=IFCPRODUCTDEFINITIONSHAPE($,$,(#9019));
#9026=IFCCOLUMN('19DnkLXmTDWR96xn$po6Vt',$,'col107',$,$,#18504,#9037,$,$);
#9027=IFCCARTESIANPOINTLIST2D(((0.,0.),(0.,0.40000000000000002),(0.40000000000000002,0.40000000000000002),(0.40000000000000002,0.),(0.,0.)));
#9028=IFCINDEXEDPOLYCURVE(#9027,$,.F.);
#9029=IFCDIRECTION((0.,0.,1.));
#9030=IFCARBITRARYCLOSEDPROFILEDEF(.AREA.,$,#9028);
#9031=IFCCARTESIANPOINT((0.,0.,0.));
#9032=IFCDIRECTION((0.,0.,1.));
#9033=IFCDIRECTION((1.,0.,0.));
#9034=IFCAXIS2PLACEMENT3D(#9031,#9032,#9033);
#9035=IFCEXTRUDEDAREASOLID(#9030,#9034,#9029,3.);
#9036=IFCSHAPEREPRESENTATION(#11,'Body','SweptSolid',(#9035));
#9037=IFCPRODUCTDEFINITIONSHAPE($,$,(#9036));
#9043=IFCCOLUMN('2pmCey5P94CAhJVESffthh',$,'col108',$,$,#15439,#9054,$,$);
#9044=IFCCARTESIANPOINTLIST2D(((0.,0.),(0.,0.40000000000000002),(0.40000000000000002,0.40000000000000002),(0.40000000000000002,0.),(0.,0.)));
#9045=IFCINDEXEDPOLYCURVE(#9044,$,.F.);
#9046=IFCDIRECTION((0.,0.,1.));
#9047=IFCARBITRARYCLOSEDPROFILEDEF(.AREA.,$,#9045);
#9048=IFCCARTESIANPOINT((0.,0.,0.));
#9049=IFCDIRECTION((0.,0.,1.));
#9050=IFCDIRECTION((1.,0.,0.));
#9051=IFCAXIS2PLACEMENT3D(#9048,#9049,#9050);
#9052=IFCEXTRUDEDAREASOLID(#9047,#9051,#9046,3.);
#9053=IFCSHAPEREPRESENTATION(#11,'Body','SweptSolid',(#9052));
#9054=IFCPRODUCTDEFINITIONSHAPE($,$,(#9053));
#9060=IFCCOLUMN('2wm$aANg50b9AaU7CYDdoX',$,'col109',$,$,#16499,#9071,$,$);
#9061=IFCCARTESIANPOINTLIST2D(((0.,0.),(0.,0.40000000000000002),(0.40000000000000002,0.40000000000000002),(0.40000000000000002,0.),(0.,0.)));
#9062=IFCINDEXEDPOLYCURVE(#9061,$,.F.);
#9063=IFCDIRECTION((0.,0.,1.));
#9064=IFCARBITRARYCLOSEDPROFILEDEF(.AREA.,$,#9062);
#9065=IFCCARTESIANPOINT((0.,0.,0.));
#9066=IFCDIRECTION((0.,0.,1.));
#9067=IFCDIRECTION((1.,0.,0.));
#9068=IFCAXIS2PLACEMENT3D(#9065,#9066,#9067);
#9069=IFCEXTRUDEDAREASOLID(#9064,#9068,#9063,3.);
#9070=IFCSHAPEREPRESENTATION(#11,'Body','SweptSolid',(#9069));
#9071=IFCPRODUCTDEFINITIONSHAPE($,$,(#9070));
#9077=IFCCOLUMN('1owuOXkvDD1fhk7b3BxgeO',$,'col110',$,$,#17649,#9088,$,$);
#9078=IFCCARTESIANPOINTLIST2D(((0.,0.),(0.,0.40000000000000002),(0.40000000000000002,0.40000000000000002),(0.40000000000000002,0.),(0.,0.)));
#9079=IFCINDEXEDPOLYCURVE(#9078,$,.F.);
#9080=IFCDIRECTION((0.,0.,1.));
#9081=IFCARBITRARYCLOSEDPROFILEDEF(.AREA.,$,#9079);
#9082=IFCCARTESIANPOINT((0.,0.,0.));
#9083=IFCDIRECTION((0.,0.,1.));
#9084=IFCDIRECTION((1.,0.,0.));
#9085=IFCAXIS2PLACEMENT3D(#9082,#9083,#9084);
#9086=IFCEXTRUDEDAREASOLID(#9081,#9085,#9080,3.);
#9087=IFCSHAPEREPRESENTATION(#11,'Body','SweptSolid',(#9086));
#9088=IFCPRODUCTDEFINITIONSHAPE($,$,(#9087));
#9094=IFCCOLUMN('0R9dn8_V5Ey9et19_tDiCB',$,'col111',$,$,#14539,#9105,$,$);
#9095=IFCCARTESIANPOINTLIST2D(((0.,0.),(0.,0.40000000000000002),(0.40000000000000002,0.40000000000000002),(0.40000000000000002,0.),(0.,0.)));
#9096=IFCINDEXEDPOLYCURVE(#9095,$,.F.);
#9097=IFCDIRECTION((0.,0.,1.));
#9098=IFCARBITRARYCLOSEDPROFILEDEF(.AREA.,$,#9096);
#9099=IFCCARTESIANPOINT((0.,0.,0.));
#9100=IFCDIRECTION((0.,0.,1.));
#9101=IFCDIRECTION((1.,0.,0.));
#9102=IFCAXIS2PLACEMENT3D(#9099,#9100,#9101);
#9103=IFCEXTRUDEDAREASOLID(#9098,#9102,#9097,3.);
#9104=IFCSHAPEREPRESENTATION(#11,'Body','SweptSolid',(#9103));
#9105=IFCPRODUCTDEFINITIONSHAPE($,$,(#9104));
#9111=IFCCOLUMN('1AFkJdlA99E9w9ic8yNIii',$,'col112',$,$,#15514,#9122,$,$);
#9112=IFCCARTESIANPOINTLIST2D(((0.,0.),(0.,0.40000000000000002),(0.40000000000000002,0.40000000000000002),(0.40000000000000002,0.),(0.,0.)));
#9113=IFCINDEXEDPOLYCURVE(#9112,$,.F.);
#9114=IFCDIRECTION((0.,0.,1.));
#9115=IFCARBITRARYCLOSEDPROFILEDEF(.AREA.,$,#9113);
#9116=IFCCARTESIANPOINT((0.,0.,0.));
#9117=IFCDIRECTION((0.,0.,1.));
#9118=IFCDIRECTION((1.,0.,0.));
#9119=IFCAXIS2PLACEMENT3D(#9116,#9117,#9118);
#9120=IFCEXTRUDEDAREASOLID(#9115,#9119,#9114,3.);
#9121=IFCSHAPEREPRESENTATION(#11,'Body','SweptSolid',(#9120));
#9122=IFCPRODUCTDEFINITIONSHAPE($,$,(#9121));
#9128=IFCCOLUMN('2jvuXqIIP5yRv6bY1208JV',$,'col113',$,$,#16564,#9139,$,$);
#9129=IFCCARTESIANPOINTLIST2D(((0.,0.),(0.,0.40000000000000002),(0.40000000000000002,0.40000000000000002),(0.40000000000000002,0.),(0.,0.)));
#9130=IFCINDEXEDPOLYCURVE(#9129,$,.F.);
#9131=IFCDIRECTION((0.,0.,1.));
#9132=IFCARBITRARYCLOSEDPROFILEDEF(.AREA.,$,#9130);
#9133=IFCCARTESIANPOINT((0.,0.,0.));
#9134=IFCDIRECTION((0.,0.,1.));
#9135=IFCDIRECTION((1.,0.,0.));
#9136=IFCAXIS2PLACEMENT3D(#9133,#9134,#9135);
#9137=IFCEXTRUDEDAREASOLID(#9132,#9136,#9131,3.);
#9138=IFCSHAPEREPRESENTATION(#11,'Body','SweptSolid',(#9137));
#9139=IFCPRODUCTDEFINITIONSHAPE($,$,(#9138));
#9145=IFCCOLUMN('0mpF5tDWf2_OdFFKAbzGV0',$,'col114',$,$,#17704,#9156,$,$);
#9146=IFCCARTESIANPOINTLIST2D(((0.,0.),(0.,0.40000000000000002),(0.40000000000000002,0.40000000000000002),(0.40000000000000002,0.),(0.,0.)));
#9147=IFCINDEXEDPOLYCURVE(#9146,$,.F.);
#9148=IFCDIRECTION((0.,0.,1.));
#9149=IFCARBITRARYCLOSEDPROFILEDEF(.AREA.,$,#9147);
#9150=IFCCARTESIANPOINT((0.,0.,0.));
#9151=IFCDIRECTION((0.,0.,1.));
#9152=IFCDIRECTION((1.,0.,0.));
#9153=IFCAXIS2PLACEMENT3D(#9150,#9151,#9152);
#9154=IFCEXTRUDEDAREASOLID(#9149,#9153,#9148,3.);
#9155=IFCSHAPEREPRESENTATION(#11,'Body','SweptSolid',(#9154));
#9156=IFCPRODUCTDEFINITIONSHAPE($,$,(#9155));
#9162=IFCCOLUMN('3vXqNhjPT8Svu1dAQKneu9',$,'col115',$,$,#14584,#9173,$,$);
#9163=IFCCARTESIANPOINTLIST2D(((0.,0.),(0.,0.40000000000000002),(0.40000000000000002,0.40000000000000002),(0.40000000000000002,0.),(0.,0.)));
#9164=IFCINDEXEDPOLYCURVE(#9163,$,.F.);
#9165=IFCDIRECTION((0.,0.,1.));
#9166=IFCARBITRARYCLOSEDPROFILEDEF(.AREA.,$,#9164);
#9167=IFCCARTESIANPOINT((0.,0.,0.));
#9168=IFCDIRECTION((0.,0.,1.));
#9169=IFCDIRECTION((1.,0.,0.));
#9170=IFCAXIS2PLACEMENT3D(#9167,#9168,#9169);
#9171=IFCEXTRUDEDAREASOLID(#9166,#9170,#9165,3.);
#9172=IFCSHAPEREPRESENTATION(#11,'Body','SweptSolid',(#9171));
#9173=IFCPRODUCTDEFINITIONSHAPE($,$,(#9172));
#9179=IFCCOLUMN('3vOG3WVaf6Wxb4ggGWFzGr',$,'col116',$,$,#15749,#9190,$,$);
#9180=IFCCARTESIANPOINTLIST2D(((0.,0.),(0.,0.40000000000000002),(0.40000000000000002,0.40000000000000002),(0.40000000000000002,0.),(0.,0.)));
#9181=IFCINDEXEDPOLYCURVE(#9180,$,.F.);
#9182=IFCDIRECTION((0.,0.,1.));
#9183=IFCARBITRARYCLOSEDPROFILEDEF(.AREA.,$,#9181);
#9184=IFCCARTESIANPOINT((0.,0.,0.));
#9185=IFCDIRECTION((0.,0.,1.));
#9186=IFCDIRECTION((1.,0.,0.));
#9187=IFCAXIS2PLACEMENT3D(#9184,#9185,#9186);
#9188=IFCEXTRUDEDAREASOLID(#9183,#9187,#9182,3.);
#9189=IFCSHAPEREPRESENTATION(#11,'Body','SweptSolid',(#9188));
#9190=IFCPRODUCTDEFINITIONSHAPE($,$,(#9189));
#9196=IFCCOLUMN('00IRzp0G5EfvCJR0rvOrn9',$,'col117',$,$,#16629,#9207,$,$);
#9197=IFCCARTESIANPOINTLIST2D(((0.,0.),(0.,0.40000000000000002),(0.40000000000000002,0.40000000000000002),(0.40000000000000002,0.),(0.,0.)));
#9198=IFCINDEXEDPOLYCURVE(#9197,$,.F.);
#9199=IFCDIRECTION((0.,0.,1.));
#9200=IFCARBITRARYCLOSEDPROFILEDEF(.AREA.,$,#9198);
#9201=IFCCARTESIANPOINT((0.,0.,0.));
#9202=IFCDIRECTION((0.,0.,1.));
#9203=IFCDIRECTION((1.,0.,0.));
#9204=IFCAXIS2PLACEMENT3D(#9201,#9202,#9203);
#9205=IFCEXTRUDEDAREASOLID(#9200,#9204,#9199,3.);
#9206=IFCSHAPEREPRESENTATION(#11,'Body','SweptSolid',(#9205));
#9207=IFCPRODUCTDEFINITIONSHAPE($,$,(#9206));
#9213=IFCCOLUMN('2gA9GF0ZH2tfib7TsGZva$',$,'col118',$,$,#17769,#9224,$,$);
#9214=IFCCARTESIANPOINTLIST2D(((0.,0.),(0.,0.40000000000000002),(0.40000000000000002,0.40000000000000002),(0.40000000000000002,0.),(0.,0.)));
#9215=IFCINDEXEDPOLYCURVE(#9214,$,.F.);
#9216=IFCDIRECTION((0.,0.,1.));
#9217=IFCARBITRARYCLOSEDPROFILEDEF(.AREA.,$,#9215);
#9218=IFCCARTESIANPOINT((0.,0.,0.));
#9219=IFCDIRECTION((0.,0.,1.));
#9220=IFCDIRECTION((1.,0.,0.));
#9221=IFCAXIS2PLACEMENT3D(#9218,#9219,#9220);
#9222=IFCEXTRUDEDAREASOLID(#9217,#9221,#9216,3.);
#9223=IFCSHAPEREPRESENTATION(#11,'Body','SweptSolid',(#9222));
#9224=IFCPRODUCTDEFINITIONSHAPE($,$,(#9223));
#9230=IFCCOLUMN('3Ekx13q4jDOgaBXdCvR4hG',$,'col119',$,$,#18599,#9241,$,$);
#9231=IFCCARTESIANPOINTLIST2D(((0.,0.),(0.,0.40000000000000002),(0.40000000000000002,0.40000000000000002),(0.40000000000000002,0.),(0.,0.)));
#9232=IFCINDEXEDPOLYCURVE(#9231,$,.F.);
#9233=IFCDIRECTION((0.,0.,1.));
#9234=IFCARBITRARYCLOSEDPROFILEDEF(.AREA.,$,#9232);
#9235=IFCCARTESIANPOINT((0.,0.,0.));
#9236=IFCDIRECTION((0.,0.,1.));
#9237=IFCDIRECTION((1.,0.,0.));
#9238=IFCAXIS2PLACEMENT3D(#9235,#9236,#9237);
#9239=IFCEXTRUDEDAREASOLID(#9234,#9238,#9233,3.);
#9240=IFCSHAPEREPRESENTATION(#11,'Body','SweptSolid',(#9239));
#9241=IFCPRODUCTDEFINITIONSHAPE($,$,(#9240));
#9247=IFCCOLUMN('1wAyIsO29CvOBUrZFucq7F',$,'col120',$,$,#18344,#9258,$,$);
#9248=IFCCARTESIANPOINTLIST2D(((0.,0.),(0.,0.40000000000000002),(0.40000000000000002,0.40000000000000002),(0.40000000000000002,0.),(0.,0.)));
#9249=IFCINDEXEDPOLYCURVE(#9248,$,.F.);
#9250=IFCDIRECTION((0.,0.,1.));
#9251=IFCARBITRARYCLOSEDPROFILEDEF(.AREA.,$,#9249);
#9252=IFCCARTESIANPOINT((0.,0.,0.));
#9253=IFCDIRECTION((0.,0.,1.));
#9254=IFCDIRECTION((1.,0.,0.));
#9255=IFCAXIS2PLACEMENT3D(#9252,#9253,#9254);
#9256=IFCEXTRUDEDAREASOLID(#9251,#9255,#9250,3.);
#9257=IFCSHAPEREPRESENTATION(#11,'Body','SweptSolid',(#9256));
#9258=IFCPRODUCTDEFINITIONSHAPE($,$,(#9257));
#9264=IFCCOLUMN('3nVE49iQ5EXuqyVMturXi0',$,'col121',$,$,#15279,#9275,$,$);
#9265=IFCCARTESIANPOINTLIST2D(((0.,0.),(0.,0.40000000000000002),(0.40000000000000002,0.40000000000000002),(0.40000000000000002,0.),(0.,0.)));
#9266=IFCINDEXEDPOLYCURVE(#9265,$,.F.);
#9267=IFCDIRECTION((0.,0.,1.));
#9268=IFCARBITRARYCLOSEDPROFILEDEF(.AREA.,$,#9266);
#9269=IFCCARTESIANPOINT((0.,0.,0.));
#9270=IFCDIRECTION((0.,0.,1.));
#9271=IFCDIRECTION((1.,0.,0.));
#9272=IFCAXIS2PLACEMENT3D(#9269,#9270,#9271);
#9273=IFCEXTRUDEDAREASOLID(#9268,#9272,#9267,3.);
#9274=IFCSHAPEREPRESENTATION(#11,'Body','SweptSolid',(#9273));
#9275=IFCPRODUCTDEFINITIONSHAPE($,$,(#9274));
#9281=IFCCOLUMN('35z_99ZVPEHefgAnQjXNH8',$,'col122',$,$,#16379,#9292,$,$);
#9282=IFCCARTESIANPOINTLIST2D(((0.,0.),(0.,0.40000000000000002),(0.40000000000000002,0.40000000000000002),(0.40000000000000002,0.),(0.,0.)));
#9283=IFCINDEXEDPOLYCURVE(#9282,$,.F.);
#9284=IFCDIRECTION((0.,0.,1.));
#9285=IFCARBITRARYCLOSEDPROFILEDEF(.AREA.,$,#9283);
#9286=IFCCARTESIANPOINT((0.,0.,0.));
#9287=IFCDIRECTION((0.,0.,1.));
#9288=IFCDIRECTION((1.,0.,0.));
#9289=IFCAXIS2PLACEMENT3D(#9286,#9287,#9288);
#9290=IFCEXTRUDEDAREASOLID(#9285,#9289,#9284,3.);
#9291=IFCSHAPEREPRESENTATION(#11,'Body','SweptSolid',(#9290));
#9292=IFCPRODUCTDEFINITIONSHAPE($,$,(#9291));
#9298=IFCCOLUMN('3OMqu4YEL32RJLnTGH5Z_d',$,'col123',$,$,#17344,#9309,$,$);
#9299=IFCCARTESIANPOINTLIST2D(((0.,0.),(0.,0.40000000000000002),(0.40000000000000002,0.40000000000000002),(0.40000000000000002,0.),(0.,0.)));
#9300=IFCINDEXEDPOLYCURVE(#9299,$,.F.);
#9301=IFCDIRECTION((0.,0.,1.));
#9302=IFCARBITRARYCLOSEDPROFILEDEF(.AREA.,$,#9300);
#9303=IFCCARTESIANPOINT((0.,0.,0.));
#9304=IFCDIRECTION((0.,0.,1.));
#9305=IFCDIRECTION((1.,0.,0.));
#9306=IFCAXIS2PLACEMENT3D(#9303,#9304,#9305);
#9307=IFCEXTRUDEDAREASOLID(#9302,#9306,#9301,3.);
#9308=IFCSHAPEREPRESENTATION(#11,'Body','SweptSolid',(#9307));
#9309=IFCPRODUCTDEFINITIONSHAPE($,$,(#9308));
#9315=IFCCOLUMN('1oEUrjpavCY9Hui8QGOzH9',$,'col124',$,$,#18414,#9326,$,$);
#9316=IFCCARTESIANPOINTLIST2D(((0.,0.),(0.,0.40000000000000002),(0.40000000000000002,0.40000000000000002),(0.40000000000000002,0.),(0.,0.)));
#9317=IFCINDEXEDPOLYCURVE(#9316,$,.F.);
#9318=IFCDIRECTION((0.,0.,1.));
#9319=IFCARBITRARYCLOSEDPROFILEDEF(.AREA.,$,#9317);
#9320=IFCCARTESIANPOINT((0.,0.,0.));
#9321=IFCDIRECTION((0.,0.,1.));
#9322=IFCDIRECTION((1.,0.,0.));
#9323=IFCAXIS2PLACEMENT3D(#9320,#9321,#9322);
#9324=IFCEXTRUDEDAREASOLID(#9319,#9323,#9318,3.);
#9325=IFCSHAPEREPRESENTATION(#11,'Body','SweptSolid',(#9324));
#9326=IFCPRODUCTDEFINITIONSHAPE($,$,(#9325));
#9332=IFCCOLUMN('2YlQLDjHX2Dx1d6FkcjfwJ',$,'col125',$,$,#15344,#9343,$,$);
#9333=IFCCARTESIANPOINTLIST2D(((0.,0.),(0.,0.40000000000000002),(0.40000000000000002,0.40000000000000002),(0.40000000000000002,0.),(0.,0.)));
#9334=IFCINDEXEDPOLYCURVE(#9333,$,.F.);
#9335=IFCDIRECTION((0.,0.,1.));
#9336=IFCARBITRARYCLOSEDPROFILEDEF(.AREA.,$,#9334);
#9337=IFCCARTESIANPOINT((0.,0.,0.));
#9338=IFCDIRECTION((0.,0.,1.));
#9339=IFCDIRECTION((1.,0.,0.));
#9340=IFCAXIS2PLACEMENT3D(#9337,#9338,#9339);
#9341=IFCEXTRUDEDAREASOLID(#9336,#9340,#9335,3.);
#9342=IFCSHAPEREPRESENTATION(#11,'Body','SweptSolid',(#9341));
#9343=IFCPRODUCTDEFINITIONSHAPE($,$,(#9342));
#9349=IFCCOLUMN('2RpxgNdsr3m8no4ki1$$Wv',$,'col126',$,$,#16429,#9360,$,$);
#9350=IFCCARTESIANPOINTLIST2D(((0.,0.),(0.,0.40000000000000002),(0.40000000000000002,0.40000000000000002),(0.40000000000000002,0.),(0.,0.)));
#9351=IFCINDEXEDPOLYCURVE(#9350,$,.F.);
#9352=IFCDIRECTION((0.,0.,1.));
#9353=IFCARBITRARYCLOSEDPROFILEDEF(.AREA.,$,#9351);
#9354=IFCCARTESIANPOINT((0.,0.,0.));
#9355=IFCDIRECTION((0.,0.,1.));
#9356=IFCDIRECTION((1.,0.,0.));
#9357=IFCAXIS2PLACEMENT3D(#9354,#9355,#9356);
#9358=IFCEXTRUDEDAREASOLID(#9353,#9357,#9352,3.);
#9359=IFCSHAPEREPRESENTATION(#11,'Body','SweptSolid',(#9358));
#9360=IFCPRODUCTDEFINITIONSHAPE($,$,(#9359));
#9366=IFCCOLUMN('3Th8cmR3nCOumWMRob1Ljz',$,'col127',$,$,#17584,#9377,$,$);
#9367=IFCCARTESIANPOINTLIST2D(((0.,0.),(0.,0.40000000000000002),(0.40000000000000002,0.40000000000000002),(0.40000000000000002,0.),(0.,0.)));
#9368=IFCINDEXEDPOLYCURVE(#9367,$,.F.);
#9369=IFCDIRECTION((0.,0.,1.));
#9370=IFCARBITRARYCLOSEDPROFILEDEF(.AREA.,$,#9368);
#9371=IFCCARTESIANPOINT((0.,0.,0.));
#9372=IFCDIRECTION((0.,0.,1.));
#9373=IFCDIRECTION((1.,0.,0.));
#9374=IFCAXIS2PLACEMENT3D(#9371,#9372,#9373);
#9375=IFCEXTRUDEDAREASOLID(#9370,#9374,#9369,3.);
#9376=IFCSHAPEREPRESENTATION(#11,'Body','SweptSolid',(#9375));
#9377=IFCPRODUCTDEFINITIONSHAPE($,$,(#9376));
#9383=IFCCOLUMN('1IDX9$THn6rhl2k7NO3s92',$,'col128',$,$,#18719,#9394,$,$);
#9384=IFCCARTESIANPOINTLIST2D(((0.,0.),(0.,0.40000000000000002),(0.40000000000000002,0.40000000000000002),(0.40000000000000002,0.),(0.,0.)));
#9385=IFCINDEXEDPOLYCURVE(#9384,$,.F.);
#9386=IFCDIRECTION((0.,0.,1.));
#9387=IFCARBITRARYCLOSEDPROFILEDEF(.AREA.,$,#9385);
#9388=IFCCARTESIANPOINT((0.,0.,0.));
#9389=IFCDIRECTION((0.,0.,1.));
#9390=IFCDIRECTION((1.,0.,0.));
#9391=IFCAXIS2PLACEMENT3D(#9388,#9389,#9390);
#9392=IFCEXTRUDEDAREASOLID(#9387,#9391,#9386,3.);
#9393=IFCSHAPEREPRESENTATION(#11,'Body','SweptSolid',(#9392));
#9394=IFCPRODUCTDEFINITIONSHAPE($,$,(#9393));
#9400=IFCCOLUMN('0Mqo6fLsX5CRgLcWCSQeLa',$,'col129',$,$,#15414,#9411,$,$);
#9401=IFCCARTESIANPOINTLIST2D(((0.,0.),(0.,0.40000000000000002),(0.40000000000000002,0.40000000000000002),(0.40000000000000002,0.),(0.,0.)));
#9402=IFCINDEXEDPOLYCURVE(#9401,$,.F.);
#9403=IFCDIRECTION((0.,0.,1.));
#9404=IFCARBITRARYCLOSEDPROFILEDEF(.AREA.,$,#9402);
#9405=IFCCARTESIANPOINT((0.,0.,0.));
#9406=IFCDIRECTION((0.,0.,1.));
#9407=IFCDIRECTION((1.,0.,0.));
#9408=IFCAXIS2PLACEMENT3D(#9405,#9406,#9407);
#9409=IFCEXTRUDEDAREASOLID(#9404,#9408,#9403,3.);
#9410=IFCSHAPEREPRESENTATION(#11,'Body','SweptSolid',(#9409));
#9411=IFCPRODUCTDEFINITIONSHAPE($,$,(#9410));
#9417=IFCCOLUMN('1cz3CKJfr2qu9Oaxcr_$Mu',$,'col130',$,$,#16479,#9428,$,$);
#9418=IFCCARTESIANPOINTLIST2D(((0.,0.),(0.,0.40000000000000002),(0.40000000000000002,0.40000000000000002),(0.40000000000000002,0.),(0.,0.)));
#9419=IFCINDEXEDPOLYCURVE(#9418,$,.F.);
#9420=IFCDIRECTION((0.,0.,1.));
#9421=IFCARBITRARYCLOSEDPROFILEDEF(.AREA.,$,#9419);
#9422=IFCCARTESIANPOINT((0.,0.,0.));
#9423=IFCDIRECTION((0.,0.,1.));
#9424=IFCDIRECTION((1.,0.,0.));
#9425=IFCAXIS2PLACEMENT3D(#9422,#9423,#9424);
#9426=IFCEXTRUDEDAREASOLID(#9421,#9425,#9420,3.);
#9427=IFCSHAPEREPRESENTATION(#11,'Body','SweptSolid',(#9426));
#9428=IFCPRODUCTDEFINITIONSHAPE($,$,(#9427));
#9434=IFCCOLUMN('38foFKBpT2rwMw8ATW6ClA',$,'col131',$,$,#17634,#9445,$,$);
#9435=IFCCARTESIANPOINTLIST2D(((0.,0.),(0.,0.40000000000000002),(0.40000000000000002,0.40000000000000002),(0.40000000000000002,0.),(0.,0.)));
#9436=IFCINDEXEDPOLYCURVE(#9435,$,.F.);
#9437=IFCDIRECTION((0.,0.,1.));
#9438=IFCARBITRARYCLOSEDPROFILEDEF(.AREA.,$,#9436);
#9439=IFCCARTESIANPOINT((0.,0.,0.));
#9440=IFCDIRECTION((0.,0.,1.));
#9441=IFCDIRECTION((1.,0.,0.));
#9442=IFCAXIS2PLACEMENT3D(#9439,#9440,#9441);
#9443=IFCEXTRUDEDAREASOLID(#9438,#9442,#9437,3.);
#9444=IFCSHAPEREPRESENTATION(#11,'Body','SweptSolid',(#9443));
#9445=IFCPRODUCTDEFINITIONSHAPE($,$,(#9444));
#9451=IFCCOLUMN('3TDUMTdZr0Txqr7CA8aRtJ',$,'col132',$,$,#18784,#9462,$,$);
#9452=IFCCARTESIANPOINTLIST2D(((0.,0.),(0.,0.40000000000000002),(0.40000000000000002,0.40000000000000002),(0.40000000000000002,0.),(0.,0.)));
#9453=IFCINDEXEDPOLYCURVE(#9452,$,.F.);
#9454=IFCDIRECTION((0.,0.,1.));
#9455=IFCARBITRARYCLOSEDPROFILEDEF(.AREA.,$,#9453);
#9456=IFCCARTESIANPOINT((0.,0.,0.));
#9457=IFCDIRECTION((0.,0.,1.));
#9458=IFCDIRECTION((1.,0.,0.));
#9459=IFCAXIS2PLACEMENT3D(#9456,#9457,#9458);
#9460=IFCEXTRUDEDAREASOLID(#9455,#9459,#9454,3.);
#9461=IFCSHAPEREPRESENTATION(#11,'Body','SweptSolid',(#9460));
#9462=IFCPRODUCTDEFINITIONSHAPE($,$,(#9461));
#9468=IFCCOLUMN('2ha75F2BzEGeKhKkS_J3U2',$,'col133',$,$,#15394,#9479,$,$);
#9469=IFCCARTESIANPOINTLIST2D(((0.,0.),(0.,0.40000000000000002),(0.40000000000000002,0.40000000000000002),(0.40000000000000002,0.),(0.,0.)));
#9470=IFCINDEXEDPOLYCURVE(#9469,$,.F.);
#9471=IFCDIRECTION((0.,0.,1.));
#9472=IFCARBITRARYCLOSEDPROFILEDEF(.AREA.,$,#9470);
#9473=IFCCARTESIANPOINT((0.,0.,0.));
#9474=IFCDIRECTION((0.,0.,1.));
#9475=IFCDIRECTION((1.,0.,0.));
#9476=IFCAXIS2PLACEMENT3D(#9473,#9474,#9475);
#9477=IFCEXTRUDEDAREASOLID(#9472,#9476,#9471,3.);
#9478=IFCSHAPEREPRESENTATION(#11,'Body','SweptSolid',(#9477));
#9479=IFCPRODUCTDEFINITIONSHAPE($,$,(#9478));
#9485=IFCCOLUMN('0Q5BeAtXz55vTiIlm$jfR$',$,'col134',$,$,#16264,#9496,$,$);
#9486=IFCCARTESIANPOINTLIST2D(((0.,0.),(0.,0.40000000000000002),(0.40000000000000002,0.40000000000000002),(0.40000000000000002,0.),(0.,0.)));
#9487=IFCINDEXEDPOLYCURVE(#9486,$,.F.);
#9488=IFCDIRECTION((0.,0.,1.));
#9489=IFCARBITRARYCLOSEDPROFILEDEF(.AREA.,$,#9487);
#9490=IFCCARTESIANPOINT((0.,0.,0.));
#9491=IFCDIRECTION((0.,0.,1.));
#9492=IFCDIRECTION((1.,0.,0.));
#9493=IFCAXIS2PLACEMENT3D(#9490,#9491,#9492);
#9494=IFCEXTRUDEDAREASOLID(#9489,#9493,#9488,3.);
#9495=IFCSHAPEREPRESENTATION(#11,'Body','SweptSolid',(#9494));
#9496=IFCPRODUCTDEFINITIONSHAPE($,$,(#9495));
#9502=IFCCOLUMN('0Nz_A_0vD0KeJ17zJq6aCz',$,'col135',$,$,#17419,#9513,$,$);
#9503=IFCCARTESIANPOINTLIST2D(((0.,0.),(0.,0.40000000000000002),(0.40000000000000002,0.40000000000000002),(0.40000000000000002,0.),(0.,0.)));
#9504=IFCINDEXEDPOLYCURVE(#9503,$,.F.);
#9505=IFCDIRECTION((0.,0.,1.));
#9506=IFCARBITRARYCLOSEDPROFILEDEF(.AREA.,$,#9504);
#9507=IFCCARTESIANPOINT((0.,0.,0.));
#9508=IFCDIRECTION((0.,0.,1.));
#9509=IFCDIRECTION((1.,0.,0.));
#9510=IFCAXIS2PLACEMENT3D(#9507,#9508,#9509);
#9511=IFCEXTRUDEDAREASOLID(#9506,#9510,#9505,3.);
#9512=IFCSHAPEREPRESENTATION(#11,'Body','SweptSolid',(#9511));
#9513=IFCPRODUCTDEFINITIONSHAPE($,$,(#9512));
#9519=IFCCOLUMN('2hvgqhmtXCJu8nY6EKpHT0',$,'col136',$,$,#18519,#9530,$,$);
#9520=IFCCARTESIANPOINTLIST2D(((0.,0.),(0.,0.40000000000000002),(0.40000000000000002,0.40000000000000002),(0.40000000000000002,0.),(0.,0.)));
#9521=IFCINDEXEDPOLYCURVE(#9520,$,.F.);
#9522=IFCDIRECTION((0.,0.,1.));
#9523=IFCARBITRARYCLOSEDPROFILEDEF(.AREA.,$,#9521);
#9524=IFCCARTESIANPOINT((0.,0.,0.));
#9525=IFCDIRECTION((0.,0.,1.));
#9526=IFCDIRECTION((1.,0.,0.));
#9527=IFCAXIS2PLACEMENT3D(#9524,#9525,#9526);
#9528=IFCEXTRUDEDAREASOLID(#9523,#9527,#9522,3.);
#9529=IFCSHAPEREPRESENTATION(#11,'Body','SweptSolid',(#9528));
#9530=IFCPRODUCTDEFINITIONSHAPE($,$,(#9529));
#9536=IFCCOLUMN('33ndoyfzbBFfB8EI6IqUMC',$,'col137',$,$,#15459,#9547,$,$);
#9537=IFCCARTESIANPOINTLIST2D(((0.,0.),(0.,0.40000000000000002),(0.40000000000000002,0.40000000000000002),(0.40000000000000002,0.),(0.,0.)));
#9538=IFCINDEXEDPOLYCURVE(#9537,$,.F.);
#9539=IFCDIRECTION((0.,0.,1.));
#9540=IFCARBITRARYCLOSEDPROFILEDEF(.AREA.,$,#9538);
#9541=IFCCARTESIANPOINT((0.,0.,0.));
#9542=IFCDIRECTION((0.,0.,1.));
#9543=IFCDIRECTION((1.,0.,0.));
#9544=IFCAXIS2PLACEMENT3D(#9541,#9542,#9543);
#9545=IFCEXTRUDEDAREASOLID(#9540,#9544,#9539,3.);
#9546=IFCSHAPEREPRESENTATION(#11,'Body','SweptSolid',(#9545));
#9547=IFCPRODUCTDEFINITIONSHAPE($,$,(#9546));
#9553=IFCCOLUMN('1DEEAtjmX0$fCdqw8lNZxi',$,'col138',$,$,#15194,#9564,$,$);
#9554=IFCCARTESIANPOINTLIST2D(((0.,0.),(0.,0.40000000000000002),(0.40000000000000002,0.40000000000000002),(0.40000000000000002,0.),(0.,0.)));
#9555=IFCINDEXEDPOLYCURVE(#9554,$,.F.);
#9556=IFCDIRECTION((0.,0.,1.));
#9557=IFCARBITRARYCLOSEDPROFILEDEF(.AREA.,$,#9555);
#9558=IFCCARTESIANPOINT((0.,0.,0.));
#9559=IFCDIRECTION((0.,0.,1.));
#9560=IFCDIRECTION((1.,0.,0.));
#9561=IFCAXIS2PLACEMENT3D(#9558,#9559,#9560);
#9562=IFCEXTRUDEDAREASOLID(#9557,#9561,#9556,3.);
#9563=IFCSHAPEREPRESENTATION(#11,'Body','SweptSolid',(#9562));
#9564=IFCPRODUCTDEFINITIONSHAPE($,$,(#9563));
#9570=IFCCOLUMN('0iLPH3R4b4TA9gi8UC2OFe',$,'col139',$,$,#16329,#9581,$,$);
#9571=IFCCARTESIANPOINTLIST2D(((0.,0.),(0.,0.40000000000000002),(0.40000000000000002,0.40000000000000002),(0.40000000000000002,0.),(0.,0.)));
#9572=IFCINDEXEDPOLYCURVE(#9571,$,.F.);
#9573=IFCDIRECTION((0.,0.,1.));
#9574=IFCARBITRARYCLOSEDPROFILEDEF(.AREA.,$,#9572);
#9575=IFCCARTESIANPOINT((0.,0.,0.));
#9576=IFCDIRECTION((0.,0.,1.));
#9577=IFCDIRECTION((1.,0.,0.));
#9578=IFCAXIS2PLACEMENT3D(#9575,#9576,#9577);
#9579=IFCEXTRUDEDAREASOLID(#9574,#9578,#9573,3.);
#9580=IFCSHAPEREPRESENTATION(#11,'Body','SweptSolid',(#9579));
#9581=IFCPRODUCTDEFINITIONSHAPE($,$,(#9580));
#9587=IFCCOLUMN('2XxMFhMNTECvlpv$3ACgU2',$,'col140',$,$,#17259,#9598,$,$);
#9588=IFCCARTESIANPOINTLIST2D(((0.,0.),(0.,0.40000000000000002),(0.40000000000000002,0.40000000000000002),(0.40000000000000002,0.),(0.,0.)));
#9589=IFCINDEXEDPOLYCURVE(#9588,$,.F.);
#9590=IFCDIRECTION((0.,0.,1.));
#9591=IFCARBITRARYCLOSEDPROFILEDEF(.AREA.,$,#9589);
#9592=IFCCARTESIANPOINT((0.,0.,0.));
#9593=IFCDIRECTION((0.,0.,1.));
#9594=IFCDIRECTION((1.,0.,0.));
#9595=IFCAXIS2PLACEMENT3D(#9592,#9593,#9594);
#9596=IFCEXTRUDEDAREASOLID(#9591,#9595,#9590,3.);
#9597=IFCSHAPEREPRESENTATION(#11,'Body','SweptSolid',(#9596));
#9598=IFCPRODUCTDEFINITIONSHAPE($,$,(#9597));
#9604=IFCCOLUMN('0LISYcZKPDRx5NwKzEgW89',$,'col141',$,$,#18319,#9615,$,$);
#9605=IFCCARTESIANPOINTLIST2D(((0.,0.),(0.,0.40000000000000002),(0.40000000000000002,0.40000000000000002),(0.40000000000000002,0.),(0.,0.)));
#9606=IFCINDEXEDPOLYCURVE(#9605,$,.F.);
#9607=IFCDIRECTION((0.,0.,1.));
#9608=IFCARBITRARYCLOSEDPROFILEDEF(.AREA.,$,#9606);
#9609=IFCCARTESIANPOINT((0.,0.,0.));
#9610=IFCDIRECTION((0.,0.,1.));
#9611=IFCDIRECTION((1.,0.,0.));
#9612=IFCAXIS2PLACEMENT3D(#9609,#9610,#9611);
#9613=IFCEXTRUDEDAREASOLID(#9608,#9612,#9607,3.);
#9614=IFCSHAPEREPRESENTATION(#11,'Body','SweptSolid',(#9613));
#9615=IFCPRODUCTDEFINITIONSHAPE($,$,(#9614));
#9621=IFCCOLUMN('2EjYr2kf5EQxwbypoCQQxg',$,'col142',$,$,#15249,#9632,$,$);
#9622=IFCCARTESIANPOINTLIST2D(((0.,0.),(0.,0.40000000000000002),(0.40000000000000002,0.40000000000000002),(0.40000000000000002,0.),(0.,0.)));
#9623=IFCINDEXEDPOLYCURVE(#9622,$,.F.);
#9624=IFCDIRECTION((0.,0.,1.));
#9625=IFCARBITRARYCLOSEDPROFILEDEF(.AREA.,$,#9623);
#9626=IFCCARTESIANPOINT((0.,0.,0.));
#9627=IFCDIRECTION((0.,0.,1.));
#9628=IFCDIRECTION((1.,0.,0.));
#9629=IFCAXIS2PLACEMENT3D(#9626,#9627,#9628);
#9630=IFCEXTRUDEDAREASOLID(#9625,#9629,#9624,3.);
#9631=IFCSHAPEREPRESENTATION(#11,'Body','SweptSolid',(#9630));
#9632=IFCPRODUCTDEFINITIONSHAPE($,$,(#9631));
#9638=IFCCOLUMN('14g0D0AoP1FPqx1y_jPTSE',$,'col143',$,$,#16359,#9649,$,$);
#9639=IFCCARTESIANPOINTLIST2D(((0.,0.),(0.,0.40000000000000002),(0.40000000000000002,0.40000000000000002),(0.40000000000000002,0.),(0.,0.)));
#9640=IFCINDEXEDPOLYCURVE(#9639,$,.F.);
#9641=IFCDIRECTION((0.,0.,1.));
#9642=IFCARBITRARYCLOSEDPROFILEDEF(.AREA.,$,#9640);
#9643=IFCCARTESIANPOINT((0.,0.,0.));
#9644=IFCDIRECTION((0.,0.,1.));
#9645=IFCDIRECTION((1.,0.,0.));
#9646=IFCAXIS2PLACEMENT3D(#9643,#9644,#9645);
#9647=IFCEXTRUDEDAREASOLID(#9642,#9646,#9641,3.);
#9648=IFCSHAPEREPRESENTATION(#11,'Body','SweptSolid',(#9647));
#9649=IFCPRODUCTDEFINITIONSHAPE($,$,(#9648));
#9655=IFCCOLUMN('1LnLR3zI1F79Zv9AK3dyzt',$,'col144',$,$,#17519,#9666,$,$);
#9656=IFCCARTESIANPOINTLIST2D(((0.,0.),(0.,0.40000000000000002),(0.40000000000000002,0.40000000000000002),(0.40000000000000002,0.),(0.,0.)));
#9657=IFCINDEXEDPOLYCURVE(#9656,$,.F.);
#9658=IFCDIRECTION((0.,0.,1.));
#9659=IFCARBITRARYCLOSEDPROFILEDEF(.AREA.,$,#9657);
#9660=IFCCARTESIANPOINT((0.,0.,0.));
#9661=IFCDIRECTION((0.,0.,1.));
#9662=IFCDIRECTION((1.,0.,0.));
#9663=IFCAXIS2PLACEMENT3D(#9660,#9661,#9662);
#9664=IFCEXTRUDEDAREASOLID(#9659,#9663,#9658,3.);
#9665=IFCSHAPEREPRESENTATION(#11,'Body','SweptSolid',(#9664));
#9666=IFCPRODUCTDEFINITIONSHAPE($,$,(#9665));
#9672=IFCCOLUMN('0z1c0i63LFfBLxueKXsLSh',$,'col145',$,$,#18389,#9683,$,$);
#9673=IFCCARTESIANPOINTLIST2D(((0.,0.),(0.,0.40000000000000002),(0.40000000000000002,0.40000000000000002),(0.40000000000000002,0.),(0.,0.)));
#9674=IFCINDEXEDPOLYCURVE(#9673,$,.F.);
#9675=IFCDIRECTION((0.,0.,1.));
#9676=IFCARBITRARYCLOSEDPROFILEDEF(.AREA.,$,#9674);
#9677=IFCCARTESIANPOINT((0.,0.,0.));
#9678=IFCDIRECTION((0.,0.,1.));
#9679=IFCDIRECTION((1.,0.,0.));
#9680=IFCAXIS2PLACEMENT3D(#9677,#9678,#9679);
#9681=IFCEXTRUDEDAREASOLID(#9676,#9680,#9675,3.);
#9682=IFCSHAPEREPRESENTATION(#11,'Body','SweptSolid',(#9681));
#9683=IFCPRODUCTDEFINITIONSHAPE($,$,(#9682));
#9689=IFCCOLUMN('00CCKIRMrDkgC2RjSAFuS8',$,'col146',$,$,#15319,#9700,$,$);
#9690=IFCCARTESIANPOINTLIST2D(((0.,0.),(0.,0.40000000000000002),(0.40000000000000002,0.40000000000000002),(0.40000000000000002,0.),(0.,0.)));
#9691=IFCINDEXEDPOLYCURVE(#9690,$,.F.);
#9692=IFCDIRECTION((0.,0.,1.));
#9693=IFCARBITRARYCLOSEDPROFILEDEF(.AREA.,$,#9691);
#9694=IFCCARTESIANPOINT((0.,0.,0.));
#9695=IFCDIRECTION((0.,0.,1.));
#9696=IFCDIRECTION((1.,0.,0.));
#9697=IFCAXIS2PLACEMENT3D(#9694,#9695,#9696);
#9698=IFCEXTRUDEDAREASOLID(#9693,#9697,#9692,3.);
#9699=IFCSHAPEREPRESENTATION(#11,'Body','SweptSolid',(#9698));
#9700=IFCPRODUCTDEFINITIONSHAPE($,$,(#9699));
#9706=IFCCOLUMN('3dK6No6on8hfOh1nBcIcdP',$,'col147',$,$,#16154,#9717,$,$);
#9707=IFCCARTESIANPOINTLIST2D(((0.,0.),(0.,0.40000000000000002),(0.40000000000000002,0.40000000000000002),(0.40000000000000002,0.),(0.,0.)));
#9708=IFCINDEXEDPOLYCURVE(#9707,$,.F.);
#9709=IFCDIRECTION((0.,0.,1.));
#9710=IFCARBITRARYCLOSEDPROFILEDEF(.AREA.,$,#9708);
#9711=IFCCARTESIANPOINT((0.,0.,0.));
#9712=IFCDIRECTION((0.,0.,1.));
#9713=IFCDIRECTION((1.,0.,0.));
#9714=IFCAXIS2PLACEMENT3D(#9711,#9712,#9713);
#9715=IFCEXTRUDEDAREASOLID(#9710,#9714,#9709,3.);
#9716=IFCSHAPEREPRESENTATION(#11,'Body','SweptSolid',(#9715));
#9717=IFCPRODUCTDEFINITIONSHAPE($,$,(#9716));
#9723=IFCCOLUMN('1S3hWVvan9wPsCL0g3Ruph',$,'col148',$,$,#17304,#9734,$,$);
#9724=IFCCARTESIANPOINTLIST2D(((0.,0.),(0.,0.40000000000000002),(0.40000000000000002,0.40000000000000002),(0.40000000000000002,0.),(0.,0.)));
#9725=IFCINDEXEDPOLYCURVE(#9724,$,.F.);
#9726=IFCDIRECTION((0.,0.,1.));
#9727=IFCARBITRARYCLOSEDPROFILEDEF(.AREA.,$,#9725);
#9728=IFCCARTESIANPOINT((0.,0.,0.));
#9729=IFCDIRECTION((0.,0.,1.));
#9730=IFCDIRECTION((1.,0.,0.));
#9731=IFCAXIS2PLACEMENT3D(#9728,#9729,#9730);
#9732=IFCEXTRUDEDAREASOLID(#9727,#9731,#9726,3.);
#9733=IFCSHAPEREPRESENTATION(#11,'Body','SweptSolid',(#9732));
#9734=IFCPRODUCTDEFINITIONSHAPE($,$,(#9733));
#9740=IFCCOLUMN('3l19osGM52ngg4nn8x9IiA',$,'col149',$,$,#18359,#9751,$,$);
#9741=IFCCARTESIANPOINTLIST2D(((0.,0.),(0.,0.40000000000000002),(0.40000000000000002,0.40000000000000002),(0.40000000000000002,0.),(0.,0.)));
#9742=IFCINDEXEDPOLYCURVE(#9741,$,.F.);
#9743=IFCDIRECTION((0.,0.,1.));
#9744=IFCARBITRARYCLOSEDPROFILEDEF(.AREA.,$,#9742);
#9745=IFCCARTESIANPOINT((0.,0.,0.));
#9746=IFCDIRECTION((0.,0.,1.));
#9747=IFCDIRECTION((1.,0.,0.));
#9748=IFCAXIS2PLACEMENT3D(#9745,#9746,#9747);
#9749=IFCEXTRUDEDAREASOLID(#9744,#9748,#9743,3.);
#9750=IFCSHAPEREPRESENTATION(#11,'Body','SweptSolid',(#9749));
#9751=IFCPRODUCTDEFINITIONSHAPE($,$,(#9750));
#9757=IFCCOLUMN('1QbhptP6nDVuVjoLSmnfsU',$,'col150',$,$,#15294,#9768,$,$);
#9758=IFCCARTESIANPOINTLIST2D(((0.,0.),(0.,0.40000000000000002),(0.40000000000000002,0.40000000000000002),(0.40000000000000002,0.),(0.,0.)));
#9759=IFCINDEXEDPOLYCURVE(#9758,$,.F.);
#9760=IFCDIRECTION((0.,0.,1.));
#9761=IFCARBITRARYCLOSEDPROFILEDEF(.AREA.,$,#9759);
#9762=IFCCARTESIANPOINT((0.,0.,0.));
#9763=IFCDIRECTION((0.,0.,1.));
#9764=IFCDIRECTION((1.,0.,0.));
#9765=IFCAXIS2PLACEMENT3D(#9762,#9763,#9764);
#9766=IFCEXTRUDEDAREASOLID(#9761,#9765,#9760,3.);
#9767=IFCSHAPEREPRESENTATION(#11,'Body','SweptSolid',(#9766));
#9768=IFCPRODUCTDEFINITIONSHAPE($,$,(#9767));
#9774=IFCCOLUMN('1w2hiVosLD5B2fKv1ofrYo',$,'col151',$,$,#16199,#9785,$,$);
#9775=IFCCARTESIANPOINTLIST2D(((0.,0.),(0.,0.40000000000000002),(0.40000000000000002,0.40000000000000002),(0.40000000000000002,0.),(0.,0.)));
#9776=IFCINDEXEDPOLYCURVE(#9775,$,.F.);
#9777=IFCDIRECTION((0.,0.,1.));
#9778=IFCARBITRARYCLOSEDPROFILEDEF(.AREA.,$,#9776);
#9779=IFCCARTESIANPOINT((0.,0.,0.));
#9780=IFCDIRECTION((0.,0.,1.));
#9781=IFCDIRECTION((1.,0.,0.));
#9782=IFCAXIS2PLACEMENT3D(#9779,#9780,#9781);
#9783=IFCEXTRUDEDAREASOLID(#9778,#9782,#9777,3.);
#9784=IFCSHAPEREPRESENTATION(#11,'Body','SweptSolid',(#9783));
#9785=IFCPRODUCTDEFINITIONSHAPE($,$,(#9784));
#9791=IFCCOLUMN('2M5MeuYfvES9lq6FHw5JYs',$,'col152',$,$,#17354,#9802,$,$);
#9792=IFCCARTESIANPOINTLIST2D(((0.,0.),(0.,0.40000000000000002),(0.40000000000000002,0.40000000000000002),(0.40000000000000002,0.),(0.,0.)));
#9793=IFCINDEXEDPOLYCURVE(#9792,$,.F.);
#9794=IFCDIRECTION((0.,0.,1.));
#9795=IFCARBITRARYCLOSEDPROFILEDEF(.AREA.,$,#9793);
#9796=IFCCARTESIANPOINT((0.,0.,0.));
#9797=IFCDIRECTION((0.,0.,1.));
#9798=IFCDIRECTION((1.,0.,0.));
#9799=IFCAXIS2PLACEMENT3D(#9796,#9797,#9798);
#9800=IFCEXTRUDEDAREASOLID(#9795,#9799,#9794,3.);
#9801=IFCSHAPEREPRESENTATION(#11,'Body','SweptSolid',(#9800));
#9802=IFCPRODUCTDEFINITIONSHAPE($,$,(#9801));
#9808=IFCCOLUMN('0VS1ajPtfEaPBO_K7poS$S',$,'col153',$,$,#18429,#9819,$,$);
#9809=IFCCARTESIANPOINTLIST2D(((0.,0.),(0.,0.40000000000000002),(0.40000000000000002,0.40000000000000002),(0.40000000000000002,0.),(0.,0.)));
#9810=IFCINDEXEDPOLYCURVE(#9809,$,.F.);
#9811=IFCDIRECTION((0.,0.,1.));
#9812=IFCARBITRARYCLOSEDPROFILEDEF(.AREA.,$,#9810);
#9813=IFCCARTESIANPOINT((0.,0.,0.));
#9814=IFCDIRECTION((0.,0.,1.));
#9815=IFCDIRECTION((1.,0.,0.));
#9816=IFCAXIS2PLACEMENT3D(#9813,#9814,#9815);
#9817=IFCEXTRUDEDAREASOLID(#9812,#9816,#9811,3.);
#9818=IFCSHAPEREPRESENTATION(#11,'Body','SweptSolid',(#9817));
#9819=IFCPRODUCTDEFINITIONSHAPE($,$,(#9818));
#9825=IFCCOLUMN('1oR8Rxkdz5p9M9G_bR4sG2',$,'col154',$,$,#15359,#9836,$,$);
#9826=IFCCARTESIANPOINTLIST2D(((0.,0.),(0.,0.40000000000000002),(0.40000000000000002,0.40000000000000002),(0.40000000000000002,0.),(0.,0.)));
#9827=IFCINDEXEDPOLYCURVE(#9826,$,.F.);
#9828=IFCDIRECTION((0.,0.,1.));
#9829=IFCARBITRARYCLOSEDPROFILEDEF(.AREA.,$,#9827);
#9830=IFCCARTESIANPOINT((0.,0.,0.));
#9831=IFCDIRECTION((0.,0.,1.));
#9832=IFCDIRECTION((1.,0.,0.));
#9833=IFCAXIS2PLACEMENT3D(#9830,#9831,#9832);
#9834=IFCEXTRUDEDAREASOLID(#9829,#9833,#9828,3.);
#9835=IFCSHAPEREPRESENTATION(#11,'Body','SweptSolid',(#9834));
#9836=IFCPRODUCTDEFINITIONSHAPE($,$,(#9835));
#9842=IFCCOLUMN('2E6SpSHBT76B9RYYJj8sIu',$,'col155',$,$,#15129,#9853,$,$);
#9843=IFCCARTESIANPOINTLIST2D(((0.,0.),(0.,0.40000000000000002),(0.40000000000000002,0.40000000000000002),(0.40000000000000002,0.),(0.,0.)));
#9844=IFCINDEXEDPOLYCURVE(#9843,$,.F.);
#9845=IFCDIRECTION((0.,0.,1.));
#9846=IFCARBITRARYCLOSEDPROFILEDEF(.AREA.,$,#9844);
#9847=IFCCARTESIANPOINT((0.,0.,0.));
#9848=IFCDIRECTION((0.,0.,1.));
#9849=IFCDIRECTION((1.,0.,0.));
#9850=IFCAXIS2PLACEMENT3D(#9847,#9848,#9849);
#9851=IFCEXTRUDEDAREASOLID(#9846,#9850,#9845,3.);
#9852=IFCSHAPEREPRESENTATION(#11,'Body','SweptSolid',(#9851));
#9853=IFCPRODUCTDEFINITIONSHAPE($,$,(#9852));
#9859=IFCCOLUMN('0dS4axkYzCAQ78s2H8mbFB',$,'col156',$,$,#16269,#9870,$,$);
#9860=IFCCARTESIANPOINTLIST2D(((0.,0.),(0.,0.40000000000000002),(0.40000000000000002,0.40000000000000002),(0.40000000000000002,0.),(0.,0.)));
#9861=IFCINDEXEDPOLYCURVE(#9860,$,.F.);
#9862=IFCDIRECTION((0.,0.,1.));
#9863=IFCARBITRARYCLOSEDPROFILEDEF(.AREA.,$,#9861);
#9864=IFCCARTESIANPOINT((0.,0.,0.));
#9865=IFCDIRECTION((0.,0.,1.));
#9866=IFCDIRECTION((1.,0.,0.));
#9867=IFCAXIS2PLACEMENT3D(#9864,#9865,#9866);
#9868=IFCEXTRUDEDAREASOLID(#9863,#9867,#9862,3.);
#9869=IFCSHAPEREPRESENTATION(#11,'Body','SweptSolid',(#9868));
#9870=IFCPRODUCTDEFINITIONSHAPE($,$,(#9869));
#9876=IFCCOLUMN('3HKmmaCdr2XQn5gQma89g2',$,'col157',$,$,#18494,#9887,$,$);
#9877=IFCCARTESIANPOINTLIST2D(((0.,0.),(0.,0.40000000000000002),(0.40000000000000002,0.40000000000000002),(0.40000000000000002,0.),(0.,0.)));
#9878=IFCINDEXEDPOLYCURVE(#9877,$,.F.);
#9879=IFCDIRECTION((0.,0.,1.));
#9880=IFCARBITRARYCLOSEDPROFILEDEF(.AREA.,$,#9878);
#9881=IFCCARTESIANPOINT((0.,0.,0.));
#9882=IFCDIRECTION((0.,0.,1.));
#9883=IFCDIRECTION((1.,0.,0.));
#9884=IFCAXIS2PLACEMENT3D(#9881,#9882,#9883);
#9885=IFCEXTRUDEDAREASOLID(#9880,#9884,#9879,3.);
#9886=IFCSHAPEREPRESENTATION(#11,'Body','SweptSolid',(#9885));
#9887=IFCPRODUCTDEFINITIONSHAPE($,$,(#9886));
#9893=IFCCOLUMN('1j6D3UfzXFWO4l24kmEK9h',$,'col158',$,$,#18234,#9904,$,$);
#9894=IFCCARTESIANPOINTLIST2D(((0.,0.),(0.,0.40000000000000002),(0.40000000000000002,0.40000000000000002),(0.40000000000000002,0.),(0.,0.)));
#9895=IFCINDEXEDPOLYCURVE(#9894,$,.F.);
#9896=IFCDIRECTION((0.,0.,1.));
#9897=IFCARBITRARYCLOSEDPROFILEDEF(.AREA.,$,#9895);
#9898=IFCCARTESIANPOINT((0.,0.,0.));
#9899=IFCDIRECTION((0.,0.,1.));
#9900=IFCDIRECTION((1.,0.,0.));
#9901=IFCAXIS2PLACEMENT3D(#9898,#9899,#9900);
#9902=IFCEXTRUDEDAREASOLID(#9897,#9901,#9896,3.);
#9903=IFCSHAPEREPRESENTATION(#11,'Body','SweptSolid',(#9902));
#9904=IFCPRODUCTDEFINITIONSHAPE($,$,(#9903));
#9910=IFCCOLUMN('2jp9$v299C3efrwhGxa1Nz',$,'col159',$,$,#15174,#9921,$,$);
#9911=IFCCARTESIANPOINTLIST2D(((0.,0.),(0.,0.40000000000000002),(0.40000000000000002,0.40000000000000002),(0.40000000000000002,0.),(0.,0.)));
#9912=IFCINDEXEDPOLYCURVE(#9911,$,.F.);
#9913=IFCDIRECTION((0.,0.,1.));
#9914=IFCARBITRARYCLOSEDPROFILEDEF(.AREA.,$,#9912);
#9915=IFCCARTESIANPOINT((0.,0.,0.));
#9916=IFCDIRECTION((0.,0.,1.));
#9917=IFCDIRECTION((1.,0.,0.));
#9918=IFCAXIS2PLACEMENT3D(#9915,#9916,#9917);
#9919=IFCEXTRUDEDAREASOLID(#9914,#9918,#9913,3.);
#9920=IFCSHAPEREPRESENTATION(#11,'Body','SweptSolid',(#9919));
#9921=IFCPRODUCTDEFINITIONSHAPE($,$,(#9920));
#9927=IFCCOLUMN('3txmGRbP155eVVnX3EV6d3',$,'col160',$,$,#16314,#9938,$,$);
#9928=IFCCARTESIANPOINTLIST2D(((0.,0.),(0.,0.40000000000000002),(0.40000000000000002,0.40000000000000002),(0.40000000000000002,0.),(0.,0.)));
#9929=IFCINDEXEDPOLYCURVE(#9928,$,.F.);
#9930=IFCDIRECTION((0.,0.,1.));
#9931=IFCARBITRARYCLOSEDPROFILEDEF(.AREA.,$,#9929);
#9932=IFCCARTESIANPOINT((0.,0.,0.));
#9933=IFCDIRECTION((0.,0.,1.));
#9934=IFCDIRECTION((1.,0.,0.));
#9935=IFCAXIS2PLACEMENT3D(#9932,#9933,#9934);
#9936=IFCEXTRUDEDAREASOLID(#9931,#9935,#9930,3.);
#9937=IFCSHAPEREPRESENTATION(#11,'Body','SweptSolid',(#9936));
#9938=IFCPRODUCTDEFINITIONSHAPE($,$,(#9937));
#9944=IFCCOLUMN('0tGLOxKknFVgjA1BDG0LbT',$,'col161',$,$,#17134,#9955,$,$);
#9945=IFCCARTESIANPOINTLIST2D(((0.,0.),(0.,0.40000000000000002),(0.40000000000000002,0.40000000000000002),(0.40000000000000002,0.),(0.,0.)));
#9946=IFCINDEXEDPOLYCURVE(#9945,$,.F.);
#9947=IFCDIRECTION((0.,0.,1.));
#9948=IFCARBITRARYCLOSEDPROFILEDEF(.AREA.,$,#9946);
#9949=IFCCARTESIANPOINT((0.,0.,0.));
#9950=IFCDIRECTION((0.,0.,1.));
#9951=IFCDIRECTION((1.,0.,0.));
#9952=IFCAXIS2PLACEMENT3D(#9949,#9950,#9951);
#9953=IFCEXTRUDEDAREASOLID(#9948,#9952,#9947,3.);
#9954=IFCSHAPEREPRESENTATION(#11,'Body','SweptSolid',(#9953));
#9955=IFCPRODUCTDEFINITIONSHAPE($,$,(#9954));
#9961=IFCCOLUMN('3w1usX0N15NhEj2L72vZA_',$,'col162',$,$,#18079,#9972,$,$);
#9962=IFCCARTESIANPOINTLIST2D(((0.,0.),(0.,0.40000000000000002),(0.40000000000000002,0.40000000000000002),(0.40000000000000002,0.),(0.,0.)));
#9963=IFCINDEXEDPOLYCURVE(#9962,$,.F.);
#9964=IFCDIRECTION((0.,0.,1.));
#9965=IFCARBITRARYCLOSEDPROFILEDEF(.AREA.,$,#9963);
#9966=IFCCARTESIANPOINT((0.,0.,0.));
#9967=IFCDIRECTION((0.,0.,1.));
#9968=IFCDIRECTION((1.,0.,0.));
#9969=IFCAXIS2PLACEMENT3D(#9966,#9967,#9968);
#9970=IFCEXTRUDEDAREASOLID(#9965,#9969,#9964,3.);
#9971=IFCSHAPEREPRESENTATION(#11,'Body','SweptSolid',(#9970));
#9972=IFCPRODUCTDEFINITIONSHAPE($,$,(#9971));
#9978=IFCCOLUMN('1ppDXR0HX5uPtdKJO1XQHw',$,'col163',$,$,#14949,#9989,$,$);
#9979=IFCCARTESIANPOINTLIST2D(((0.,0.),(0.,0.40000000000000002),(0.40000000000000002,0.40000000000000002),(0.40000000000000002,0.),(0.,0.)));
#9980=IFCINDEXEDPOLYCURVE(#9979,$,.F.);
#9981=IFCDIRECTION((0.,0.,1.));
#9982=IFCARBITRARYCLOSEDPROFILEDEF(.AREA.,$,#9980);
#9983=IFCCARTESIANPOINT((0.,0.,0.));
#9984=IFCDIRECTION((0.,0.,1.));
#9985=IFCDIRECTION((1.,0.,0.));
#9986=IFCAXIS2PLACEMENT3D(#9983,#9984,#9985);
#9987=IFCEXTRUDEDAREASOLID(#9982,#9986,#9981,3.);
#9988=IFCSHAPEREPRESENTATION(#11,'Body','SweptSolid',(#9987));
#9989=IFCPRODUCTDEFINITIONSHAPE($,$,(#9988));
#9995=IFCCOLUMN('3eYstf6c5BvRw5iGh6eWu_',$,'col164',$,$,#16074,#10006,$,$);
#9996=IFCCARTESIANPOINTLIST2D(((0.,0.),(0.,0.40000000000000002),(0.40000000000000002,0.40000000000000002),(0.40000000000000002,0.),(0.,0.)));
#9997=IFCINDEXEDPOLYCURVE(#9996,$,.F.);
#9998=IFCDIRECTION((0.,0.,1.));
#9999=IFCARBITRARYCLOSEDPROFILEDEF(.AREA.,$,#9997);
#10000=IFCCARTESIANPOINT((0.,0.,0.));
#10001=IFCDIRECTION((0.,0.,1.));
#10002=IFCDIRECTION((1.,0.,0.));
#10003=IFCAXIS2PLACEMENT3D(#10000,#10001,#10002);
#10004=IFCEXTRUDEDAREASOLID(#9999,#10003,#9998,3.);
#10005=IFCSHAPEREPRESENTATION(#11,'Body','SweptSolid',(#10004));
#10006=IFCPRODUCTDEFINITIONSHAPE($,$,(#10005));
#10012=IFCCOLUMN('3pZKUVGlz3rPimoV$ZDbkt',$,'col165',$,$,#17204,#10023,$,$);
#10013=IFCCARTESIANPOINTLIST2D(((0.,0.),(0.,0.40000000000000002),(0.40000000000000002,0.40000000000000002),(0.40000000000000002,0.),(0.,0.)));
#10014=IFCINDEXEDPOLYCURVE(#10013,$,.F.);
#10015=IFCDIRECTION((0.,0.,1.));
#10016=IFCARBITRARYCLOSEDPROFILEDEF(.AREA.,$,#10014);
#10017=IFCCARTESIANPOINT((0.,0.,0.));
#10018=IFCDIRECTION((0.,0.,1.));
#10019=IFCDIRECTION((1.,0.,0.));
#10020=IFCAXIS2PLACEMENT3D(#10017,#10018,#10019);
#10021=IFCEXTRUDEDAREASOLID(#10016,#10020,#10015,3.);
#10022=IFCSHAPEREPRESENTATION(#11,'Body','SweptSolid',(#10021));
#10023=IFCPRODUCTDEFINITIONSHAPE($,$,(#10022));
#10029=IFCCOLUMN('1QDVo48o94MRDgg9RLALvc',$,'col166',$,$,#18269,#10040,$,$);
#10030=IFCCARTESIANPOINTLIST2D(((0.,0.),(0.,0.40000000000000002),(0.40000000000000002,0.40000000000000002),(0.40000000000000002,0.),(0.,0.)));
#10031=IFCINDEXEDPOLYCURVE(#10030,$,.F.);
#10032=IFCDIRECTION((0.,0.,1.));
#10033=IFCARBITRARYCLOSEDPROFILEDEF(.AREA.,$,#10031);
#10034=IFCCARTESIANPOINT((0.,0.,0.));
#10035=IFCDIRECTION((0.,0.,1.));
#10036=IFCDIRECTION((1.,0.,0.));
#10037=IFCAXIS2PLACEMENT3D(#10034,#10035,#10036);
#10038=IFCEXTRUDEDAREASOLID(#10033,#10037,#10032,3.);
#10039=IFCSHAPEREPRESENTATION(#11,'Body','SweptSolid',(#10038));
#10040=IFCPRODUCTDEFINITIONSHAPE($,$,(#10039));
#10046=IFCCOLUMN('3cnYObzLn25hgrXuy0tQnz',$,'col167',$,$,#15209,#10057,$,$);
#10047=IFCCARTESIANPOINTLIST2D(((0.,0.),(0.,0.40000000000000002),(0.40000000000000002,0.40000000000000002),(0.40000000000000002,0.),(0.,0.)));
#10048=IFCINDEXEDPOLYCURVE(#10047,$,.F.);
#10049=IFCDIRECTION((0.,0.,1.));
#10050=IFCARBITRARYCLOSEDPROFILEDEF(.AREA.,$,#10048);
#10051=IFCCARTESIANPOINT((0.,0.,0.));
#10052=IFCDIRECTION((0.,0.,1.));
#10053=IFCDIRECTION((1.,0.,0.));
#10054=IFCAXIS2PLACEMENT3D(#10051,#10052,#10053);
#10055=IFCEXTRUDEDAREASOLID(#10050,#10054,#10049,3.);
#10056=IFCSHAPEREPRESENTATION(#11,'Body','SweptSolid',(#10055));
#10057=IFCPRODUCTDEFINITIONSHAPE($,$,(#10056));
#10063=IFCCOLUMN('24Qbwmcob1ARO_nFPmzUHs',$,'col168',$,$,#16129,#10074,$,$);
#10064=IFCCARTESIANPOINTLIST2D(((0.,0.),(0.,0.40000000000000002),(0.40000000000000002,0.40000000000000002),(0.40000000000000002,0.),(0.,0.)));
#10065=IFCINDEXEDPOLYCURVE(#10064,$,.F.);
#10066=IFCDIRECTION((0.,0.,1.));
#10067=IFCARBITRARYCLOSEDPROFILEDEF(.AREA.,$,#10065);
#10068=IFCCARTESIANPOINT((0.,0.,0.));
#10069=IFCDIRECTION((0.,0.,1.));
#10070=IFCDIRECTION((1.,0.,0.));
#10071=IFCAXIS2PLACEMENT3D(#10068,#10069,#10070);
#10072=IFCEXTRUDEDAREASOLID(#10067,#10071,#10066,3.);
#10073=IFCSHAPEREPRESENTATION(#11,'Body','SweptSolid',(#10072));
#10074=IFCPRODUCTDEFINITIONSHAPE($,$,(#10073));
#10080=IFCCOLUMN('0glkxFe3D83PfneyDYhQBB',$,'col169',$,$,#17279,#10091,$,$);
#10081=IFCCARTESIANPOINTLIST2D(((0.,0.),(0.,0.40000000000000002),(0.40000000000000002,0.40000000000000002),(0.40000000000000002,0.),(0.,0.)));
#10082=IFCINDEXEDPOLYCURVE(#10081,$,.F.);
#10083=IFCDIRECTION((0.,0.,1.));
#10084=IFCARBITRARYCLOSEDPROFILEDEF(.AREA.,$,#10082);
#10085=IFCCARTESIANPOINT((0.,0.,0.));
#10086=IFCDIRECTION((0.,0.,1.));
#10087=IFCDIRECTION((1.,0.,0.));
#10088=IFCAXIS2PLACEMENT3D(#10085,#10086,#10087);
#10089=IFCEXTRUDEDAREASOLID(#10084,#10088,#10083,3.);
#10090=IFCSHAPEREPRESENTATION(#11,'Body','SweptSolid',(#10089));
#10091=IFCPRODUCTDEFINITIONSHAPE($,$,(#10090));
#10097=IFCCOLUMN('0hD44LGXz0FxyCejTUdYZk',$,'col170',$,$,#18334,#10108,$,$);
#10098=IFCCARTESIANPOINTLIST2D(((0.,0.),(0.,0.40000000000000002),(0.40000000000000002,0.40000000000000002),(0.40000000000000002,0.),(0.,0.)));
#10099=IFCINDEXEDPOLYCURVE(#10098,$,.F.);
#10100=IFCDIRECTION((0.,0.,1.));
#10101=IFCARBITRARYCLOSEDPROFILEDEF(.AREA.,$,#10099);
#10102=IFCCARTESIANPOINT((0.,0.,0.));
#10103=IFCDIRECTION((0.,0.,1.));
#10104=IFCDIRECTION((1.,0.,0.));
#10105=IFCAXIS2PLACEMENT3D(#10102,#10103,#10104);
#10106=IFCEXTRUDEDAREASOLID(#10101,#10105,#10100,3.);
#10107=IFCSHAPEREPRESENTATION(#11,'Body','SweptSolid',(#10106));
#10108=IFCPRODUCTDEFINITIONSHAPE($,$,(#10107));
#10114=IFCCOLUMN('2GRlH5eQLDpAzVws1aKPpf',$,'col171',$,$,#15264,#10125,$,$);
#10115=IFCCARTESIANPOINTLIST2D(((0.,0.),(0.,0.40000000000000002),(0.40000000000000002,0.40000000000000002),(0.40000000000000002,0.),(0.,0.)));
#10116=IFCINDEXEDPOLYCURVE(#10115,$,.F.);
#10117=IFCDIRECTION((0.,0.,1.));
#10118=IFCARBITRARYCLOSEDPROFILEDEF(.AREA.,$,#10116);
#10119=IFCCARTESIANPOINT((0.,0.,0.));
#10120=IFCDIRECTION((0.,0.,1.));
#10121=IFCDIRECTION((1.,0.,0.));
#10122=IFCAXIS2PLACEMENT3D(#10119,#10120,#10121);
#10123=IFCEXTRUDEDAREASOLID(#10118,#10122,#10117,3.);
#10124=IFCSHAPEREPRESENTATION(#11,'Body','SweptSolid',(#10123));
#10125=IFCPRODUCTDEFINITIONSHAPE($,$,(#10124));
#10131=IFCCOLUMN('2fIlmjPR1EEAxZ2Nl_51i5',$,'col172',$,$,#15069,#10142,$,$);
#10132=IFCCARTESIANPOINTLIST2D(((0.,0.),(0.,0.40000000000000002),(0.40000000000000002,0.40000000000000002),(0.40000000000000002,0.),(0.,0.)));
#10133=IFCINDEXEDPOLYCURVE(#10132,$,.F.);
#10134=IFCDIRECTION((0.,0.,1.));
#10135=IFCARBITRARYCLOSEDPROFILEDEF(.AREA.,$,#10133);
#10136=IFCCARTESIANPOINT((0.,0.,0.));
#10137=IFCDIRECTION((0.,0.,1.));
#10138=IFCDIRECTION((1.,0.,0.));
#10139=IFCAXIS2PLACEMENT3D(#10136,#10137,#10138);
#10140=IFCEXTRUDEDAREASOLID(#10135,#10139,#10134,3.);
#10141=IFCSHAPEREPRESENTATION(#11,'Body','SweptSolid',(#10140));
#10142=IFCPRODUCTDEFINITIONSHAPE($,$,(#10141));
#10148=IFCCOLUMN('0kXC5T0EL0TPGhyZX_$rdT',$,'col173',$,$,#16204,#10159,$,$);
#10149=IFCCARTESIANPOINTLIST2D(((0.,0.),(0.,0.40000000000000002),(0.40000000000000002,0.40000000000000002),(0.40000000000000002,0.),(0.,0.)));
#10150=IFCINDEXEDPOLYCURVE(#10149,$,.F.);
#10151=IFCDIRECTION((0.,0.,1.));
#10152=IFCARBITRARYCLOSEDPROFILEDEF(.AREA.,$,#10150);
#10153=IFCCARTESIANPOINT((0.,0.,0.));
#10154=IFCDIRECTION((0.,0.,1.));
#10155=IFCDIRECTION((1.,0.,0.));
#10156=IFCAXIS2PLACEMENT3D(#10153,#10154,#10155);
#10157=IFCEXTRUDEDAREASOLID(#10152,#10156,#10151,3.);
#10158=IFCSHAPEREPRESENTATION(#11,'Body','SweptSolid',(#10157));
#10159=IFCPRODUCTDEFINITIONSHAPE($,$,(#10158));
#10165=IFCCOLUMN('3HY7vFbRr6V9yb$ic7HvjL',$,'col174',$,$,#18404,#10176,$,$);
#10166=IFCCARTESIANPOINTLIST2D(((0.,0.),(0.,0.40000000000000002),(0.40000000000000002,0.40000000000000002),(0.40000000000000002,0.),(0.,0.)));
#10167=IFCINDEXEDPOLYCURVE(#10166,$,.F.);
#10168=IFCDIRECTION((0.,0.,1.));
#10169=IFCARBITRARYCLOSEDPROFILEDEF(.AREA.,$,#10167);
#10170=IFCCARTESIANPOINT((0.,0.,0.));
#10171=IFCDIRECTION((0.,0.,1.));
#10172=IFCDIRECTION((1.,0.,0.));
#10173=IFCAXIS2PLACEMENT3D(#10170,#10171,#10172);
#10174=IFCEXTRUDEDAREASOLID(#10169,#10173,#10168,3.);
#10175=IFCSHAPEREPRESENTATION(#11,'Body','SweptSolid',(#10174));
#10176=IFCPRODUCTDEFINITIONSHAPE($,$,(#10175));
#10182=IFCCOLUMN('0EEiFt6NnCofiBvrTBfnRZ',$,'col175',$,$,#17954,#10193,$,$);
#10183=IFCCARTESIANPOINTLIST2D(((0.,0.),(0.,0.40000000000000002),(0.40000000000000002,0.40000000000000002),(0.40000000000000002,0.),(0.,0.)));
#10184=IFCINDEXEDPOLYCURVE(#10183,$,.F.);
#10185=IFCDIRECTION((0.,0.,1.));
#10186=IFCARBITRARYCLOSEDPROFILEDEF(.AREA.,$,#10184);
#10187=IFCCARTESIANPOINT((0.,0.,0.));
#10188=IFCDIRECTION((0.,0.,1.));
#10189=IFCDIRECTION((1.,0.,0.));
#10190=IFCAXIS2PLACEMENT3D(#10187,#10188,#10189);
#10191=IFCEXTRUDEDAREASOLID(#10186,#10190,#10185,3.);
#10192=IFCSHAPEREPRESENTATION(#11,'Body','SweptSolid',(#10191));
#10193=IFCPRODUCTDEFINITIONSHAPE($,$,(#10192));
#10199=IFCCOLUMN('1$1sHGb$X2DBF7pbdmuOhW',$,'col176',$,$,#14819,#10210,$,$);
#10200=IFCCARTESIANPOINTLIST2D(((0.,0.),(0.,0.40000000000000002),(0.40000000000000002,0.40000000000000002),(0.40000000000000002,0.),(0.,0.)));
#10201=IFCINDEXEDPOLYCURVE(#10200,$,.F.);
#10202=IFCDIRECTION((0.,0.,1.));
#10203=IFCARBITRARYCLOSEDPROFILEDEF(.AREA.,$,#10201);
#10204=IFCCARTESIANPOINT((0.,0.,0.));
#10205=IFCDIRECTION((0.,0.,1.));
#10206=IFCDIRECTION((1.,0.,0.));
#10207=IFCAXIS2PLACEMENT3D(#10204,#10205,#10206);
#10208=IFCEXTRUDEDAREASOLID(#10203,#10207,#10202,3.);
#10209=IFCSHAPEREPRESENTATION(#11,'Body','SweptSolid',(#10208));
#10210=IFCPRODUCTDEFINITIONSHAPE($,$,(#10209));
#10216=IFCCOLUMN('2icDIFvjXAfxDNvnqftldF',$,'col177',$,$,#15919,#10227,$,$);
#10217=IFCCARTESIANPOINTLIST2D(((0.,0.),(0.,0.40000000000000002),(0.40000000000000002,0.40000000000000002),(0.40000000000000002,0.),(0.,0.)));
#10218=IFCINDEXEDPOLYCURVE(#10217,$,.F.);
#10219=IFCDIRECTION((0.,0.,1.));
#10220=IFCARBITRARYCLOSEDPROFILEDEF(.AREA.,$,#10218);
#10221=IFCCARTESIANPOINT((0.,0.,0.));
#10222=IFCDIRECTION((0.,0.,1.));
#10223=IFCDIRECTION((1.,0.,0.));
#10224=IFCAXIS2PLACEMENT3D(#10221,#10222,#10223);
#10225=IFCEXTRUDEDAREASOLID(#10220,#10224,#10219,3.);
#10226=IFCSHAPEREPRESENTATION(#11,'Body','SweptSolid',(#10225));
#10227=IFCPRODUCTDEFINITIONSHAPE($,$,(#10226));
#10233=IFCCOLUMN('06MOtoJTnAVOoqr$jRlrDc',$,'col178',$,$,#17049,#10244,$,$);
#10234=IFCCARTESIANPOINTLIST2D(((0.,0.),(0.,0.40000000000000002),(0.40000000000000002,0.40000000000000002),(0.40000000000000002,0.),(0.,0.)));
#10235=IFCINDEXEDPOLYCURVE(#10234,$,.F.);
#10236=IFCDIRECTION((0.,0.,1.));
#10237=IFCARBITRARYCLOSEDPROFILEDEF(.AREA.,$,#10235);
#10238=IFCCARTESIANPOINT((0.,0.,0.));
#10239=IFCDIRECTION((0.,0.,1.));
#10240=IFCDIRECTION((1.,0.,0.));
#10241=IFCAXIS2PLACEMENT3D(#10238,#10239,#10240);
#10242=IFCEXTRUDEDAREASOLID(#10237,#10241,#10236,3.);
#10243=IFCSHAPEREPRESENTATION(#11,'Body','SweptSolid',(#10242));
#10244=IFCPRODUCTDEFINITIONSHAPE($,$,(#10243));
#10250=IFCCOLUMN('0plrfEvyfFzBorqp9GCFGu',$,'col179',$,$,#18014,#10261,$,$);
#10251=IFCCARTESIANPOINTLIST2D(((0.,0.),(0.,0.40000000000000002),(0.40000000000000002,0.40000000000000002),(0.40000000000000002,0.),(0.,0.)));
#10252=IFCINDEXEDPOLYCURVE(#10251,$,.F.);
#10253=IFCDIRECTION((0.,0.,1.));
#10254=IFCARBITRARYCLOSEDPROFILEDEF(.AREA.,$,#10252);
#10255=IFCCARTESIANPOINT((0.,0.,0.));
#10256=IFCDIRECTION((0.,0.,1.));
#10257=IFCDIRECTION((1.,0.,0.));
#10258=IFCAXIS2PLACEMENT3D(#10255,#10256,#10257);
#10259=IFCEXTRUDEDAREASOLID(#10254,#10258,#10253,3.);
#10260=IFCSHAPEREPRESENTATION(#11,'Body','SweptSolid',(#10259));
#10261=IFCPRODUCTDEFINITIONSHAPE($,$,(#10260));
#10267=IFCCOLUMN('2GC6e5XkDFUeJjny6Le0Pg',$,'col180',$,$,#14869,#10278,$,$);
#10268=IFCCARTESIANPOINTLIST2D(((0.,0.),(0.,0.40000000000000002),(0.40000000000000002,0.40000000000000002),(0.40000000000000002,0.),(0.,0.)));
#10269=IFCINDEXEDPOLYCURVE(#10268,$,.F.);
#10270=IFCDIRECTION((0.,0.,1.));
#10271=IFCARBITRARYCLOSEDPROFILEDEF(.AREA.,$,#10269);
#10272=IFCCARTESIANPOINT((0.,0.,0.));
#10273=IFCDIRECTION((0.,0.,1.));
#10274=IFCDIRECTION((1.,0.,0.));
#10275=IFCAXIS2PLACEMENT3D(#10272,#10273,#10274);
#10276=IFCEXTRUDEDAREASOLID(#10271,#10275,#10270,3.);
#10277=IFCSHAPEREPRESENTATION(#11,'Body','SweptSolid',(#10276));
#10278=IFCPRODUCTDEFINITIONSHAPE($,$,(#10277));
#10284=IFCCOLUMN('1cbc$2fEfCpOpz5TNbJjER',$,'col181',$,$,#15989,#10295,$,$);
#10285=IFCCARTESIANPOINTLIST2D(((0.,0.),(0.,0.40000000000000002),(0.40000000000000002,0.40000000000000002),(0.40000000000000002,0.),(0.,0.)));
#10286=IFCINDEXEDPOLYCURVE(#10285,$,.F.);
#10287=IFCDIRECTION((0.,0.,1.));
#10288=IFCARBITRARYCLOSEDPROFILEDEF(.AREA.,$,#10286);
#10289=IFCCARTESIANPOINT((0.,0.,0.));
#10290=IFCDIRECTION((0.,0.,1.));
#10291=IFCDIRECTION((1.,0.,0.));
#10292=IFCAXIS2PLACEMENT3D(#10289,#10290,#10291);
#10293=IFCEXTRUDEDAREASOLID(#10288,#10292,#10287,3.);
#10294=IFCSHAPEREPRESENTATION(#11,'Body','SweptSolid',(#10293));
#10295=IFCPRODUCTDEFINITIONSHAPE($,$,(#10294));
#10301=IFCCOLUMN('3m7Yek6H53ixXswodrp4Vb',$,'col182',$,$,#17104,#10312,$,$);
#10302=IFCCARTESIANPOINTLIST2D(((0.,0.),(0.,0.40000000000000002),(0.40000000000000002,0.40000000000000002),(0.40000000000000002,0.),(0.,0.)));
#10303=IFCINDEXEDPOLYCURVE(#10302,$,.F.);
#10304=IFCDIRECTION((0.,0.,1.));
#10305=IFCARBITRARYCLOSEDPROFILEDEF(.AREA.,$,#10303);
#10306=IFCCARTESIANPOINT((0.,0.,0.));
#10307=IFCDIRECTION((0.,0.,1.));
#10308=IFCDIRECTION((1.,0.,0.));
#10309=IFCAXIS2PLACEMENT3D(#10306,#10307,#10308);
#10310=IFCEXTRUDEDAREASOLID(#10305,#10309,#10304,3.);
#10311=IFCSHAPEREPRESENTATION(#11,'Body','SweptSolid',(#10310));
#10312=IFCPRODUCTDEFINITIONSHAPE($,$,(#10311));
#10318=IFCCOLUMN('3$0gM8xanAbPG1JWKTPVTg',$,'col183',$,$,#18199,#10329,$,$);
#10319=IFCCARTESIANPOINTLIST2D(((0.,0.),(0.,0.40000000000000002),(0.40000000000000002,0.40000000000000002),(0.40000000000000002,0.),(0.,0.)));
#10320=IFCINDEXEDPOLYCURVE(#10319,$,.F.);
#10321=IFCDIRECTION((0.,0.,1.));
#10322=IFCARBITRARYCLOSEDPROFILEDEF(.AREA.,$,#10320);
#10323=IFCCARTESIANPOINT((0.,0.,0.));
#10324=IFCDIRECTION((0.,0.,1.));
#10325=IFCDIRECTION((1.,0.,0.));
#10326=IFCAXIS2PLACEMENT3D(#10323,#10324,#10325);
#10327=IFCEXTRUDEDAREASOLID(#10322,#10326,#10321,3.);
#10328=IFCSHAPEREPRESENTATION(#11,'Body','SweptSolid',(#10327));
#10329=IFCPRODUCTDEFINITIONSHAPE($,$,(#10328));
#10335=IFCCOLUMN('0I0bPKpHPCa8fijRb00P5Z',$,'col184',$,$,#15139,#10346,$,$);
#10336=IFCCARTESIANPOINTLIST2D(((0.,0.),(0.,0.40000000000000002),(0.40000000000000002,0.40000000000000002),(0.40000000000000002,0.),(0.,0.)));
#10337=IFCINDEXEDPOLYCURVE(#10336,$,.F.);
#10338=IFCDIRECTION((0.,0.,1.));
#10339=IFCARBITRARYCLOSEDPROFILEDEF(.AREA.,$,#10337);
#10340=IFCCARTESIANPOINT((0.,0.,0.));
#10341=IFCDIRECTION((0.,0.,1.));
#10342=IFCDIRECTION((1.,0.,0.));
#10343=IFCAXIS2PLACEMENT3D(#10340,#10341,#10342);
#10344=IFCEXTRUDEDAREASOLID(#10339,#10343,#10338,3.);
#10345=IFCSHAPEREPRESENTATION(#11,'Body','SweptSolid',(#10344));
#10346=IFCPRODUCTDEFINITIONSHAPE($,$,(#10345));
#10352=IFCCOLUMN('3GVmLmQi97T9B$Woquui6V',$,'col185',$,$,#16044,#10363,$,$);
#10353=IFCCARTESIANPOINTLIST2D(((0.,0.),(0.,0.40000000000000002),(0.40000000000000002,0.40000000000000002),(0.40000000000000002,0.),(0.,0.)));
#10354=IFCINDEXEDPOLYCURVE(#10353,$,.F.);
#10355=IFCDIRECTION((0.,0.,1.));
#10356=IFCARBITRARYCLOSEDPROFILEDEF(.AREA.,$,#10354);
#10357=IFCCARTESIANPOINT((0.,0.,0.));
#10358=IFCDIRECTION((0.,0.,1.));
#10359=IFCDIRECTION((1.,0.,0.));
#10360=IFCAXIS2PLACEMENT3D(#10357,#10358,#10359);
#10361=IFCEXTRUDEDAREASOLID(#10356,#10360,#10355,3.);
#10362=IFCSHAPEREPRESENTATION(#11,'Body','SweptSolid',(#10361));
#10363=IFCPRODUCTDEFINITIONSHAPE($,$,(#10362));
#10369=IFCCOLUMN('0m1WlyYzX0thOhr2YhxZBv',$,'col186',$,$,#17179,#10380,$,$);
#10370=IFCCARTESIANPOINTLIST2D(((0.,0.),(0.,0.40000000000000002),(0.40000000000000002,0.40000000000000002),(0.40000000000000002,0.),(0.,0.)));
#10371=IFCINDEXEDPOLYCURVE(#10370,$,.F.);
#10372=IFCDIRECTION((0.,0.,1.));
#10373=IFCARBITRARYCLOSEDPROFILEDEF(.AREA.,$,#10371);
#10374=IFCCARTESIANPOINT((0.,0.,0.));
#10375=IFCDIRECTION((0.,0.,1.));
#10376=IFCDIRECTION((1.,0.,0.));
#10377=IFCAXIS2PLACEMENT3D(#10374,#10375,#10376);
#10378=IFCEXTRUDEDAREASOLID(#10373,#10377,#10372,3.);
#10379=IFCSHAPEREPRESENTATION(#11,'Body','SweptSolid',(#10378));
#10380=IFCPRODUCTDEFINITIONSHAPE($,$,(#10379));
#10386=IFCCOLUMN('0xhhh$yr5CsA6TeUXNJ$e6',$,'col187',$,$,#18249,#10397,$,$);
#10387=IFCCARTESIANPOINTLIST2D(((0.,0.),(0.,0.40000000000000002),(0.40000000000000002,0.40000000000000002),(0.40000000000000002,0.),(0.,0.)));
#10388=IFCINDEXEDPOLYCURVE(#10387,$,.F.);
#10389=IFCDIRECTION((0.,0.,1.));
#10390=IFCARBITRARYCLOSEDPROFILEDEF(.AREA.,$,#10388);
#10391=IFCCARTESIANPOINT((0.,0.,0.));
#10392=IFCDIRECTION((0.,0.,1.));
#10393=IFCDIRECTION((1.,0.,0.));
#10394=IFCAXIS2PLACEMENT3D(#10391,#10392,#10393);
#10395=IFCEXTRUDEDAREASOLID(#10390,#10394,#10389,3.);
#10396=IFCSHAPEREPRESENTATION(#11,'Body','SweptSolid',(#10395));
#10397=IFCPRODUCTDEFINITIONSHAPE($,$,(#10396));
#10403=IFCCOLUMN('2dEiBD4Jv5c9Oh_wECP1QP',$,'col188',$,$,#15184,#10414,$,$);
#10404=IFCCARTESIANPOINTLIST2D(((0.,0.),(0.,0.40000000000000002),(0.40000000000000002,0.40000000000000002),(0.40000000000000002,0.),(0.,0.)));
#10405=IFCINDEXEDPOLYCURVE(#10404,$,.F.);
#10406=IFCDIRECTION((0.,0.,1.));
#10407=IFCARBITRARYCLOSEDPROFILEDEF(.AREA.,$,#10405);
#10408=IFCCARTESIANPOINT((0.,0.,0.));
#10409=IFCDIRECTION((0.,0.,1.));
#10410=IFCDIRECTION((1.,0.,0.));
#10411=IFCAXIS2PLACEMENT3D(#10408,#10409,#10410);
#10412=IFCEXTRUDEDAREASOLID(#10407,#10411,#10406,3.);
#10413=IFCSHAPEREPRESENTATION(#11,'Body','SweptSolid',(#10412));
#10414=IFCPRODUCTDEFINITIONSHAPE($,$,(#10413));
#10420=IFCCOLUMN('0UShtyWXT8VvdGZeKOo6RR',$,'col189',$,$,#14654,#10431,$,$);
#10421=IFCCARTESIANPOINTLIST2D(((0.,0.),(0.,0.40000000000000002),(0.40000000000000002,0.40000000000000002),(0.40000000000000002,0.),(0.,0.)));
#10422=IFCINDEXEDPOLYCURVE(#10421,$,.F.);
#10423=IFCDIRECTION((0.,0.,1.));
#10424=IFCARBITRARYCLOSEDPROFILEDEF(.AREA.,$,#10422);
#10425=IFCCARTESIANPOINT((0.,0.,0.));
#10426=IFCDIRECTION((0.,0.,1.));
#10427=IFCDIRECTION((1.,0.,0.));
#10428=IFCAXIS2PLACEMENT3D(#10425,#10426,#10427);
#10429=IFCEXTRUDEDAREASOLID(#10424,#10428,#10423,3.);
#10430=IFCSHAPEREPRESENTATION(#11,'Body','SweptSolid',(#10429));
#10431=IFCPRODUCTDEFINITIONSHAPE($,$,(#10430));
#10437=IFCCOLUMN('38aJmh10nAwxs1VIssZd83',$,'col190',$,$,#15794,#10448,$,$);
#10438=IFCCARTESIANPOINTLIST2D(((0.,0.),(0.,0.40000000000000002),(0.40000000000000002,0.40000000000000002),(0.40000000000000002,0.),(0.,0.)));
#10439=IFCINDEXEDPOLYCURVE(#10438,$,.F.);
#10440=IFCDIRECTION((0.,0.,1.));
#10441=IFCARBITRARYCLOSEDPROFILEDEF(.AREA.,$,#10439);
#10442=IFCCARTESIANPOINT((0.,0.,0.));
#10443=IFCDIRECTION((0.,0.,1.));
#10444=IFCDIRECTION((1.,0.,0.));
#10445=IFCAXIS2PLACEMENT3D(#10442,#10443,#10444);
#10446=IFCEXTRUDEDAREASOLID(#10441,#10445,#10440,3.);
#10447=IFCSHAPEREPRESENTATION(#11,'Body','SweptSolid',(#10446));
#10448=IFCPRODUCTDEFINITIONSHAPE($,$,(#10447));
#10454=IFCCOLUMN('3_WKLnOvfF4h3NeiFaRV8x',$,'col191',$,$,#16724,#10465,$,$);
#10455=IFCCARTESIANPOINTLIST2D(((0.,0.),(0.,0.40000000000000002),(0.40000000000000002,0.40000000000000002),(0.40000000000000002,0.),(0.,0.)));
#10456=IFCINDEXEDPOLYCURVE(#10455,$,.F.);
#10457=IFCDIRECTION((0.,0.,1.));
#10458=IFCARBITRARYCLOSEDPROFILEDEF(.AREA.,$,#10456);
#10459=IFCCARTESIANPOINT((0.,0.,0.));
#10460=IFCDIRECTION((0.,0.,1.));
#10461=IFCDIRECTION((1.,0.,0.));
#10462=IFCAXIS2PLACEMENT3D(#10459,#10460,#10461);
#10463=IFCEXTRUDEDAREASOLID(#10458,#10462,#10457,3.);
#10464=IFCSHAPEREPRESENTATION(#11,'Body','SweptSolid',(#10463));
#10465=IFCPRODUCTDEFINITIONSHAPE($,$,(#10464));
#10471=IFCCOLUMN('1CmFJbIlLCUBm0k1m3E0UZ',$,'col192',$,$,#17854,#10482,$,$);
#10472=IFCCARTESIANPOINTLIST2D(((0.,0.),(0.,0.40000000000000002),(0.40000000000000002,0.40000000000000002),(0.40000000000000002,0.),(0.,0.)));
#10473=IFCINDEXEDPOLYCURVE(#10472,$,.F.);
#10474=IFCDIRECTION((0.,0.,1.));
#10475=IFCARBITRARYCLOSEDPROFILEDEF(.AREA.,$,#10473);
#10476=IFCCARTESIANPOINT((0.,0.,0.));
#10477=IFCDIRECTION((0.,0.,1.));
#10478=IFCDIRECTION((1.,0.,0.));
#10479=IFCAXIS2PLACEMENT3D(#10476,#10477,#10478);
#10480=IFCEXTRUDEDAREASOLID(#10475,#10479,#10474,3.);
#10481=IFCSHAPEREPRESENTATION(#11,'Body','SweptSolid',(#10480));
#10482=IFCPRODUCTDEFINITIONSHAPE($,$,(#10481));
#10488=IFCSLAB('0Llkw_npnCxRYj8KK_OX2O',$,'slab1',$,$,#14724,#10499,$,$);
#10489=IFCCARTESIANPOINTLIST2D(((0.,0.),(0.,6.),(3.,6.),(3.,0.),(0.,0.)));
#10490=IFCINDEXEDPOLYCURVE(#10489,$,.F.);
#10491=IFCDIRECTION((0.,0.,1.));
#10492=IFCARBITRARYCLOSEDPROFILEDEF(.AREA.,$,#10490);
#10493=IFCCARTESIANPOINT((0.,0.,0.));
#10494=IFCDIRECTION((0.,0.,1.));
#10495=IFCDIRECTION((1.,0.,0.));
#10496=IFCAXIS2PLACEMENT3D(#10493,#10494,#10495);
#10497=IFCEXTRUDEDAREASOLID(#10492,#10496,#10491,0.12);
#10498=IFCSHAPEREPRESENTATION(#11,'Body','SweptSolid',(#10497));
#10499=IFCPRODUCTDEFINITIONSHAPE($,$,(#10498));
#10505=IFCSLAB('1hMMk$oE189BX24iy2D4ra',$,'slab2',$,$,#15844,#10516,$,$);
#10506=IFCCARTESIANPOINTLIST2D(((0.,0.),(0.,6.),(3.,6.),(3.,0.),(0.,0.)));
#10507=IFCINDEXEDPOLYCURVE(#10506,$,.F.);
#10508=IFCDIRECTION((0.,0.,1.));
#10509=IFCARBITRARYCLOSEDPROFILEDEF(.AREA.,$,#10507);
#10510=IFCCARTESIANPOINT((0.,0.,0.));
#10511=IFCDIRECTION((0.,0.,1.));
#10512=IFCDIRECTION((1.,0.,0.));
#10513=IFCAXIS2PLACEMENT3D(#10510,#10511,#10512);
#10514=IFCEXTRUDEDAREASOLID(#10509,#10513,#10508,0.12);
#10515=IFCSHAPEREPRESENTATION(#11,'Body','SweptSolid',(#10514));
#10516=IFCPRODUCTDEFINITIONSHAPE($,$,(#10515));
#10522=IFCSLAB('12eX0mSfDAAhnk0zYuCPIq',$,'slab3',$,$,#16984,#10533,$,$);
#10523=IFCCARTESIANPOINTLIST2D(((0.,0.),(0.,6.),(3.,6.),(3.,0.),(0.,0.)));
#10524=IFCINDEXEDPOLYCURVE(#10523,$,.F.);
#10525=IFCDIRECTION((0.,0.,1.));
#10526=IFCARBITRARYCLOSEDPROFILEDEF(.AREA.,$,#10524);
#10527=IFCCARTESIANPOINT((0.,0.,0.));
#10528=IFCDIRECTION((0.,0.,1.));
#10529=IFCDIRECTION((1.,0.,0.));
#10530=IFCAXIS2PLACEMENT3D(#10527,#10528,#10529);
#10531=IFCEXTRUDEDAREASOLID(#10526,#10530,#10525,0.12);
#10532=IFCSHAPEREPRESENTATION(#11,'Body','SweptSolid',(#10531));
#10533=IFCPRODUCTDEFINITIONSHAPE($,$,(#10532));
#10539=IFCSLAB('16oCbvo5D1ggjbecjWUJsG',$,'slab4',$,$,#17929,#10550,$,$);
#10540=IFCCARTESIANPOINTLIST2D(((0.,0.),(0.,6.),(3.,6.),(3.,0.),(0.,0.)));
#10541=IFCINDEXEDPOLYCURVE(#10540,$,.F.);
#10542=IFCDIRECTION((0.,0.,1.));
#10543=IFCARBITRARYCLOSEDPROFILEDEF(.AREA.,$,#10541);
#10544=IFCCARTESIANPOINT((0.,0.,0.));
#10545=IFCDIRECTION((0.,0.,1.));
#10546=IFCDIRECTION((1.,0.,0.));
#10547=IFCAXIS2PLACEMENT3D(#10544,#10545,#10546);
#10548=IFCEXTRUDEDAREASOLID(#10543,#10547,#10542,0.12);
#10549=IFCSHAPEREPRESENTATION(#11,'Body','SweptSolid',(#10548));
#10550=IFCPRODUCTDEFINITIONSHAPE($,$,(#10549));
#10556=IFCSLAB('3IT_QzdtTBiQ_pblaSsIqe',$,'slab5',$,$,#14789,#10567,$,$);
#10557=IFCCARTESIANPOINTLIST2D(((0.,0.),(0.,6.),(3.,6.),(3.,0.),(0.,0.)));
#10558=IFCINDEXEDPOLYCURVE(#10557,$,.F.);
#10559=IFCDIRECTION((0.,0.,1.));
#10560=IFCARBITRARYCLOSEDPROFILEDEF(.AREA.,$,#10558);
#10561=IFCCARTESIANPOINT((0.,0.,0.));
#10562=IFCDIRECTION((0.,0.,1.));
#10563=IFCDIRECTION((1.,0.,0.));
#10564=IFCAXIS2PLACEMENT3D(#10561,#10562,#10563);
#10565=IFCEXTRUDEDAREASOLID(#10560,#10564,#10559,0.12);
#10566=IFCSHAPEREPRESENTATION(#11,'Body','SweptSolid',(#10565));
#10567=IFCPRODUCTDEFINITIONSHAPE($,$,(#10566));
#10573=IFCSLAB('3G3aM0z9jCuwSc_MNkdnhY',$,'slab6',$,$,#15899,#10584,$,$);
#10574=IFCCARTESIANPOINTLIST2D(((0.,0.),(0.,6.),(3.,6.),(3.,0.),(0.,0.)));
#10575=IFCINDEXEDPOLYCURVE(#10574,$,.F.);
#10576=IFCDIRECTION((0.,0.,1.));
#10577=IFCARBITRARYCLOSEDPROFILEDEF(.AREA.,$,#10575);
#10578=IFCCARTESIANPOINT((0.,0.,0.));
#10579=IFCDIRECTION((0.,0.,1.));
#10580=IFCDIRECTION((1.,0.,0.));
#10581=IFCAXIS2PLACEMENT3D(#10578,#10579,#10580);
#10582=IFCEXTRUDEDAREASOLID(#10577,#10581,#10576,0.12);
#10583=IFCSHAPEREPRESENTATION(#11,'Body','SweptSolid',(#10582));
#10584=IFCPRODUCTDEFINITIONSHAPE($,$,(#10583));
#10590=IFCSLAB('0ntB74pbL0vPKbX8WQOPwP',$,'slab7',$,$,#17029,#10601,$,$);
#10591=IFCCARTESIANPOINTLIST2D(((0.,0.),(0.,6.),(3.,6.),(3.,0.),(0.,0.)));
#10592=IFCINDEXEDPOLYCURVE(#10591,$,.F.);
#10593=IFCDIRECTION((0.,0.,1.));
#10594=IFCARBITRARYCLOSEDPROFILEDEF(.AREA.,$,#10592);
#10595=IFCCARTESIANPOINT((0.,0.,0.));
#10596=IFCDIRECTION((0.,0.,1.));
#10597=IFCDIRECTION((1.,0.,0.));
#10598=IFCAXIS2PLACEMENT3D(#10595,#10596,#10597);
#10599=IFCEXTRUDEDAREASOLID(#10594,#10598,#10593,0.12);
#10600=IFCSHAPEREPRESENTATION(#11,'Body','SweptSolid',(#10599));
#10601=IFCPRODUCTDEFINITIONSHAPE($,$,(#10600));
#10607=IFCSLAB('09DymjGmXDzxzOoSReJHAK',$,'slab8',$,$,#18144,#10618,$,$);
#10608=IFCCARTESIANPOINTLIST2D(((0.,0.),(0.,6.),(3.,6.),(3.,0.),(0.,0.)));
#10609=IFCINDEXEDPOLYCURVE(#10608,$,.F.);
#10610=IFCDIRECTION((0.,0.,1.));
#10611=IFCARBITRARYCLOSEDPROFILEDEF(.AREA.,$,#10609);
#10612=IFCCARTESIANPOINT((0.,0.,0.));
#10613=IFCDIRECTION((0.,0.,1.));
#10614=IFCDIRECTION((1.,0.,0.));
#10615=IFCAXIS2PLACEMENT3D(#10612,#10613,#10614);
#10616=IFCEXTRUDEDAREASOLID(#10611,#10615,#10610,0.12);
#10617=IFCSHAPEREPRESENTATION(#11,'Body','SweptSolid',(#10616));
#10618=IFCPRODUCTDEFINITIONSHAPE($,$,(#10617));
#10624=IFCSLAB('0GmPs_jFT4wwvSmkgdGZ5o',$,'slab9',$,$,#15074,#10635,$,$);
#10625=IFCCARTESIANPOINTLIST2D(((0.,0.),(0.,6.),(3.,6.),(3.,0.),(0.,0.)));
#10626=IFCINDEXEDPOLYCURVE(#10625,$,.F.);
#10627=IFCDIRECTION((0.,0.,1.));
#10628=IFCARBITRARYCLOSEDPROFILEDEF(.AREA.,$,#10626);
#10629=IFCCARTESIANPOINT((0.,0.,0.));
#10630=IFCDIRECTION((0.,0.,1.));
#10631=IFCDIRECTION((1.,0.,0.));
#10632=IFCAXIS2PLACEMENT3D(#10629,#10630,#10631);
#10633=IFCEXTRUDEDAREASOLID(#10628,#10632,#10627,0.12);
#10634=IFCSHAPEREPRESENTATION(#11,'Body','SweptSolid',(#10633));
#10635=IFCPRODUCTDEFINITIONSHAPE($,$,(#10634));
#10641=IFCSLAB('1zwm_itpn2Vw7zcMh7ijJE',$,'slab10',$,$,#15959,#10652,$,$);
#10642=IFCCARTESIANPOINTLIST2D(((0.,0.),(0.,6.),(3.,6.),(3.,0.),(0.,0.)));
#10643=IFCINDEXEDPOLYCURVE(#10642,$,.F.);
#10644=IFCDIRECTION((0.,0.,1.));
#10645=IFCARBITRARYCLOSEDPROFILEDEF(.AREA.,$,#10643);
#10646=IFCCARTESIANPOINT((0.,0.,0.));
#10647=IFCDIRECTION((0.,0.,1.));
#10648=IFCDIRECTION((1.,0.,0.));
#10649=IFCAXIS2PLACEMENT3D(#10646,#10647,#10648);
#10650=IFCEXTRUDEDAREASOLID(#10645,#10649,#10644,0.12);
#10651=IFCSHAPEREPRESENTATION(#11,'Body','SweptSolid',(#10650));
#10652=IFCPRODUCTDEFINITIONSHAPE($,$,(#10651));
#10658=IFCSLAB('0P14IEOlr7xxne7rcSJQlO',$,'slab11',$,$,#16814,#10669,$,$);
#10659=IFCCARTESIANPOINTLIST2D(((0.,0.),(0.,6.),(3.,6.),(3.,0.),(0.,0.)));
#10660=IFCINDEXEDPOLYCURVE(#10659,$,.F.);
#10661=IFCDIRECTION((0.,0.,1.));
#10662=IFCARBITRARYCLOSEDPROFILEDEF(.AREA.,$,#10660);
#10663=IFCCARTESIANPOINT((0.,0.,0.));
#10664=IFCDIRECTION((0.,0.,1.));
#10665=IFCDIRECTION((1.,0.,0.));
#10666=IFCAXIS2PLACEMENT3D(#10663,#10664,#10665);
#10667=IFCEXTRUDEDAREASOLID(#10662,#10666,#10661,0.12);
#10668=IFCSHAPEREPRESENTATION(#11,'Body','SweptSolid',(#10667));
#10669=IFCPRODUCTDEFINITIONSHAPE($,$,(#10668));
#10675=IFCSLAB('0Fy53r1uL2URHDq$lOaS3k',$,'slab12',$,$,#16554,#10686,$,$);
#10676=IFCCARTESIANPOINTLIST2D(((0.,0.),(0.,6.),(3.,6.),(3.,0.),(0.,0.)));
#10677=IFCINDEXEDPOLYCURVE(#10676,$,.F.);
#10678=IFCDIRECTION((0.,0.,1.));
#10679=IFCARBITRARYCLOSEDPROFILEDEF(.AREA.,$,#10677);
#10680=IFCCARTESIANPOINT((0.,0.,0.));
#10681=IFCDIRECTION((0.,0.,1.));
#10682=IFCDIRECTION((1.,0.,0.));
#10683=IFCAXIS2PLACEMENT3D(#10680,#10681,#10682);
#10684=IFCEXTRUDEDAREASOLID(#10679,#10683,#10678,0.12);
#10685=IFCSHAPEREPRESENTATION(#11,'Body','SweptSolid',(#10684));
#10686=IFCPRODUCTDEFINITIONSHAPE($,$,(#10685));
#10692=IFCSLAB('0R9mp28T936g86Z491MIXe',$,'slab13',$,$,#17699,#10703,$,$);
#10693=IFCCARTESIANPOINTLIST2D(((0.,0.),(0.,6.),(3.,6.),(3.,0.),(0.,0.)));
#10694=IFCINDEXEDPOLYCURVE(#10693,$,.F.);
#10695=IFCDIRECTION((0.,0.,1.));
#10696=IFCARBITRARYCLOSEDPROFILEDEF(.AREA.,$,#10694);
#10697=IFCCARTESIANPOINT((0.,0.,0.));
#10698=IFCDIRECTION((0.,0.,1.));
#10699=IFCDIRECTION((1.,0.,0.));
#10700=IFCAXIS2PLACEMENT3D(#10697,#10698,#10699);
#10701=IFCEXTRUDEDAREASOLID(#10696,#10700,#10695,0.12);
#10702=IFCSHAPEREPRESENTATION(#11,'Body','SweptSolid',(#10701));
#10703=IFCPRODUCTDEFINITIONSHAPE($,$,(#10702));
#10709=IFCSLAB('0hw8_D861AZwIpY886tjSp',$,'slab14',$,$,#14574,#10720,$,$);
#10710=IFCCARTESIANPOINTLIST2D(((0.,0.),(0.,6.),(3.,6.),(3.,0.),(0.,0.)));
#10711=IFCINDEXEDPOLYCURVE(#10710,$,.F.);
#10712=IFCDIRECTION((0.,0.,1.));
#10713=IFCARBITRARYCLOSEDPROFILEDEF(.AREA.,$,#10711);
#10714=IFCCARTESIANPOINT((0.,0.,0.));
#10715=IFCDIRECTION((0.,0.,1.));
#10716=IFCDIRECTION((1.,0.,0.));
#10717=IFCAXIS2PLACEMENT3D(#10714,#10715,#10716);
#10718=IFCEXTRUDEDAREASOLID(#10713,#10717,#10712,0.12);
#10719=IFCSHAPEREPRESENTATION(#11,'Body','SweptSolid',(#10718));
#10720=IFCPRODUCTDEFINITIONSHAPE($,$,(#10719));
#10726=IFCSLAB('3LNfrZdZvClfiVnF0hTCyL',$,'slab15',$,$,#15579,#10737,$,$);
#10727=IFCCARTESIANPOINTLIST2D(((0.,0.),(0.,6.),(3.,6.),(3.,0.),(0.,0.)));
#10728=IFCINDEXEDPOLYCURVE(#10727,$,.F.);
#10729=IFCDIRECTION((0.,0.,1.));
#10730=IFCARBITRARYCLOSEDPROFILEDEF(.AREA.,$,#10728);
#10731=IFCCARTESIANPOINT((0.,0.,0.));
#10732=IFCDIRECTION((0.,0.,1.));
#10733=IFCDIRECTION((1.,0.,0.));
#10734=IFCAXIS2PLACEMENT3D(#10731,#10732,#10733);
#10735=IFCEXTRUDEDAREASOLID(#10730,#10734,#10729,0.12);
#10736=IFCSHAPEREPRESENTATION(#11,'Body','SweptSolid',(#10735));
#10737=IFCPRODUCTDEFINITIONSHAPE($,$,(#10736));
#10743=IFCSLAB('2NwhJEgoLCNe8X28md2QLU',$,'slab16',$,$,#16634,#10754,$,$);
#10744=IFCCARTESIANPOINTLIST2D(((0.,0.),(0.,6.),(3.,6.),(3.,0.),(0.,0.)));
#10745=IFCINDEXEDPOLYCURVE(#10744,$,.F.);
#10746=IFCDIRECTION((0.,0.,1.));
#10747=IFCARBITRARYCLOSEDPROFILEDEF(.AREA.,$,#10745);
#10748=IFCCARTESIANPOINT((0.,0.,0.));
#10749=IFCDIRECTION((0.,0.,1.));
#10750=IFCDIRECTION((1.,0.,0.));
#10751=IFCAXIS2PLACEMENT3D(#10748,#10749,#10750);
#10752=IFCEXTRUDEDAREASOLID(#10747,#10751,#10746,0.12);
#10753=IFCSHAPEREPRESENTATION(#11,'Body','SweptSolid',(#10752));
#10754=IFCPRODUCTDEFINITIONSHAPE($,$,(#10753));
#10760=IFCSLAB('1tbZ3aqYP5JOOc5h7QLSnO',$,'slab17',$,$,#17759,#10771,$,$);
#10761=IFCCARTESIANPOINTLIST2D(((0.,0.),(0.,6.),(3.,6.),(3.,0.),(0.,0.)));
#10762=IFCINDEXEDPOLYCURVE(#10761,$,.F.);
#10763=IFCDIRECTION((0.,0.,1.));
#10764=IFCARBITRARYCLOSEDPROFILEDEF(.AREA.,$,#10762);
#10765=IFCCARTESIANPOINT((0.,0.,0.));
#10766=IFCDIRECTION((0.,0.,1.));
#10767=IFCDIRECTION((1.,0.,0.));
#10768=IFCAXIS2PLACEMENT3D(#10765,#10766,#10767);
#10769=IFCEXTRUDEDAREASOLID(#10764,#10768,#10763,0.12);
#10770=IFCSHAPEREPRESENTATION(#11,'Body','SweptSolid',(#10769));
#10771=IFCPRODUCTDEFINITIONSHAPE($,$,(#10770));
#10777=IFCSLAB('2ZwwY$7ovFXPv_kAbjiNni',$,'slab18',$,$,#14639,#10788,$,$);
#10778=IFCCARTESIANPOINTLIST2D(((0.,0.),(0.,6.),(3.,6.),(3.,0.),(0.,0.)));
#10779=IFCINDEXEDPOLYCURVE(#10778,$,.F.);
#10780=IFCDIRECTION((0.,0.,1.));
#10781=IFCARBITRARYCLOSEDPROFILEDEF(.AREA.,$,#10779);
#10782=IFCCARTESIANPOINT((0.,0.,0.));
#10783=IFCDIRECTION((0.,0.,1.));
#10784=IFCDIRECTION((1.,0.,0.));
#10785=IFCAXIS2PLACEMENT3D(#10782,#10783,#10784);
#10786=IFCEXTRUDEDAREASOLID(#10781,#10785,#10780,0.12);
#10787=IFCSHAPEREPRESENTATION(#11,'Body','SweptSolid',(#10786));
#10788=IFCPRODUCTDEFINITIONSHAPE($,$,(#10787));
#10794=IFCSLAB('0giqEha9j4CQsnRd8wDARI',$,'slab19',$,$,#15779,#10805,$,$);
#10795=IFCCARTESIANPOINTLIST2D(((0.,0.),(0.,6.),(3.,6.),(3.,0.),(0.,0.)));
#10796=IFCINDEXEDPOLYCURVE(#10795,$,.F.);
#10797=IFCDIRECTION((0.,0.,1.));
#10798=IFCARBITRARYCLOSEDPROFILEDEF(.AREA.,$,#10796);
#10799=IFCCARTESIANPOINT((0.,0.,0.));
#10800=IFCDIRECTION((0.,0.,1.));
#10801=IFCDIRECTION((1.,0.,0.));
#10802=IFCAXIS2PLACEMENT3D(#10799,#10800,#10801);
#10803=IFCEXTRUDEDAREASOLID(#10798,#10802,#10797,0.12);
#10804=IFCSHAPEREPRESENTATION(#11,'Body','SweptSolid',(#10803));
#10805=IFCPRODUCTDEFINITIONSHAPE($,$,(#10804));
#10811=IFCSLAB('0v2MylGm54kx7AH5$Hn6jd',$,'slab20',$,$,#16924,#10822,$,$);
#10812=IFCCARTESIANPOINTLIST2D(((0.,0.),(0.,6.),(3.,6.),(3.,0.),(0.,0.)));
#10813=IFCINDEXEDPOLYCURVE(#10812,$,.F.);
#10814=IFCDIRECTION((0.,0.,1.));
#10815=IFCARBITRARYCLOSEDPROFILEDEF(.AREA.,$,#10813);
#10816=IFCCARTESIANPOINT((0.,0.,0.));
#10817=IFCDIRECTION((0.,0.,1.));
#10818=IFCDIRECTION((1.,0.,0.));
#10819=IFCAXIS2PLACEMENT3D(#10816,#10817,#10818);
#10820=IFCEXTRUDEDAREASOLID(#10815,#10819,#10814,0.12);
#10821=IFCSHAPEREPRESENTATION(#11,'Body','SweptSolid',(#10820));
#10822=IFCPRODUCTDEFINITIONSHAPE($,$,(#10821));
#10828=IFCSLAB('2bC31vTJf16hPFiLCCYufs',$,'slab21',$,$,#17824,#10839,$,$);
#10829=IFCCARTESIANPOINTLIST2D(((0.,0.),(0.,6.),(3.,6.),(3.,0.),(0.,0.)));
#10830=IFCINDEXEDPOLYCURVE(#10829,$,.F.);
#10831=IFCDIRECTION((0.,0.,1.));
#10832=IFCARBITRARYCLOSEDPROFILEDEF(.AREA.,$,#10830);
#10833=IFCCARTESIANPOINT((0.,0.,0.));
#10834=IFCDIRECTION((0.,0.,1.));
#10835=IFCDIRECTION((1.,0.,0.));
#10836=IFCAXIS2PLACEMENT3D(#10833,#10834,#10835);
#10837=IFCEXTRUDEDAREASOLID(#10832,#10836,#10831,0.12);
#10838=IFCSHAPEREPRESENTATION(#11,'Body','SweptSolid',(#10837));
#10839=IFCPRODUCTDEFINITIONSHAPE($,$,(#10838));
#10845=IFCSLAB('0H6aX24HL8I8O1fO9RfS9S',$,'slab22',$,$,#14699,#10856,$,$);
#10846=IFCCARTESIANPOINTLIST2D(((0.,0.),(0.,6.),(3.,6.),(3.,0.),(0.,0.)));
#10847=IFCINDEXEDPOLYCURVE(#10846,$,.F.);
#10848=IFCDIRECTION((0.,0.,1.));
#10849=IFCARBITRARYCLOSEDPROFILEDEF(.AREA.,$,#10847);
#10850=IFCCARTESIANPOINT((0.,0.,0.));
#10851=IFCDIRECTION((0.,0.,1.));
#10852=IFCDIRECTION((1.,0.,0.));
#10853=IFCAXIS2PLACEMENT3D(#10850,#10851,#10852);
#10854=IFCEXTRUDEDAREASOLID(#10849,#10853,#10848,0.12);
#10855=IFCSHAPEREPRESENTATION(#11,'Body','SweptSolid',(#10854));
#10856=IFCPRODUCTDEFINITIONSHAPE($,$,(#10855));
#10862=IFCSLAB('22g3zvRX9C7x1JckKFrDwl',$,'slab23',$,$,#15824,#10873,$,$);
#10863=IFCCARTESIANPOINTLIST2D(((0.,0.),(0.,6.),(3.,6.),(3.,0.),(0.,0.)));
#10864=IFCINDEXEDPOLYCURVE(#10863,$,.F.);
#10865=IFCDIRECTION((0.,0.,1.));
#10866=IFCARBITRARYCLOSEDPROFILEDEF(.AREA.,$,#10864);
#10867=IFCCARTESIANPOINT((0.,0.,0.));
#10868=IFCDIRECTION((0.,0.,1.));
#10869=IFCDIRECTION((1.,0.,0.));
#10870=IFCAXIS2PLACEMENT3D(#10867,#10868,#10869);
#10871=IFCEXTRUDEDAREASOLID(#10866,#10870,#10865,0.12);
#10872=IFCSHAPEREPRESENTATION(#11,'Body','SweptSolid',(#10871));
#10873=IFCPRODUCTDEFINITIONSHAPE($,$,(#10872));
#10879=IFCSLAB('3TIJVXu5H4COWHhl6IsMl7',$,'slab24',$,$,#16964,#10890,$,$);
#10880=IFCCARTESIANPOINTLIST2D(((0.,0.),(0.,6.),(3.,6.),(3.,0.),(0.,0.)));
#10881=IFCINDEXEDPOLYCURVE(#10880,$,.F.);
#10882=IFCDIRECTION((0.,0.,1.));
#10883=IFCARBITRARYCLOSEDPROFILEDEF(.AREA.,$,#10881);
#10884=IFCCARTESIANPOINT((0.,0.,0.));
#10885=IFCDIRECTION((0.,0.,1.));
#10886=IFCDIRECTION((1.,0.,0.));
#10887=IFCAXIS2PLACEMENT3D(#10884,#10885,#10886);
#10888=IFCEXTRUDEDAREASOLID(#10883,#10887,#10882,0.12);
#10889=IFCSHAPEREPRESENTATION(#11,'Body','SweptSolid',(#10888));
#10890=IFCPRODUCTDEFINITIONSHAPE($,$,(#10889));
#10896=IFCSLAB('09SpoO0ID1av5BibqSWPyy',$,'slab25',$,$,#17799,#10907,$,$);
#10897=IFCCARTESIANPOINTLIST2D(((0.,0.),(0.,6.),(3.,6.),(3.,0.),(0.,0.)));
#10898=IFCINDEXEDPOLYCURVE(#10897,$,.F.);
#10899=IFCDIRECTION((0.,0.,1.));
#10900=IFCARBITRARYCLOSEDPROFILEDEF(.AREA.,$,#10898);
#10901=IFCCARTESIANPOINT((0.,0.,0.));
#10902=IFCDIRECTION((0.,0.,1.));
#10903=IFCDIRECTION((1.,0.,0.));
#10904=IFCAXIS2PLACEMENT3D(#10901,#10902,#10903);
#10905=IFCEXTRUDEDAREASOLID(#10900,#10904,#10899,0.12);
#10906=IFCSHAPEREPRESENTATION(#11,'Body','SweptSolid',(#10905));
#10907=IFCPRODUCTDEFINITIONSHAPE($,$,(#10906));
#10913=IFCSLAB('2B$mYp0qbCtQpyexLM6Vtg',$,'slab26',$,$,#14674,#10924,$,$);
#10914=IFCCARTESIANPOINTLIST2D(((0.,0.),(0.,6.),(3.,6.),(3.,0.),(0.,0.)));
#10915=IFCINDEXEDPOLYCURVE(#10914,$,.F.);
#10916=IFCDIRECTION((0.,0.,1.));
#10917=IFCARBITRARYCLOSEDPROFILEDEF(.AREA.,$,#10915);
#10918=IFCCARTESIANPOINT((0.,0.,0.));
#10919=IFCDIRECTION((0.,0.,1.));
#10920=IFCDIRECTION((1.,0.,0.));
#10921=IFCAXIS2PLACEMENT3D(#10918,#10919,#10920);
#10922=IFCEXTRUDEDAREASOLID(#10917,#10921,#10916,0.12);
#10923=IFCSHAPEREPRESENTATION(#11,'Body','SweptSolid',(#10922));
#10924=IFCPRODUCTDEFINITIONSHAPE($,$,(#10923));
#10930=IFCSLAB('2zxXReOG99K8tJS0480$av',$,'slab27',$,$,#15649,#10941,$,$);
#10931=IFCCARTESIANPOINTLIST2D(((0.,0.),(0.,6.),(3.,6.),(3.,0.),(0.,0.)));
#10932=IFCINDEXEDPOLYCURVE(#10931,$,.F.);
#10933=IFCDIRECTION((0.,0.,1.));
#10934=IFCARBITRARYCLOSEDPROFILEDEF(.AREA.,$,#10932);
#10935=IFCCARTESIANPOINT((0.,0.,0.));
#10936=IFCDIRECTION((0.,0.,1.));
#10937=IFCDIRECTION((1.,0.,0.));
#10938=IFCAXIS2PLACEMENT3D(#10935,#10936,#10937);
#10939=IFCEXTRUDEDAREASOLID(#10934,#10938,#10933,0.12);
#10940=IFCSHAPEREPRESENTATION(#11,'Body','SweptSolid',(#10939));
#10941=IFCPRODUCTDEFINITIONSHAPE($,$,(#10940));
#10947=IFCSLAB('0hHqKMBH11mvTj4EluVHMd',$,'slab28',$,$,#16729,#10958,$,$);
#10948=IFCCARTESIANPOINTLIST2D(((0.,0.),(0.,6.),(3.,6.),(3.,0.),(0.,0.)));
#10949=IFCINDEXEDPOLYCURVE(#10948,$,.F.);
#10950=IFCDIRECTION((0.,0.,1.));
#10951=IFCARBITRARYCLOSEDPROFILEDEF(.AREA.,$,#10949);
#10952=IFCCARTESIANPOINT((0.,0.,0.));
#10953=IFCDIRECTION((0.,0.,1.));
#10954=IFCDIRECTION((1.,0.,0.));
#10955=IFCAXIS2PLACEMENT3D(#10952,#10953,#10954);
#10956=IFCEXTRUDEDAREASOLID(#10951,#10955,#10950,0.12);
#10957=IFCSHAPEREPRESENTATION(#11,'Body','SweptSolid',(#10956));
#10958=IFCPRODUCTDEFINITIONSHAPE($,$,(#10957));
#10964=IFCSLAB('2ToznxeA53TPKFADYSqwa3',$,'slab29',$,$,#17869,#10975,$,$);
#10965=IFCCARTESIANPOINTLIST2D(((0.,0.),(0.,6.),(3.,6.),(3.,0.),(0.,0.)));
#10966=IFCINDEXEDPOLYCURVE(#10965,$,.F.);
#10967=IFCDIRECTION((0.,0.,1.));
#10968=IFCARBITRARYCLOSEDPROFILEDEF(.AREA.,$,#10966);
#10969=IFCCARTESIANPOINT((0.,0.,0.));
#10970=IFCDIRECTION((0.,0.,1.));
#10971=IFCDIRECTION((1.,0.,0.));
#10972=IFCAXIS2PLACEMENT3D(#10969,#10970,#10971);
#10973=IFCEXTRUDEDAREASOLID(#10968,#10972,#10967,0.12);
#10974=IFCSHAPEREPRESENTATION(#11,'Body','SweptSolid',(#10973));
#10975=IFCPRODUCTDEFINITIONSHAPE($,$,(#10974));
#10981=IFCSLAB('1Il19dTv50yu8dtBoe44Zo',$,'slab30',$,$,#17629,#10992,$,$);
#10982=IFCCARTESIANPOINTLIST2D(((0.,0.),(0.,6.),(3.,6.),(3.,0.),(0.,0.)));
#10983=IFCINDEXEDPOLYCURVE(#10982,$,.F.);
#10984=IFCDIRECTION((0.,0.,1.));
#10985=IFCARBITRARYCLOSEDPROFILEDEF(.AREA.,$,#10983);
#10986=IFCCARTESIANPOINT((0.,0.,0.));
#10987=IFCDIRECTION((0.,0.,1.));
#10988=IFCDIRECTION((1.,0.,0.));
#10989=IFCAXIS2PLACEMENT3D(#10986,#10987,#10988);
#10990=IFCEXTRUDEDAREASOLID(#10985,#10989,#10984,0.12);
#10991=IFCSHAPEREPRESENTATION(#11,'Body','SweptSolid',(#10990));
#10992=IFCPRODUCTDEFINITIONSHAPE($,$,(#10991));
#10998=IFCSLAB('14VnHukKf6nf6ex_lDPxpY',$,'slab31',$,$,#18779,#11009,$,$);
#10999=IFCCARTESIANPOINTLIST2D(((0.,0.),(0.,6.),(3.,6.),(3.,0.),(0.,0.)));
#11000=IFCINDEXEDPOLYCURVE(#10999,$,.F.);
#11001=IFCDIRECTION((0.,0.,1.));
#11002=IFCARBITRARYCLOSEDPROFILEDEF(.AREA.,$,#11000);
#11003=IFCCARTESIANPOINT((0.,0.,0.));
#11004=IFCDIRECTION((0.,0.,1.));
#11005=IFCDIRECTION((1.,0.,0.));
#11006=IFCAXIS2PLACEMENT3D(#11003,#11004,#11005);
#11007=IFCEXTRUDEDAREASOLID(#11002,#11006,#11001,0.12);
#11008=IFCSHAPEREPRESENTATION(#11,'Body','SweptSolid',(#11007));
#11009=IFCPRODUCTDEFINITIONSHAPE($,$,(#11008));
#11015=IFCSLAB('0sDsmW$F96SODfPY1zMetR',$,'slab32',$,$,#16784,#11026,$,$);
#11016=IFCCARTESIANPOINTLIST2D(((0.,0.),(0.,6.),(3.,6.),(3.,0.),(0.,0.)));
#11017=IFCINDEXEDPOLYCURVE(#11016,$,.F.);
#11018=IFCDIRECTION((0.,0.,1.));
#11019=IFCARBITRARYCLOSEDPROFILEDEF(.AREA.,$,#11017);
#11020=IFCCARTESIANPOINT((0.,0.,0.));
#11021=IFCDIRECTION((0.,0.,1.));
#11022=IFCDIRECTION((1.,0.,0.));
#11023=IFCAXIS2PLACEMENT3D(#11020,#11021,#11022);
#11024=IFCEXTRUDEDAREASOLID(#11019,#11023,#11018,0.12);
#11025=IFCSHAPEREPRESENTATION(#11,'Body','SweptSolid',(#11024));
#11026=IFCPRODUCTDEFINITIONSHAPE($,$,(#11025));
#11032=IFCSLAB('195rYlDcP5vwfbcRorY3Z6',$,'slab33',$,$,#16534,#11043,$,$);
#11033=IFCCARTESIANPOINTLIST2D(((0.,0.),(0.,6.),(3.,6.),(3.,0.),(0.,0.)));
#11034=IFCINDEXEDPOLYCURVE(#11033,$,.F.);
#11035=IFCDIRECTION((0.,0.,1.));
#11036=IFCARBITRARYCLOSEDPROFILEDEF(.AREA.,$,#11034);
#11037=IFCCARTESIANPOINT((0.,0.,0.));
#11038=IFCDIRECTION((0.,0.,1.));
#11039=IFCDIRECTION((1.,0.,0.));
#11040=IFCAXIS2PLACEMENT3D(#11037,#11038,#11039);
#11041=IFCEXTRUDEDAREASOLID(#11036,#11040,#11035,0.12);
#11042=IFCSHAPEREPRESENTATION(#11,'Body','SweptSolid',(#11041));
#11043=IFCPRODUCTDEFINITIONSHAPE($,$,(#11042));
#11049=IFCSLAB('26QVZvxx9Dufkn37xFHhTt',$,'slab34',$,$,#17674,#11060,$,$);
#11050=IFCCARTESIANPOINTLIST2D(((0.,0.),(0.,6.),(3.,6.),(3.,0.),(0.,0.)));
#11051=IFCINDEXEDPOLYCURVE(#11050,$,.F.);
#11052=IFCDIRECTION((0.,0.,1.));
#11053=IFCARBITRARYCLOSEDPROFILEDEF(.AREA.,$,#11051);
#11054=IFCCARTESIANPOINT((0.,0.,0.));
#11055=IFCDIRECTION((0.,0.,1.));
#11056=IFCDIRECTION((1.,0.,0.));
#11057=IFCAXIS2PLACEMENT3D(#11054,#11055,#11056);
#11058=IFCEXTRUDEDAREASOLID(#11053,#11057,#11052,0.12);
#11059=IFCSHAPEREPRESENTATION(#11,'Body','SweptSolid',(#11058));
#11060=IFCPRODUCTDEFINITIONSHAPE($,$,(#11059));
#11066=IFCSLAB('1hcldUWwz00B6h_OvGlvAr',$,'slab35',$,$,#14559,#11077,$,$);
#11067=IFCCARTESIANPOINTLIST2D(((0.,0.),(0.,6.),(3.,6.),(3.,0.),(0.,0.)));
#11068=IFCINDEXEDPOLYCURVE(#11067,$,.F.);
#11069=IFCDIRECTION((0.,0.,1.));
#11070=IFCARBITRARYCLOSEDPROFILEDEF(.AREA.,$,#11068);
#11071=IFCCARTESIANPOINT((0.,0.,0.));
#11072=IFCDIRECTION((0.,0.,1.));
#11073=IFCDIRECTION((1.,0.,0.));
#11074=IFCAXIS2PLACEMENT3D(#11071,#11072,#11073);
#11075=IFCEXTRUDEDAREASOLID(#11070,#11074,#11069,0.12);
#11076=IFCSHAPEREPRESENTATION(#11,'Body','SweptSolid',(#11075));
#11077=IFCPRODUCTDEFINITIONSHAPE($,$,(#11076));
#11083=IFCSLAB('21sz9E5QH9ahr9OEqqzzOg',$,'slab36',$,$,#15734,#11094,$,$);
#11084=IFCCARTESIANPOINTLIST2D(((0.,0.),(0.,6.),(3.,6.),(3.,0.),(0.,0.)));
#11085=IFCINDEXEDPOLYCURVE(#11084,$,.F.);
#11086=IFCDIRECTION((0.,0.,1.));
#11087=IFCARBITRARYCLOSEDPROFILEDEF(.AREA.,$,#11085);
#11088=IFCCARTESIANPOINT((0.,0.,0.));
#11089=IFCDIRECTION((0.,0.,1.));
#11090=IFCDIRECTION((1.,0.,0.));
#11091=IFCAXIS2PLACEMENT3D(#11088,#11089,#11090);
#11092=IFCEXTRUDEDAREASOLID(#11087,#11091,#11086,0.12);
#11093=IFCSHAPEREPRESENTATION(#11,'Body','SweptSolid',(#11092));
#11094=IFCPRODUCTDEFINITIONSHAPE($,$,(#11093));
#11100=IFCSLAB('3U1ESTlxHDrQUdlD$kpcvC',$,'slab37',$,$,#16869,#11111,$,$);
#11101=IFCCARTESIANPOINTLIST2D(((0.,0.),(0.,6.),(3.,6.),(3.,0.),(0.,0.)));
#11102=IFCINDEXEDPOLYCURVE(#11101,$,.F.);
#11103=IFCDIRECTION((0.,0.,1.));
#11104=IFCARBITRARYCLOSEDPROFILEDEF(.AREA.,$,#11102);
#11105=IFCCARTESIANPOINT((0.,0.,0.));
#11106=IFCDIRECTION((0.,0.,1.));
#11107=IFCDIRECTION((1.,0.,0.));
#11108=IFCAXIS2PLACEMENT3D(#11105,#11106,#11107);
#11109=IFCEXTRUDEDAREASOLID(#11104,#11108,#11103,0.12);
#11110=IFCSHAPEREPRESENTATION(#11,'Body','SweptSolid',(#11109));
#11111=IFCPRODUCTDEFINITIONSHAPE($,$,(#11110));
#11117=IFCSLAB('1Y7J1MspL7xAHvxc3c4Ifk',$,'slab38',$,$,#17729,#11128,$,$);
#11118=IFCCARTESIANPOINTLIST2D(((0.,0.),(0.,6.),(3.,6.),(3.,0.),(0.,0.)));
#11119=IFCINDEXEDPOLYCURVE(#11118,$,.F.);
#11120=IFCDIRECTION((0.,0.,1.));
#11121=IFCARBITRARYCLOSEDPROFILEDEF(.AREA.,$,#11119);
#11122=IFCCARTESIANPOINT((0.,0.,0.));
#11123=IFCDIRECTION((0.,0.,1.));
#11124=IFCDIRECTION((1.,0.,0.));
#11125=IFCAXIS2PLACEMENT3D(#11122,#11123,#11124);
#11126=IFCEXTRUDEDAREASOLID(#11121,#11125,#11120,0.12);
#11127=IFCSHAPEREPRESENTATION(#11,'Body','SweptSolid',(#11126));
#11128=IFCPRODUCTDEFINITIONSHAPE($,$,(#11127));
#11134=IFCSLAB('1usIcsVpz9V8ESXbSlNnqK',$,'slab39',$,$,#18569,#11145,$,$);
#11135=IFCCARTESIANPOINTLIST2D(((0.,0.),(0.,6.),(3.,6.),(3.,0.),(0.,0.)));
#11136=IFCINDEXEDPOLYCURVE(#11135,$,.F.);
#11137=IFCDIRECTION((0.,0.,1.));
#11138=IFCARBITRARYCLOSEDPROFILEDEF(.AREA.,$,#11136);
#11139=IFCCARTESIANPOINT((0.,0.,0.));
#11140=IFCDIRECTION((0.,0.,1.));
#11141=IFCDIRECTION((1.,0.,0.));
#11142=IFCAXIS2PLACEMENT3D(#11139,#11140,#11141);
#11143=IFCEXTRUDEDAREASOLID(#11138,#11142,#11137,0.12);
#11144=IFCSHAPEREPRESENTATION(#11,'Body','SweptSolid',(#11143));
#11145=IFCPRODUCTDEFINITIONSHAPE($,$,(#11144));
#11151=IFCSLAB('1Z1sxd13DA1vX0cqu6b8ec',$,'slab40',$,$,#15524,#11162,$,$);
#11152=IFCCARTESIANPOINTLIST2D(((0.,0.),(0.,6.),(3.,6.),(3.,0.),(0.,0.)));
#11153=IFCINDEXEDPOLYCURVE(#11152,$,.F.);
#11154=IFCDIRECTION((0.,0.,1.));
#11155=IFCARBITRARYCLOSEDPROFILEDEF(.AREA.,$,#11153);
#11156=IFCCARTESIANPOINT((0.,0.,0.));
#11157=IFCDIRECTION((0.,0.,1.));
#11158=IFCDIRECTION((1.,0.,0.));
#11159=IFCAXIS2PLACEMENT3D(#11156,#11157,#11158);
#11160=IFCEXTRUDEDAREASOLID(#11155,#11159,#11154,0.12);
#11161=IFCSHAPEREPRESENTATION(#11,'Body','SweptSolid',(#11160));
#11162=IFCPRODUCTDEFINITIONSHAPE($,$,(#11161));
#11168=IFCSLAB('2LlORf6kH4vRwx8vuMz7px',$,'slab41',$,$,#16574,#11179,$,$);
#11169=IFCCARTESIANPOINTLIST2D(((0.,0.),(0.,6.),(3.,6.),(3.,0.),(0.,0.)));
#11170=IFCINDEXEDPOLYCURVE(#11169,$,.F.);
#11171=IFCDIRECTION((0.,0.,1.));
#11172=IFCARBITRARYCLOSEDPROFILEDEF(.AREA.,$,#11170);
#11173=IFCCARTESIANPOINT((0.,0.,0.));
#11174=IFCDIRECTION((0.,0.,1.));
#11175=IFCDIRECTION((1.,0.,0.));
#11176=IFCAXIS2PLACEMENT3D(#11173,#11174,#11175);
#11177=IFCEXTRUDEDAREASOLID(#11172,#11176,#11171,0.12);
#11178=IFCSHAPEREPRESENTATION(#11,'Body','SweptSolid',(#11177));
#11179=IFCPRODUCTDEFINITIONSHAPE($,$,(#11178));
#11185=IFCSLAB('2X80GW8bTBChugX5Zf0ASQ',$,'slab42',$,$,#17709,#11196,$,$);
#11186=IFCCARTESIANPOINTLIST2D(((0.,0.),(0.,6.),(3.,6.),(3.,0.),(0.,0.)));
#11187=IFCINDEXEDPOLYCURVE(#11186,$,.F.);
#11188=IFCDIRECTION((0.,0.,1.));
#11189=IFCARBITRARYCLOSEDPROFILEDEF(.AREA.,$,#11187);
#11190=IFCCARTESIANPOINT((0.,0.,0.));
#11191=IFCDIRECTION((0.,0.,1.));
#11192=IFCDIRECTION((1.,0.,0.));
#11193=IFCAXIS2PLACEMENT3D(#11190,#11191,#11192);
#11194=IFCEXTRUDEDAREASOLID(#11189,#11193,#11188,0.12);
#11195=IFCSHAPEREPRESENTATION(#11,'Body','SweptSolid',(#11194));
#11196=IFCPRODUCTDEFINITIONSHAPE($,$,(#11195));
#11202=IFCSLAB('2WPlFDym91QO_HsPISbAAO',$,'slab43',$,$,#14589,#11213,$,$);
#11203=IFCCARTESIANPOINTLIST2D(((0.,0.),(0.,6.),(3.,6.),(3.,0.),(0.,0.)));
#11204=IFCINDEXEDPOLYCURVE(#11203,$,.F.);
#11205=IFCDIRECTION((0.,0.,1.));
#11206=IFCARBITRARYCLOSEDPROFILEDEF(.AREA.,$,#11204);
#11207=IFCCARTESIANPOINT((0.,0.,0.));
#11208=IFCDIRECTION((0.,0.,1.));
#11209=IFCDIRECTION((1.,0.,0.));
#11210=IFCAXIS2PLACEMENT3D(#11207,#11208,#11209);
#11211=IFCEXTRUDEDAREASOLID(#11206,#11210,#11205,0.12);
#11212=IFCSHAPEREPRESENTATION(#11,'Body','SweptSolid',(#11211));
#11213=IFCPRODUCTDEFINITIONSHAPE($,$,(#11212));
#11219=IFCSLAB('14G1A2ScnECRNPWFV6oOBe',$,'slab44',$,$,#15584,#11230,$,$);
#11220=IFCCARTESIANPOINTLIST2D(((0.,0.),(0.,6.),(3.,6.),(3.,0.),(0.,0.)));
#11221=IFCINDEXEDPOLYCURVE(#11220,$,.F.);
#11222=IFCDIRECTION((0.,0.,1.));
#11223=IFCARBITRARYCLOSEDPROFILEDEF(.AREA.,$,#11221);
#11224=IFCCARTESIANPOINT((0.,0.,0.));
#11225=IFCDIRECTION((0.,0.,1.));
#11226=IFCDIRECTION((1.,0.,0.));
#11227=IFCAXIS2PLACEMENT3D(#11224,#11225,#11226);
#11228=IFCEXTRUDEDAREASOLID(#11223,#11227,#11222,0.12);
#11229=IFCSHAPEREPRESENTATION(#11,'Body','SweptSolid',(#11228));
#11230=IFCPRODUCTDEFINITIONSHAPE($,$,(#11229));
#11236=IFCSLAB('0XkqDgREfA2ujuJ_D$B7b4',$,'slab45',$,$,#16639,#11247,$,$);
#11237=IFCCARTESIANPOINTLIST2D(((0.,0.),(0.,6.),(3.,6.),(3.,0.),(0.,0.)));
#11238=IFCINDEXEDPOLYCURVE(#11237,$,.F.);
#11239=IFCDIRECTION((0.,0.,1.));
#11240=IFCARBITRARYCLOSEDPROFILEDEF(.AREA.,$,#11238);
#11241=IFCCARTESIANPOINT((0.,0.,0.));
#11242=IFCDIRECTION((0.,0.,1.));
#11243=IFCDIRECTION((1.,0.,0.));
#11244=IFCAXIS2PLACEMENT3D(#11241,#11242,#11243);
#11245=IFCEXTRUDEDAREASOLID(#11240,#11244,#11239,0.12);
#11246=IFCSHAPEREPRESENTATION(#11,'Body','SweptSolid',(#11245));
#11247=IFCPRODUCTDEFINITIONSHAPE($,$,(#11246));
#11253=IFCSLAB('37GyZWk2vDBx5Snn_tYT4a',$,'slab46',$,$,#17774,#11264,$,$);
#11254=IFCCARTESIANPOINTLIST2D(((0.,0.),(0.,6.),(3.,6.),(3.,0.),(0.,0.)));
#11255=IFCINDEXEDPOLYCURVE(#11254,$,.F.);
#11256=IFCDIRECTION((0.,0.,1.));
#11257=IFCARBITRARYCLOSEDPROFILEDEF(.AREA.,$,#11255);
#11258=IFCCARTESIANPOINT((0.,0.,0.));
#11259=IFCDIRECTION((0.,0.,1.));
#11260=IFCDIRECTION((1.,0.,0.));
#11261=IFCAXIS2PLACEMENT3D(#11258,#11259,#11260);
#11262=IFCEXTRUDEDAREASOLID(#11257,#11261,#11256,0.12);
#11263=IFCSHAPEREPRESENTATION(#11,'Body','SweptSolid',(#11262));
#11264=IFCPRODUCTDEFINITIONSHAPE($,$,(#11263));
#11270=IFCSLAB('3xZnFCnZH6uhT$Z4Pn8Vp$',$,'slab47',$,$,#17564,#11281,$,$);
#11271=IFCCARTESIANPOINTLIST2D(((0.,0.),(0.,6.),(3.,6.),(3.,0.),(0.,0.)));
#11272=IFCINDEXEDPOLYCURVE(#11271,$,.F.);
#11273=IFCDIRECTION((0.,0.,1.));
#11274=IFCARBITRARYCLOSEDPROFILEDEF(.AREA.,$,#11272);
#11275=IFCCARTESIANPOINT((0.,0.,0.));
#11276=IFCDIRECTION((0.,0.,1.));
#11277=IFCDIRECTION((1.,0.,0.));
#11278=IFCAXIS2PLACEMENT3D(#11275,#11276,#11277);
#11279=IFCEXTRUDEDAREASOLID(#11274,#11278,#11273,0.12);
#11280=IFCSHAPEREPRESENTATION(#11,'Body','SweptSolid',(#11279));
#11281=IFCPRODUCTDEFINITIONSHAPE($,$,(#11280));
#11287=IFCSLAB('2mD9PHd6L4H9CQ3t0fL3pI',$,'slab48',$,$,#18704,#11298,$,$);
#11288=IFCCARTESIANPOINTLIST2D(((0.,0.),(0.,6.),(3.,6.),(3.,0.),(0.,0.)));
#11289=IFCINDEXEDPOLYCURVE(#11288,$,.F.);
#11290=IFCDIRECTION((0.,0.,1.));
#11291=IFCARBITRARYCLOSEDPROFILEDEF(.AREA.,$,#11289);
#11292=IFCCARTESIANPOINT((0.,0.,0.));
#11293=IFCDIRECTION((0.,0.,1.));
#11294=IFCDIRECTION((1.,0.,0.));
#11295=IFCAXIS2PLACEMENT3D(#11292,#11293,#11294);
#11296=IFCEXTRUDEDAREASOLID(#11291,#11295,#11290,0.12);
#11297=IFCSHAPEREPRESENTATION(#11,'Body','SweptSolid',(#11296));
#11298=IFCPRODUCTDEFINITIONSHAPE($,$,(#11297));
#11304=IFCSLAB('1g6QcXB_5AHfDLnezN8Rcw',$,'slab49',$,$,#16694,#11315,$,$);
#11305=IFCCARTESIANPOINTLIST2D(((0.,0.),(0.,6.),(3.,6.),(3.,0.),(0.,0.)));
#11306=IFCINDEXEDPOLYCURVE(#11305,$,.F.);
#11307=IFCDIRECTION((0.,0.,1.));
#11308=IFCARBITRARYCLOSEDPROFILEDEF(.AREA.,$,#11306);
#11309=IFCCARTESIANPOINT((0.,0.,0.));
#11310=IFCDIRECTION((0.,0.,1.));
#11311=IFCDIRECTION((1.,0.,0.));
#11312=IFCAXIS2PLACEMENT3D(#11309,#11310,#11311);
#11313=IFCEXTRUDEDAREASOLID(#11308,#11312,#11307,0.12);
#11314=IFCSHAPEREPRESENTATION(#11,'Body','SweptSolid',(#11313));
#11315=IFCPRODUCTDEFINITIONSHAPE($,$,(#11314));
#11321=IFCSLAB('2Hrf2u9pvB_huVR8wNDKAn',$,'slab50',$,$,#16454,#11332,$,$);
#11322=IFCCARTESIANPOINTLIST2D(((0.,0.),(0.,6.),(3.,6.),(3.,0.),(0.,0.)));
#11323=IFCINDEXEDPOLYCURVE(#11322,$,.F.);
#11324=IFCDIRECTION((0.,0.,1.));
#11325=IFCARBITRARYCLOSEDPROFILEDEF(.AREA.,$,#11323);
#11326=IFCCARTESIANPOINT((0.,0.,0.));
#11327=IFCDIRECTION((0.,0.,1.));
#11328=IFCDIRECTION((1.,0.,0.));
#11329=IFCAXIS2PLACEMENT3D(#11326,#11327,#11328);
#11330=IFCEXTRUDEDAREASOLID(#11325,#11329,#11324,0.12);
#11331=IFCSHAPEREPRESENTATION(#11,'Body','SweptSolid',(#11330));
#11332=IFCPRODUCTDEFINITIONSHAPE($,$,(#11331));
#11338=IFCSLAB('1RbzBAqUv96gMWNTfifK9H',$,'slab51',$,$,#17599,#11349,$,$);
#11339=IFCCARTESIANPOINTLIST2D(((0.,0.),(0.,6.),(3.,6.),(3.,0.),(0.,0.)));
#11340=IFCINDEXEDPOLYCURVE(#11339,$,.F.);
#11341=IFCDIRECTION((0.,0.,1.));
#11342=IFCARBITRARYCLOSEDPROFILEDEF(.AREA.,$,#11340);
#11343=IFCCARTESIANPOINT((0.,0.,0.));
#11344=IFCDIRECTION((0.,0.,1.));
#11345=IFCDIRECTION((1.,0.,0.));
#11346=IFCAXIS2PLACEMENT3D(#11343,#11344,#11345);
#11347=IFCEXTRUDEDAREASOLID(#11342,#11346,#11341,0.12);
#11348=IFCSHAPEREPRESENTATION(#11,'Body','SweptSolid',(#11347));
#11349=IFCPRODUCTDEFINITIONSHAPE($,$,(#11348));
#11355=IFCSLAB('0WtdRmFNPFzgGOT9AHk1Wy',$,'slab52',$,$,#18749,#11366,$,$);
#11356=IFCCARTESIANPOINTLIST2D(((0.,0.),(0.,6.),(3.,6.),(3.,0.),(0.,0.)));
#11357=IFCINDEXEDPOLYCURVE(#11356,$,.F.);
#11358=IFCDIRECTION((0.,0.,1.));
#11359=IFCARBITRARYCLOSEDPROFILEDEF(.AREA.,$,#11357);
#11360=IFCCARTESIANPOINT((0.,0.,0.));
#11361=IFCDIRECTION((0.,0.,1.));
#11362=IFCDIRECTION((1.,0.,0.));
#11363=IFCAXIS2PLACEMENT3D(#11360,#11361,#11362);
#11364=IFCEXTRUDEDAREASOLID(#11359,#11363,#11358,0.12);
#11365=IFCSHAPEREPRESENTATION(#11,'Body','SweptSolid',(#11364));
#11366=IFCPRODUCTDEFINITIONSHAPE($,$,(#11365));
#11372=IFCSLAB('1eNB0RQ$95Cx9shv2pfYfR',$,'slab53',$,$,#15694,#11383,$,$);
#11373=IFCCARTESIANPOINTLIST2D(((0.,0.),(0.,6.),(3.,6.),(3.,0.),(0.,0.)));
#11374=IFCINDEXEDPOLYCURVE(#11373,$,.F.);
#11375=IFCDIRECTION((0.,0.,1.));
#11376=IFCARBITRARYCLOSEDPROFILEDEF(.AREA.,$,#11374);
#11377=IFCCARTESIANPOINT((0.,0.,0.));
#11378=IFCDIRECTION((0.,0.,1.));
#11379=IFCDIRECTION((1.,0.,0.));
#11380=IFCAXIS2PLACEMENT3D(#11377,#11378,#11379);
#11381=IFCEXTRUDEDAREASOLID(#11376,#11380,#11375,0.12);
#11382=IFCSHAPEREPRESENTATION(#11,'Body','SweptSolid',(#11381));
#11383=IFCPRODUCTDEFINITIONSHAPE($,$,(#11382));
#11389=IFCSLAB('3SosWkErj2Fx_O5BEVNstB',$,'slab54',$,$,#16434,#11400,$,$);
#11390=IFCCARTESIANPOINTLIST2D(((0.,0.),(0.,6.),(3.,6.),(3.,0.),(0.,0.)));
#11391=IFCINDEXEDPOLYCURVE(#11390,$,.F.);
#11392=IFCDIRECTION((0.,0.,1.));
#11393=IFCARBITRARYCLOSEDPROFILEDEF(.AREA.,$,#11391);
#11394=IFCCARTESIANPOINT((0.,0.,0.));
#11395=IFCDIRECTION((0.,0.,1.));
#11396=IFCDIRECTION((1.,0.,0.));
#11397=IFCAXIS2PLACEMENT3D(#11394,#11395,#11396);
#11398=IFCEXTRUDEDAREASOLID(#11393,#11397,#11392,0.12);
#11399=IFCSHAPEREPRESENTATION(#11,'Body','SweptSolid',(#11398));
#11400=IFCPRODUCTDEFINITIONSHAPE($,$,(#11399));
#11406=IFCSLAB('0ifdgVBJH7OOGMoyGC6fdI',$,'slab55',$,$,#17404,#11417,$,$);
#11407=IFCCARTESIANPOINTLIST2D(((0.,0.),(0.,6.),(3.,6.),(3.,0.),(0.,0.)));
#11408=IFCINDEXEDPOLYCURVE(#11407,$,.F.);
#11409=IFCDIRECTION((0.,0.,1.));
#11410=IFCARBITRARYCLOSEDPROFILEDEF(.AREA.,$,#11408);
#11411=IFCCARTESIANPOINT((0.,0.,0.));
#11412=IFCDIRECTION((0.,0.,1.));
#11413=IFCDIRECTION((1.,0.,0.));
#11414=IFCAXIS2PLACEMENT3D(#11411,#11412,#11413);
#11415=IFCEXTRUDEDAREASOLID(#11410,#11414,#11409,0.12);
#11416=IFCSHAPEREPRESENTATION(#11,'Body','SweptSolid',(#11415));
#11417=IFCPRODUCTDEFINITIONSHAPE($,$,(#11416));
#11423=IFCSLAB('3J0p5pQDHA9QVAJvLB_dhG',$,'slab56',$,$,#18489,#11434,$,$);
#11424=IFCCARTESIANPOINTLIST2D(((0.,0.),(0.,6.),(3.,6.),(3.,0.),(0.,0.)));
#11425=IFCINDEXEDPOLYCURVE(#11424,$,.F.);
#11426=IFCDIRECTION((0.,0.,1.));
#11427=IFCARBITRARYCLOSEDPROFILEDEF(.AREA.,$,#11425);
#11428=IFCCARTESIANPOINT((0.,0.,0.));
#11429=IFCDIRECTION((0.,0.,1.));
#11430=IFCDIRECTION((1.,0.,0.));
#11431=IFCAXIS2PLACEMENT3D(#11428,#11429,#11430);
#11432=IFCEXTRUDEDAREASOLID(#11427,#11431,#11426,0.12);
#11433=IFCSHAPEREPRESENTATION(#11,'Body','SweptSolid',(#11432));
#11434=IFCPRODUCTDEFINITIONSHAPE($,$,(#11433));
#11440=IFCSLAB('3UFknf0iDDOuiZ93Q7BWcl',$,'slab57',$,$,#15424,#11451,$,$);
#11441=IFCCARTESIANPOINTLIST2D(((0.,0.),(0.,6.),(3.,6.),(3.,0.),(0.,0.)));
#11442=IFCINDEXEDPOLYCURVE(#11441,$,.F.);
#11443=IFCDIRECTION((0.,0.,1.));
#11444=IFCARBITRARYCLOSEDPROFILEDEF(.AREA.,$,#11442);
#11445=IFCCARTESIANPOINT((0.,0.,0.));
#11446=IFCDIRECTION((0.,0.,1.));
#11447=IFCDIRECTION((1.,0.,0.));
#11448=IFCAXIS2PLACEMENT3D(#11445,#11446,#11447);
#11449=IFCEXTRUDEDAREASOLID(#11444,#11448,#11443,0.12);
#11450=IFCSHAPEREPRESENTATION(#11,'Body','SweptSolid',(#11449));
#11451=IFCPRODUCTDEFINITIONSHAPE($,$,(#11450));
#11457=IFCSLAB('3eV2IXCrz3RfB6cyNFr479',$,'slab58',$,$,#16489,#11468,$,$);
#11458=IFCCARTESIANPOINTLIST2D(((0.,0.),(0.,6.),(3.,6.),(3.,0.),(0.,0.)));
#11459=IFCINDEXEDPOLYCURVE(#11458,$,.F.);
#11460=IFCDIRECTION((0.,0.,1.));
#11461=IFCARBITRARYCLOSEDPROFILEDEF(.AREA.,$,#11459);
#11462=IFCCARTESIANPOINT((0.,0.,0.));
#11463=IFCDIRECTION((0.,0.,1.));
#11464=IFCDIRECTION((1.,0.,0.));
#11465=IFCAXIS2PLACEMENT3D(#11462,#11463,#11464);
#11466=IFCEXTRUDEDAREASOLID(#11461,#11465,#11460,0.12);
#11467=IFCSHAPEREPRESENTATION(#11,'Body','SweptSolid',(#11466));
#11468=IFCPRODUCTDEFINITIONSHAPE($,$,(#11467));
#11474=IFCSLAB('3si7HJCQv8Uws2Micy9Z0i',$,'slab59',$,$,#17639,#11485,$,$);
#11475=IFCCARTESIANPOINTLIST2D(((0.,0.),(0.,6.),(3.,6.),(3.,0.),(0.,0.)));
#11476=IFCINDEXEDPOLYCURVE(#11475,$,.F.);
#11477=IFCDIRECTION((0.,0.,1.));
#11478=IFCARBITRARYCLOSEDPROFILEDEF(.AREA.,$,#11476);
#11479=IFCCARTESIANPOINT((0.,0.,0.));
#11480=IFCDIRECTION((0.,0.,1.));
#11481=IFCDIRECTION((1.,0.,0.));
#11482=IFCAXIS2PLACEMENT3D(#11479,#11480,#11481);
#11483=IFCEXTRUDEDAREASOLID(#11478,#11482,#11477,0.12);
#11484=IFCSHAPEREPRESENTATION(#11,'Body','SweptSolid',(#11483));
#11485=IFCPRODUCTDEFINITIONSHAPE($,$,(#11484));
#11491=IFCSLAB('329IkRnmH7VO0BQLvbT_6g',$,'slab60',$,$,#18789,#11502,$,$);
#11492=IFCCARTESIANPOINTLIST2D(((0.,0.),(0.,6.),(3.,6.),(3.,0.),(0.,0.)));
#11493=IFCINDEXEDPOLYCURVE(#11492,$,.F.);
#11494=IFCDIRECTION((0.,0.,1.));
#11495=IFCARBITRARYCLOSEDPROFILEDEF(.AREA.,$,#11493);
#11496=IFCCARTESIANPOINT((0.,0.,0.));
#11497=IFCDIRECTION((0.,0.,1.));
#11498=IFCDIRECTION((1.,0.,0.));
#11499=IFCAXIS2PLACEMENT3D(#11496,#11497,#11498);
#11500=IFCEXTRUDEDAREASOLID(#11495,#11499,#11494,0.12);
#11501=IFCSHAPEREPRESENTATION(#11,'Body','SweptSolid',(#11500));
#11502=IFCPRODUCTDEFINITIONSHAPE($,$,(#11501));
#11508=IFCSLAB('3wfnfrXZP1N8LXsxup2Hv3',$,'slab61',$,$,#15499,#11519,$,$);
#11509=IFCCARTESIANPOINTLIST2D(((0.,0.),(0.,6.),(3.,6.),(3.,0.),(0.,0.)));
#11510=IFCINDEXEDPOLYCURVE(#11509,$,.F.);
#11511=IFCDIRECTION((0.,0.,1.));
#11512=IFCARBITRARYCLOSEDPROFILEDEF(.AREA.,$,#11510);
#11513=IFCCARTESIANPOINT((0.,0.,0.));
#11514=IFCDIRECTION((0.,0.,1.));
#11515=IFCDIRECTION((1.,0.,0.));
#11516=IFCAXIS2PLACEMENT3D(#11513,#11514,#11515);
#11517=IFCEXTRUDEDAREASOLID(#11512,#11516,#11511,0.12);
#11518=IFCSHAPEREPRESENTATION(#11,'Body','SweptSolid',(#11517));
#11519=IFCPRODUCTDEFINITIONSHAPE($,$,(#11518));
#11525=IFCSLAB('2fOdKRzD5EfRC85l3XfWZu',$,'slab62',$,$,#16544,#11536,$,$);
#11526=IFCCARTESIANPOINTLIST2D(((0.,0.),(0.,6.),(3.,6.),(3.,0.),(0.,0.)));
#11527=IFCINDEXEDPOLYCURVE(#11526,$,.F.);
#11528=IFCDIRECTION((0.,0.,1.));
#11529=IFCARBITRARYCLOSEDPROFILEDEF(.AREA.,$,#11527);
#11530=IFCCARTESIANPOINT((0.,0.,0.));
#11531=IFCDIRECTION((0.,0.,1.));
#11532=IFCDIRECTION((1.,0.,0.));
#11533=IFCAXIS2PLACEMENT3D(#11530,#11531,#11532);
#11534=IFCEXTRUDEDAREASOLID(#11529,#11533,#11528,0.12);
#11535=IFCSHAPEREPRESENTATION(#11,'Body','SweptSolid',(#11534));
#11536=IFCPRODUCTDEFINITIONSHAPE($,$,(#11535));
#11542=IFCSLAB('3ljr6Ig_X1EBCy0boqeF2J',$,'slab63',$,$,#17689,#11553,$,$);
#11543=IFCCARTESIANPOINTLIST2D(((0.,0.),(0.,6.),(3.,6.),(3.,0.),(0.,0.)));
#11544=IFCINDEXEDPOLYCURVE(#11543,$,.F.);
#11545=IFCDIRECTION((0.,0.,1.));
#11546=IFCARBITRARYCLOSEDPROFILEDEF(.AREA.,$,#11544);
#11547=IFCCARTESIANPOINT((0.,0.,0.));
#11548=IFCDIRECTION((0.,0.,1.));
#11549=IFCDIRECTION((1.,0.,0.));
#11550=IFCAXIS2PLACEMENT3D(#11547,#11548,#11549);
#11551=IFCEXTRUDEDAREASOLID(#11546,#11550,#11545,0.12);
#11552=IFCSHAPEREPRESENTATION(#11,'Body','SweptSolid',(#11551));
#11553=IFCPRODUCTDEFINITIONSHAPE($,$,(#11552));
#11559=IFCSLAB('3JGLld_HD0x8K6_OjiQaUH',$,'slab64',$,$,#14569,#11570,$,$);
#11560=IFCCARTESIANPOINTLIST2D(((0.,0.),(0.,6.),(3.,6.),(3.,0.),(0.,0.)));
#11561=IFCINDEXEDPOLYCURVE(#11560,$,.F.);
#11562=IFCDIRECTION((0.,0.,1.));
#11563=IFCARBITRARYCLOSEDPROFILEDEF(.AREA.,$,#11561);
#11564=IFCCARTESIANPOINT((0.,0.,0.));
#11565=IFCDIRECTION((0.,0.,1.));
#11566=IFCDIRECTION((1.,0.,0.));
#11567=IFCAXIS2PLACEMENT3D(#11564,#11565,#11566);
#11568=IFCEXTRUDEDAREASOLID(#11563,#11567,#11562,0.12);
#11569=IFCSHAPEREPRESENTATION(#11,'Body','SweptSolid',(#11568));
#11570=IFCPRODUCTDEFINITIONSHAPE($,$,(#11569));
#11576=IFCSLAB('2olrYRJ4rFm88yptlESnsx',$,'slab65',$,$,#18634,#11587,$,$);
#11577=IFCCARTESIANPOINTLIST2D(((0.,0.),(0.,6.),(3.,6.),(3.,0.),(0.,0.)));
#11578=IFCINDEXEDPOLYCURVE(#11577,$,.F.);
#11579=IFCDIRECTION((0.,0.,1.));
#11580=IFCARBITRARYCLOSEDPROFILEDEF(.AREA.,$,#11578);
#11581=IFCCARTESIANPOINT((0.,0.,0.));
#11582=IFCDIRECTION((0.,0.,1.));
#11583=IFCDIRECTION((1.,0.,0.));
#11584=IFCAXIS2PLACEMENT3D(#11581,#11582,#11583);
#11585=IFCEXTRUDEDAREASOLID(#11580,#11584,#11579,0.12);
#11586=IFCSHAPEREPRESENTATION(#11,'Body','SweptSolid',(#11585));
#11587=IFCPRODUCTDEFINITIONSHAPE($,$,(#11586));
#11593=IFCSLAB('1eJBH$NHHCsR18TdJg27Zv',$,'slab66',$,$,#16604,#11604,$,$);
#11594=IFCCARTESIANPOINTLIST2D(((0.,0.),(0.,6.),(3.,6.),(3.,0.),(0.,0.)));
#11595=IFCINDEXEDPOLYCURVE(#11594,$,.F.);
#11596=IFCDIRECTION((0.,0.,1.));
#11597=IFCARBITRARYCLOSEDPROFILEDEF(.AREA.,$,#11595);
#11598=IFCCARTESIANPOINT((0.,0.,0.));
#11599=IFCDIRECTION((0.,0.,1.));
#11600=IFCDIRECTION((1.,0.,0.));
#11601=IFCAXIS2PLACEMENT3D(#11598,#11599,#11600);
#11602=IFCEXTRUDEDAREASOLID(#11597,#11601,#11596,0.12);
#11603=IFCSHAPEREPRESENTATION(#11,'Body','SweptSolid',(#11602));
#11604=IFCPRODUCTDEFINITIONSHAPE($,$,(#11603));
#11610=IFCSLAB('1t3mlA_XHEP9W$DVCLzDzZ',$,'slab67',$,$,#16384,#11621,$,$);
#11611=IFCCARTESIANPOINTLIST2D(((0.,0.),(0.,6.),(3.,6.),(3.,0.),(0.,0.)));
#11612=IFCINDEXEDPOLYCURVE(#11611,$,.F.);
#11613=IFCDIRECTION((0.,0.,1.));
#11614=IFCARBITRARYCLOSEDPROFILEDEF(.AREA.,$,#11612);
#11615=IFCCARTESIANPOINT((0.,0.,0.));
#11616=IFCDIRECTION((0.,0.,1.));
#11617=IFCDIRECTION((1.,0.,0.));
#11618=IFCAXIS2PLACEMENT3D(#11615,#11616,#11617);
#11619=IFCEXTRUDEDAREASOLID(#11614,#11618,#11613,0.12);
#11620=IFCSHAPEREPRESENTATION(#11,'Body','SweptSolid',(#11619));
#11621=IFCPRODUCTDEFINITIONSHAPE($,$,(#11620));
#11627=IFCSLAB('22TUAuR4r5TfDioaOjYRVM',$,'slab68',$,$,#17269,#11638,$,$);
#11628=IFCCARTESIANPOINTLIST2D(((0.,0.),(0.,6.),(3.,6.),(3.,0.),(0.,0.)));
#11629=IFCINDEXEDPOLYCURVE(#11628,$,.F.);
#11630=IFCDIRECTION((0.,0.,1.));
#11631=IFCARBITRARYCLOSEDPROFILEDEF(.AREA.,$,#11629);
#11632=IFCCARTESIANPOINT((0.,0.,0.));
#11633=IFCDIRECTION((0.,0.,1.));
#11634=IFCDIRECTION((1.,0.,0.));
#11635=IFCAXIS2PLACEMENT3D(#11632,#11633,#11634);
#11636=IFCEXTRUDEDAREASOLID(#11631,#11635,#11630,0.12);
#11637=IFCSHAPEREPRESENTATION(#11,'Body','SweptSolid',(#11636));
#11638=IFCPRODUCTDEFINITIONSHAPE($,$,(#11637));
#11644=IFCSLAB('2V7nUWsGb4SeNZfe4A430x',$,'slab69',$,$,#18329,#11655,$,$);
#11645=IFCCARTESIANPOINTLIST2D(((0.,0.),(0.,6.),(3.,6.),(3.,0.),(0.,0.)));
#11646=IFCINDEXEDPOLYCURVE(#11645,$,.F.);
#11647=IFCDIRECTION((0.,0.,1.));
#11648=IFCARBITRARYCLOSEDPROFILEDEF(.AREA.,$,#11646);
#11649=IFCCARTESIANPOINT((0.,0.,0.));
#11650=IFCDIRECTION((0.,0.,1.));
#11651=IFCDIRECTION((1.,0.,0.));
#11652=IFCAXIS2PLACEMENT3D(#11649,#11650,#11651);
#11653=IFCEXTRUDEDAREASOLID(#11648,#11652,#11647,0.12);
#11654=IFCSHAPEREPRESENTATION(#11,'Body','SweptSolid',(#11653));
#11655=IFCPRODUCTDEFINITIONSHAPE($,$,(#11654));
#11661=IFCSLAB('2JtiTpvWTAVx2z_3WoMq2x',$,'slab70',$,$,#15254,#11672,$,$);
#11662=IFCCARTESIANPOINTLIST2D(((0.,0.),(0.,6.),(3.,6.),(3.,0.),(0.,0.)));
#11663=IFCINDEXEDPOLYCURVE(#11662,$,.F.);
#11664=IFCDIRECTION((0.,0.,1.));
#11665=IFCARBITRARYCLOSEDPROFILEDEF(.AREA.,$,#11663);
#11666=IFCCARTESIANPOINT((0.,0.,0.));
#11667=IFCDIRECTION((0.,0.,1.));
#11668=IFCDIRECTION((1.,0.,0.));
#11669=IFCAXIS2PLACEMENT3D(#11666,#11667,#11668);
#11670=IFCEXTRUDEDAREASOLID(#11665,#11669,#11664,0.12);
#11671=IFCSHAPEREPRESENTATION(#11,'Body','SweptSolid',(#11670));
#11672=IFCPRODUCTDEFINITIONSHAPE($,$,(#11671));
#11678=IFCSLAB('18bYDOtLL2tRrqfikMkrwf',$,'slab71',$,$,#16364,#11689,$,$);
#11679=IFCCARTESIANPOINTLIST2D(((0.,0.),(0.,6.),(3.,6.),(3.,0.),(0.,0.)));
#11680=IFCINDEXEDPOLYCURVE(#11679,$,.F.);
#11681=IFCDIRECTION((0.,0.,1.));
#11682=IFCARBITRARYCLOSEDPROFILEDEF(.AREA.,$,#11680);
#11683=IFCCARTESIANPOINT((0.,0.,0.));
#11684=IFCDIRECTION((0.,0.,1.));
#11685=IFCDIRECTION((1.,0.,0.));
#11686=IFCAXIS2PLACEMENT3D(#11683,#11684,#11685);
#11687=IFCEXTRUDEDAREASOLID(#11682,#11686,#11681,0.12);
#11688=IFCSHAPEREPRESENTATION(#11,'Body','SweptSolid',(#11687));
#11689=IFCPRODUCTDEFINITIONSHAPE($,$,(#11688));
#11695=IFCSLAB('2r5Yw7dBD6MwGS7G6TY0gP',$,'slab72',$,$,#17334,#11706,$,$);
#11696=IFCCARTESIANPOINTLIST2D(((0.,0.),(0.,6.),(3.,6.),(3.,0.),(0.,0.)));
#11697=IFCINDEXEDPOLYCURVE(#11696,$,.F.);
#11698=IFCDIRECTION((0.,0.,1.));
#11699=IFCARBITRARYCLOSEDPROFILEDEF(.AREA.,$,#11697);
#11700=IFCCARTESIANPOINT((0.,0.,0.));
#11701=IFCDIRECTION((0.,0.,1.));
#11702=IFCDIRECTION((1.,0.,0.));
#11703=IFCAXIS2PLACEMENT3D(#11700,#11701,#11702);
#11704=IFCEXTRUDEDAREASOLID(#11699,#11703,#11698,0.12);
#11705=IFCSHAPEREPRESENTATION(#11,'Body','SweptSolid',(#11704));
#11706=IFCPRODUCTDEFINITIONSHAPE($,$,(#11705));
#11712=IFCSLAB('3a1ZE1F19ET9K8P0x3F5gM',$,'slab73',$,$,#18399,#11723,$,$);
#11713=IFCCARTESIANPOINTLIST2D(((0.,0.),(0.,6.),(3.,6.),(3.,0.),(0.,0.)));
#11714=IFCINDEXEDPOLYCURVE(#11713,$,.F.);
#11715=IFCDIRECTION((0.,0.,1.));
#11716=IFCARBITRARYCLOSEDPROFILEDEF(.AREA.,$,#11714);
#11717=IFCCARTESIANPOINT((0.,0.,0.));
#11718=IFCDIRECTION((0.,0.,1.));
#11719=IFCDIRECTION((1.,0.,0.));
#11720=IFCAXIS2PLACEMENT3D(#11717,#11718,#11719);
#11721=IFCEXTRUDEDAREASOLID(#11716,#11720,#11715,0.12);
#11722=IFCSHAPEREPRESENTATION(#11,'Body','SweptSolid',(#11721));
#11723=IFCPRODUCTDEFINITIONSHAPE($,$,(#11722));
#11729=IFCSLAB('0$s_EQEl57JOg3bNwyyk52',$,'slab74',$,$,#15329,#11740,$,$);
#11730=IFCCARTESIANPOINTLIST2D(((0.,0.),(0.,6.),(3.,6.),(3.,0.),(0.,0.)));
#11731=IFCINDEXEDPOLYCURVE(#11730,$,.F.);
#11732=IFCDIRECTION((0.,0.,1.));
#11733=IFCARBITRARYCLOSEDPROFILEDEF(.AREA.,$,#11731);
#11734=IFCCARTESIANPOINT((0.,0.,0.));
#11735=IFCDIRECTION((0.,0.,1.));
#11736=IFCDIRECTION((1.,0.,0.));
#11737=IFCAXIS2PLACEMENT3D(#11734,#11735,#11736);
#11738=IFCEXTRUDEDAREASOLID(#11733,#11737,#11732,0.12);
#11739=IFCSHAPEREPRESENTATION(#11,'Body','SweptSolid',(#11738));
#11740=IFCPRODUCTDEFINITIONSHAPE($,$,(#11739));
#11746=IFCSLAB('3L9z5IwrT1HgaCPiFOLAO5',$,'slab75',$,$,#16419,#11757,$,$);
#11747=IFCCARTESIANPOINTLIST2D(((0.,0.),(0.,6.),(3.,6.),(3.,0.),(0.,0.)));
#11748=IFCINDEXEDPOLYCURVE(#11747,$,.F.);
#11749=IFCDIRECTION((0.,0.,1.));
#11750=IFCARBITRARYCLOSEDPROFILEDEF(.AREA.,$,#11748);
#11751=IFCCARTESIANPOINT((0.,0.,0.));
#11752=IFCDIRECTION((0.,0.,1.));
#11753=IFCDIRECTION((1.,0.,0.));
#11754=IFCAXIS2PLACEMENT3D(#11751,#11752,#11753);
#11755=IFCEXTRUDEDAREASOLID(#11750,#11754,#11749,0.12);
#11756=IFCSHAPEREPRESENTATION(#11,'Body','SweptSolid',(#11755));
#11757=IFCPRODUCTDEFINITIONSHAPE($,$,(#11756));
#11763=IFCSLAB('0ZVrWMsr9BQwcrnS9dwtVx',$,'slab76',$,$,#17574,#11774,$,$);
#11764=IFCCARTESIANPOINTLIST2D(((0.,0.),(0.,6.),(3.,6.),(3.,0.),(0.,0.)));
#11765=IFCINDEXEDPOLYCURVE(#11764,$,.F.);
#11766=IFCDIRECTION((0.,0.,1.));
#11767=IFCARBITRARYCLOSEDPROFILEDEF(.AREA.,$,#11765);
#11768=IFCCARTESIANPOINT((0.,0.,0.));
#11769=IFCDIRECTION((0.,0.,1.));
#11770=IFCDIRECTION((1.,0.,0.));
#11771=IFCAXIS2PLACEMENT3D(#11768,#11769,#11770);
#11772=IFCEXTRUDEDAREASOLID(#11767,#11771,#11766,0.12);
#11773=IFCSHAPEREPRESENTATION(#11,'Body','SweptSolid',(#11772));
#11774=IFCPRODUCTDEFINITIONSHAPE($,$,(#11773));
#11780=IFCSLAB('0uy4huBfjBz8OyNf26YUWF',$,'slab77',$,$,#18459,#11791,$,$);
#11781=IFCCARTESIANPOINTLIST2D(((0.,0.),(0.,6.),(3.,6.),(3.,0.),(0.,0.)));
#11782=IFCINDEXEDPOLYCURVE(#11781,$,.F.);
#11783=IFCDIRECTION((0.,0.,1.));
#11784=IFCARBITRARYCLOSEDPROFILEDEF(.AREA.,$,#11782);
#11785=IFCCARTESIANPOINT((0.,0.,0.));
#11786=IFCDIRECTION((0.,0.,1.));
#11787=IFCDIRECTION((1.,0.,0.));
#11788=IFCAXIS2PLACEMENT3D(#11785,#11786,#11787);
#11789=IFCEXTRUDEDAREASOLID(#11784,#11788,#11783,0.12);
#11790=IFCSHAPEREPRESENTATION(#11,'Body','SweptSolid',(#11789));
#11791=IFCPRODUCTDEFINITIONSHAPE($,$,(#11790));
#11797=IFCSLAB('0ECDR1dJf4qvts5PmM48_7',$,'slab78',$,$,#15399,#11808,$,$);
#11798=IFCCARTESIANPOINTLIST2D(((0.,0.),(0.,6.),(3.,6.),(3.,0.),(0.,0.)));
#11799=IFCINDEXEDPOLYCURVE(#11798,$,.F.);
#11800=IFCDIRECTION((0.,0.,1.));
#11801=IFCARBITRARYCLOSEDPROFILEDEF(.AREA.,$,#11799);
#11802=IFCCARTESIANPOINT((0.,0.,0.));
#11803=IFCDIRECTION((0.,0.,1.));
#11804=IFCDIRECTION((1.,0.,0.));
#11805=IFCAXIS2PLACEMENT3D(#11802,#11803,#11804);
#11806=IFCEXTRUDEDAREASOLID(#11801,#11805,#11800,0.12);
#11807=IFCSHAPEREPRESENTATION(#11,'Body','SweptSolid',(#11806));
#11808=IFCPRODUCTDEFINITIONSHAPE($,$,(#11807));
#11814=IFCSLAB('0zJiq4KQ5BaPYo98xGpfRJ',$,'slab79',$,$,#16469,#11825,$,$);
#11815=IFCCARTESIANPOINTLIST2D(((0.,0.),(0.,6.),(3.,6.),(3.,0.),(0.,0.)));
#11816=IFCINDEXEDPOLYCURVE(#11815,$,.F.);
#11817=IFCDIRECTION((0.,0.,1.));
#11818=IFCARBITRARYCLOSEDPROFILEDEF(.AREA.,$,#11816);
#11819=IFCCARTESIANPOINT((0.,0.,0.));
#11820=IFCDIRECTION((0.,0.,1.));
#11821=IFCDIRECTION((1.,0.,0.));
#11822=IFCAXIS2PLACEMENT3D(#11819,#11820,#11821);
#11823=IFCEXTRUDEDAREASOLID(#11818,#11822,#11817,0.12);
#11824=IFCSHAPEREPRESENTATION(#11,'Body','SweptSolid',(#11823));
#11825=IFCPRODUCTDEFINITIONSHAPE($,$,(#11824));
#11831=IFCSLAB('0gu0IO22b0BeMvoLQoPdj3',$,'slab80',$,$,#17614,#11842,$,$);
#11832=IFCCARTESIANPOINTLIST2D(((0.,0.),(0.,6.),(3.,6.),(3.,0.),(0.,0.)));
#11833=IFCINDEXEDPOLYCURVE(#11832,$,.F.);
#11834=IFCDIRECTION((0.,0.,1.));
#11835=IFCARBITRARYCLOSEDPROFILEDEF(.AREA.,$,#11833);
#11836=IFCCARTESIANPOINT((0.,0.,0.));
#11837=IFCDIRECTION((0.,0.,1.));
#11838=IFCDIRECTION((1.,0.,0.));
#11839=IFCAXIS2PLACEMENT3D(#11836,#11837,#11838);
#11840=IFCEXTRUDEDAREASOLID(#11835,#11839,#11834,0.12);
#11841=IFCSHAPEREPRESENTATION(#11,'Body','SweptSolid',(#11840));
#11842=IFCPRODUCTDEFINITIONSHAPE($,$,(#11841));
#11848=IFCSLAB('2BgSfIs81FHAEYZJO_JlKd',$,'slab81',$,$,#18759,#11859,$,$);
#11849=IFCCARTESIANPOINTLIST2D(((0.,0.),(0.,6.),(3.,6.),(3.,0.),(0.,0.)));
#11850=IFCINDEXEDPOLYCURVE(#11849,$,.F.);
#11851=IFCDIRECTION((0.,0.,1.));
#11852=IFCARBITRARYCLOSEDPROFILEDEF(.AREA.,$,#11850);
#11853=IFCCARTESIANPOINT((0.,0.,0.));
#11854=IFCDIRECTION((0.,0.,1.));
#11855=IFCDIRECTION((1.,0.,0.));
#11856=IFCAXIS2PLACEMENT3D(#11853,#11854,#11855);
#11857=IFCEXTRUDEDAREASOLID(#11852,#11856,#11851,0.12);
#11858=IFCSHAPEREPRESENTATION(#11,'Body','SweptSolid',(#11857));
#11859=IFCPRODUCTDEFINITIONSHAPE($,$,(#11858));
#11865=IFCSLAB('17An04dCz3NvG7SXYV$6tN',$,'slab82',$,$,#18189,#11876,$,$);
#11866=IFCCARTESIANPOINTLIST2D(((0.,0.),(0.,6.),(3.,6.),(3.,0.),(0.,0.)));
#11867=IFCINDEXEDPOLYCURVE(#11866,$,.F.);
#11868=IFCDIRECTION((0.,0.,1.));
#11869=IFCARBITRARYCLOSEDPROFILEDEF(.AREA.,$,#11867);
#11870=IFCCARTESIANPOINT((0.,0.,0.));
#11871=IFCDIRECTION((0.,0.,1.));
#11872=IFCDIRECTION((1.,0.,0.));
#11873=IFCAXIS2PLACEMENT3D(#11870,#11871,#11872);
#11874=IFCEXTRUDEDAREASOLID(#11869,#11873,#11868,0.12);
#11875=IFCSHAPEREPRESENTATION(#11,'Body','SweptSolid',(#11874));
#11876=IFCPRODUCTDEFINITIONSHAPE($,$,(#11875));
#11882=IFCSLAB('0juc5OsAf5uwZzWwbwt9dn',$,'slab83',$,$,#14934,#11893,$,$);
#11883=IFCCARTESIANPOINTLIST2D(((0.,0.),(0.,6.),(3.,6.),(3.,0.),(0.,0.)));
#11884=IFCINDEXEDPOLYCURVE(#11883,$,.F.);
#11885=IFCDIRECTION((0.,0.,1.));
#11886=IFCARBITRARYCLOSEDPROFILEDEF(.AREA.,$,#11884);
#11887=IFCCARTESIANPOINT((0.,0.,0.));
#11888=IFCDIRECTION((0.,0.,1.));
#11889=IFCDIRECTION((1.,0.,0.));
#11890=IFCAXIS2PLACEMENT3D(#11887,#11888,#11889);
#11891=IFCEXTRUDEDAREASOLID(#11886,#11890,#11885,0.12);
#11892=IFCSHAPEREPRESENTATION(#11,'Body','SweptSolid',(#11891));
#11893=IFCPRODUCTDEFINITIONSHAPE($,$,(#11892));
#11899=IFCSLAB('0k2lik$4L8Beo$8uWF6Khu',$,'slab84',$,$,#16034,#11910,$,$);
#11900=IFCCARTESIANPOINTLIST2D(((0.,0.),(0.,6.),(3.,6.),(3.,0.),(0.,0.)));
#11901=IFCINDEXEDPOLYCURVE(#11900,$,.F.);
#11902=IFCDIRECTION((0.,0.,1.));
#11903=IFCARBITRARYCLOSEDPROFILEDEF(.AREA.,$,#11901);
#11904=IFCCARTESIANPOINT((0.,0.,0.));
#11905=IFCDIRECTION((0.,0.,1.));
#11906=IFCDIRECTION((1.,0.,0.));
#11907=IFCAXIS2PLACEMENT3D(#11904,#11905,#11906);
#11908=IFCEXTRUDEDAREASOLID(#11903,#11907,#11902,0.12);
#11909=IFCSHAPEREPRESENTATION(#11,'Body','SweptSolid',(#11908));
#11910=IFCPRODUCTDEFINITIONSHAPE($,$,(#11909));
#11916=IFCSLAB('1qfPSZXyv33PsGKRVf6$cX',$,'slab85',$,$,#17169,#11927,$,$);
#11917=IFCCARTESIANPOINTLIST2D(((0.,0.),(0.,6.),(3.,6.),(3.,0.),(0.,0.)));
#11918=IFCINDEXEDPOLYCURVE(#11917,$,.F.);
#11919=IFCDIRECTION((0.,0.,1.));
#11920=IFCARBITRARYCLOSEDPROFILEDEF(.AREA.,$,#11918);
#11921=IFCCARTESIANPOINT((0.,0.,0.));
#11922=IFCDIRECTION((0.,0.,1.));
#11923=IFCDIRECTION((1.,0.,0.));
#11924=IFCAXIS2PLACEMENT3D(#11921,#11922,#11923);
#11925=IFCEXTRUDEDAREASOLID(#11920,#11924,#11919,0.12);
#11926=IFCSHAPEREPRESENTATION(#11,'Body','SweptSolid',(#11925));
#11927=IFCPRODUCTDEFINITIONSHAPE($,$,(#11926));
#11933=IFCSLAB('3OzCTstsbD2PzkEDLANnMz',$,'slab86',$,$,#18244,#11944,$,$);
#11934=IFCCARTESIANPOINTLIST2D(((0.,0.),(0.,6.),(3.,6.),(3.,0.),(0.,0.)));
#11935=IFCINDEXEDPOLYCURVE(#11934,$,.F.);
#11936=IFCDIRECTION((0.,0.,1.));
#11937=IFCARBITRARYCLOSEDPROFILEDEF(.AREA.,$,#11935);
#11938=IFCCARTESIANPOINT((0.,0.,0.));
#11939=IFCDIRECTION((0.,0.,1.));
#11940=IFCDIRECTION((1.,0.,0.));
#11941=IFCAXIS2PLACEMENT3D(#11938,#11939,#11940);
#11942=IFCEXTRUDEDAREASOLID(#11937,#11941,#11936,0.12);
#11943=IFCSHAPEREPRESENTATION(#11,'Body','SweptSolid',(#11942));
#11944=IFCPRODUCTDEFINITIONSHAPE($,$,(#11943));
#11950=IFCSLAB('2W6kSCa6f39h$urrqDenJM',$,'slab87',$,$,#15179,#11961,$,$);
#11951=IFCCARTESIANPOINTLIST2D(((0.,0.),(0.,6.),(3.,6.),(3.,0.),(0.,0.)));
#11952=IFCINDEXEDPOLYCURVE(#11951,$,.F.);
#11953=IFCDIRECTION((0.,0.,1.));
#11954=IFCARBITRARYCLOSEDPROFILEDEF(.AREA.,$,#11952);
#11955=IFCCARTESIANPOINT((0.,0.,0.));
#11956=IFCDIRECTION((0.,0.,1.));
#11957=IFCDIRECTION((1.,0.,0.));
#11958=IFCAXIS2PLACEMENT3D(#11955,#11956,#11957);
#11959=IFCEXTRUDEDAREASOLID(#11954,#11958,#11953,0.12);
#11960=IFCSHAPEREPRESENTATION(#11,'Body','SweptSolid',(#11959));
#11961=IFCPRODUCTDEFINITIONSHAPE($,$,(#11960));
#11967=IFCSLAB('3dpbn4GWr8NwMzIORdOK_K',$,'slab88',$,$,#16319,#11978,$,$);
#11968=IFCCARTESIANPOINTLIST2D(((0.,0.),(0.,6.),(3.,6.),(3.,0.),(0.,0.)));
#11969=IFCINDEXEDPOLYCURVE(#11968,$,.F.);
#11970=IFCDIRECTION((0.,0.,1.));
#11971=IFCARBITRARYCLOSEDPROFILEDEF(.AREA.,$,#11969);
#11972=IFCCARTESIANPOINT((0.,0.,0.));
#11973=IFCDIRECTION((0.,0.,1.));
#11974=IFCDIRECTION((1.,0.,0.));
#11975=IFCAXIS2PLACEMENT3D(#11972,#11973,#11974);
#11976=IFCEXTRUDEDAREASOLID(#11971,#11975,#11970,0.12);
#11977=IFCSHAPEREPRESENTATION(#11,'Body','SweptSolid',(#11976));
#11978=IFCPRODUCTDEFINITIONSHAPE($,$,(#11977));
#11984=IFCSLAB('0QeLiBKBHDHfoHusyr$Qjv',$,'slab89',$,$,#17239,#11995,$,$);
#11985=IFCCARTESIANPOINTLIST2D(((0.,0.),(0.,6.),(3.,6.),(3.,0.),(0.,0.)));
#11986=IFCINDEXEDPOLYCURVE(#11985,$,.F.);
#11987=IFCDIRECTION((0.,0.,1.));
#11988=IFCARBITRARYCLOSEDPROFILEDEF(.AREA.,$,#11986);
#11989=IFCCARTESIANPOINT((0.,0.,0.));
#11990=IFCDIRECTION((0.,0.,1.));
#11991=IFCDIRECTION((1.,0.,0.));
#11992=IFCAXIS2PLACEMENT3D(#11989,#11990,#11991);
#11993=IFCEXTRUDEDAREASOLID(#11988,#11992,#11987,0.12);
#11994=IFCSHAPEREPRESENTATION(#11,'Body','SweptSolid',(#11993));
#11995=IFCPRODUCTDEFINITIONSHAPE($,$,(#11994));
#12001=IFCSLAB('2_aNaxDUL7nPokYbh6oYiT',$,'slab90',$,$,#18304,#12012,$,$);
#12002=IFCCARTESIANPOINTLIST2D(((0.,0.),(0.,6.),(3.,6.),(3.,0.),(0.,0.)));
#12003=IFCINDEXEDPOLYCURVE(#12002,$,.F.);
#12004=IFCDIRECTION((0.,0.,1.));
#12005=IFCARBITRARYCLOSEDPROFILEDEF(.AREA.,$,#12003);
#12006=IFCCARTESIANPOINT((0.,0.,0.));
#12007=IFCDIRECTION((0.,0.,1.));
#12008=IFCDIRECTION((1.,0.,0.));
#12009=IFCAXIS2PLACEMENT3D(#12006,#12007,#12008);
#12010=IFCEXTRUDEDAREASOLID(#12005,#12009,#12004,0.12);
#12011=IFCSHAPEREPRESENTATION(#11,'Body','SweptSolid',(#12010));
#12012=IFCPRODUCTDEFINITIONSHAPE($,$,(#12011));
#12018=IFCSLAB('3quCmIoojCehZfelt_7$N$',$,'slab91',$,$,#15239,#12029,$,$);
#12019=IFCCARTESIANPOINTLIST2D(((0.,0.),(0.,6.),(3.,6.),(3.,0.),(0.,0.)));
#12020=IFCINDEXEDPOLYCURVE(#12019,$,.F.);
#12021=IFCDIRECTION((0.,0.,1.));
#12022=IFCARBITRARYCLOSEDPROFILEDEF(.AREA.,$,#12020);
#12023=IFCCARTESIANPOINT((0.,0.,0.));
#12024=IFCDIRECTION((0.,0.,1.));
#12025=IFCDIRECTION((1.,0.,0.));
#12026=IFCAXIS2PLACEMENT3D(#12023,#12024,#12025);
#12027=IFCEXTRUDEDAREASOLID(#12022,#12026,#12021,0.12);
#12028=IFCSHAPEREPRESENTATION(#11,'Body','SweptSolid',(#12027));
#12029=IFCPRODUCTDEFINITIONSHAPE($,$,(#12028));
#12035=IFCSLAB('1LohJCS$T9h8JCNdD_uAw2',$,'slab92',$,$,#16349,#12046,$,$);
#12036=IFCCARTESIANPOINTLIST2D(((0.,0.),(0.,6.),(3.,6.),(3.,0.),(0.,0.)));
#12037=IFCINDEXEDPOLYCURVE(#12036,$,.F.);
#12038=IFCDIRECTION((0.,0.,1.));
#12039=IFCARBITRARYCLOSEDPROFILEDEF(.AREA.,$,#12037);
#12040=IFCCARTESIANPOINT((0.,0.,0.));
#12041=IFCDIRECTION((0.,0.,1.));
#12042=IFCDIRECTION((1.,0.,0.));
#12043=IFCAXIS2PLACEMENT3D(#12040,#12041,#12042);
#12044=IFCEXTRUDEDAREASOLID(#12039,#12043,#12038,0.12);
#12045=IFCSHAPEREPRESENTATION(#11,'Body','SweptSolid',(#12044));
#12046=IFCPRODUCTDEFINITIONSHAPE($,$,(#12045));
#12052=IFCSLAB('22jB0cwJD0DPD$LNLGlMAY',$,'slab93',$,$,#17499,#12063,$,$);
#12053=IFCCARTESIANPOINTLIST2D(((0.,0.),(0.,6.),(3.,6.),(3.,0.),(0.,0.)));
#12054=IFCINDEXEDPOLYCURVE(#12053,$,.F.);
#12055=IFCDIRECTION((0.,0.,1.));
#12056=IFCARBITRARYCLOSEDPROFILEDEF(.AREA.,$,#12054);
#12057=IFCCARTESIANPOINT((0.,0.,0.));
#12058=IFCDIRECTION((0.,0.,1.));
#12059=IFCDIRECTION((1.,0.,0.));
#12060=IFCAXIS2PLACEMENT3D(#12057,#12058,#12059);
#12061=IFCEXTRUDEDAREASOLID(#12056,#12060,#12055,0.12);
#12062=IFCSHAPEREPRESENTATION(#11,'Body','SweptSolid',(#12061));
#12063=IFCPRODUCTDEFINITIONSHAPE($,$,(#12062));
#12069=IFCSLAB('3M$6z2lSD3nPDhNRxsKSTs',$,'slab94',$,$,#18364,#12080,$,$);
#12070=IFCCARTESIANPOINTLIST2D(((0.,0.),(0.,6.),(3.,6.),(3.,0.),(0.,0.)));
#12071=IFCINDEXEDPOLYCURVE(#12070,$,.F.);
#12072=IFCDIRECTION((0.,0.,1.));
#12073=IFCARBITRARYCLOSEDPROFILEDEF(.AREA.,$,#12071);
#12074=IFCCARTESIANPOINT((0.,0.,0.));
#12075=IFCDIRECTION((0.,0.,1.));
#12076=IFCDIRECTION((1.,0.,0.));
#12077=IFCAXIS2PLACEMENT3D(#12074,#12075,#12076);
#12078=IFCEXTRUDEDAREASOLID(#12073,#12077,#12072,0.12);
#12079=IFCSHAPEREPRESENTATION(#11,'Body','SweptSolid',(#12078));
#12080=IFCPRODUCTDEFINITIONSHAPE($,$,(#12079));
#12086=IFCSLAB('2zLKUeFqnBo9r2Q5PI8JbO',$,'slab95',$,$,#15299,#12097,$,$);
#12087=IFCCARTESIANPOINTLIST2D(((0.,0.),(0.,6.),(3.,6.),(3.,0.),(0.,0.)));
#12088=IFCINDEXEDPOLYCURVE(#12087,$,.F.);
#12089=IFCDIRECTION((0.,0.,1.));
#12090=IFCARBITRARYCLOSEDPROFILEDEF(.AREA.,$,#12088);
#12091=IFCCARTESIANPOINT((0.,0.,0.));
#12092=IFCDIRECTION((0.,0.,1.));
#12093=IFCDIRECTION((1.,0.,0.));
#12094=IFCAXIS2PLACEMENT3D(#12091,#12092,#12093);
#12095=IFCEXTRUDEDAREASOLID(#12090,#12094,#12089,0.12);
#12096=IFCSHAPEREPRESENTATION(#11,'Body','SweptSolid',(#12095));
#12097=IFCPRODUCTDEFINITIONSHAPE($,$,(#12096));
#12103=IFCSLAB('0ZHSUJrjz4Jus6mYBedHif',$,'slab96',$,$,#14779,#12114,$,$);
#12104=IFCCARTESIANPOINTLIST2D(((0.,0.),(0.,6.),(3.,6.),(3.,0.),(0.,0.)));
#12105=IFCINDEXEDPOLYCURVE(#12104,$,.F.);
#12106=IFCDIRECTION((0.,0.,1.));
#12107=IFCARBITRARYCLOSEDPROFILEDEF(.AREA.,$,#12105);
#12108=IFCCARTESIANPOINT((0.,0.,0.));
#12109=IFCDIRECTION((0.,0.,1.));
#12110=IFCDIRECTION((1.,0.,0.));
#12111=IFCAXIS2PLACEMENT3D(#12108,#12109,#12110);
#12112=IFCEXTRUDEDAREASOLID(#12107,#12111,#12106,0.12);
#12113=IFCSHAPEREPRESENTATION(#11,'Body','SweptSolid',(#12112));
#12114=IFCPRODUCTDEFINITIONSHAPE($,$,(#12113));
#12120=IFCSLAB('2Mc2LFgzT2OO6JNu8SH1oF',$,'slab97',$,$,#15894,#12131,$,$);
#12121=IFCCARTESIANPOINTLIST2D(((0.,0.),(0.,6.),(3.,6.),(3.,0.),(0.,0.)));
#12122=IFCINDEXEDPOLYCURVE(#12121,$,.F.);
#12123=IFCDIRECTION((0.,0.,1.));
#12124=IFCARBITRARYCLOSEDPROFILEDEF(.AREA.,$,#12122);
#12125=IFCCARTESIANPOINT((0.,0.,0.));
#12126=IFCDIRECTION((0.,0.,1.));
#12127=IFCDIRECTION((1.,0.,0.));
#12128=IFCAXIS2PLACEMENT3D(#12125,#12126,#12127);
#12129=IFCEXTRUDEDAREASOLID(#12124,#12128,#12123,0.12);
#12130=IFCSHAPEREPRESENTATION(#11,'Body','SweptSolid',(#12129));
#12131=IFCPRODUCTDEFINITIONSHAPE($,$,(#12130));
#12137=IFCSLAB('3gl$5X1ATCv8PueSvsovid',$,'slab98',$,$,#17019,#12148,$,$);
#12138=IFCCARTESIANPOINTLIST2D(((0.,0.),(0.,6.),(3.,6.),(3.,0.),(0.,0.)));
#12139=IFCINDEXEDPOLYCURVE(#12138,$,.F.);
#12140=IFCDIRECTION((0.,0.,1.));
#12141=IFCARBITRARYCLOSEDPROFILEDEF(.AREA.,$,#12139);
#12142=IFCCARTESIANPOINT((0.,0.,0.));
#12143=IFCDIRECTION((0.,0.,1.));
#12144=IFCDIRECTION((1.,0.,0.));
#12145=IFCAXIS2PLACEMENT3D(#12142,#12143,#12144);
#12146=IFCEXTRUDEDAREASOLID(#12141,#12145,#12140,0.12);
#12147=IFCSHAPEREPRESENTATION(#11,'Body','SweptSolid',(#12146));
#12148=IFCPRODUCTDEFINITIONSHAPE($,$,(#12147));
#12154=IFCSLAB('2Nfe6DiWrAKRwlVXL0$q4m',$,'slab99',$,$,#18134,#12165,$,$);
#12155=IFCCARTESIANPOINTLIST2D(((0.,0.),(0.,6.),(3.,6.),(3.,0.),(0.,0.)));
#12156=IFCINDEXEDPOLYCURVE(#12155,$,.F.);
#12157=IFCDIRECTION((0.,0.,1.));
#12158=IFCARBITRARYCLOSEDPROFILEDEF(.AREA.,$,#12156);
#12159=IFCCARTESIANPOINT((0.,0.,0.));
#12160=IFCDIRECTION((0.,0.,1.));
#12161=IFCDIRECTION((1.,0.,0.));
#12162=IFCAXIS2PLACEMENT3D(#12159,#12160,#12161);
#12163=IFCEXTRUDEDAREASOLID(#12158,#12162,#12157,0.12);
#12164=IFCSHAPEREPRESENTATION(#11,'Body','SweptSolid',(#12163));
#12165=IFCPRODUCTDEFINITIONSHAPE($,$,(#12164));
#12171=IFCSLAB('0UKJtlakvEDuaQhc_UxdZW',$,'slab100',$,$,#14849,#12182,$,$);
#12172=IFCCARTESIANPOINTLIST2D(((0.,0.),(0.,6.),(3.,6.),(3.,0.),(0.,0.)));
#12173=IFCINDEXEDPOLYCURVE(#12172,$,.F.);
#12174=IFCDIRECTION((0.,0.,1.));
#12175=IFCARBITRARYCLOSEDPROFILEDEF(.AREA.,$,#12173);
#12176=IFCCARTESIANPOINT((0.,0.,0.));
#12177=IFCDIRECTION((0.,0.,1.));
#12178=IFCDIRECTION((1.,0.,0.));
#12179=IFCAXIS2PLACEMENT3D(#12176,#12177,#12178);
#12180=IFCEXTRUDEDAREASOLID(#12175,#12179,#12174,0.12);
#12181=IFCSHAPEREPRESENTATION(#11,'Body','SweptSolid',(#12180));
#12182=IFCPRODUCTDEFINITIONSHAPE($,$,(#12181));
#12188=IFCSLAB('0kgoHf7Qn7ePzw0TUcrDKH',$,'slab101',$,$,#15949,#12199,$,$);
#12189=IFCCARTESIANPOINTLIST2D(((0.,0.),(0.,6.),(3.,6.),(3.,0.),(0.,0.)));
#12190=IFCINDEXEDPOLYCURVE(#12189,$,.F.);
#12191=IFCDIRECTION((0.,0.,1.));
#12192=IFCARBITRARYCLOSEDPROFILEDEF(.AREA.,$,#12190);
#12193=IFCCARTESIANPOINT((0.,0.,0.));
#12194=IFCDIRECTION((0.,0.,1.));
#12195=IFCDIRECTION((1.,0.,0.));
#12196=IFCAXIS2PLACEMENT3D(#12193,#12194,#12195);
#12197=IFCEXTRUDEDAREASOLID(#12192,#12196,#12191,0.12);
#12198=IFCSHAPEREPRESENTATION(#11,'Body','SweptSolid',(#12197));
#12199=IFCPRODUCTDEFINITIONSHAPE($,$,(#12198));
#12205=IFCSLAB('2VZYfAWBD1_8$lWo7Xbhjq',$,'slab102',$,$,#17079,#12216,$,$);
#12206=IFCCARTESIANPOINTLIST2D(((0.,0.),(0.,6.),(3.,6.),(3.,0.),(0.,0.)));
#12207=IFCINDEXEDPOLYCURVE(#12206,$,.F.);
#12208=IFCDIRECTION((0.,0.,1.));
#12209=IFCARBITRARYCLOSEDPROFILEDEF(.AREA.,$,#12207);
#12210=IFCCARTESIANPOINT((0.,0.,0.));
#12211=IFCDIRECTION((0.,0.,1.));
#12212=IFCDIRECTION((1.,0.,0.));
#12213=IFCAXIS2PLACEMENT3D(#12210,#12211,#12212);
#12214=IFCEXTRUDEDAREASOLID(#12209,#12213,#12208,0.12);
#12215=IFCSHAPEREPRESENTATION(#11,'Body','SweptSolid',(#12214));
#12216=IFCPRODUCTDEFINITIONSHAPE($,$,(#12215));
#12222=IFCSLAB('01YdKRk5nD5uU0JxRd4Ocl',$,'slab103',$,$,#18174,#12233,$,$);
#12223=IFCCARTESIANPOINTLIST2D(((0.,0.),(0.,6.),(3.,6.),(3.,0.),(0.,0.)));
#12224=IFCINDEXEDPOLYCURVE(#12223,$,.F.);
#12225=IFCDIRECTION((0.,0.,1.));
#12226=IFCARBITRARYCLOSEDPROFILEDEF(.AREA.,$,#12224);
#12227=IFCCARTESIANPOINT((0.,0.,0.));
#12228=IFCDIRECTION((0.,0.,1.));
#12229=IFCDIRECTION((1.,0.,0.));
#12230=IFCAXIS2PLACEMENT3D(#12227,#12228,#12229);
#12231=IFCEXTRUDEDAREASOLID(#12226,#12230,#12225,0.12);
#12232=IFCSHAPEREPRESENTATION(#11,'Body','SweptSolid',(#12231));
#12233=IFCPRODUCTDEFINITIONSHAPE($,$,(#12232));
#12239=IFCSLAB('16qpnesvnDZv5gs2eAByYt',$,'slab104',$,$,#15119,#12250,$,$);
#12240=IFCCARTESIANPOINTLIST2D(((0.,0.),(0.,6.),(3.,6.),(3.,0.),(0.,0.)));
#12241=IFCINDEXEDPOLYCURVE(#12240,$,.F.);
#12242=IFCDIRECTION((0.,0.,1.));
#12243=IFCARBITRARYCLOSEDPROFILEDEF(.AREA.,$,#12241);
#12244=IFCCARTESIANPOINT((0.,0.,0.));
#12245=IFCDIRECTION((0.,0.,1.));
#12246=IFCDIRECTION((1.,0.,0.));
#12247=IFCAXIS2PLACEMENT3D(#12244,#12245,#12246);
#12248=IFCEXTRUDEDAREASOLID(#12243,#12247,#12242,0.12);
#12249=IFCSHAPEREPRESENTATION(#11,'Body','SweptSolid',(#12248));
#12250=IFCPRODUCTDEFINITIONSHAPE($,$,(#12249));
#12256=IFCSLAB('2toRJJMdX9pv0J9I2QYLLG',$,'slab105',$,$,#16244,#12267,$,$);
#12257=IFCCARTESIANPOINTLIST2D(((0.,0.),(0.,6.),(3.,6.),(3.,0.),(0.,0.)));
#12258=IFCINDEXEDPOLYCURVE(#12257,$,.F.);
#12259=IFCDIRECTION((0.,0.,1.));
#12260=IFCARBITRARYCLOSEDPROFILEDEF(.AREA.,$,#12258);
#12261=IFCCARTESIANPOINT((0.,0.,0.));
#12262=IFCDIRECTION((0.,0.,1.));
#12263=IFCDIRECTION((1.,0.,0.));
#12264=IFCAXIS2PLACEMENT3D(#12261,#12262,#12263);
#12265=IFCEXTRUDEDAREASOLID(#12260,#12264,#12259,0.12);
#12266=IFCSHAPEREPRESENTATION(#11,'Body','SweptSolid',(#12265));
#12267=IFCPRODUCTDEFINITIONSHAPE($,$,(#12266));
#12273=IFCSLAB('3SGva1sqD9Yg3RJmlsVtpN',$,'slab106',$,$,#17139,#12284,$,$);
#12274=IFCCARTESIANPOINTLIST2D(((0.,0.),(0.,6.),(3.,6.),(3.,0.),(0.,0.)));
#12275=IFCINDEXEDPOLYCURVE(#12274,$,.F.);
#12276=IFCDIRECTION((0.,0.,1.));
#12277=IFCARBITRARYCLOSEDPROFILEDEF(.AREA.,$,#12275);
#12278=IFCCARTESIANPOINT((0.,0.,0.));
#12279=IFCDIRECTION((0.,0.,1.));
#12280=IFCDIRECTION((1.,0.,0.));
#12281=IFCAXIS2PLACEMENT3D(#12278,#12279,#12280);
#12282=IFCEXTRUDEDAREASOLID(#12277,#12281,#12276,0.12);
#12283=IFCSHAPEREPRESENTATION(#11,'Body','SweptSolid',(#12282));
#12284=IFCPRODUCTDEFINITIONSHAPE($,$,(#12283));
#12290=IFCSLAB('23StL4eVP2Zv8BCTc3aEcG',$,'slab107',$,$,#18224,#12301,$,$);
#12291=IFCCARTESIANPOINTLIST2D(((0.,0.),(0.,6.),(3.,6.),(3.,0.),(0.,0.)));
#12292=IFCINDEXEDPOLYCURVE(#12291,$,.F.);
#12293=IFCDIRECTION((0.,0.,1.));
#12294=IFCARBITRARYCLOSEDPROFILEDEF(.AREA.,$,#12292);
#12295=IFCCARTESIANPOINT((0.,0.,0.));
#12296=IFCDIRECTION((0.,0.,1.));
#12297=IFCDIRECTION((1.,0.,0.));
#12298=IFCAXIS2PLACEMENT3D(#12295,#12296,#12297);
#12299=IFCEXTRUDEDAREASOLID(#12294,#12298,#12293,0.12);
#12300=IFCSHAPEREPRESENTATION(#11,'Body','SweptSolid',(#12299));
#12301=IFCPRODUCTDEFINITIONSHAPE($,$,(#12300));
#12307=IFCSLAB('3BudwhW_f1rfIHXiuNlg3O',$,'slab108',$,$,#15164,#12318,$,$);
#12308=IFCCARTESIANPOINTLIST2D(((0.,0.),(0.,6.),(3.,6.),(3.,0.),(0.,0.)));
#12309=IFCINDEXEDPOLYCURVE(#12308,$,.F.);
#12310=IFCDIRECTION((0.,0.,1.));
#12311=IFCARBITRARYCLOSEDPROFILEDEF(.AREA.,$,#12309);
#12312=IFCCARTESIANPOINT((0.,0.,0.));
#12313=IFCDIRECTION((0.,0.,1.));
#12314=IFCDIRECTION((1.,0.,0.));
#12315=IFCAXIS2PLACEMENT3D(#12312,#12313,#12314);
#12316=IFCEXTRUDEDAREASOLID(#12311,#12315,#12310,0.12);
#12317=IFCSHAPEREPRESENTATION(#11,'Body','SweptSolid',(#12316));
#12318=IFCPRODUCTDEFINITIONSHAPE($,$,(#12317));
#12324=IFCSLAB('2rVMuKKQz1ZQIfmZtpNLXB',$,'slab109',$,$,#16294,#12335,$,$);
#12325=IFCCARTESIANPOINTLIST2D(((0.,0.),(0.,6.),(3.,6.),(3.,0.),(0.,0.)));
#12326=IFCINDEXEDPOLYCURVE(#12325,$,.F.);
#12327=IFCDIRECTION((0.,0.,1.));
#12328=IFCARBITRARYCLOSEDPROFILEDEF(.AREA.,$,#12326);
#12329=IFCCARTESIANPOINT((0.,0.,0.));
#12330=IFCDIRECTION((0.,0.,1.));
#12331=IFCDIRECTION((1.,0.,0.));
#12332=IFCAXIS2PLACEMENT3D(#12329,#12330,#12331);
#12333=IFCEXTRUDEDAREASOLID(#12328,#12332,#12327,0.12);
#12334=IFCSHAPEREPRESENTATION(#11,'Body','SweptSolid',(#12333));
#12335=IFCPRODUCTDEFINITIONSHAPE($,$,(#12334));
#12341=IFCSLAB('0adHUFOvn0tuTAG$zHoKjg',$,'slab110',$,$,#17114,#12352,$,$);
#12342=IFCCARTESIANPOINTLIST2D(((0.,0.),(0.,6.),(3.,6.),(3.,0.),(0.,0.)));
#12343=IFCINDEXEDPOLYCURVE(#12342,$,.F.);
#12344=IFCDIRECTION((0.,0.,1.));
#12345=IFCARBITRARYCLOSEDPROFILEDEF(.AREA.,$,#12343);
#12346=IFCCARTESIANPOINT((0.,0.,0.));
#12347=IFCDIRECTION((0.,0.,1.));
#12348=IFCDIRECTION((1.,0.,0.));
#12349=IFCAXIS2PLACEMENT3D(#12346,#12347,#12348);
#12350=IFCEXTRUDEDAREASOLID(#12345,#12349,#12344,0.12);
#12351=IFCSHAPEREPRESENTATION(#11,'Body','SweptSolid',(#12350));
#12352=IFCPRODUCTDEFINITIONSHAPE($,$,(#12351));
#12358=IFCSLAB('0qa40Vmcz2Wgw_vpuZ9vyr',$,'slab111',$,$,#18069,#12369,$,$);
#12359=IFCCARTESIANPOINTLIST2D(((0.,0.),(0.,6.),(3.,6.),(3.,0.),(0.,0.)));
#12360=IFCINDEXEDPOLYCURVE(#12359,$,.F.);
#12361=IFCDIRECTION((0.,0.,1.));
#12362=IFCARBITRARYCLOSEDPROFILEDEF(.AREA.,$,#12360);
#12363=IFCCARTESIANPOINT((0.,0.,0.));
#12364=IFCDIRECTION((0.,0.,1.));
#12365=IFCDIRECTION((1.,0.,0.));
#12366=IFCAXIS2PLACEMENT3D(#12363,#12364,#12365);
#12367=IFCEXTRUDEDAREASOLID(#12362,#12366,#12361,0.12);
#12368=IFCSHAPEREPRESENTATION(#11,'Body','SweptSolid',(#12367));
#12369=IFCPRODUCTDEFINITIONSHAPE($,$,(#12368));
#12375=IFCSLAB('07JNZ1LLb7sOPDFCDkDut3',$,'slab112',$,$,#14939,#12386,$,$);
#12376=IFCCARTESIANPOINTLIST2D(((0.,0.),(0.,6.),(3.,6.),(3.,0.),(0.,0.)));
#12377=IFCINDEXEDPOLYCURVE(#12376,$,.F.);
#12378=IFCDIRECTION((0.,0.,1.));
#12379=IFCARBITRARYCLOSEDPROFILEDEF(.AREA.,$,#12377);
#12380=IFCCARTESIANPOINT((0.,0.,0.));
#12381=IFCDIRECTION((0.,0.,1.));
#12382=IFCDIRECTION((1.,0.,0.));
#12383=IFCAXIS2PLACEMENT3D(#12380,#12381,#12382);
#12384=IFCEXTRUDEDAREASOLID(#12379,#12383,#12378,0.12);
#12385=IFCSHAPEREPRESENTATION(#11,'Body','SweptSolid',(#12384));
#12386=IFCPRODUCTDEFINITIONSHAPE($,$,(#12385));
#12392=IFCSLAB('0DheOaodrDqgF9QPgGAg20',$,'slab113',$,$,#16049,#12403,$,$);
#12393=IFCCARTESIANPOINTLIST2D(((0.,0.),(0.,6.),(3.,6.),(3.,0.),(0.,0.)));
#12394=IFCINDEXEDPOLYCURVE(#12393,$,.F.);
#12395=IFCDIRECTION((0.,0.,1.));
#12396=IFCARBITRARYCLOSEDPROFILEDEF(.AREA.,$,#12394);
#12397=IFCCARTESIANPOINT((0.,0.,0.));
#12398=IFCDIRECTION((0.,0.,1.));
#12399=IFCDIRECTION((1.,0.,0.));
#12400=IFCAXIS2PLACEMENT3D(#12397,#12398,#12399);
#12401=IFCEXTRUDEDAREASOLID(#12396,#12400,#12395,0.12);
#12402=IFCSHAPEREPRESENTATION(#11,'Body','SweptSolid',(#12401));
#12403=IFCPRODUCTDEFINITIONSHAPE($,$,(#12402));
#12409=IFCSLAB('3KiQpXly10vQAyyCa3yDND',$,'slab114',$,$,#15819,#12420,$,$);
#12410=IFCCARTESIANPOINTLIST2D(((0.,0.),(0.,6.),(3.,6.),(3.,0.),(0.,0.)));
#12411=IFCINDEXEDPOLYCURVE(#12410,$,.F.);
#12412=IFCDIRECTION((0.,0.,1.));
#12413=IFCARBITRARYCLOSEDPROFILEDEF(.AREA.,$,#12411);
#12414=IFCCARTESIANPOINT((0.,0.,0.));
#12415=IFCDIRECTION((0.,0.,1.));
#12416=IFCDIRECTION((1.,0.,0.));
#12417=IFCAXIS2PLACEMENT3D(#12414,#12415,#12416);
#12418=IFCEXTRUDEDAREASOLID(#12413,#12417,#12412,0.12);
#12419=IFCSHAPEREPRESENTATION(#11,'Body','SweptSolid',(#12418));
#12420=IFCPRODUCTDEFINITIONSHAPE($,$,(#12419));
#12426=IFCSLAB('2d33S8S$HATfhYaqtIZA_K',$,'slab115',$,$,#16959,#12437,$,$);
#12427=IFCCARTESIANPOINTLIST2D(((0.,0.),(0.,6.),(3.,6.),(3.,0.),(0.,0.)));
#12428=IFCINDEXEDPOLYCURVE(#12427,$,.F.);
#12429=IFCDIRECTION((0.,0.,1.));
#12430=IFCARBITRARYCLOSEDPROFILEDEF(.AREA.,$,#12428);
#12431=IFCCARTESIANPOINT((0.,0.,0.));
#12432=IFCDIRECTION((0.,0.,1.));
#12433=IFCDIRECTION((1.,0.,0.));
#12434=IFCAXIS2PLACEMENT3D(#12431,#12432,#12433);
#12435=IFCEXTRUDEDAREASOLID(#12430,#12434,#12429,0.12);
#12436=IFCSHAPEREPRESENTATION(#11,'Body','SweptSolid',(#12435));
#12437=IFCPRODUCTDEFINITIONSHAPE($,$,(#12436));
#12443=IFCSLAB('16gM3xzIf9_QgY4CjWSoDN',$,'slab116',$,$,#18114,#12454,$,$);
#12444=IFCCARTESIANPOINTLIST2D(((0.,0.),(0.,6.),(3.,6.),(3.,0.),(0.,0.)));
#12445=IFCINDEXEDPOLYCURVE(#12444,$,.F.);
#12446=IFCDIRECTION((0.,0.,1.));
#12447=IFCARBITRARYCLOSEDPROFILEDEF(.AREA.,$,#12445);
#12448=IFCCARTESIANPOINT((0.,0.,0.));
#12449=IFCDIRECTION((0.,0.,1.));
#12450=IFCDIRECTION((1.,0.,0.));
#12451=IFCAXIS2PLACEMENT3D(#12448,#12449,#12450);
#12452=IFCEXTRUDEDAREASOLID(#12447,#12451,#12446,0.12);
#12453=IFCSHAPEREPRESENTATION(#11,'Body','SweptSolid',(#12452));
#12454=IFCPRODUCTDEFINITIONSHAPE($,$,(#12453));
#12460=IFCSLAB('3BmRlEisvEHA$EzgaPKb0u',$,'slab117',$,$,#14754,#12471,$,$);
#12461=IFCCARTESIANPOINTLIST2D(((0.,0.),(0.,6.),(3.,6.),(3.,0.),(0.,0.)));
#12462=IFCINDEXEDPOLYCURVE(#12461,$,.F.);
#12463=IFCDIRECTION((0.,0.,1.));
#12464=IFCARBITRARYCLOSEDPROFILEDEF(.AREA.,$,#12462);
#12465=IFCCARTESIANPOINT((0.,0.,0.));
#12466=IFCDIRECTION((0.,0.,1.));
#12467=IFCDIRECTION((1.,0.,0.));
#12468=IFCAXIS2PLACEMENT3D(#12465,#12466,#12467);
#12469=IFCEXTRUDEDAREASOLID(#12464,#12468,#12463,0.12);
#12470=IFCSHAPEREPRESENTATION(#11,'Body','SweptSolid',(#12469));
#12471=IFCPRODUCTDEFINITIONSHAPE($,$,(#12470));
#12477=IFCSLAB('2hFQP1u6n3UBQa4EcmShll',$,'slab118',$,$,#15869,#12488,$,$);
#12478=IFCCARTESIANPOINTLIST2D(((0.,0.),(0.,6.),(3.,6.),(3.,0.),(0.,0.)));
#12479=IFCINDEXEDPOLYCURVE(#12478,$,.F.);
#12480=IFCDIRECTION((0.,0.,1.));
#12481=IFCARBITRARYCLOSEDPROFILEDEF(.AREA.,$,#12479);
#12482=IFCCARTESIANPOINT((0.,0.,0.));
#12483=IFCDIRECTION((0.,0.,1.));
#12484=IFCDIRECTION((1.,0.,0.));
#12485=IFCAXIS2PLACEMENT3D(#12482,#12483,#12484);
#12486=IFCEXTRUDEDAREASOLID(#12481,#12485,#12480,0.12);
#12487=IFCSHAPEREPRESENTATION(#11,'Body','SweptSolid',(#12486));
#12488=IFCPRODUCTDEFINITIONSHAPE($,$,(#12487));
#12494=IFCSLAB('1szeAKlcb4z9_no0nP5Gkd',$,'slab119',$,$,#17004,#12505,$,$);
#12495=IFCCARTESIANPOINTLIST2D(((0.,0.),(0.,6.),(3.,6.),(3.,0.),(0.,0.)));
#12496=IFCINDEXEDPOLYCURVE(#12495,$,.F.);
#12497=IFCDIRECTION((0.,0.,1.));
#12498=IFCARBITRARYCLOSEDPROFILEDEF(.AREA.,$,#12496);
#12499=IFCCARTESIANPOINT((0.,0.,0.));
#12500=IFCDIRECTION((0.,0.,1.));
#12501=IFCDIRECTION((1.,0.,0.));
#12502=IFCAXIS2PLACEMENT3D(#12499,#12500,#12501);
#12503=IFCEXTRUDEDAREASOLID(#12498,#12502,#12497,0.12);
#12504=IFCSHAPEREPRESENTATION(#11,'Body','SweptSolid',(#12503));
#12505=IFCPRODUCTDEFINITIONSHAPE($,$,(#12504));
#12511=IFCSLAB('2UYzj9V3X3W94xDP_5UHvP',$,'slab120',$,$,#18129,#12522,$,$);
#12512=IFCCARTESIANPOINTLIST2D(((0.,0.),(0.,6.),(3.,6.),(3.,0.),(0.,0.)));
#12513=IFCINDEXEDPOLYCURVE(#12512,$,.F.);
#12514=IFCDIRECTION((0.,0.,1.));
#12515=IFCARBITRARYCLOSEDPROFILEDEF(.AREA.,$,#12513);
#12516=IFCCARTESIANPOINT((0.,0.,0.));
#12517=IFCDIRECTION((0.,0.,1.));
#12518=IFCDIRECTION((1.,0.,0.));
#12519=IFCAXIS2PLACEMENT3D(#12516,#12517,#12518);
#12520=IFCEXTRUDEDAREASOLID(#12515,#12519,#12514,0.12);
#12521=IFCSHAPEREPRESENTATION(#11,'Body','SweptSolid',(#12520));
#12522=IFCPRODUCTDEFINITIONSHAPE($,$,(#12521));
#12528=IFCSLAB('0yrdlBh11FmBGFpnIBRvkR',$,'slab121',$,$,#15054,#12539,$,$);
#12529=IFCCARTESIANPOINTLIST2D(((0.,0.),(0.,6.),(3.,6.),(3.,0.),(0.,0.)));
#12530=IFCINDEXEDPOLYCURVE(#12529,$,.F.);
#12531=IFCDIRECTION((0.,0.,1.));
#12532=IFCARBITRARYCLOSEDPROFILEDEF(.AREA.,$,#12530);
#12533=IFCCARTESIANPOINT((0.,0.,0.));
#12534=IFCDIRECTION((0.,0.,1.));
#12535=IFCDIRECTION((1.,0.,0.));
#12536=IFCAXIS2PLACEMENT3D(#12533,#12534,#12535);
#12537=IFCEXTRUDEDAREASOLID(#12532,#12536,#12531,0.12);
#12538=IFCSHAPEREPRESENTATION(#11,'Body','SweptSolid',(#12537));
#12539=IFCPRODUCTDEFINITIONSHAPE($,$,(#12538));
#12545=IFCSLAB('08pm5ZBLHDFQUwKz5xudwS',$,'slab122',$,$,#15924,#12556,$,$);
#12546=IFCCARTESIANPOINTLIST2D(((0.,0.),(0.,6.),(3.,6.),(3.,0.),(0.,0.)));
#12547=IFCINDEXEDPOLYCURVE(#12546,$,.F.);
#12548=IFCDIRECTION((0.,0.,1.));
#12549=IFCARBITRARYCLOSEDPROFILEDEF(.AREA.,$,#12547);
#12550=IFCCARTESIANPOINT((0.,0.,0.));
#12551=IFCDIRECTION((0.,0.,1.));
#12552=IFCDIRECTION((1.,0.,0.));
#12553=IFCAXIS2PLACEMENT3D(#12550,#12551,#12552);
#12554=IFCEXTRUDEDAREASOLID(#12549,#12553,#12548,0.12);
#12555=IFCSHAPEREPRESENTATION(#11,'Body','SweptSolid',(#12554));
#12556=IFCPRODUCTDEFINITIONSHAPE($,$,(#12555));
#12562=IFCSLAB('3gP6bJOQ5FIuMAOWYHSlEs',$,'slab123',$,$,#17054,#12573,$,$);
#12563=IFCCARTESIANPOINTLIST2D(((0.,0.),(0.,6.),(3.,6.),(3.,0.),(0.,0.)));
#12564=IFCINDEXEDPOLYCURVE(#12563,$,.F.);
#12565=IFCDIRECTION((0.,0.,1.));
#12566=IFCARBITRARYCLOSEDPROFILEDEF(.AREA.,$,#12564);
#12567=IFCCARTESIANPOINT((0.,0.,0.));
#12568=IFCDIRECTION((0.,0.,1.));
#12569=IFCDIRECTION((1.,0.,0.));
#12570=IFCAXIS2PLACEMENT3D(#12567,#12568,#12569);
#12571=IFCEXTRUDEDAREASOLID(#12566,#12570,#12565,0.12);
#12572=IFCSHAPEREPRESENTATION(#11,'Body','SweptSolid',(#12571));
#12573=IFCPRODUCTDEFINITIONSHAPE($,$,(#12572));
#12579=IFCSLAB('34HKyEv1r7B8DgwD9jQ5Ew',$,'slab124',$,$,#17939,#12590,$,$);
#12580=IFCCARTESIANPOINTLIST2D(((0.,0.),(0.,6.),(3.,6.),(3.,0.),(0.,0.)));
#12581=IFCINDEXEDPOLYCURVE(#12580,$,.F.);
#12582=IFCDIRECTION((0.,0.,1.));
#12583=IFCARBITRARYCLOSEDPROFILEDEF(.AREA.,$,#12581);
#12584=IFCCARTESIANPOINT((0.,0.,0.));
#12585=IFCDIRECTION((0.,0.,1.));
#12586=IFCDIRECTION((1.,0.,0.));
#12587=IFCAXIS2PLACEMENT3D(#12584,#12585,#12586);
#12588=IFCEXTRUDEDAREASOLID(#12583,#12587,#12582,0.12);
#12589=IFCSHAPEREPRESENTATION(#11,'Body','SweptSolid',(#12588));
#12590=IFCPRODUCTDEFINITIONSHAPE($,$,(#12589));
#12596=IFCSLAB('0h_ajLeM14VemcIPZo2DC8',$,'slab125',$,$,#14799,#12607,$,$);
#12597=IFCCARTESIANPOINTLIST2D(((0.,0.),(0.,6.),(3.,6.),(3.,0.),(0.,0.)));
#12598=IFCINDEXEDPOLYCURVE(#12597,$,.F.);
#12599=IFCDIRECTION((0.,0.,1.));
#12600=IFCARBITRARYCLOSEDPROFILEDEF(.AREA.,$,#12598);
#12601=IFCCARTESIANPOINT((0.,0.,0.));
#12602=IFCDIRECTION((0.,0.,1.));
#12603=IFCDIRECTION((1.,0.,0.));
#12604=IFCAXIS2PLACEMENT3D(#12601,#12602,#12603);
#12605=IFCEXTRUDEDAREASOLID(#12600,#12604,#12599,0.12);
#12606=IFCSHAPEREPRESENTATION(#11,'Body','SweptSolid',(#12605));
#12607=IFCPRODUCTDEFINITIONSHAPE($,$,(#12606));
#12613=IFCSLAB('3Uwf8wCe19tfVlp2V8BwEB',$,'slab126',$,$,#15904,#12624,$,$);
#12614=IFCCARTESIANPOINTLIST2D(((0.,0.),(0.,6.),(3.,6.),(3.,0.),(0.,0.)));
#12615=IFCINDEXEDPOLYCURVE(#12614,$,.F.);
#12616=IFCDIRECTION((0.,0.,1.));
#12617=IFCARBITRARYCLOSEDPROFILEDEF(.AREA.,$,#12615);
#12618=IFCCARTESIANPOINT((0.,0.,0.));
#12619=IFCDIRECTION((0.,0.,1.));
#12620=IFCDIRECTION((1.,0.,0.));
#12621=IFCAXIS2PLACEMENT3D(#12618,#12619,#12620);
#12622=IFCEXTRUDEDAREASOLID(#12617,#12621,#12616,0.12);
#12623=IFCSHAPEREPRESENTATION(#11,'Body','SweptSolid',(#12622));
#12624=IFCPRODUCTDEFINITIONSHAPE($,$,(#12623));
#12630=IFCSLAB('2QPP2jP2D8OuTBFH15cOIo',$,'slab127',$,$,#17034,#12641,$,$);
#12631=IFCCARTESIANPOINTLIST2D(((0.,0.),(0.,6.),(3.,6.),(3.,0.),(0.,0.)));
#12632=IFCINDEXEDPOLYCURVE(#12631,$,.F.);
#12633=IFCDIRECTION((0.,0.,1.));
#12634=IFCARBITRARYCLOSEDPROFILEDEF(.AREA.,$,#12632);
#12635=IFCCARTESIANPOINT((0.,0.,0.));
#12636=IFCDIRECTION((0.,0.,1.));
#12637=IFCDIRECTION((1.,0.,0.));
#12638=IFCAXIS2PLACEMENT3D(#12635,#12636,#12637);
#12639=IFCEXTRUDEDAREASOLID(#12634,#12638,#12633,0.12);
#12640=IFCSHAPEREPRESENTATION(#11,'Body','SweptSolid',(#12639));
#12641=IFCPRODUCTDEFINITIONSHAPE($,$,(#12640));
#12647=IFCSLAB('3psv$K22jEyxrhuqBhmRH$',$,'slab128',$,$,#17999,#12658,$,$);
#12648=IFCCARTESIANPOINTLIST2D(((0.,0.),(0.,6.),(3.,6.),(3.,0.),(0.,0.)));
#12649=IFCINDEXEDPOLYCURVE(#12648,$,.F.);
#12650=IFCDIRECTION((0.,0.,1.));
#12651=IFCARBITRARYCLOSEDPROFILEDEF(.AREA.,$,#12649);
#12652=IFCCARTESIANPOINT((0.,0.,0.));
#12653=IFCDIRECTION((0.,0.,1.));
#12654=IFCDIRECTION((1.,0.,0.));
#12655=IFCAXIS2PLACEMENT3D(#12652,#12653,#12654);
#12656=IFCEXTRUDEDAREASOLID(#12651,#12655,#12650,0.12);
#12657=IFCSHAPEREPRESENTATION(#11,'Body','SweptSolid',(#12656));
#12658=IFCPRODUCTDEFINITIONSHAPE($,$,(#12657));
#12664=IFCSLAB('1kxpKjPob5_gG4IrZK2OEw',$,'slab129',$,$,#14854,#12675,$,$);
#12665=IFCCARTESIANPOINTLIST2D(((0.,0.),(0.,6.),(3.,6.),(3.,0.),(0.,0.)));
#12666=IFCINDEXEDPOLYCURVE(#12665,$,.F.);
#12667=IFCDIRECTION((0.,0.,1.));
#12668=IFCARBITRARYCLOSEDPROFILEDEF(.AREA.,$,#12666);
#12669=IFCCARTESIANPOINT((0.,0.,0.));
#12670=IFCDIRECTION((0.,0.,1.));
#12671=IFCDIRECTION((1.,0.,0.));
#12672=IFCAXIS2PLACEMENT3D(#12669,#12670,#12671);
#12673=IFCEXTRUDEDAREASOLID(#12668,#12672,#12667,0.12);
#12674=IFCSHAPEREPRESENTATION(#11,'Body','SweptSolid',(#12673));
#12675=IFCPRODUCTDEFINITIONSHAPE($,$,(#12674));
#12681=IFCSLAB('3oanvTbNn7qOIAGD1qIgTQ',$,'slab130',$,$,#15964,#12692,$,$);
#12682=IFCCARTESIANPOINTLIST2D(((0.,0.),(0.,6.),(3.,6.),(3.,0.),(0.,0.)));
#12683=IFCINDEXEDPOLYCURVE(#12682,$,.F.);
#12684=IFCDIRECTION((0.,0.,1.));
#12685=IFCARBITRARYCLOSEDPROFILEDEF(.AREA.,$,#12683);
#12686=IFCCARTESIANPOINT((0.,0.,0.));
#12687=IFCDIRECTION((0.,0.,1.));
#12688=IFCDIRECTION((1.,0.,0.));
#12689=IFCAXIS2PLACEMENT3D(#12686,#12687,#12688);
#12690=IFCEXTRUDEDAREASOLID(#12685,#12689,#12684,0.12);
#12691=IFCSHAPEREPRESENTATION(#11,'Body','SweptSolid',(#12690));
#12692=IFCPRODUCTDEFINITIONSHAPE($,$,(#12691));
#12698=IFCSLAB('2q7j_k0xjFMRBJ5rJlEZ0f',$,'slab131',$,$,#15764,#12709,$,$);
#12699=IFCCARTESIANPOINTLIST2D(((0.,0.),(0.,6.),(3.,6.),(3.,0.),(0.,0.)));
#12700=IFCINDEXEDPOLYCURVE(#12699,$,.F.);
#12701=IFCDIRECTION((0.,0.,1.));
#12702=IFCARBITRARYCLOSEDPROFILEDEF(.AREA.,$,#12700);
#12703=IFCCARTESIANPOINT((0.,0.,0.));
#12704=IFCDIRECTION((0.,0.,1.));
#12705=IFCDIRECTION((1.,0.,0.));
#12706=IFCAXIS2PLACEMENT3D(#12703,#12704,#12705);
#12707=IFCEXTRUDEDAREASOLID(#12702,#12706,#12701,0.12);
#12708=IFCSHAPEREPRESENTATION(#11,'Body','SweptSolid',(#12707));
#12709=IFCPRODUCTDEFINITIONSHAPE($,$,(#12708));
#12715=IFCSLAB('0KSs4dM2rAEPkOo1rqOo3Z',$,'slab132',$,$,#16909,#12726,$,$);
#12716=IFCCARTESIANPOINTLIST2D(((0.,0.),(0.,6.),(3.,6.),(3.,0.),(0.,0.)));
#12717=IFCINDEXEDPOLYCURVE(#12716,$,.F.);
#12718=IFCDIRECTION((0.,0.,1.));
#12719=IFCARBITRARYCLOSEDPROFILEDEF(.AREA.,$,#12717);
#12720=IFCCARTESIANPOINT((0.,0.,0.));
#12721=IFCDIRECTION((0.,0.,1.));
#12722=IFCDIRECTION((1.,0.,0.));
#12723=IFCAXIS2PLACEMENT3D(#12720,#12721,#12722);
#12724=IFCEXTRUDEDAREASOLID(#12719,#12723,#12718,0.12);
#12725=IFCSHAPEREPRESENTATION(#11,'Body','SweptSolid',(#12724));
#12726=IFCPRODUCTDEFINITIONSHAPE($,$,(#12725));
#12732=IFCSLAB('1_TzVnTCTEuf0BgaYLgMG3',$,'slab133',$,$,#18064,#12743,$,$);
#12733=IFCCARTESIANPOINTLIST2D(((0.,0.),(0.,6.),(3.,6.),(3.,0.),(0.,0.)));
#12734=IFCINDEXEDPOLYCURVE(#12733,$,.F.);
#12735=IFCDIRECTION((0.,0.,1.));
#12736=IFCARBITRARYCLOSEDPROFILEDEF(.AREA.,$,#12734);
#12737=IFCCARTESIANPOINT((0.,0.,0.));
#12738=IFCDIRECTION((0.,0.,1.));
#12739=IFCDIRECTION((1.,0.,0.));
#12740=IFCAXIS2PLACEMENT3D(#12737,#12738,#12739);
#12741=IFCEXTRUDEDAREASOLID(#12736,#12740,#12735,0.12);
#12742=IFCSHAPEREPRESENTATION(#11,'Body','SweptSolid',(#12741));
#12743=IFCPRODUCTDEFINITIONSHAPE($,$,(#12742));
#12749=IFCSLAB('0l74ed4cnEW8tAybErNE5r',$,'slab134',$,$,#14669,#12760,$,$);
#12750=IFCCARTESIANPOINTLIST2D(((0.,0.),(0.,6.),(3.,6.),(3.,0.),(0.,0.)));
#12751=IFCINDEXEDPOLYCURVE(#12750,$,.F.);
#12752=IFCDIRECTION((0.,0.,1.));
#12753=IFCARBITRARYCLOSEDPROFILEDEF(.AREA.,$,#12751);
#12754=IFCCARTESIANPOINT((0.,0.,0.));
#12755=IFCDIRECTION((0.,0.,1.));
#12756=IFCDIRECTION((1.,0.,0.));
#12757=IFCAXIS2PLACEMENT3D(#12754,#12755,#12756);
#12758=IFCEXTRUDEDAREASOLID(#12753,#12757,#12752,0.12);
#12759=IFCSHAPEREPRESENTATION(#11,'Body','SweptSolid',(#12758));
#12760=IFCPRODUCTDEFINITIONSHAPE($,$,(#12759));
#12766=IFCSLAB('0LZme2YTv1LOjbCYowznIV',$,'slab135',$,$,#15799,#12777,$,$);
#12767=IFCCARTESIANPOINTLIST2D(((0.,0.),(0.,6.),(3.,6.),(3.,0.),(0.,0.)));
#12768=IFCINDEXEDPOLYCURVE(#12767,$,.F.);
#12769=IFCDIRECTION((0.,0.,1.));
#12770=IFCARBITRARYCLOSEDPROFILEDEF(.AREA.,$,#12768);
#12771=IFCCARTESIANPOINT((0.,0.,0.));
#12772=IFCDIRECTION((0.,0.,1.));
#12773=IFCDIRECTION((1.,0.,0.));
#12774=IFCAXIS2PLACEMENT3D(#12771,#12772,#12773);
#12775=IFCEXTRUDEDAREASOLID(#12770,#12774,#12769,0.12);
#12776=IFCSHAPEREPRESENTATION(#11,'Body','SweptSolid',(#12775));
#12777=IFCPRODUCTDEFINITIONSHAPE($,$,(#12776));
#12783=IFCSLAB('2Kr0l51Xr9ahy1p3AwvHWf',$,'slab136',$,$,#16944,#12794,$,$);
#12784=IFCCARTESIANPOINTLIST2D(((0.,0.),(0.,6.),(3.,6.),(3.,0.),(0.,0.)));
#12785=IFCINDEXEDPOLYCURVE(#12784,$,.F.);
#12786=IFCDIRECTION((0.,0.,1.));
#12787=IFCARBITRARYCLOSEDPROFILEDEF(.AREA.,$,#12785);
#12788=IFCCARTESIANPOINT((0.,0.,0.));
#12789=IFCDIRECTION((0.,0.,1.));
#12790=IFCDIRECTION((1.,0.,0.));
#12791=IFCAXIS2PLACEMENT3D(#12788,#12789,#12790);
#12792=IFCEXTRUDEDAREASOLID(#12787,#12791,#12786,0.12);
#12793=IFCSHAPEREPRESENTATION(#11,'Body','SweptSolid',(#12792));
#12794=IFCPRODUCTDEFINITIONSHAPE($,$,(#12793));
#12800=IFCSLAB('0dIEfSsQH26heMJEaBx3W6',$,'slab137',$,$,#18099,#12811,$,$);
#12801=IFCCARTESIANPOINTLIST2D(((0.,0.),(0.,6.),(3.,6.),(3.,0.),(0.,0.)));
#12802=IFCINDEXEDPOLYCURVE(#12801,$,.F.);
#12803=IFCDIRECTION((0.,0.,1.));
#12804=IFCARBITRARYCLOSEDPROFILEDEF(.AREA.,$,#12802);
#12805=IFCCARTESIANPOINT((0.,0.,0.));
#12806=IFCDIRECTION((0.,0.,1.));
#12807=IFCDIRECTION((1.,0.,0.));
#12808=IFCAXIS2PLACEMENT3D(#12805,#12806,#12807);
#12809=IFCEXTRUDEDAREASOLID(#12804,#12808,#12803,0.12);
#12810=IFCSHAPEREPRESENTATION(#11,'Body','SweptSolid',(#12809));
#12811=IFCPRODUCTDEFINITIONSHAPE($,$,(#12810));
#12817=IFCSLAB('2FXJTs20L26w1eGnsWDxb5',$,'slab138',$,$,#14644,#12828,$,$);
#12818=IFCCARTESIANPOINTLIST2D(((0.,0.),(0.,6.),(3.,6.),(3.,0.),(0.,0.)));
#12819=IFCINDEXEDPOLYCURVE(#12818,$,.F.);
#12820=IFCDIRECTION((0.,0.,1.));
#12821=IFCARBITRARYCLOSEDPROFILEDEF(.AREA.,$,#12819);
#12822=IFCCARTESIANPOINT((0.,0.,0.));
#12823=IFCDIRECTION((0.,0.,1.));
#12824=IFCDIRECTION((1.,0.,0.));
#12825=IFCAXIS2PLACEMENT3D(#12822,#12823,#12824);
#12826=IFCEXTRUDEDAREASOLID(#12821,#12825,#12820,0.12);
#12827=IFCSHAPEREPRESENTATION(#11,'Body','SweptSolid',(#12826));
#12828=IFCPRODUCTDEFINITIONSHAPE($,$,(#12827));
#12834=IFCSLAB('1TOzcR$$f9igmGVxREhIc2',$,'slab139',$,$,#15629,#12845,$,$);
#12835=IFCCARTESIANPOINTLIST2D(((0.,0.),(0.,6.),(3.,6.),(3.,0.),(0.,0.)));
#12836=IFCINDEXEDPOLYCURVE(#12835,$,.F.);
#12837=IFCDIRECTION((0.,0.,1.));
#12838=IFCARBITRARYCLOSEDPROFILEDEF(.AREA.,$,#12836);
#12839=IFCCARTESIANPOINT((0.,0.,0.));
#12840=IFCDIRECTION((0.,0.,1.));
#12841=IFCDIRECTION((1.,0.,0.));
#12842=IFCAXIS2PLACEMENT3D(#12839,#12840,#12841);
#12843=IFCEXTRUDEDAREASOLID(#12838,#12842,#12837,0.12);
#12844=IFCSHAPEREPRESENTATION(#11,'Body','SweptSolid',(#12843));
#12845=IFCPRODUCTDEFINITIONSHAPE($,$,(#12844));
#12851=IFCSLAB('1BQBfNlWLDjAg$EkoXMCGc',$,'slab140',$,$,#16689,#12862,$,$);
#12852=IFCCARTESIANPOINTLIST2D(((0.,0.),(0.,6.),(3.,6.),(3.,0.),(0.,0.)));
#12853=IFCINDEXEDPOLYCURVE(#12852,$,.F.);
#12854=IFCDIRECTION((0.,0.,1.));
#12855=IFCARBITRARYCLOSEDPROFILEDEF(.AREA.,$,#12853);
#12856=IFCCARTESIANPOINT((0.,0.,0.));
#12857=IFCDIRECTION((0.,0.,1.));
#12858=IFCDIRECTION((1.,0.,0.));
#12859=IFCAXIS2PLACEMENT3D(#12856,#12857,#12858);
#12860=IFCEXTRUDEDAREASOLID(#12855,#12859,#12854,0.12);
#12861=IFCSHAPEREPRESENTATION(#11,'Body','SweptSolid',(#12860));
#12862=IFCPRODUCTDEFINITIONSHAPE($,$,(#12861));
#12868=IFCSLAB('1ek_8rBEnEkRTE_o99_WSV',$,'slab141',$,$,#17834,#12879,$,$);
#12869=IFCCARTESIANPOINTLIST2D(((0.,0.),(0.,6.),(3.,6.),(3.,0.),(0.,0.)));
#12870=IFCINDEXEDPOLYCURVE(#12869,$,.F.);
#12871=IFCDIRECTION((0.,0.,1.));
#12872=IFCARBITRARYCLOSEDPROFILEDEF(.AREA.,$,#12870);
#12873=IFCCARTESIANPOINT((0.,0.,0.));
#12874=IFCDIRECTION((0.,0.,1.));
#12875=IFCDIRECTION((1.,0.,0.));
#12876=IFCAXIS2PLACEMENT3D(#12873,#12874,#12875);
#12877=IFCEXTRUDEDAREASOLID(#12872,#12876,#12871,0.12);
#12878=IFCSHAPEREPRESENTATION(#11,'Body','SweptSolid',(#12877));
#12879=IFCPRODUCTDEFINITIONSHAPE($,$,(#12878));
#12885=IFCSLAB('0sKFMppCf9euysRfQ4FZGQ',$,'slab142',$,$,#14709,#12896,$,$);
#12886=IFCCARTESIANPOINTLIST2D(((0.,0.),(0.,6.),(3.,6.),(3.,0.),(0.,0.)));
#12887=IFCINDEXEDPOLYCURVE(#12886,$,.F.);
#12888=IFCDIRECTION((0.,0.,1.));
#12889=IFCARBITRARYCLOSEDPROFILEDEF(.AREA.,$,#12887);
#12890=IFCCARTESIANPOINT((0.,0.,0.));
#12891=IFCDIRECTION((0.,0.,1.));
#12892=IFCDIRECTION((1.,0.,0.));
#12893=IFCAXIS2PLACEMENT3D(#12890,#12891,#12892);
#12894=IFCEXTRUDEDAREASOLID(#12889,#12893,#12888,0.12);
#12895=IFCSHAPEREPRESENTATION(#11,'Body','SweptSolid',(#12894));
#12896=IFCPRODUCTDEFINITIONSHAPE($,$,(#12895));
#12902=IFCSLAB('0dWvWDgyTEF9ZFOvA2b7vZ',$,'slab143',$,$,#15829,#12913,$,$);
#12903=IFCCARTESIANPOINTLIST2D(((0.,0.),(0.,6.),(3.,6.),(3.,0.),(0.,0.)));
#12904=IFCINDEXEDPOLYCURVE(#12903,$,.F.);
#12905=IFCDIRECTION((0.,0.,1.));
#12906=IFCARBITRARYCLOSEDPROFILEDEF(.AREA.,$,#12904);
#12907=IFCCARTESIANPOINT((0.,0.,0.));
#12908=IFCDIRECTION((0.,0.,1.));
#12909=IFCDIRECTION((1.,0.,0.));
#12910=IFCAXIS2PLACEMENT3D(#12907,#12908,#12909);
#12911=IFCEXTRUDEDAREASOLID(#12906,#12910,#12905,0.12);
#12912=IFCSHAPEREPRESENTATION(#11,'Body','SweptSolid',(#12911));
#12913=IFCPRODUCTDEFINITIONSHAPE($,$,(#12912));
#12919=IFCSLAB('1sfSY8Pvr3ZhsfztVOflB8',$,'slab144',$,$,#16969,#12930,$,$);
#12920=IFCCARTESIANPOINTLIST2D(((0.,0.),(0.,6.),(3.,6.),(3.,0.),(0.,0.)));
#12921=IFCINDEXEDPOLYCURVE(#12920,$,.F.);
#12922=IFCDIRECTION((0.,0.,1.));
#12923=IFCARBITRARYCLOSEDPROFILEDEF(.AREA.,$,#12921);
#12924=IFCCARTESIANPOINT((0.,0.,0.));
#12925=IFCDIRECTION((0.,0.,1.));
#12926=IFCDIRECTION((1.,0.,0.));
#12927=IFCAXIS2PLACEMENT3D(#12924,#12925,#12926);
#12928=IFCEXTRUDEDAREASOLID(#12923,#12927,#12922,0.12);
#12929=IFCSHAPEREPRESENTATION(#11,'Body','SweptSolid',(#12928));
#12930=IFCPRODUCTDEFINITIONSHAPE($,$,(#12929));
#12936=IFCSLAB('1RXSOnzav2nAIivICTnGeC',$,'slab145',$,$,#17904,#12947,$,$);
#12937=IFCCARTESIANPOINTLIST2D(((0.,0.),(0.,6.),(3.,6.),(3.,0.),(0.,0.)));
#12938=IFCINDEXEDPOLYCURVE(#12937,$,.F.);
#12939=IFCDIRECTION((0.,0.,1.));
#12940=IFCARBITRARYCLOSEDPROFILEDEF(.AREA.,$,#12938);
#12941=IFCCARTESIANPOINT((0.,0.,0.));
#12942=IFCDIRECTION((0.,0.,1.));
#12943=IFCDIRECTION((1.,0.,0.));
#12944=IFCAXIS2PLACEMENT3D(#12941,#12942,#12943);
#12945=IFCEXTRUDEDAREASOLID(#12940,#12944,#12939,0.12);
#12946=IFCSHAPEREPRESENTATION(#11,'Body','SweptSolid',(#12945));
#12947=IFCPRODUCTDEFINITIONSHAPE($,$,(#12946));
#12953=IFCSLAB('3Y$7rRBJX1G896fgKDnbA6',$,'slab146',$,$,#14764,#12964,$,$);
#12954=IFCCARTESIANPOINTLIST2D(((0.,0.),(0.,6.),(3.,6.),(3.,0.),(0.,0.)));
#12955=IFCINDEXEDPOLYCURVE(#12954,$,.F.);
#12956=IFCDIRECTION((0.,0.,1.));
#12957=IFCARBITRARYCLOSEDPROFILEDEF(.AREA.,$,#12955);
#12958=IFCCARTESIANPOINT((0.,0.,0.));
#12959=IFCDIRECTION((0.,0.,1.));
#12960=IFCDIRECTION((1.,0.,0.));
#12961=IFCAXIS2PLACEMENT3D(#12958,#12959,#12960);
#12962=IFCEXTRUDEDAREASOLID(#12957,#12961,#12956,0.12);
#12963=IFCSHAPEREPRESENTATION(#11,'Body','SweptSolid',(#12962));
#12964=IFCPRODUCTDEFINITIONSHAPE($,$,(#12963));
#12970=IFCSLAB('0ChGcA4T97oRWh7NxdhGVP',$,'slab147',$,$,#15884,#12981,$,$);
#12971=IFCCARTESIANPOINTLIST2D(((0.,0.),(0.,6.),(3.,6.),(3.,0.),(0.,0.)));
#12972=IFCINDEXEDPOLYCURVE(#12971,$,.F.);
#12973=IFCDIRECTION((0.,0.,1.));
#12974=IFCARBITRARYCLOSEDPROFILEDEF(.AREA.,$,#12972);
#12975=IFCCARTESIANPOINT((0.,0.,0.));
#12976=IFCDIRECTION((0.,0.,1.));
#12977=IFCDIRECTION((1.,0.,0.));
#12978=IFCAXIS2PLACEMENT3D(#12975,#12976,#12977);
#12979=IFCEXTRUDEDAREASOLID(#12974,#12978,#12973,0.12);
#12980=IFCSHAPEREPRESENTATION(#11,'Body','SweptSolid',(#12979));
#12981=IFCPRODUCTDEFINITIONSHAPE($,$,(#12980));
#12987=IFCSLAB('0vNYZI5Sj1R83Vr_4zR_4h',$,'slab148',$,$,#17009,#12998,$,$);
#12988=IFCCARTESIANPOINTLIST2D(((0.,0.),(0.,6.),(3.,6.),(3.,0.),(0.,0.)));
#12989=IFCINDEXEDPOLYCURVE(#12988,$,.F.);
#12990=IFCDIRECTION((0.,0.,1.));
#12991=IFCARBITRARYCLOSEDPROFILEDEF(.AREA.,$,#12989);
#12992=IFCCARTESIANPOINT((0.,0.,0.));
#12993=IFCDIRECTION((0.,0.,1.));
#12994=IFCDIRECTION((1.,0.,0.));
#12995=IFCAXIS2PLACEMENT3D(#12992,#12993,#12994);
#12996=IFCEXTRUDEDAREASOLID(#12991,#12995,#12990,0.12);
#12997=IFCSHAPEREPRESENTATION(#11,'Body','SweptSolid',(#12996));
#12998=IFCPRODUCTDEFINITIONSHAPE($,$,(#12997));
#13004=IFCSLAB('3ByvPCXJn56fZRlCgGNyEo',$,'slab149',$,$,#16844,#13015,$,$);
#13005=IFCCARTESIANPOINTLIST2D(((0.,0.),(0.,6.),(3.,6.),(3.,0.),(0.,0.)));
#13006=IFCINDEXEDPOLYCURVE(#13005,$,.F.);
#13007=IFCDIRECTION((0.,0.,1.));
#13008=IFCARBITRARYCLOSEDPROFILEDEF(.AREA.,$,#13006);
#13009=IFCCARTESIANPOINT((0.,0.,0.));
#13010=IFCDIRECTION((0.,0.,1.));
#13011=IFCDIRECTION((1.,0.,0.));
#13012=IFCAXIS2PLACEMENT3D(#13009,#13010,#13011);
#13013=IFCEXTRUDEDAREASOLID(#13008,#13012,#13007,0.12);
#13014=IFCSHAPEREPRESENTATION(#11,'Body','SweptSolid',(#13013));
#13015=IFCPRODUCTDEFINITIONSHAPE($,$,(#13014));
#13021=IFCSLAB('2uw0eIHSXBAOGpERjqSre0',$,'slab150',$,$,#17994,#13032,$,$);
#13022=IFCCARTESIANPOINTLIST2D(((0.,0.),(0.,6.),(3.,6.),(3.,0.),(0.,0.)));
#13023=IFCINDEXEDPOLYCURVE(#13022,$,.F.);
#13024=IFCDIRECTION((0.,0.,1.));
#13025=IFCARBITRARYCLOSEDPROFILEDEF(.AREA.,$,#13023);
#13026=IFCCARTESIANPOINT((0.,0.,0.));
#13027=IFCDIRECTION((0.,0.,1.));
#13028=IFCDIRECTION((1.,0.,0.));
#13029=IFCAXIS2PLACEMENT3D(#13026,#13027,#13028);
#13030=IFCEXTRUDEDAREASOLID(#13025,#13029,#13024,0.12);
#13031=IFCSHAPEREPRESENTATION(#11,'Body','SweptSolid',(#13030));
#13032=IFCPRODUCTDEFINITIONSHAPE($,$,(#13031));
#13038=IFCSLAB('1$MGufcLv2BfpgDiYeYkKc',$,'slab151',$,$,#14579,#13049,$,$);
#13039=IFCCARTESIANPOINTLIST2D(((0.,0.),(0.,6.),(3.,6.),(3.,0.),(0.,0.)));
#13040=IFCINDEXEDPOLYCURVE(#13039,$,.F.);
#13041=IFCDIRECTION((0.,0.,1.));
#13042=IFCARBITRARYCLOSEDPROFILEDEF(.AREA.,$,#13040);
#13043=IFCCARTESIANPOINT((0.,0.,0.));
#13044=IFCDIRECTION((0.,0.,1.));
#13045=IFCDIRECTION((1.,0.,0.));
#13046=IFCAXIS2PLACEMENT3D(#13043,#13044,#13045);
#13047=IFCEXTRUDEDAREASOLID(#13042,#13046,#13041,0.12);
#13048=IFCSHAPEREPRESENTATION(#11,'Body','SweptSolid',(#13047));
#13049=IFCPRODUCTDEFINITIONSHAPE($,$,(#13048));
#13055=IFCSLAB('1lHMrLf0b2jA7BNbxpfwfE',$,'slab152',$,$,#15489,#13066,$,$);
#13056=IFCCARTESIANPOINTLIST2D(((0.,0.),(0.,6.),(3.,6.),(3.,0.),(0.,0.)));
#13057=IFCINDEXEDPOLYCURVE(#13056,$,.F.);
#13058=IFCDIRECTION((0.,0.,1.));
#13059=IFCARBITRARYCLOSEDPROFILEDEF(.AREA.,$,#13057);
#13060=IFCCARTESIANPOINT((0.,0.,0.));
#13061=IFCDIRECTION((0.,0.,1.));
#13062=IFCDIRECTION((1.,0.,0.));
#13063=IFCAXIS2PLACEMENT3D(#13060,#13061,#13062);
#13064=IFCEXTRUDEDAREASOLID(#13059,#13063,#13058,0.12);
#13065=IFCSHAPEREPRESENTATION(#11,'Body','SweptSolid',(#13064));
#13066=IFCPRODUCTDEFINITIONSHAPE($,$,(#13065));
#13072=IFCSLAB('3P5fzzRXLCX8ZT0TqNp8Mk',$,'slab153',$,$,#16539,#13083,$,$);
#13073=IFCCARTESIANPOINTLIST2D(((0.,0.),(0.,6.),(3.,6.),(3.,0.),(0.,0.)));
#13074=IFCINDEXEDPOLYCURVE(#13073,$,.F.);
#13075=IFCDIRECTION((0.,0.,1.));
#13076=IFCARBITRARYCLOSEDPROFILEDEF(.AREA.,$,#13074);
#13077=IFCCARTESIANPOINT((0.,0.,0.));
#13078=IFCDIRECTION((0.,0.,1.));
#13079=IFCDIRECTION((1.,0.,0.));
#13080=IFCAXIS2PLACEMENT3D(#13077,#13078,#13079);
#13081=IFCEXTRUDEDAREASOLID(#13076,#13080,#13075,0.12);
#13082=IFCSHAPEREPRESENTATION(#11,'Body','SweptSolid',(#13081));
#13083=IFCPRODUCTDEFINITIONSHAPE($,$,(#13082));
#13089=IFCSLAB('3rgi2Ts2z83BtLMxnOn3Bs',$,'slab154',$,$,#17684,#13100,$,$);
#13090=IFCCARTESIANPOINTLIST2D(((0.,0.),(0.,6.),(3.,6.),(3.,0.),(0.,0.)));
#13091=IFCINDEXEDPOLYCURVE(#13090,$,.F.);
#13092=IFCDIRECTION((0.,0.,1.));
#13093=IFCARBITRARYCLOSEDPROFILEDEF(.AREA.,$,#13091);
#13094=IFCCARTESIANPOINT((0.,0.,0.));
#13095=IFCDIRECTION((0.,0.,1.));
#13096=IFCDIRECTION((1.,0.,0.));
#13097=IFCAXIS2PLACEMENT3D(#13094,#13095,#13096);
#13098=IFCEXTRUDEDAREASOLID(#13093,#13097,#13092,0.12);
#13099=IFCSHAPEREPRESENTATION(#11,'Body','SweptSolid',(#13098));
#13100=IFCPRODUCTDEFINITIONSHAPE($,$,(#13099));
#13106=IFCSLAB('1ygXyjClTFPelicjifLLbb',$,'slab155',$,$,#14564,#13117,$,$);
#13107=IFCCARTESIANPOINTLIST2D(((0.,0.),(0.,6.),(3.,6.),(3.,0.),(0.,0.)));
#13108=IFCINDEXEDPOLYCURVE(#13107,$,.F.);
#13109=IFCDIRECTION((0.,0.,1.));
#13110=IFCARBITRARYCLOSEDPROFILEDEF(.AREA.,$,#13108);
#13111=IFCCARTESIANPOINT((0.,0.,0.));
#13112=IFCDIRECTION((0.,0.,1.));
#13113=IFCDIRECTION((1.,0.,0.));
#13114=IFCAXIS2PLACEMENT3D(#13111,#13112,#13113);
#13115=IFCEXTRUDEDAREASOLID(#13110,#13114,#13109,0.12);
#13116=IFCSHAPEREPRESENTATION(#11,'Body','SweptSolid',(#13115));
#13117=IFCPRODUCTDEFINITIONSHAPE($,$,(#13116));
#13123=IFCSLAB('2lXZaxZXH86ugBV6thfj$5',$,'slab156',$,$,#15554,#13134,$,$);
#13124=IFCCARTESIANPOINTLIST2D(((0.,0.),(0.,6.),(3.,6.),(3.,0.),(0.,0.)));
#13125=IFCINDEXEDPOLYCURVE(#13124,$,.F.);
#13126=IFCDIRECTION((0.,0.,1.));
#13127=IFCARBITRARYCLOSEDPROFILEDEF(.AREA.,$,#13125);
#13128=IFCCARTESIANPOINT((0.,0.,0.));
#13129=IFCDIRECTION((0.,0.,1.));
#13130=IFCDIRECTION((1.,0.,0.));
#13131=IFCAXIS2PLACEMENT3D(#13128,#13129,#13130);
#13132=IFCEXTRUDEDAREASOLID(#13127,#13131,#13126,0.12);
#13133=IFCSHAPEREPRESENTATION(#11,'Body','SweptSolid',(#13132));
#13134=IFCPRODUCTDEFINITIONSHAPE($,$,(#13133));
#13140=IFCSLAB('0OS$rxKUT65vBXWTe63au7',$,'slab157',$,$,#16599,#13151,$,$);
#13141=IFCCARTESIANPOINTLIST2D(((0.,0.),(0.,6.),(3.,6.),(3.,0.),(0.,0.)));
#13142=IFCINDEXEDPOLYCURVE(#13141,$,.F.);
#13143=IFCDIRECTION((0.,0.,1.));
#13144=IFCARBITRARYCLOSEDPROFILEDEF(.AREA.,$,#13142);
#13145=IFCCARTESIANPOINT((0.,0.,0.));
#13146=IFCDIRECTION((0.,0.,1.));
#13147=IFCDIRECTION((1.,0.,0.));
#13148=IFCAXIS2PLACEMENT3D(#13145,#13146,#13147);
#13149=IFCEXTRUDEDAREASOLID(#13144,#13148,#13143,0.12);
#13150=IFCSHAPEREPRESENTATION(#11,'Body','SweptSolid',(#13149));
#13151=IFCPRODUCTDEFINITIONSHAPE($,$,(#13150));
#13157=IFCSLAB('1OpK6w4dH8iPz8iwodXAbv',$,'slab158',$,$,#17739,#13168,$,$);
#13158=IFCCARTESIANPOINTLIST2D(((0.,0.),(0.,6.),(3.,6.),(3.,0.),(0.,0.)));
#13159=IFCINDEXEDPOLYCURVE(#13158,$,.F.);
#13160=IFCDIRECTION((0.,0.,1.));
#13161=IFCARBITRARYCLOSEDPROFILEDEF(.AREA.,$,#13159);
#13162=IFCCARTESIANPOINT((0.,0.,0.));
#13163=IFCDIRECTION((0.,0.,1.));
#13164=IFCDIRECTION((1.,0.,0.));
#13165=IFCAXIS2PLACEMENT3D(#13162,#13163,#13164);
#13166=IFCEXTRUDEDAREASOLID(#13161,#13165,#13160,0.12);
#13167=IFCSHAPEREPRESENTATION(#11,'Body','SweptSolid',(#13166));
#13168=IFCPRODUCTDEFINITIONSHAPE($,$,(#13167));
#13174=IFCSLAB('3sPqe9WZT60Ah63b$h_gSf',$,'slab159',$,$,#14619,#13185,$,$);
#13175=IFCCARTESIANPOINTLIST2D(((0.,0.),(0.,6.),(3.,6.),(3.,0.),(0.,0.)));
#13176=IFCINDEXEDPOLYCURVE(#13175,$,.F.);
#13177=IFCDIRECTION((0.,0.,1.));
#13178=IFCARBITRARYCLOSEDPROFILEDEF(.AREA.,$,#13176);
#13179=IFCCARTESIANPOINT((0.,0.,0.));
#13180=IFCDIRECTION((0.,0.,1.));
#13181=IFCDIRECTION((1.,0.,0.));
#13182=IFCAXIS2PLACEMENT3D(#13179,#13180,#13181);
#13183=IFCEXTRUDEDAREASOLID(#13178,#13182,#13177,0.12);
#13184=IFCSHAPEREPRESENTATION(#11,'Body','SweptSolid',(#13183));
#13185=IFCPRODUCTDEFINITIONSHAPE($,$,(#13184));
#13191=IFCSLAB('1O$$cN6KTBAuB3U$GCy5jg',$,'slab160',$,$,#15769,#13202,$,$);
#13192=IFCCARTESIANPOINTLIST2D(((0.,0.),(0.,6.),(3.,6.),(3.,0.),(0.,0.)));
#13193=IFCINDEXEDPOLYCURVE(#13192,$,.F.);
#13194=IFCDIRECTION((0.,0.,1.));
#13195=IFCARBITRARYCLOSEDPROFILEDEF(.AREA.,$,#13193);
#13196=IFCCARTESIANPOINT((0.,0.,0.));
#13197=IFCDIRECTION((0.,0.,1.));
#13198=IFCDIRECTION((1.,0.,0.));
#13199=IFCAXIS2PLACEMENT3D(#13196,#13197,#13198);
#13200=IFCEXTRUDEDAREASOLID(#13195,#13199,#13194,0.12);
#13201=IFCSHAPEREPRESENTATION(#11,'Body','SweptSolid',(#13200));
#13202=IFCPRODUCTDEFINITIONSHAPE($,$,(#13201));
#13208=IFCSLAB('2WRkgI781EhBLbFHEmebWx',$,'slab161',$,$,#16914,#13219,$,$);
#13209=IFCCARTESIANPOINTLIST2D(((0.,0.),(0.,6.),(3.,6.),(3.,0.),(0.,0.)));
#13210=IFCINDEXEDPOLYCURVE(#13209,$,.F.);
#13211=IFCDIRECTION((0.,0.,1.));
#13212=IFCARBITRARYCLOSEDPROFILEDEF(.AREA.,$,#13210);
#13213=IFCCARTESIANPOINT((0.,0.,0.));
#13214=IFCDIRECTION((0.,0.,1.));
#13215=IFCDIRECTION((1.,0.,0.));
#13216=IFCAXIS2PLACEMENT3D(#13213,#13214,#13215);
#13217=IFCEXTRUDEDAREASOLID(#13212,#13216,#13211,0.12);
#13218=IFCSHAPEREPRESENTATION(#11,'Body','SweptSolid',(#13217));
#13219=IFCPRODUCTDEFINITIONSHAPE($,$,(#13218));
#13225=IFCSLAB('2iUHhzpSvFFxm6s5lK6NYY',$,'slab162',$,$,#17804,#13236,$,$);
#13226=IFCCARTESIANPOINTLIST2D(((0.,0.),(0.,6.),(3.,6.),(3.,0.),(0.,0.)));
#13227=IFCINDEXEDPOLYCURVE(#13226,$,.F.);
#13228=IFCDIRECTION((0.,0.,1.));
#13229=IFCARBITRARYCLOSEDPROFILEDEF(.AREA.,$,#13227);
#13230=IFCCARTESIANPOINT((0.,0.,0.));
#13231=IFCDIRECTION((0.,0.,1.));
#13232=IFCDIRECTION((1.,0.,0.));
#13233=IFCAXIS2PLACEMENT3D(#13230,#13231,#13232);
#13234=IFCEXTRUDEDAREASOLID(#13229,#13233,#13228,0.12);
#13235=IFCSHAPEREPRESENTATION(#11,'Body','SweptSolid',(#13234));
#13236=IFCPRODUCTDEFINITIONSHAPE($,$,(#13235));
#13242=IFCSLAB('232AXsufP8UBkZ57MDyj7D',$,'slab163',$,$,#14679,#13253,$,$);
#13243=IFCCARTESIANPOINTLIST2D(((0.,0.),(0.,6.),(3.,6.),(3.,0.),(0.,0.)));
#13244=IFCINDEXEDPOLYCURVE(#13243,$,.F.);
#13245=IFCDIRECTION((0.,0.,1.));
#13246=IFCARBITRARYCLOSEDPROFILEDEF(.AREA.,$,#13244);
#13247=IFCCARTESIANPOINT((0.,0.,0.));
#13248=IFCDIRECTION((0.,0.,1.));
#13249=IFCDIRECTION((1.,0.,0.));
#13250=IFCAXIS2PLACEMENT3D(#13247,#13248,#13249);
#13251=IFCEXTRUDEDAREASOLID(#13246,#13250,#13245,0.12);
#13252=IFCSHAPEREPRESENTATION(#11,'Body','SweptSolid',(#13251));
#13253=IFCPRODUCTDEFINITIONSHAPE($,$,(#13252));
#13259=IFCSLAB('3M5mW4mhLBqQBXKLdSTM15',$,'slab164',$,$,#15809,#13270,$,$);
#13260=IFCCARTESIANPOINTLIST2D(((0.,0.),(0.,6.),(3.,6.),(3.,0.),(0.,0.)));
#13261=IFCINDEXEDPOLYCURVE(#13260,$,.F.);
#13262=IFCDIRECTION((0.,0.,1.));
#13263=IFCARBITRARYCLOSEDPROFILEDEF(.AREA.,$,#13261);
#13264=IFCCARTESIANPOINT((0.,0.,0.));
#13265=IFCDIRECTION((0.,0.,1.));
#13266=IFCDIRECTION((1.,0.,0.));
#13267=IFCAXIS2PLACEMENT3D(#13264,#13265,#13266);
#13268=IFCEXTRUDEDAREASOLID(#13263,#13267,#13262,0.12);
#13269=IFCSHAPEREPRESENTATION(#11,'Body','SweptSolid',(#13268));
#13270=IFCPRODUCTDEFINITIONSHAPE($,$,(#13269));
#13276=IFCSLAB('3hhNAUFpD8vOnL9mykrmj_',$,'slab165',$,$,#16949,#13287,$,$);
#13277=IFCCARTESIANPOINTLIST2D(((0.,0.),(0.,6.),(3.,6.),(3.,0.),(0.,0.)));
#13278=IFCINDEXEDPOLYCURVE(#13277,$,.F.);
#13279=IFCDIRECTION((0.,0.,1.));
#13280=IFCARBITRARYCLOSEDPROFILEDEF(.AREA.,$,#13278);
#13281=IFCCARTESIANPOINT((0.,0.,0.));
#13282=IFCDIRECTION((0.,0.,1.));
#13283=IFCDIRECTION((1.,0.,0.));
#13284=IFCAXIS2PLACEMENT3D(#13281,#13282,#13283);
#13285=IFCEXTRUDEDAREASOLID(#13280,#13284,#13279,0.12);
#13286=IFCSHAPEREPRESENTATION(#11,'Body','SweptSolid',(#13285));
#13287=IFCPRODUCTDEFINITIONSHAPE($,$,(#13286));
#13293=IFCSLAB('0nEWsTpP10FR8uc3GaxC_U',$,'slab166',$,$,#16409,#13304,$,$);
#13294=IFCCARTESIANPOINTLIST2D(((0.,0.),(0.,6.),(3.,6.),(3.,0.),(0.,0.)));
#13295=IFCINDEXEDPOLYCURVE(#13294,$,.F.);
#13296=IFCDIRECTION((0.,0.,1.));
#13297=IFCARBITRARYCLOSEDPROFILEDEF(.AREA.,$,#13295);
#13298=IFCCARTESIANPOINT((0.,0.,0.));
#13299=IFCDIRECTION((0.,0.,1.));
#13300=IFCDIRECTION((1.,0.,0.));
#13301=IFCAXIS2PLACEMENT3D(#13298,#13299,#13300);
#13302=IFCEXTRUDEDAREASOLID(#13297,#13301,#13296,0.12);
#13303=IFCSHAPEREPRESENTATION(#11,'Body','SweptSolid',(#13302));
#13304=IFCPRODUCTDEFINITIONSHAPE($,$,(#13303));
#13310=IFCSLAB('0igjbRjCj3B9TJ_RakYr0d',$,'slab167',$,$,#17569,#13321,$,$);
#13311=IFCCARTESIANPOINTLIST2D(((0.,0.),(0.,6.),(3.,6.),(3.,0.),(0.,0.)));
#13312=IFCINDEXEDPOLYCURVE(#13311,$,.F.);
#13313=IFCDIRECTION((0.,0.,1.));
#13314=IFCARBITRARYCLOSEDPROFILEDEF(.AREA.,$,#13312);
#13315=IFCCARTESIANPOINT((0.,0.,0.));
#13316=IFCDIRECTION((0.,0.,1.));
#13317=IFCDIRECTION((1.,0.,0.));
#13318=IFCAXIS2PLACEMENT3D(#13315,#13316,#13317);
#13319=IFCEXTRUDEDAREASOLID(#13314,#13318,#13313,0.12);
#13320=IFCSHAPEREPRESENTATION(#11,'Body','SweptSolid',(#13319));
#13321=IFCPRODUCTDEFINITIONSHAPE($,$,(#13320));
#13327=IFCSLAB('0zYSsY$7z1EO9adgS4Ql9C',$,'slab168',$,$,#18454,#13338,$,$);
#13328=IFCCARTESIANPOINTLIST2D(((0.,0.),(0.,6.),(3.,6.),(3.,0.),(0.,0.)));
#13329=IFCINDEXEDPOLYCURVE(#13328,$,.F.);
#13330=IFCDIRECTION((0.,0.,1.));
#13331=IFCARBITRARYCLOSEDPROFILEDEF(.AREA.,$,#13329);
#13332=IFCCARTESIANPOINT((0.,0.,0.));
#13333=IFCDIRECTION((0.,0.,1.));
#13334=IFCDIRECTION((1.,0.,0.));
#13335=IFCAXIS2PLACEMENT3D(#13332,#13333,#13334);
#13336=IFCEXTRUDEDAREASOLID(#13331,#13335,#13330,0.12);
#13337=IFCSHAPEREPRESENTATION(#11,'Body','SweptSolid',(#13336));
#13338=IFCPRODUCTDEFINITIONSHAPE($,$,(#13337));
#13344=IFCSLAB('0ola3zWfz3FQrPOUHTJx9y',$,'slab169',$,$,#15389,#13355,$,$);
#13345=IFCCARTESIANPOINTLIST2D(((0.,0.),(0.,6.),(3.,6.),(3.,0.),(0.,0.)));
#13346=IFCINDEXEDPOLYCURVE(#13345,$,.F.);
#13347=IFCDIRECTION((0.,0.,1.));
#13348=IFCARBITRARYCLOSEDPROFILEDEF(.AREA.,$,#13346);
#13349=IFCCARTESIANPOINT((0.,0.,0.));
#13350=IFCDIRECTION((0.,0.,1.));
#13351=IFCDIRECTION((1.,0.,0.));
#13352=IFCAXIS2PLACEMENT3D(#13349,#13350,#13351);
#13353=IFCEXTRUDEDAREASOLID(#13348,#13352,#13347,0.12);
#13354=IFCSHAPEREPRESENTATION(#11,'Body','SweptSolid',(#13353));
#13355=IFCPRODUCTDEFINITIONSHAPE($,$,(#13354));
#13361=IFCSLAB('0XnZVtYtfB1fXzzbi5508r',$,'slab170',$,$,#16464,#13372,$,$);
#13362=IFCCARTESIANPOINTLIST2D(((0.,0.),(0.,6.),(3.,6.),(3.,0.),(0.,0.)));
#13363=IFCINDEXEDPOLYCURVE(#13362,$,.F.);
#13364=IFCDIRECTION((0.,0.,1.));
#13365=IFCARBITRARYCLOSEDPROFILEDEF(.AREA.,$,#13363);
#13366=IFCCARTESIANPOINT((0.,0.,0.));
#13367=IFCDIRECTION((0.,0.,1.));
#13368=IFCDIRECTION((1.,0.,0.));
#13369=IFCAXIS2PLACEMENT3D(#13366,#13367,#13368);
#13370=IFCEXTRUDEDAREASOLID(#13365,#13369,#13364,0.12);
#13371=IFCSHAPEREPRESENTATION(#11,'Body','SweptSolid',(#13370));
#13372=IFCPRODUCTDEFINITIONSHAPE($,$,(#13371));
#13378=IFCSLAB('09kR44C150nw0lwZWTDJzY',$,'slab171',$,$,#17609,#13389,$,$);
#13379=IFCCARTESIANPOINTLIST2D(((0.,0.),(0.,6.),(3.,6.),(3.,0.),(0.,0.)));
#13380=IFCINDEXEDPOLYCURVE(#13379,$,.F.);
#13381=IFCDIRECTION((0.,0.,1.));
#13382=IFCARBITRARYCLOSEDPROFILEDEF(.AREA.,$,#13380);
#13383=IFCCARTESIANPOINT((0.,0.,0.));
#13384=IFCDIRECTION((0.,0.,1.));
#13385=IFCDIRECTION((1.,0.,0.));
#13386=IFCAXIS2PLACEMENT3D(#13383,#13384,#13385);
#13387=IFCEXTRUDEDAREASOLID(#13382,#13386,#13381,0.12);
#13388=IFCSHAPEREPRESENTATION(#11,'Body','SweptSolid',(#13387));
#13389=IFCPRODUCTDEFINITIONSHAPE($,$,(#13388));
#13395=IFCSLAB('3fyydxNlTCohb28VdoQ4Ue',$,'slab172',$,$,#18754,#13406,$,$);
#13396=IFCCARTESIANPOINTLIST2D(((0.,0.),(0.,6.),(3.,6.),(3.,0.),(0.,0.)));
#13397=IFCINDEXEDPOLYCURVE(#13396,$,.F.);
#13398=IFCDIRECTION((0.,0.,1.));
#13399=IFCARBITRARYCLOSEDPROFILEDEF(.AREA.,$,#13397);
#13400=IFCCARTESIANPOINT((0.,0.,0.));
#13401=IFCDIRECTION((0.,0.,1.));
#13402=IFCDIRECTION((1.,0.,0.));
#13403=IFCAXIS2PLACEMENT3D(#13400,#13401,#13402);
#13404=IFCEXTRUDEDAREASOLID(#13399,#13403,#13398,0.12);
#13405=IFCSHAPEREPRESENTATION(#11,'Body','SweptSolid',(#13404));
#13406=IFCPRODUCTDEFINITIONSHAPE($,$,(#13405));
#13412=IFCSLAB('1pfKWpL5DCbAQEc$h7EjLh',$,'slab173',$,$,#15454,#13423,$,$);
#13413=IFCCARTESIANPOINTLIST2D(((0.,0.),(0.,6.),(3.,6.),(3.,0.),(0.,0.)));
#13414=IFCINDEXEDPOLYCURVE(#13413,$,.F.);
#13415=IFCDIRECTION((0.,0.,1.));
#13416=IFCARBITRARYCLOSEDPROFILEDEF(.AREA.,$,#13414);
#13417=IFCCARTESIANPOINT((0.,0.,0.));
#13418=IFCDIRECTION((0.,0.,1.));
#13419=IFCDIRECTION((1.,0.,0.));
#13420=IFCAXIS2PLACEMENT3D(#13417,#13418,#13419);
#13421=IFCEXTRUDEDAREASOLID(#13416,#13420,#13415,0.12);
#13422=IFCSHAPEREPRESENTATION(#11,'Body','SweptSolid',(#13421));
#13423=IFCPRODUCTDEFINITIONSHAPE($,$,(#13422));
#13429=IFCSLAB('3CvhRpq_v1tfgCkYd_xUWL',$,'slab174',$,$,#16509,#13440,$,$);
#13430=IFCCARTESIANPOINTLIST2D(((0.,0.),(0.,6.),(3.,6.),(3.,0.),(0.,0.)));
#13431=IFCINDEXEDPOLYCURVE(#13430,$,.F.);
#13432=IFCDIRECTION((0.,0.,1.));
#13433=IFCARBITRARYCLOSEDPROFILEDEF(.AREA.,$,#13431);
#13434=IFCCARTESIANPOINT((0.,0.,0.));
#13435=IFCDIRECTION((0.,0.,1.));
#13436=IFCDIRECTION((1.,0.,0.));
#13437=IFCAXIS2PLACEMENT3D(#13434,#13435,#13436);
#13438=IFCEXTRUDEDAREASOLID(#13433,#13437,#13432,0.12);
#13439=IFCSHAPEREPRESENTATION(#11,'Body','SweptSolid',(#13438));
#13440=IFCPRODUCTDEFINITIONSHAPE($,$,(#13439));
#13446=IFCSLAB('3aqb1INbD6S96ebZ3ItYfN',$,'slab175',$,$,#17659,#13457,$,$);
#13447=IFCCARTESIANPOINTLIST2D(((0.,0.),(0.,6.),(3.,6.),(3.,0.),(0.,0.)));
#13448=IFCINDEXEDPOLYCURVE(#13447,$,.F.);
#13449=IFCDIRECTION((0.,0.,1.));
#13450=IFCARBITRARYCLOSEDPROFILEDEF(.AREA.,$,#13448);
#13451=IFCCARTESIANPOINT((0.,0.,0.));
#13452=IFCDIRECTION((0.,0.,1.));
#13453=IFCDIRECTION((1.,0.,0.));
#13454=IFCAXIS2PLACEMENT3D(#13451,#13452,#13453);
#13455=IFCEXTRUDEDAREASOLID(#13450,#13454,#13449,0.12);
#13456=IFCSHAPEREPRESENTATION(#11,'Body','SweptSolid',(#13455));
#13457=IFCPRODUCTDEFINITIONSHAPE($,$,(#13456));
#13463=IFCSLAB('2YOchweRb9Shzu7r6ydBZl',$,'slab176',$,$,#14544,#13474,$,$);
#13464=IFCCARTESIANPOINTLIST2D(((0.,0.),(0.,6.),(3.,6.),(3.,0.),(0.,0.)));
#13465=IFCINDEXEDPOLYCURVE(#13464,$,.F.);
#13466=IFCDIRECTION((0.,0.,1.));
#13467=IFCARBITRARYCLOSEDPROFILEDEF(.AREA.,$,#13465);
#13468=IFCCARTESIANPOINT((0.,0.,0.));
#13469=IFCDIRECTION((0.,0.,1.));
#13470=IFCDIRECTION((1.,0.,0.));
#13471=IFCAXIS2PLACEMENT3D(#13468,#13469,#13470);
#13472=IFCEXTRUDEDAREASOLID(#13467,#13471,#13466,0.12);
#13473=IFCSHAPEREPRESENTATION(#11,'Body','SweptSolid',(#13472));
#13474=IFCPRODUCTDEFINITIONSHAPE($,$,(#13473));
#13480=IFCSLAB('2CJGeeuNj2ORVLKfvOVWzh',$,'slab177',$,$,#15724,#13491,$,$);
#13481=IFCCARTESIANPOINTLIST2D(((0.,0.),(0.,6.),(3.,6.),(3.,0.),(0.,0.)));
#13482=IFCINDEXEDPOLYCURVE(#13481,$,.F.);
#13483=IFCDIRECTION((0.,0.,1.));
#13484=IFCARBITRARYCLOSEDPROFILEDEF(.AREA.,$,#13482);
#13485=IFCCARTESIANPOINT((0.,0.,0.));
#13486=IFCDIRECTION((0.,0.,1.));
#13487=IFCDIRECTION((1.,0.,0.));
#13488=IFCAXIS2PLACEMENT3D(#13485,#13486,#13487);
#13489=IFCEXTRUDEDAREASOLID(#13484,#13488,#13483,0.12);
#13490=IFCSHAPEREPRESENTATION(#11,'Body','SweptSolid',(#13489));
#13491=IFCPRODUCTDEFINITIONSHAPE($,$,(#13490));
#13497=IFCSLAB('2telXvQAf0i8zxtKI4z7qt',$,'slab178',$,$,#16849,#13508,$,$);
#13498=IFCCARTESIANPOINTLIST2D(((0.,0.),(0.,6.),(3.,6.),(3.,0.),(0.,0.)));
#13499=IFCINDEXEDPOLYCURVE(#13498,$,.F.);
#13500=IFCDIRECTION((0.,0.,1.));
#13501=IFCARBITRARYCLOSEDPROFILEDEF(.AREA.,$,#13499);
#13502=IFCCARTESIANPOINT((0.,0.,0.));
#13503=IFCDIRECTION((0.,0.,1.));
#13504=IFCDIRECTION((1.,0.,0.));
#13505=IFCAXIS2PLACEMENT3D(#13502,#13503,#13504);
#13506=IFCEXTRUDEDAREASOLID(#13501,#13505,#13500,0.12);
#13507=IFCSHAPEREPRESENTATION(#11,'Body','SweptSolid',(#13506));
#13508=IFCPRODUCTDEFINITIONSHAPE($,$,(#13507));
#13514=IFCSLAB('2mC5FlRJT5LBzueZ9K51j3',$,'slab179',$,$,#17714,#13525,$,$);
#13515=IFCCARTESIANPOINTLIST2D(((0.,0.),(0.,6.),(3.,6.),(3.,0.),(0.,0.)));
#13516=IFCINDEXEDPOLYCURVE(#13515,$,.F.);
#13517=IFCDIRECTION((0.,0.,1.));
#13518=IFCARBITRARYCLOSEDPROFILEDEF(.AREA.,$,#13516);
#13519=IFCCARTESIANPOINT((0.,0.,0.));
#13520=IFCDIRECTION((0.,0.,1.));
#13521=IFCDIRECTION((1.,0.,0.));
#13522=IFCAXIS2PLACEMENT3D(#13519,#13520,#13521);
#13523=IFCEXTRUDEDAREASOLID(#13518,#13522,#13517,0.12);
#13524=IFCSHAPEREPRESENTATION(#11,'Body','SweptSolid',(#13523));
#13525=IFCPRODUCTDEFINITIONSHAPE($,$,(#13524));
#13531=IFCSLAB('2B$U7e0x1FNRt6zghAY7CK',$,'slab180',$,$,#14594,#13542,$,$);
#13532=IFCCARTESIANPOINTLIST2D(((0.,0.),(0.,6.),(3.,6.),(3.,0.),(0.,0.)));
#13533=IFCINDEXEDPOLYCURVE(#13532,$,.F.);
#13534=IFCDIRECTION((0.,0.,1.));
#13535=IFCARBITRARYCLOSEDPROFILEDEF(.AREA.,$,#13533);
#13536=IFCCARTESIANPOINT((0.,0.,0.));
#13537=IFCDIRECTION((0.,0.,1.));
#13538=IFCDIRECTION((1.,0.,0.));
#13539=IFCAXIS2PLACEMENT3D(#13536,#13537,#13538);
#13540=IFCEXTRUDEDAREASOLID(#13535,#13539,#13534,0.12);
#13541=IFCSHAPEREPRESENTATION(#11,'Body','SweptSolid',(#13540));
#13542=IFCPRODUCTDEFINITIONSHAPE($,$,(#13541));
#13548=IFCSLAB('2exttrgeb9mwloy0pi$Q7m',$,'slab181',$,$,#18294,#13559,$,$);
#13549=IFCCARTESIANPOINTLIST2D(((0.,0.),(0.,6.),(3.,6.),(3.,0.),(0.,0.)));
#13550=IFCINDEXEDPOLYCURVE(#13549,$,.F.);
#13551=IFCDIRECTION((0.,0.,1.));
#13552=IFCARBITRARYCLOSEDPROFILEDEF(.AREA.,$,#13550);
#13553=IFCCARTESIANPOINT((0.,0.,0.));
#13554=IFCDIRECTION((0.,0.,1.));
#13555=IFCDIRECTION((1.,0.,0.));
#13556=IFCAXIS2PLACEMENT3D(#13553,#13554,#13555);
#13557=IFCEXTRUDEDAREASOLID(#13552,#13556,#13551,0.12);
#13558=IFCSHAPEREPRESENTATION(#11,'Body','SweptSolid',(#13557));
#13559=IFCPRODUCTDEFINITIONSHAPE($,$,(#13558));
#13565=IFCSLAB('12qddB11b0IRYQQgHA7E5n',$,'slab182',$,$,#15234,#13576,$,$);
#13566=IFCCARTESIANPOINTLIST2D(((0.,0.),(0.,6.),(3.,6.),(3.,0.),(0.,0.)));
#13567=IFCINDEXEDPOLYCURVE(#13566,$,.F.);
#13568=IFCDIRECTION((0.,0.,1.));
#13569=IFCARBITRARYCLOSEDPROFILEDEF(.AREA.,$,#13567);
#13570=IFCCARTESIANPOINT((0.,0.,0.));
#13571=IFCDIRECTION((0.,0.,1.));
#13572=IFCDIRECTION((1.,0.,0.));
#13573=IFCAXIS2PLACEMENT3D(#13570,#13571,#13572);
#13574=IFCEXTRUDEDAREASOLID(#13569,#13573,#13568,0.12);
#13575=IFCSHAPEREPRESENTATION(#11,'Body','SweptSolid',(#13574));
#13576=IFCPRODUCTDEFINITIONSHAPE($,$,(#13575));
#13582=IFCSLAB('2n6vMhM7b0KOGErk9zAE9_',$,'slab183',$,$,#16344,#13593,$,$);
#13583=IFCCARTESIANPOINTLIST2D(((0.,0.),(0.,6.),(3.,6.),(3.,0.),(0.,0.)));
#13584=IFCINDEXEDPOLYCURVE(#13583,$,.F.);
#13585=IFCDIRECTION((0.,0.,1.));
#13586=IFCARBITRARYCLOSEDPROFILEDEF(.AREA.,$,#13584);
#13587=IFCCARTESIANPOINT((0.,0.,0.));
#13588=IFCDIRECTION((0.,0.,1.));
#13589=IFCDIRECTION((1.,0.,0.));
#13590=IFCAXIS2PLACEMENT3D(#13587,#13588,#13589);
#13591=IFCEXTRUDEDAREASOLID(#13586,#13590,#13585,0.12);
#13592=IFCSHAPEREPRESENTATION(#11,'Body','SweptSolid',(#13591));
#13593=IFCPRODUCTDEFINITIONSHAPE($,$,(#13592));
#13599=IFCSLAB('2C9MU$lMv4$giay8F7qg98',$,'slab184',$,$,#17309,#13610,$,$);
#13600=IFCCARTESIANPOINTLIST2D(((0.,0.),(0.,6.),(3.,6.),(3.,0.),(0.,0.)));
#13601=IFCINDEXEDPOLYCURVE(#13600,$,.F.);
#13602=IFCDIRECTION((0.,0.,1.));
#13603=IFCARBITRARYCLOSEDPROFILEDEF(.AREA.,$,#13601);
#13604=IFCCARTESIANPOINT((0.,0.,0.));
#13605=IFCDIRECTION((0.,0.,1.));
#13606=IFCDIRECTION((1.,0.,0.));
#13607=IFCAXIS2PLACEMENT3D(#13604,#13605,#13606);
#13608=IFCEXTRUDEDAREASOLID(#13603,#13607,#13602,0.12);
#13609=IFCSHAPEREPRESENTATION(#11,'Body','SweptSolid',(#13608));
#13610=IFCPRODUCTDEFINITIONSHAPE($,$,(#13609));
#13616=IFCSLAB('1edzWZz4z549ZzqP92d5tb',$,'slab185',$,$,#18354,#13627,$,$);
#13617=IFCCARTESIANPOINTLIST2D(((0.,0.),(0.,6.),(3.,6.),(3.,0.),(0.,0.)));
#13618=IFCINDEXEDPOLYCURVE(#13617,$,.F.);
#13619=IFCDIRECTION((0.,0.,1.));
#13620=IFCARBITRARYCLOSEDPROFILEDEF(.AREA.,$,#13618);
#13621=IFCCARTESIANPOINT((0.,0.,0.));
#13622=IFCDIRECTION((0.,0.,1.));
#13623=IFCDIRECTION((1.,0.,0.));
#13624=IFCAXIS2PLACEMENT3D(#13621,#13622,#13623);
#13625=IFCEXTRUDEDAREASOLID(#13620,#13624,#13619,0.12);
#13626=IFCSHAPEREPRESENTATION(#11,'Body','SweptSolid',(#13625));
#13627=IFCPRODUCTDEFINITIONSHAPE($,$,(#13626));
#13633=IFCSLAB('3cEGS3u2D62v4y2lIB9fie',$,'slab186',$,$,#15289,#13644,$,$);
#13634=IFCCARTESIANPOINTLIST2D(((0.,0.),(0.,6.),(3.,6.),(3.,0.),(0.,0.)));
#13635=IFCINDEXEDPOLYCURVE(#13634,$,.F.);
#13636=IFCDIRECTION((0.,0.,1.));
#13637=IFCARBITRARYCLOSEDPROFILEDEF(.AREA.,$,#13635);
#13638=IFCCARTESIANPOINT((0.,0.,0.));
#13639=IFCDIRECTION((0.,0.,1.));
#13640=IFCDIRECTION((1.,0.,0.));
#13641=IFCAXIS2PLACEMENT3D(#13638,#13639,#13640);
#13642=IFCEXTRUDEDAREASOLID(#13637,#13641,#13636,0.12);
#13643=IFCSHAPEREPRESENTATION(#11,'Body','SweptSolid',(#13642));
#13644=IFCPRODUCTDEFINITIONSHAPE($,$,(#13643));
#13650=IFCSLAB('0kFPDQ8h5EpeCoheEN50nM',$,'slab187',$,$,#16394,#13661,$,$);
#13651=IFCCARTESIANPOINTLIST2D(((0.,0.),(0.,6.),(3.,6.),(3.,0.),(0.,0.)));
#13652=IFCINDEXEDPOLYCURVE(#13651,$,.F.);
#13653=IFCDIRECTION((0.,0.,1.));
#13654=IFCARBITRARYCLOSEDPROFILEDEF(.AREA.,$,#13652);
#13655=IFCCARTESIANPOINT((0.,0.,0.));
#13656=IFCDIRECTION((0.,0.,1.));
#13657=IFCDIRECTION((1.,0.,0.));
#13658=IFCAXIS2PLACEMENT3D(#13655,#13656,#13657);
#13659=IFCEXTRUDEDAREASOLID(#13654,#13658,#13653,0.12);
#13660=IFCSHAPEREPRESENTATION(#11,'Body','SweptSolid',(#13659));
#13661=IFCPRODUCTDEFINITIONSHAPE($,$,(#13660));
#13667=IFCSLAB('2sAzdNDKb8$RVbzRLxY9DH',$,'slab188',$,$,#17544,#13678,$,$);
#13668=IFCCARTESIANPOINTLIST2D(((0.,0.),(0.,6.),(3.,6.),(3.,0.),(0.,0.)));
#13669=IFCINDEXEDPOLYCURVE(#13668,$,.F.);
#13670=IFCDIRECTION((0.,0.,1.));
#13671=IFCARBITRARYCLOSEDPROFILEDEF(.AREA.,$,#13669);
#13672=IFCCARTESIANPOINT((0.,0.,0.));
#13673=IFCDIRECTION((0.,0.,1.));
#13674=IFCDIRECTION((1.,0.,0.));
#13675=IFCAXIS2PLACEMENT3D(#13672,#13673,#13674);
#13676=IFCEXTRUDEDAREASOLID(#13671,#13675,#13670,0.12);
#13677=IFCSHAPEREPRESENTATION(#11,'Body','SweptSolid',(#13676));
#13678=IFCPRODUCTDEFINITIONSHAPE($,$,(#13677));
#13684=IFCSLAB('128912oGb7T9BSpjFG8gdY',$,'slab189',$,$,#18679,#13695,$,$);
#13685=IFCCARTESIANPOINTLIST2D(((0.,0.),(0.,6.),(3.,6.),(3.,0.),(0.,0.)));
#13686=IFCINDEXEDPOLYCURVE(#13685,$,.F.);
#13687=IFCDIRECTION((0.,0.,1.));
#13688=IFCARBITRARYCLOSEDPROFILEDEF(.AREA.,$,#13686);
#13689=IFCCARTESIANPOINT((0.,0.,0.));
#13690=IFCDIRECTION((0.,0.,1.));
#13691=IFCDIRECTION((1.,0.,0.));
#13692=IFCAXIS2PLACEMENT3D(#13689,#13690,#13691);
#13693=IFCEXTRUDEDAREASOLID(#13688,#13692,#13687,0.12);
#13694=IFCSHAPEREPRESENTATION(#11,'Body','SweptSolid',(#13693));
#13695=IFCPRODUCTDEFINITIONSHAPE($,$,(#13694));
#13701=IFCSLAB('29CKqgCaLA6xvr$dWKTF3Q',$,'slab190',$,$,#15354,#13712,$,$);
#13702=IFCCARTESIANPOINTLIST2D(((0.,0.),(0.,6.),(3.,6.),(3.,0.),(0.,0.)));
#13703=IFCINDEXEDPOLYCURVE(#13702,$,.F.);
#13704=IFCDIRECTION((0.,0.,1.));
#13705=IFCARBITRARYCLOSEDPROFILEDEF(.AREA.,$,#13703);
#13706=IFCCARTESIANPOINT((0.,0.,0.));
#13707=IFCDIRECTION((0.,0.,1.));
#13708=IFCDIRECTION((1.,0.,0.));
#13709=IFCAXIS2PLACEMENT3D(#13706,#13707,#13708);
#13710=IFCEXTRUDEDAREASOLID(#13705,#13709,#13704,0.12);
#13711=IFCSHAPEREPRESENTATION(#11,'Body','SweptSolid',(#13710));
#13712=IFCPRODUCTDEFINITIONSHAPE($,$,(#13711));
#13718=IFCSLAB('0uPMK7gEXD38slkja9uDdL',$,'slab191',$,$,#16439,#13729,$,$);
#13719=IFCCARTESIANPOINTLIST2D(((0.,0.),(0.,6.),(3.,6.),(3.,0.),(0.,0.)));
#13720=IFCINDEXEDPOLYCURVE(#13719,$,.F.);
#13721=IFCDIRECTION((0.,0.,1.));
#13722=IFCARBITRARYCLOSEDPROFILEDEF(.AREA.,$,#13720);
#13723=IFCCARTESIANPOINT((0.,0.,0.));
#13724=IFCDIRECTION((0.,0.,1.));
#13725=IFCDIRECTION((1.,0.,0.));
#13726=IFCAXIS2PLACEMENT3D(#13723,#13724,#13725);
#13727=IFCEXTRUDEDAREASOLID(#13722,#13726,#13721,0.12);
#13728=IFCSHAPEREPRESENTATION(#11,'Body','SweptSolid',(#13727));
#13729=IFCPRODUCTDEFINITIONSHAPE($,$,(#13728));
#13735=IFCSLAB('1xXrYoqfn5ewyl4XsGU1US',$,'slab192',$,$,#17589,#13746,$,$);
#13736=IFCCARTESIANPOINTLIST2D(((0.,0.),(0.,6.),(3.,6.),(3.,0.),(0.,0.)));
#13737=IFCINDEXEDPOLYCURVE(#13736,$,.F.);
#13738=IFCDIRECTION((0.,0.,1.));
#13739=IFCARBITRARYCLOSEDPROFILEDEF(.AREA.,$,#13737);
#13740=IFCCARTESIANPOINT((0.,0.,0.));
#13741=IFCDIRECTION((0.,0.,1.));
#13742=IFCDIRECTION((1.,0.,0.));
#13743=IFCAXIS2PLACEMENT3D(#13740,#13741,#13742);
#13744=IFCEXTRUDEDAREASOLID(#13739,#13743,#13738,0.12);
#13745=IFCSHAPEREPRESENTATION(#11,'Body','SweptSolid',(#13744));
#13746=IFCPRODUCTDEFINITIONSHAPE($,$,(#13745));
#13752=IFCSLAB('3MAPxbi451pR1Mhph0ALCJ',$,'slab193',$,$,#18724,#13763,$,$);
#13753=IFCCARTESIANPOINTLIST2D(((0.,0.),(0.,6.),(3.,6.),(3.,0.),(0.,0.)));
#13754=IFCINDEXEDPOLYCURVE(#13753,$,.F.);
#13755=IFCDIRECTION((0.,0.,1.));
#13756=IFCARBITRARYCLOSEDPROFILEDEF(.AREA.,$,#13754);
#13757=IFCCARTESIANPOINT((0.,0.,0.));
#13758=IFCDIRECTION((0.,0.,1.));
#13759=IFCDIRECTION((1.,0.,0.));
#13760=IFCAXIS2PLACEMENT3D(#13757,#13758,#13759);
#13761=IFCEXTRUDEDAREASOLID(#13756,#13760,#13755,0.12);
#13762=IFCSHAPEREPRESENTATION(#11,'Body','SweptSolid',(#13761));
#13763=IFCPRODUCTDEFINITIONSHAPE($,$,(#13762));
#13769=IFCSLAB('3pGxM8D_nB39dMHbhiZisN',$,'slab194',$,$,#15669,#13780,$,$);
#13770=IFCCARTESIANPOINTLIST2D(((0.,0.),(0.,6.),(3.,6.),(3.,0.),(0.,0.)));
#13771=IFCINDEXEDPOLYCURVE(#13770,$,.F.);
#13772=IFCDIRECTION((0.,0.,1.));
#13773=IFCARBITRARYCLOSEDPROFILEDEF(.AREA.,$,#13771);
#13774=IFCCARTESIANPOINT((0.,0.,0.));
#13775=IFCDIRECTION((0.,0.,1.));
#13776=IFCDIRECTION((1.,0.,0.));
#13777=IFCAXIS2PLACEMENT3D(#13774,#13775,#13776);
#13778=IFCEXTRUDEDAREASOLID(#13773,#13777,#13772,0.12);
#13779=IFCSHAPEREPRESENTATION(#11,'Body','SweptSolid',(#13778));
#13780=IFCPRODUCTDEFINITIONSHAPE($,$,(#13779));
#13786=IFCSLAB('0bbJip5459$vKzvz_gSLCV',$,'slab195',$,$,#15114,#13797,$,$);
#13787=IFCCARTESIANPOINTLIST2D(((0.,0.),(0.,6.),(3.,6.),(3.,0.),(0.,0.)));
#13788=IFCINDEXEDPOLYCURVE(#13787,$,.F.);
#13789=IFCDIRECTION((0.,0.,1.));
#13790=IFCARBITRARYCLOSEDPROFILEDEF(.AREA.,$,#13788);
#13791=IFCCARTESIANPOINT((0.,0.,0.));
#13792=IFCDIRECTION((0.,0.,1.));
#13793=IFCDIRECTION((1.,0.,0.));
#13794=IFCAXIS2PLACEMENT3D(#13791,#13792,#13793);
#13795=IFCEXTRUDEDAREASOLID(#13790,#13794,#13789,0.12);
#13796=IFCSHAPEREPRESENTATION(#11,'Body','SweptSolid',(#13795));
#13797=IFCPRODUCTDEFINITIONSHAPE($,$,(#13796));
#13803=IFCSLAB('1iSJJHhcPETAlgxrJ3dWEm',$,'slab196',$,$,#17384,#13814,$,$);
#13804=IFCCARTESIANPOINTLIST2D(((0.,0.),(0.,6.),(3.,6.),(3.,0.),(0.,0.)));
#13805=IFCINDEXEDPOLYCURVE(#13804,$,.F.);
#13806=IFCDIRECTION((0.,0.,1.));
#13807=IFCARBITRARYCLOSEDPROFILEDEF(.AREA.,$,#13805);
#13808=IFCCARTESIANPOINT((0.,0.,0.));
#13809=IFCDIRECTION((0.,0.,1.));
#13810=IFCDIRECTION((1.,0.,0.));
#13811=IFCAXIS2PLACEMENT3D(#13808,#13809,#13810);
#13812=IFCEXTRUDEDAREASOLID(#13807,#13811,#13806,0.12);
#13813=IFCSHAPEREPRESENTATION(#11,'Body','SweptSolid',(#13812));
#13814=IFCPRODUCTDEFINITIONSHAPE($,$,(#13813));
#13820=IFCSLAB('0Q_00PiUn95ASdAlGci6A9',$,'slab197',$,$,#18464,#13831,$,$);
#13821=IFCCARTESIANPOINTLIST2D(((0.,0.),(0.,6.),(3.,6.),(3.,0.),(0.,0.)));
#13822=IFCINDEXEDPOLYCURVE(#13821,$,.F.);
#13823=IFCDIRECTION((0.,0.,1.));
#13824=IFCARBITRARYCLOSEDPROFILEDEF(.AREA.,$,#13822);
#13825=IFCCARTESIANPOINT((0.,0.,0.));
#13826=IFCDIRECTION((0.,0.,1.));
#13827=IFCDIRECTION((1.,0.,0.));
#13828=IFCAXIS2PLACEMENT3D(#13825,#13826,#13827);
#13829=IFCEXTRUDEDAREASOLID(#13824,#13828,#13823,0.12);
#13830=IFCSHAPEREPRESENTATION(#11,'Body','SweptSolid',(#13829));
#13831=IFCPRODUCTDEFINITIONSHAPE($,$,(#13830));
#13837=IFCSLAB('3w3N_P7x1EiOcbZbDx2thj',$,'slab198',$,$,#18219,#13848,$,$);
#13838=IFCCARTESIANPOINTLIST2D(((0.,0.),(0.,6.),(3.,6.),(3.,0.),(0.,0.)));
#13839=IFCINDEXEDPOLYCURVE(#13838,$,.F.);
#13840=IFCDIRECTION((0.,0.,1.));
#13841=IFCARBITRARYCLOSEDPROFILEDEF(.AREA.,$,#13839);
#13842=IFCCARTESIANPOINT((0.,0.,0.));
#13843=IFCDIRECTION((0.,0.,1.));
#13844=IFCDIRECTION((1.,0.,0.));
#13845=IFCAXIS2PLACEMENT3D(#13842,#13843,#13844);
#13846=IFCEXTRUDEDAREASOLID(#13841,#13845,#13840,0.12);
#13847=IFCSHAPEREPRESENTATION(#11,'Body','SweptSolid',(#13846));
#13848=IFCPRODUCTDEFINITIONSHAPE($,$,(#13847));
#13854=IFCSLAB('2APtveXHz1yOufoU$rnj5m',$,'slab199',$,$,#15159,#13865,$,$);
#13855=IFCCARTESIANPOINTLIST2D(((0.,0.),(0.,6.),(3.,6.),(3.,0.),(0.,0.)));
#13856=IFCINDEXEDPOLYCURVE(#13855,$,.F.);
#13857=IFCDIRECTION((0.,0.,1.));
#13858=IFCARBITRARYCLOSEDPROFILEDEF(.AREA.,$,#13856);
#13859=IFCCARTESIANPOINT((0.,0.,0.));
#13860=IFCDIRECTION((0.,0.,1.));
#13861=IFCDIRECTION((1.,0.,0.));
#13862=IFCAXIS2PLACEMENT3D(#13859,#13860,#13861);
#13863=IFCEXTRUDEDAREASOLID(#13858,#13862,#13857,0.12);
#13864=IFCSHAPEREPRESENTATION(#11,'Body','SweptSolid',(#13863));
#13865=IFCPRODUCTDEFINITIONSHAPE($,$,(#13864));
#13871=IFCSLAB('2LEDq2qGr7oucOKyzyxGJX',$,'slab200',$,$,#16289,#13882,$,$);
#13872=IFCCARTESIANPOINTLIST2D(((0.,0.),(0.,6.),(3.,6.),(3.,0.),(0.,0.)));
#13873=IFCINDEXEDPOLYCURVE(#13872,$,.F.);
#13874=IFCDIRECTION((0.,0.,1.));
#13875=IFCARBITRARYCLOSEDPROFILEDEF(.AREA.,$,#13873);
#13876=IFCCARTESIANPOINT((0.,0.,0.));
#13877=IFCDIRECTION((0.,0.,1.));
#13878=IFCDIRECTION((1.,0.,0.));
#13879=IFCAXIS2PLACEMENT3D(#13876,#13877,#13878);
#13880=IFCEXTRUDEDAREASOLID(#13875,#13879,#13874,0.12);
#13881=IFCSHAPEREPRESENTATION(#11,'Body','SweptSolid',(#13880));
#13882=IFCPRODUCTDEFINITIONSHAPE($,$,(#13881));
#13888=IFCSLAB('3iaA_O_xPDC9zTL2gC1bqs',$,'slab201',$,$,#17209,#13899,$,$);
#13889=IFCCARTESIANPOINTLIST2D(((0.,0.),(0.,6.),(3.,6.),(3.,0.),(0.,0.)));
#13890=IFCINDEXEDPOLYCURVE(#13889,$,.F.);
#13891=IFCDIRECTION((0.,0.,1.));
#13892=IFCARBITRARYCLOSEDPROFILEDEF(.AREA.,$,#13890);
#13893=IFCCARTESIANPOINT((0.,0.,0.));
#13894=IFCDIRECTION((0.,0.,1.));
#13895=IFCDIRECTION((1.,0.,0.));
#13896=IFCAXIS2PLACEMENT3D(#13893,#13894,#13895);
#13897=IFCEXTRUDEDAREASOLID(#13892,#13896,#13891,0.12);
#13898=IFCSHAPEREPRESENTATION(#11,'Body','SweptSolid',(#13897));
#13899=IFCPRODUCTDEFINITIONSHAPE($,$,(#13898));
#13905=IFCSLAB('3L_tgY52H7VgVyLdQdTgL5',$,'slab202',$,$,#18274,#13916,$,$);
#13906=IFCCARTESIANPOINTLIST2D(((0.,0.),(0.,6.),(3.,6.),(3.,0.),(0.,0.)));
#13907=IFCINDEXEDPOLYCURVE(#13906,$,.F.);
#13908=IFCDIRECTION((0.,0.,1.));
#13909=IFCARBITRARYCLOSEDPROFILEDEF(.AREA.,$,#13907);
#13910=IFCCARTESIANPOINT((0.,0.,0.));
#13911=IFCDIRECTION((0.,0.,1.));
#13912=IFCDIRECTION((1.,0.,0.));
#13913=IFCAXIS2PLACEMENT3D(#13910,#13911,#13912);
#13914=IFCEXTRUDEDAREASOLID(#13909,#13913,#13908,0.12);
#13915=IFCSHAPEREPRESENTATION(#11,'Body','SweptSolid',(#13914));
#13916=IFCPRODUCTDEFINITIONSHAPE($,$,(#13915));
#13922=IFCSLAB('2O$ApKouL92B$LzUnjf2KZ',$,'slab203',$,$,#15204,#13933,$,$);
#13923=IFCCARTESIANPOINTLIST2D(((0.,0.),(0.,6.),(3.,6.),(3.,0.),(0.,0.)));
#13924=IFCINDEXEDPOLYCURVE(#13923,$,.F.);
#13925=IFCDIRECTION((0.,0.,1.));
#13926=IFCARBITRARYCLOSEDPROFILEDEF(.AREA.,$,#13924);
#13927=IFCCARTESIANPOINT((0.,0.,0.));
#13928=IFCDIRECTION((0.,0.,1.));
#13929=IFCDIRECTION((1.,0.,0.));
#13930=IFCAXIS2PLACEMENT3D(#13927,#13928,#13929);
#13931=IFCEXTRUDEDAREASOLID(#13926,#13930,#13925,0.12);
#13932=IFCSHAPEREPRESENTATION(#11,'Body','SweptSolid',(#13931));
#13933=IFCPRODUCTDEFINITIONSHAPE($,$,(#13932));
#13939=IFCSLAB('0Fqj1c2ZD3EBYrAwCfk2pH',$,'slab204',$,$,#16334,#13950,$,$);
#13940=IFCCARTESIANPOINTLIST2D(((0.,0.),(0.,6.),(3.,6.),(3.,0.),(0.,0.)));
#13941=IFCINDEXEDPOLYCURVE(#13940,$,.F.);
#13942=IFCDIRECTION((0.,0.,1.));
#13943=IFCARBITRARYCLOSEDPROFILEDEF(.AREA.,$,#13941);
#13944=IFCCARTESIANPOINT((0.,0.,0.));
#13945=IFCDIRECTION((0.,0.,1.));
#13946=IFCDIRECTION((1.,0.,0.));
#13947=IFCAXIS2PLACEMENT3D(#13944,#13945,#13946);
#13948=IFCEXTRUDEDAREASOLID(#13943,#13947,#13942,0.12);
#13949=IFCSHAPEREPRESENTATION(#11,'Body','SweptSolid',(#13948));
#13950=IFCPRODUCTDEFINITIONSHAPE($,$,(#13949));
#13956=IFCSLAB('2q4Ier0cj4gupiIsL72k1H',$,'slab205',$,$,#17479,#13967,$,$);
#13957=IFCCARTESIANPOINTLIST2D(((0.,0.),(0.,3.),(6.,3.),(6.,0.),(0.,0.)));
#13958=IFCINDEXEDPOLYCURVE(#13957,$,.F.);
#13959=IFCDIRECTION((0.,0.,1.));
#13960=IFCARBITRARYCLOSEDPROFILEDEF(.AREA.,$,#13958);
#13961=IFCCARTESIANPOINT((0.,0.,0.));
#13962=IFCDIRECTION((0.,0.,1.));
#13963=IFCDIRECTION((1.,0.,0.));
#13964=IFCAXIS2PLACEMENT3D(#13961,#13962,#13963);
#13965=IFCEXTRUDEDAREASOLID(#13960,#13964,#13959,0.12);
#13966=IFCSHAPEREPRESENTATION(#11,'Body','SweptSolid',(#13965));
#13967=IFCPRODUCTDEFINITIONSHAPE($,$,(#13966));
#13973=IFCSLAB('1$c8WtdZL6_RKi2XcXc7Gl',$,'slab206',$,$,#18604,#13984,$,$);
#13974=IFCCARTESIANPOINTLIST2D(((0.,0.),(0.,3.),(6.,3.),(6.,0.),(0.,0.)));
#13975=IFCINDEXEDPOLYCURVE(#13974,$,.F.);
#13976=IFCDIRECTION((0.,0.,1.));
#13977=IFCARBITRARYCLOSEDPROFILEDEF(.AREA.,$,#13975);
#13978=IFCCARTESIANPOINT((0.,0.,0.));
#13979=IFCDIRECTION((0.,0.,1.));
#13980=IFCDIRECTION((1.,0.,0.));
#13981=IFCAXIS2PLACEMENT3D(#13978,#13979,#13980);
#13982=IFCEXTRUDEDAREASOLID(#13977,#13981,#13976,0.12);
#13983=IFCSHAPEREPRESENTATION(#11,'Body','SweptSolid',(#13982));
#13984=IFCPRODUCTDEFINITIONSHAPE($,$,(#13983));
#13990=IFCSLAB('2r5ePfN355YffG8jnXnx6X',$,'slab207',$,$,#15259,#14001,$,$);
#13991=IFCCARTESIANPOINTLIST2D(((0.,0.),(0.,6.),(3.,6.),(3.,0.),(0.,0.)));
#13992=IFCINDEXEDPOLYCURVE(#13991,$,.F.);
#13993=IFCDIRECTION((0.,0.,1.));
#13994=IFCARBITRARYCLOSEDPROFILEDEF(.AREA.,$,#13992);
#13995=IFCCARTESIANPOINT((0.,0.,0.));
#13996=IFCDIRECTION((0.,0.,1.));
#13997=IFCDIRECTION((1.,0.,0.));
#13998=IFCAXIS2PLACEMENT3D(#13995,#13996,#13997);
#13999=IFCEXTRUDEDAREASOLID(#13994,#13998,#13993,0.12);
#14000=IFCSHAPEREPRESENTATION(#11,'Body','SweptSolid',(#13999));
#14001=IFCPRODUCTDEFINITIONSHAPE($,$,(#14000));
#14007=IFCSLAB('3fetrmvo90aODMyqr2JOzh',$,'slab208',$,$,#16369,#14018,$,$);
#14008=IFCCARTESIANPOINTLIST2D(((0.,0.),(0.,6.),(3.,6.),(3.,0.),(0.,0.)));
#14009=IFCINDEXEDPOLYCURVE(#14008,$,.F.);
#14010=IFCDIRECTION((0.,0.,1.));
#14011=IFCARBITRARYCLOSEDPROFILEDEF(.AREA.,$,#14009);
#14012=IFCCARTESIANPOINT((0.,0.,0.));
#14013=IFCDIRECTION((0.,0.,1.));
#14014=IFCDIRECTION((1.,0.,0.));
#14015=IFCAXIS2PLACEMENT3D(#14012,#14013,#14014);
#14016=IFCEXTRUDEDAREASOLID(#14011,#14015,#14010,0.12);
#14017=IFCSHAPEREPRESENTATION(#11,'Body','SweptSolid',(#14016));
#14018=IFCPRODUCTDEFINITIONSHAPE($,$,(#14017));
#14024=IFCSLAB('2NDahENWf8o95WgV0c81qX',$,'slab209',$,$,#17249,#14035,$,$);
#14025=IFCCARTESIANPOINTLIST2D(((0.,0.),(0.,6.),(3.,6.),(3.,0.),(0.,0.)));
#14026=IFCINDEXEDPOLYCURVE(#14025,$,.F.);
#14027=IFCDIRECTION((0.,0.,1.));
#14028=IFCARBITRARYCLOSEDPROFILEDEF(.AREA.,$,#14026);
#14029=IFCCARTESIANPOINT((0.,0.,0.));
#14030=IFCDIRECTION((0.,0.,1.));
#14031=IFCDIRECTION((1.,0.,0.));
#14032=IFCAXIS2PLACEMENT3D(#14029,#14030,#14031);
#14033=IFCEXTRUDEDAREASOLID(#14028,#14032,#14027,0.12);
#14034=IFCSHAPEREPRESENTATION(#11,'Body','SweptSolid',(#14033));
#14035=IFCPRODUCTDEFINITIONSHAPE($,$,(#14034));
#14041=IFCSLAB('26oOVK1mP9MwkHAhivyoQr',$,'slab210',$,$,#18309,#14052,$,$);
#14042=IFCCARTESIANPOINTLIST2D(((0.,0.),(0.,6.),(3.,6.),(3.,0.),(0.,0.)));
#14043=IFCINDEXEDPOLYCURVE(#14042,$,.F.);
#14044=IFCDIRECTION((0.,0.,1.));
#14045=IFCARBITRARYCLOSEDPROFILEDEF(.AREA.,$,#14043);
#14046=IFCCARTESIANPOINT((0.,0.,0.));
#14047=IFCDIRECTION((0.,0.,1.));
#14048=IFCDIRECTION((1.,0.,0.));
#14049=IFCAXIS2PLACEMENT3D(#14046,#14047,#14048);
#14050=IFCEXTRUDEDAREASOLID(#14045,#14049,#14044,0.12);
#14051=IFCSHAPEREPRESENTATION(#11,'Body','SweptSolid',(#14050));
#14052=IFCPRODUCTDEFINITIONSHAPE($,$,(#14051));
#14058=IFCSLAB('2t3yfszg17kOMKeOXk4NYh',$,'slab211',$,$,#15244,#14069,$,$);
#14059=IFCCARTESIANPOINTLIST2D(((0.,0.),(0.,6.),(3.,6.),(3.,0.),(0.,0.)));
#14060=IFCINDEXEDPOLYCURVE(#14059,$,.F.);
#14061=IFCDIRECTION((0.,0.,1.));
#14062=IFCARBITRARYCLOSEDPROFILEDEF(.AREA.,$,#14060);
#14063=IFCCARTESIANPOINT((0.,0.,0.));
#14064=IFCDIRECTION((0.,0.,1.));
#14065=IFCDIRECTION((1.,0.,0.));
#14066=IFCAXIS2PLACEMENT3D(#14063,#14064,#14065);
#14067=IFCEXTRUDEDAREASOLID(#14062,#14066,#14061,0.12);
#14068=IFCSHAPEREPRESENTATION(#11,'Body','SweptSolid',(#14067));
#14069=IFCPRODUCTDEFINITIONSHAPE($,$,(#14068));
#14075=IFCSLAB('2XYxfidNL6axNh3dN3BqjC',$,'slab212',$,$,#15049,#14086,$,$);
#14076=IFCCARTESIANPOINTLIST2D(((0.,0.),(0.,6.),(3.,6.),(3.,0.),(0.,0.)));
#14077=IFCINDEXEDPOLYCURVE(#14076,$,.F.);
#14078=IFCDIRECTION((0.,0.,1.));
#14079=IFCARBITRARYCLOSEDPROFILEDEF(.AREA.,$,#14077);
#14080=IFCCARTESIANPOINT((0.,0.,0.));
#14081=IFCDIRECTION((0.,0.,1.));
#14082=IFCDIRECTION((1.,0.,0.));
#14083=IFCAXIS2PLACEMENT3D(#14080,#14081,#14082);
#14084=IFCEXTRUDEDAREASOLID(#14079,#14083,#14078,0.12);
#14085=IFCSHAPEREPRESENTATION(#11,'Body','SweptSolid',(#14084));
#14086=IFCPRODUCTDEFINITIONSHAPE($,$,(#14085));
#14092=IFCSLAB('0aFn0Dg7XA1BskvsqC3tJt',$,'slab213',$,$,#17314,#14103,$,$);
#14093=IFCCARTESIANPOINTLIST2D(((0.,0.),(0.,6.),(3.,6.),(3.,0.),(0.,0.)));
#14094=IFCINDEXEDPOLYCURVE(#14093,$,.F.);
#14095=IFCDIRECTION((0.,0.,1.));
#14096=IFCARBITRARYCLOSEDPROFILEDEF(.AREA.,$,#14094);
#14097=IFCCARTESIANPOINT((0.,0.,0.));
#14098=IFCDIRECTION((0.,0.,1.));
#14099=IFCDIRECTION((1.,0.,0.));
#14100=IFCAXIS2PLACEMENT3D(#14097,#14098,#14099);
#14101=IFCEXTRUDEDAREASOLID(#14096,#14100,#14095,0.12);
#14102=IFCSHAPEREPRESENTATION(#11,'Body','SweptSolid',(#14101));
#14103=IFCPRODUCTDEFINITIONSHAPE($,$,(#14102));
#14109=IFCSLAB('2ezmxxzyH7Mu3QsXujnv8H',$,'slab214',$,$,#18369,#14120,$,$);
#14110=IFCCARTESIANPOINTLIST2D(((0.,0.),(0.,6.),(3.,6.),(3.,0.),(0.,0.)));
#14111=IFCINDEXEDPOLYCURVE(#14110,$,.F.);
#14112=IFCDIRECTION((0.,0.,1.));
#14113=IFCARBITRARYCLOSEDPROFILEDEF(.AREA.,$,#14111);
#14114=IFCCARTESIANPOINT((0.,0.,0.));
#14115=IFCDIRECTION((0.,0.,1.));
#14116=IFCDIRECTION((1.,0.,0.));
#14117=IFCAXIS2PLACEMENT3D(#14114,#14115,#14116);
#14118=IFCEXTRUDEDAREASOLID(#14113,#14117,#14112,0.12);
#14119=IFCSHAPEREPRESENTATION(#11,'Body','SweptSolid',(#14118));
#14120=IFCPRODUCTDEFINITIONSHAPE($,$,(#14119));
#14126=IFCSLAB('2XpllGq010EQ1x8z0v_HTt',$,'slab215',$,$,#18159,#14137,$,$);
#14127=IFCCARTESIANPOINTLIST2D(((0.,0.),(0.,6.),(3.,6.),(3.,0.),(0.,0.)));
#14128=IFCINDEXEDPOLYCURVE(#14127,$,.F.);
#14129=IFCDIRECTION((0.,0.,1.));
#14130=IFCARBITRARYCLOSEDPROFILEDEF(.AREA.,$,#14128);
#14131=IFCCARTESIANPOINT((0.,0.,0.));
#14132=IFCDIRECTION((0.,0.,1.));
#14133=IFCDIRECTION((1.,0.,0.));
#14134=IFCAXIS2PLACEMENT3D(#14131,#14132,#14133);
#14135=IFCEXTRUDEDAREASOLID(#14130,#14134,#14129,0.12);
#14136=IFCSHAPEREPRESENTATION(#11,'Body','SweptSolid',(#14135));
#14137=IFCPRODUCTDEFINITIONSHAPE($,$,(#14136));
#14143=IFCSLAB('04WkHmXT15WQBOHmiLCatR',$,'slab216',$,$,#15104,#14154,$,$);
#14144=IFCCARTESIANPOINTLIST2D(((0.,0.),(0.,6.),(3.,6.),(3.,0.),(0.,0.)));
#14145=IFCINDEXEDPOLYCURVE(#14144,$,.F.);
#14146=IFCDIRECTION((0.,0.,1.));
#14147=IFCARBITRARYCLOSEDPROFILEDEF(.AREA.,$,#14145);
#14148=IFCCARTESIANPOINT((0.,0.,0.));
#14149=IFCDIRECTION((0.,0.,1.));
#14150=IFCDIRECTION((1.,0.,0.));
#14151=IFCAXIS2PLACEMENT3D(#14148,#14149,#14150);
#14152=IFCEXTRUDEDAREASOLID(#14147,#14151,#14146,0.12);
#14153=IFCSHAPEREPRESENTATION(#11,'Body','SweptSolid',(#14152));
#14154=IFCPRODUCTDEFINITIONSHAPE($,$,(#14153));
#14160=IFCSLAB('0WXWNU9eLF0heDQiRsEiTo',$,'slab217',$,$,#16229,#14171,$,$);
#14161=IFCCARTESIANPOINTLIST2D(((0.,0.),(0.,6.),(3.,6.),(3.,0.),(0.,0.)));
#14162=IFCINDEXEDPOLYCURVE(#14161,$,.F.);
#14163=IFCDIRECTION((0.,0.,1.));
#14164=IFCARBITRARYCLOSEDPROFILEDEF(.AREA.,$,#14162);
#14165=IFCCARTESIANPOINT((0.,0.,0.));
#14166=IFCDIRECTION((0.,0.,1.));
#14167=IFCDIRECTION((1.,0.,0.));
#14168=IFCAXIS2PLACEMENT3D(#14165,#14166,#14167);
#14169=IFCEXTRUDEDAREASOLID(#14164,#14168,#14163,0.12);
#14170=IFCSHAPEREPRESENTATION(#11,'Body','SweptSolid',(#14169));
#14171=IFCPRODUCTDEFINITIONSHAPE($,$,(#14170));
#14177=IFCSLAB('12OYj5$Or5FBIbxBVJwauF',$,'slab218',$,$,#17109,#14188,$,$);
#14178=IFCCARTESIANPOINTLIST2D(((0.,0.),(0.,6.),(3.,6.),(3.,0.),(0.,0.)));
#14179=IFCINDEXEDPOLYCURVE(#14178,$,.F.);
#14180=IFCDIRECTION((0.,0.,1.));
#14181=IFCARBITRARYCLOSEDPROFILEDEF(.AREA.,$,#14179);
#14182=IFCCARTESIANPOINT((0.,0.,0.));
#14183=IFCDIRECTION((0.,0.,1.));
#14184=IFCDIRECTION((1.,0.,0.));
#14185=IFCAXIS2PLACEMENT3D(#14182,#14183,#14184);
#14186=IFCEXTRUDEDAREASOLID(#14181,#14185,#14180,0.12);
#14187=IFCSHAPEREPRESENTATION(#11,'Body','SweptSolid',(#14186));
#14188=IFCPRODUCTDEFINITIONSHAPE($,$,(#14187));
#14194=IFCSLAB('2W20nTwrj4qOX1u6$qe7L2',$,'slab219',$,$,#18204,#14205,$,$);
#14195=IFCCARTESIANPOINTLIST2D(((0.,0.),(0.,6.),(3.,6.),(3.,0.),(0.,0.)));
#14196=IFCINDEXEDPOLYCURVE(#14195,$,.F.);
#14197=IFCDIRECTION((0.,0.,1.));
#14198=IFCARBITRARYCLOSEDPROFILEDEF(.AREA.,$,#14196);
#14199=IFCCARTESIANPOINT((0.,0.,0.));
#14200=IFCDIRECTION((0.,0.,1.));
#14201=IFCDIRECTION((1.,0.,0.));
#14202=IFCAXIS2PLACEMENT3D(#14199,#14200,#14201);
#14203=IFCEXTRUDEDAREASOLID(#14198,#14202,#14197,0.12);
#14204=IFCSHAPEREPRESENTATION(#11,'Body','SweptSolid',(#14203));
#14205=IFCPRODUCTDEFINITIONSHAPE($,$,(#14204));
#14211=IFCSLAB('022u89kPb2O8lPsEn65XSq',$,'slab220',$,$,#15134,#14222,$,$);
#14212=IFCCARTESIANPOINTLIST2D(((0.,0.),(0.,6.),(3.,6.),(3.,0.),(0.,0.)));
#14213=IFCINDEXEDPOLYCURVE(#14212,$,.F.);
#14214=IFCDIRECTION((0.,0.,1.));
#14215=IFCARBITRARYCLOSEDPROFILEDEF(.AREA.,$,#14213);
#14216=IFCCARTESIANPOINT((0.,0.,0.));
#14217=IFCDIRECTION((0.,0.,1.));
#14218=IFCDIRECTION((1.,0.,0.));
#14219=IFCAXIS2PLACEMENT3D(#14216,#14217,#14218);
#14220=IFCEXTRUDEDAREASOLID(#14215,#14219,#14214,0.12);
#14221=IFCSHAPEREPRESENTATION(#11,'Body','SweptSolid',(#14220));
#14222=IFCPRODUCTDEFINITIONSHAPE($,$,(#14221));
#14228=IFCSLAB('0i3yvuQIHAKgKx9J0xjOFP',$,'slab221',$,$,#16274,#14239,$,$);
#14229=IFCCARTESIANPOINTLIST2D(((0.,0.),(0.,6.),(3.,6.),(3.,0.),(0.,0.)));
#14230=IFCINDEXEDPOLYCURVE(#14229,$,.F.);
#14231=IFCDIRECTION((0.,0.,1.));
#14232=IFCARBITRARYCLOSEDPROFILEDEF(.AREA.,$,#14230);
#14233=IFCCARTESIANPOINT((0.,0.,0.));
#14234=IFCDIRECTION((0.,0.,1.));
#14235=IFCDIRECTION((1.,0.,0.));
#14236=IFCAXIS2PLACEMENT3D(#14233,#14234,#14235);
#14237=IFCEXTRUDEDAREASOLID(#14232,#14236,#14231,0.12);
#14238=IFCSHAPEREPRESENTATION(#11,'Body','SweptSolid',(#14237));
#14239=IFCPRODUCTDEFINITIONSHAPE($,$,(#14238));
#14245=IFCSLAB('1rbRQxVY94kBBdm1sxiv6S',$,'slab222',$,$,#17424,#14256,$,$);
#14246=IFCCARTESIANPOINTLIST2D(((0.,0.),(0.,6.),(3.,6.),(3.,0.),(0.,0.)));
#14247=IFCINDEXEDPOLYCURVE(#14246,$,.F.);
#14248=IFCDIRECTION((0.,0.,1.));
#14249=IFCARBITRARYCLOSEDPROFILEDEF(.AREA.,$,#14247);
#14250=IFCCARTESIANPOINT((0.,0.,0.));
#14251=IFCDIRECTION((0.,0.,1.));
#14252=IFCDIRECTION((1.,0.,0.));
#14253=IFCAXIS2PLACEMENT3D(#14250,#14251,#14252);
#14254=IFCEXTRUDEDAREASOLID(#14249,#14253,#14248,0.12);
#14255=IFCSHAPEREPRESENTATION(#11,'Body','SweptSolid',(#14254));
#14256=IFCPRODUCTDEFINITIONSHAPE($,$,(#14255));
#14262=IFCSLAB('3Jk5oJsEHEKhifX3qHxWkI',$,'slab223',$,$,#18179,#14273,$,$);
#14263=IFCCARTESIANPOINTLIST2D(((0.,0.),(0.,6.),(3.,6.),(3.,0.),(0.,0.)));
#14264=IFCINDEXEDPOLYCURVE(#14263,$,.F.);
#14265=IFCDIRECTION((0.,0.,1.));
#14266=IFCARBITRARYCLOSEDPROFILEDEF(.AREA.,$,#14264);
#14267=IFCCARTESIANPOINT((0.,0.,0.));
#14268=IFCDIRECTION((0.,0.,1.));
#14269=IFCDIRECTION((1.,0.,0.));
#14270=IFCAXIS2PLACEMENT3D(#14267,#14268,#14269);
#14271=IFCEXTRUDEDAREASOLID(#14266,#14270,#14265,0.12);
#14272=IFCSHAPEREPRESENTATION(#11,'Body','SweptSolid',(#14271));
#14273=IFCPRODUCTDEFINITIONSHAPE($,$,(#14272));
#14279=IFCSLAB('0kvaLMvPj2cx7brZ4FK8Kp',$,'slab224',$,$,#14904,#14290,$,$);
#14280=IFCCARTESIANPOINTLIST2D(((0.,0.),(0.,6.),(3.,6.),(3.,0.),(0.,0.)));
#14281=IFCINDEXEDPOLYCURVE(#14280,$,.F.);
#14282=IFCDIRECTION((0.,0.,1.));
#14283=IFCARBITRARYCLOSEDPROFILEDEF(.AREA.,$,#14281);
#14284=IFCCARTESIANPOINT((0.,0.,0.));
#14285=IFCDIRECTION((0.,0.,1.));
#14286=IFCDIRECTION((1.,0.,0.));
#14287=IFCAXIS2PLACEMENT3D(#14284,#14285,#14286);
#14288=IFCEXTRUDEDAREASOLID(#14283,#14287,#14282,0.12);
#14289=IFCSHAPEREPRESENTATION(#11,'Body','SweptSolid',(#14288));
#14290=IFCPRODUCTDEFINITIONSHAPE($,$,(#14289));
#14296=IFCSLAB('19xP60eOTDkutl6onJK6yu',$,'slab225',$,$,#16014,#14307,$,$);
#14297=IFCCARTESIANPOINTLIST2D(((0.,0.),(0.,6.),(3.,6.),(3.,0.),(0.,0.)));
#14298=IFCINDEXEDPOLYCURVE(#14297,$,.F.);
#14299=IFCDIRECTION((0.,0.,1.));
#14300=IFCARBITRARYCLOSEDPROFILEDEF(.AREA.,$,#14298);
#14301=IFCCARTESIANPOINT((0.,0.,0.));
#14302=IFCDIRECTION((0.,0.,1.));
#14303=IFCDIRECTION((1.,0.,0.));
#14304=IFCAXIS2PLACEMENT3D(#14301,#14302,#14303);
#14305=IFCEXTRUDEDAREASOLID(#14300,#14304,#14299,0.12);
#14306=IFCSHAPEREPRESENTATION(#11,'Body','SweptSolid',(#14305));
#14307=IFCPRODUCTDEFINITIONSHAPE($,$,(#14306));
#14313=IFCSLAB('3QrZkgysX6VPeyB7vWQK6x',$,'slab226',$,$,#17149,#14324,$,$);
#14314=IFCCARTESIANPOINTLIST2D(((0.,0.),(0.,6.),(3.,6.),(3.,0.),(0.,0.)));
#14315=IFCINDEXEDPOLYCURVE(#14314,$,.F.);
#14316=IFCDIRECTION((0.,0.,1.));
#14317=IFCARBITRARYCLOSEDPROFILEDEF(.AREA.,$,#14315);
#14318=IFCCARTESIANPOINT((0.,0.,0.));
#14319=IFCDIRECTION((0.,0.,1.));
#14320=IFCDIRECTION((1.,0.,0.));
#14321=IFCAXIS2PLACEMENT3D(#14318,#14319,#14320);
#14322=IFCEXTRUDEDAREASOLID(#14317,#14321,#14316,0.12);
#14323=IFCSHAPEREPRESENTATION(#11,'Body','SweptSolid',(#14322));
#14324=IFCPRODUCTDEFINITIONSHAPE($,$,(#14323));
#14330=IFCSLAB('1XYBjjhGj6Rwu0qxrkUMJw',$,'slab227',$,$,#18229,#14341,$,$);
#14331=IFCCARTESIANPOINTLIST2D(((0.,0.),(0.,6.),(3.,6.),(3.,0.),(0.,0.)));
#14332=IFCINDEXEDPOLYCURVE(#14331,$,.F.);
#14333=IFCDIRECTION((0.,0.,1.));
#14334=IFCARBITRARYCLOSEDPROFILEDEF(.AREA.,$,#14332);
#14335=IFCCARTESIANPOINT((0.,0.,0.));
#14336=IFCDIRECTION((0.,0.,1.));
#14337=IFCDIRECTION((1.,0.,0.));
#14338=IFCAXIS2PLACEMENT3D(#14335,#14336,#14337);
#14339=IFCEXTRUDEDAREASOLID(#14334,#14338,#14333,0.12);
#14340=IFCSHAPEREPRESENTATION(#11,'Body','SweptSolid',(#14339));
#14341=IFCPRODUCTDEFINITIONSHAPE($,$,(#14340));
#14347=IFCSLAB('0i7cGwoRn7Cw1BZU2vQtUA',$,'slab228',$,$,#15169,#14358,$,$);
#14348=IFCCARTESIANPOINTLIST2D(((0.,0.),(0.,6.),(3.,6.),(3.,0.),(0.,0.)));
#14349=IFCINDEXEDPOLYCURVE(#14348,$,.F.);
#14350=IFCDIRECTION((0.,0.,1.));
#14351=IFCARBITRARYCLOSEDPROFILEDEF(.AREA.,$,#14349);
#14352=IFCCARTESIANPOINT((0.,0.,0.));
#14353=IFCDIRECTION((0.,0.,1.));
#14354=IFCDIRECTION((1.,0.,0.));
#14355=IFCAXIS2PLACEMENT3D(#14352,#14353,#14354);
#14356=IFCEXTRUDEDAREASOLID(#14351,#14355,#14350,0.12);
#14357=IFCSHAPEREPRESENTATION(#11,'Body','SweptSolid',(#14356));
#14358=IFCPRODUCTDEFINITIONSHAPE($,$,(#14357));
#14364=IFCSLAB('0HAN919_96yBcr1ymymAfT',$,'slab229',$,$,#16299,#14375,$,$);
#14365=IFCCARTESIANPOINTLIST2D(((0.,0.),(0.,6.),(3.,6.),(3.,0.),(0.,0.)));
#14366=IFCINDEXEDPOLYCURVE(#14365,$,.F.);
#14367=IFCDIRECTION((0.,0.,1.));
#14368=IFCARBITRARYCLOSEDPROFILEDEF(.AREA.,$,#14366);
#14369=IFCCARTESIANPOINT((0.,0.,0.));
#14370=IFCDIRECTION((0.,0.,1.));
#14371=IFCDIRECTION((1.,0.,0.));
#14372=IFCAXIS2PLACEMENT3D(#14369,#14370,#14371);
#14373=IFCEXTRUDEDAREASOLID(#14368,#14372,#14367,0.12);
#14374=IFCSHAPEREPRESENTATION(#11,'Body','SweptSolid',(#14373));
#14375=IFCPRODUCTDEFINITIONSHAPE($,$,(#14374));
#14381=IFCSLAB('3QfikCgpf7z9BTWCGVovu$',$,'slab230',$,$,#17214,#14392,$,$);
#14382=IFCCARTESIANPOINTLIST2D(((0.,0.),(0.,6.),(3.,6.),(3.,0.),(0.,0.)));
#14383=IFCINDEXEDPOLYCURVE(#14382,$,.F.);
#14384=IFCDIRECTION((0.,0.,1.));
#14385=IFCARBITRARYCLOSEDPROFILEDEF(.AREA.,$,#14383);
#14386=IFCCARTESIANPOINT((0.,0.,0.));
#14387=IFCDIRECTION((0.,0.,1.));
#14388=IFCDIRECTION((1.,0.,0.));
#14389=IFCAXIS2PLACEMENT3D(#14386,#14387,#14388);
#14390=IFCEXTRUDEDAREASOLID(#14385,#14389,#14384,0.12);
#14391=IFCSHAPEREPRESENTATION(#11,'Body','SweptSolid',(#14390));
#14392=IFCPRODUCTDEFINITIONSHAPE($,$,(#14391));
#14398=IFCSLAB('1jmhjTg_X1MQrYmaVRHBgd',$,'slab231',$,$,#18279,#14409,$,$);
#14399=IFCCARTESIANPOINTLIST2D(((0.,0.),(0.,5.5),(3.,5.5),(3.,0.),(0.,0.)));
#14400=IFCINDEXEDPOLYCURVE(#14399,$,.F.);
#14401=IFCDIRECTION((0.,0.,1.));
#14402=IFCARBITRARYCLOSEDPROFILEDEF(.AREA.,$,#14400);
#14403=IFCCARTESIANPOINT((0.,0.,0.));
#14404=IFCDIRECTION((0.,0.,1.));
#14405=IFCDIRECTION((1.,0.,0.));
#14406=IFCAXIS2PLACEMENT3D(#14403,#14404,#14405);
#14407=IFCEXTRUDEDAREASOLID(#14402,#14406,#14401,0.12);
#14408=IFCSHAPEREPRESENTATION(#11,'Body','SweptSolid',(#14407));
#14409=IFCPRODUCTDEFINITIONSHAPE($,$,(#14408));
#14415=IFCSLAB('0pS3PmeFn15ByNcvvin8kw',$,'slab232',$,$,#15214,#14426,$,$);
#14416=IFCCARTESIANPOINTLIST2D(((0.,0.),(0.,5.5),(3.,5.5),(3.,0.),(0.,0.)));
#14417=IFCINDEXEDPOLYCURVE(#14416,$,.F.);
#14418=IFCDIRECTION((0.,0.,1.));
#14419=IFCARBITRARYCLOSEDPROFILEDEF(.AREA.,$,#14417);
#14420=IFCCARTESIANPOINT((0.,0.,0.));
#14421=IFCDIRECTION((0.,0.,1.));
#14422=IFCDIRECTION((1.,0.,0.));
#14423=IFCAXIS2PLACEMENT3D(#14420,#14421,#14422);
#14424=IFCEXTRUDEDAREASOLID(#14419,#14423,#14418,0.12);
#14425=IFCSHAPEREPRESENTATION(#11,'Body','SweptSolid',(#14424));
#14426=IFCPRODUCTDEFINITIONSHAPE($,$,(#14425));
#14432=IFCSLAB('1PPHKZvOn2whnki9QFDQX6',$,'slab233',$,$,#15029,#14443,$,$);
#14433=IFCCARTESIANPOINTLIST2D(((0.,0.),(0.,5.5),(3.,5.5),(3.,0.),(0.,0.)));
#14434=IFCINDEXEDPOLYCURVE(#14433,$,.F.);
#14435=IFCDIRECTION((0.,0.,1.));
#14436=IFCARBITRARYCLOSEDPROFILEDEF(.AREA.,$,#14434);
#14437=IFCCARTESIANPOINT((0.,0.,0.));
#14438=IFCDIRECTION((0.,0.,1.));
#14439=IFCDIRECTION((1.,0.,0.));
#14440=IFCAXIS2PLACEMENT3D(#14437,#14438,#14439);
#14441=IFCEXTRUDEDAREASOLID(#14436,#14440,#14435,0.12);
#14442=IFCSHAPEREPRESENTATION(#11,'Body','SweptSolid',(#14441));
#14443=IFCPRODUCTDEFINITIONSHAPE($,$,(#14442));
#14449=IFCSLAB('1oLHxUQpHC5h98iq1JTot6',$,'slab234',$,$,#16159,#14460,$,$);
#14450=IFCCARTESIANPOINTLIST2D(((0.,0.),(0.,5.5),(3.,5.5),(3.,0.),(0.,0.)));
#14451=IFCINDEXEDPOLYCURVE(#14450,$,.F.);
#14452=IFCDIRECTION((0.,0.,1.));
#14453=IFCARBITRARYCLOSEDPROFILEDEF(.AREA.,$,#14451);
#14454=IFCCARTESIANPOINT((0.,0.,0.));
#14455=IFCDIRECTION((0.,0.,1.));
#14456=IFCDIRECTION((1.,0.,0.));
#14457=IFCAXIS2PLACEMENT3D(#14454,#14455,#14456);
#14458=IFCEXTRUDEDAREASOLID(#14453,#14457,#14452,0.12);
#14459=IFCSHAPEREPRESENTATION(#11,'Body','SweptSolid',(#14458));
#14460=IFCPRODUCTDEFINITIONSHAPE($,$,(#14459));
#14466=IFCSLAB('1TF5lQ9z90nRWx2BlB3XyL',$,'slab235',$,$,#17024,#14477,$,$);
#14467=IFCCARTESIANPOINTLIST2D(((0.,0.),(0.,5.5),(3.,5.5),(3.,0.),(0.,0.)));
#14468=IFCINDEXEDPOLYCURVE(#14467,$,.F.);
#14469=IFCDIRECTION((0.,0.,1.));
#14470=IFCARBITRARYCLOSEDPROFILEDEF(.AREA.,$,#14468);
#14471=IFCCARTESIANPOINT((0.,0.,0.));
#14472=IFCDIRECTION((0.,0.,1.));
#14473=IFCDIRECTION((1.,0.,0.));
#14474=IFCAXIS2PLACEMENT3D(#14471,#14472,#14473);
#14475=IFCEXTRUDEDAREASOLID(#14470,#14474,#14469,0.12);
#14476=IFCSHAPEREPRESENTATION(#11,'Body','SweptSolid',(#14475));
#14477=IFCPRODUCTDEFINITIONSHAPE($,$,(#14476));
#14483=IFCSLAB('008PN$e_z2mg0YDcxFiPvo',$,'slab236',$,$,#18139,#14494,$,$);
#14484=IFCCARTESIANPOINTLIST2D(((0.,0.),(0.,5.5),(3.,5.5),(3.,0.),(0.,0.)));
#14485=IFCINDEXEDPOLYCURVE(#14484,$,.F.);
#14486=IFCDIRECTION((0.,0.,1.));
#14487=IFCARBITRARYCLOSEDPROFILEDEF(.AREA.,$,#14485);
#14488=IFCCARTESIANPOINT((0.,0.,0.));
#14489=IFCDIRECTION((0.,0.,1.));
#14490=IFCDIRECTION((1.,0.,0.));
#14491=IFCAXIS2PLACEMENT3D(#14488,#14489,#14490);
#14492=IFCEXTRUDEDAREASOLID(#14487,#14491,#14486,0.12);
#14493=IFCSHAPEREPRESENTATION(#11,'Body','SweptSolid',(#14492));
#14494=IFCPRODUCTDEFINITIONSHAPE($,$,(#14493));
#14500=IFCSLAB('3b_Ky_4kn8aQjSnzmuceWx',$,'slab237',$,$,#14759,#14511,$,$);
#14501=IFCCARTESIANPOINTLIST2D(((0.,0.),(0.,5.5),(3.,5.5),(3.,0.),(0.,0.)));
#14502=IFCINDEXEDPOLYCURVE(#14501,$,.F.);
#14503=IFCDIRECTION((0.,0.,1.));
#14504=IFCARBITRARYCLOSEDPROFILEDEF(.AREA.,$,#14502);
#14505=IFCCARTESIANPOINT((0.,0.,0.));
#14506=IFCDIRECTION((0.,0.,1.));
#14507=IFCDIRECTION((1.,0.,0.));
#14508=IFCAXIS2PLACEMENT3D(#14505,#14506,#14507);
#14509=IFCEXTRUDEDAREASOLID(#14504,#14508,#14503,0.12);
#14510=IFCSHAPEREPRESENTATION(#11,'Body','SweptSolid',(#14509));
#14511=IFCPRODUCTDEFINITIONSHAPE($,$,(#14510));
#14517=IFCSLAB('2LmxqwM510GRpU6bnsqyCM',$,'slab238',$,$,#15879,#14528,$,$);
#14518=IFCCARTESIANPOINTLIST2D(((0.,0.),(0.,5.5),(3.,5.5),(3.,0.),(0.,0.)));
#14519=IFCINDEXEDPOLYCURVE(#14518,$,.F.);
#14520=IFCDIRECTION((0.,0.,1.));
#14521=IFCARBITRARYCLOSEDPROFILEDEF(.AREA.,$,#14519);
#14522=IFCCARTESIANPOINT((0.,0.,0.));
#14523=IFCDIRECTION((0.,0.,1.));
#14524=IFCDIRECTION((1.,0.,0.));
#14525=IFCAXIS2PLACEMENT3D(#14522,#14523,#14524);
#14526=IFCEXTRUDEDAREASOLID(#14521,#14525,#14520,0.12);
#14527=IFCSHAPEREPRESENTATION(#11,'Body','SweptSolid',(#14526));
#14528=IFCPRODUCTDEFINITIONSHAPE($,$,(#14527));
#14534=IFCRELCONTAINEDINSPATIALSTRUCTURE('2NI$6kfc96EAg$6Rdi8RtC',$,$,$,(#9094,#13463,#407,#6697,#11066,#13106,#11559,#10709,#13038,#9162,#11202,#13531,#2022,#6765,#8805,#7258,#13174,#118,#6408,#4861,#10777,#12817,#2464,#10420,#2957,#8873,#12749,#10913,#13242,#560,#6476,#8516,#10845,#6969,#12885,#6119,#4572,#10488,#8941,#2175,#6544,#2668,#8584,#12460,#14500,#12953,#271,#6187,#12103,#4640,#10556,#6680,#12596,#2243,#8159,#4283,#10199,#8652,#1886,#6255,#2379,#8295,#12171,#12664,#5898,#4351,#10267,#8720,#1954,#7870,#3994,#6323,#8363,#14279,#1597,#3926,#50,#5966,#2090,#11882,#12375,#4062,#9978,#8431,#1665,#7581,#3705,#6034,#8074,#1308,#3637,#5677,#1801,#4130,#3280,#1733,#3773,#8142,#14432,#1376,#5745,#7785,#14075,#12528,#5388,#3841,#10131,#10624,#2991,#1444,#3484,#8227,#7853,#14143,#1087,#13786,#12239,#3552,#9842,#14211,#10335,#1155,#7938,#7564,#13854,#12307,#14347,#9910,#11950,#10403,#3263,#9553,#8006,#13922,#10046,#14415,#866,#5609,#7649,#13565,#12018,#14058,#9621,#11661,#13990,#10114,#3348,#2974,#9264,#7717,#13633,#9757,#12086,#577,#5320,#7360,#9689,#5813,#11729,#4963,#3416,#9332,#5456,#13701,#9825,#1019,#3059,#8975,#1512,#7428,#13344,#9468,#11797,#5031,#7071,#9400,#5524,#11440,#4674,#3127,#9043,#5167,#7496,#13412,#9536,#730,#2770,#5099,#1223,#7139,#13055,#5592,#11508,#4742,#3195,#9111,#5235,#11151,#798,#2838,#8754,#1291,#7207,#13123,#441,#4810,#934,#6850,#10726,#11219,#4453,#2906,#8822,#4946,#509,#2549,#1002,#6918,#12834,#152,#4521,#645,#10930,#2617,#8533,#4657,#13769,#220,#2260,#713,#6629,#11372,#4232,#356,#2685,#288,#2328,#13480,#6340,#11083,#3943,#2396,#9179,#2039,#6782,#12698,#13191,#4878,#10794,#2481,#2107,#10437,#12766,#8890,#13259,#6493,#12409,#10862,#12902,#8465,#4589,#10505,#8958,#2192,#1818,#6561,#12477,#8601,#14517,#12970,#6204,#12120,#10573,#12613,#8176,#4300,#10216,#12545,#8669,#1903,#7819,#6272,#12188,#8312,#10641,#12681,#3875,#5915,#8244,#4368,#10284,#1971,#7887,#4011,#8380,#14296,#1614,#67,#5983,#11899,#8023,#10352,#12392,#3586,#5626,#7955,#4079,#9995,#8448,#1682,#7598,#3722,#6051,#8091,#1325,#3654,#5694,#4147,#10063,#3297,#1750,#7666,#3790,#9706,#14449,#1393,#7309,#5762,#7802,#3365,#5405,#3858,#9774,#10148,#3008,#1461,#7377,#3501,#14160,#1104,#5473,#12256,#3076,#1529,#3569,#9485,#9859,#14228,#1172,#7088,#13871,#12324,#14364,#815,#5184,#9927,#11967,#2787,#9570,#13939,#883,#13582,#12035,#4895,#9638,#11678,#14007,#2498,#9281,#11610,#7734,#13650,#594,#5337,#13293,#5830,#11746,#3433,#9349,#11389,#13718,#1036,#8992,#11321,#7445,#13361,#11814,#5048,#9417,#5541,#11457,#3144,#9060,#7513,#13429,#747,#5116,#1240,#7156,#11032,#13072,#11525,#4759,#10675,#3212,#9128,#5252,#11168,#6731,#2855,#8771,#7224,#13140,#11593,#458,#4827,#951,#6867,#9196,#10743,#11236,#4470,#6799,#2923,#8839,#7292,#526,#6442,#2566,#6935,#12851,#11304,#169,#4538,#662,#6578,#8907,#10454,#10947,#4181,#6510,#2634,#8550,#7003,#237,#6153,#2277,#4606,#6646,#11015,#2209,#4249,#373,#2702,#8618,#10658,#1852,#305,#2345,#8261,#6714,#13004,#13497,#5864,#4317,#6357,#11100,#1920,#3960,#2413,#8703,#1563,#2056,#6425,#12715,#13208,#4028,#10811,#1631,#2124,#8414,#12783,#13276,#6136,#12426,#10879,#12919,#3739,#8482,#10522,#1342,#1835,#8125,#12494,#12987,#6221,#12137,#14466,#10590,#12630,#3824,#8193,#10233,#12562,#8686,#1546,#7836,#6289,#12205,#8329,#3892,#5932,#4385,#10301,#14177,#12341,#3535,#1988,#7904,#9944,#12273,#8397,#14313,#7547,#84,#6000,#11916,#8040,#10369,#3603,#5643,#7972,#4096,#10012,#13888,#14381,#3246,#1699,#7615,#6068,#11984,#8108,#14024,#3671,#9587,#5711,#11627,#4164,#10080,#3314,#1767,#7683,#3807,#9723,#13599,#14092,#1410,#7326,#5779,#11695,#3382,#9298,#5422,#9791,#3025,#1478,#7394,#3518,#5847,#13803,#1121,#3450,#5490,#11406,#3093,#9009,#9502,#14245,#2736,#1189,#7105,#3229,#5558,#832,#3161,#5201,#2804,#1257,#13956,#900,#6816,#5269,#12052,#4419,#2872,#4912,#9655,#475,#2515,#968,#7751,#13667,#611,#5354,#4980,#11270,#13310,#11763,#2583,#9366,#13735,#679,#11338,#7462,#13378,#11831,#5065,#4691,#10981,#9434,#11474,#7037,#9077,#7530,#13446,#390,#5133,#11049,#7173,#13089,#11542,#4776,#10692,#9145,#11185,#13514,#6748,#8788,#11117,#7241,#13157,#101,#6391,#4844,#10760,#6884,#9213,#11253,#2447,#4487,#2940,#8856,#10896,#13225,#543,#6459,#8499,#10828,#6952,#12868,#186,#6102,#4555,#10471,#6595,#8924,#10964,#2158,#4198,#6527,#2651,#8567,#7020,#12936,#254,#6170,#2294,#4623,#10539,#6663,#12579,#2226,#4266,#10182,#2719,#8635,#1869,#322,#6238,#2362,#8278,#13021,#12647,#5881,#4334,#10250,#6374,#1937,#3977,#2430,#8346,#1580,#33,#5949,#2073,#12732,#12358,#4045,#9961,#1648,#2141,#8057,#12800,#5660,#1784,#12443,#3756,#1359,#12511,#12154,#14483,#10607,#3467,#8210,#14126,#1070,#6306,#12222,#14262,#3909,#11865,#4402,#10318,#14194,#2005,#7921,#13837,#12290,#14330,#9893,#6017,#11933,#10386,#3620,#7989,#4113,#10029,#13905,#14398,#1716,#7632,#13548,#6085,#12001,#14041,#3688,#9604,#5728,#11644,#10097,#3331,#9247,#7700,#13616,#9740,#12069,#14109,#5303,#1427,#7343,#9672,#5796,#11712,#10165,#3399,#9315,#5439,#7768,#9808,#3042,#5371,#1495,#7411,#13327,#11780,#13820,#5014,#1138,#7054,#5507,#11423,#9876,#3110,#9026,#5150,#7479,#9519,#2753,#5082,#1206,#7122,#5575,#4725,#849,#3178,#5218,#11134,#781,#2821,#8737,#1274,#7190,#9230,#13973,#424,#4793,#917,#6833,#5286,#11576,#4436,#2889,#4929,#492,#2532,#985,#6901,#7275,#13684,#135,#4504,#628,#4997,#11287,#2600,#1053,#9383,#13752,#203,#696,#6612,#6986,#11355,#13395,#11848,#4215,#339,#4708,#10998,#9451,#11491,#2311,#764),#14);
#14535=IFCCARTESIANPOINT((11.800000000000001,17.800000000000001,0.));
#14536=IFCDIRECTION((0.,0.,1.));
#14537=IFCDIRECTION((1.,0.,0.));
#14538=IFCAXIS2PLACEMENT3D(#14535,#14536,#14537);
#14539=IFCLOCALPLACEMENT(#32,#14538);
#14540=IFCCARTESIANPOINT((15.,0.,5.8799999999999999));
#14541=IFCDIRECTION((0.,0.,1.));
#14542=IFCDIRECTION((1.,0.,0.));
#14543=IFCAXIS2PLACEMENT3D(#14540,#14541,#14542);
#14544=IFCLOCALPLACEMENT(#32,#14543);
#14545=IFCCARTESIANPOINT((24.,5.875,23.5));
#14546=IFCDIRECTION((0.,0.,1.));
#14547=IFCDIRECTION((1.,0.,0.));
#14548=IFCAXIS2PLACEMENT3D(#14545,#14546,#14547);
#14549=IFCLOCALPLACEMENT(#32,#14548);
#14550=IFCCARTESIANPOINT((5.875,6.,17.600000000000001));
#14551=IFCDIRECTION((0.,0.,1.));
#14552=IFCDIRECTION((6.123233995736766E-17,-1.,0.));
#14553=IFCAXIS2PLACEMENT3D(#14550,#14551,#14552);
#14554=IFCLOCALPLACEMENT(#32,#14553);
#14555=IFCCARTESIANPOINT((18.,12.,20.879999999999999));
#14556=IFCDIRECTION((0.,0.,1.));
#14557=IFCDIRECTION((1.,0.,0.));
#14558=IFCAXIS2PLACEMENT3D(#14555,#14556,#14557);
#14559=IFCLOCALPLACEMENT(#32,#14558);
#14560=IFCCARTESIANPOINT((0.,6.,5.8799999999999999));
#14561=IFCDIRECTION((0.,0.,1.));
#14562=IFCDIRECTION((1.,0.,0.));
#14563=IFCAXIS2PLACEMENT3D(#14560,#14561,#14562);
#14564=IFCLOCALPLACEMENT(#32,#14563);
#14565=IFCCARTESIANPOINT((27.,12.,17.879999999999999));
#14566=IFCDIRECTION((0.,0.,1.));
#14567=IFCDIRECTION((1.,0.,0.));
#14568=IFCAXIS2PLACEMENT3D(#14565,#14566,#14567);
#14569=IFCLOCALPLACEMENT(#32,#14568);
#14570=IFCCARTESIANPOINT((9.,6.,23.879999999999999));
#14571=IFCDIRECTION((0.,0.,1.));
#14572=IFCDIRECTION((1.,0.,0.));
#14573=IFCAXIS2PLACEMENT3D(#14570,#14571,#14572);
#14574=IFCLOCALPLACEMENT(#32,#14573);
#14575=IFCCARTESIANPOINT((18.,0.,8.8800000000000008));
#14576=IFCDIRECTION((0.,0.,1.));
#14577=IFCDIRECTION((1.,0.,0.));
#14578=IFCAXIS2PLACEMENT3D(#14575,#14576,#14577);
#14579=IFCLOCALPLACEMENT(#32,#14578);
#14580=IFCCARTESIANPOINT((29.800000000000001,17.800000000000001,0.));
#14581=IFCDIRECTION((0.,0.,1.));
#14582=IFCDIRECTION((1.,0.,0.));
#14583=IFCAXIS2PLACEMENT3D(#14580,#14581,#14582);
#14584=IFCLOCALPLACEMENT(#32,#14583);
#14585=IFCCARTESIANPOINT((18.,6.,20.879999999999999));
#14586=IFCDIRECTION((0.,0.,1.));
#14587=IFCDIRECTION((1.,0.,0.));
#14588=IFCAXIS2PLACEMENT3D(#14585,#14586,#14587);
#14589=IFCLOCALPLACEMENT(#32,#14588);
#14590=IFCCARTESIANPOINT((24.,6.,5.8799999999999999));
#14591=IFCDIRECTION((0.,0.,1.));
#14592=IFCDIRECTION((1.,0.,0.));
#14593=IFCAXIS2PLACEMENT3D(#14590,#14591,#14592);
#14594=IFCLOCALPLACEMENT(#32,#14593);
#14595=IFCCARTESIANPOINT((12.,11.875,17.5));
#14596=IFCDIRECTION((0.,0.,1.));
#14597=IFCDIRECTION((1.,0.,0.));
#14598=IFCAXIS2PLACEMENT3D(#14595,#14596,#14597);
#14599=IFCLOCALPLACEMENT(#32,#14598);
#14600=IFCCARTESIANPOINT((5.875,6.,5.5999999999999996));
#14601=IFCDIRECTION((0.,0.,1.));
#14602=IFCDIRECTION((6.123233995736766E-17,-1.,0.));
#14603=IFCAXIS2PLACEMENT3D(#14600,#14601,#14602);
#14604=IFCLOCALPLACEMENT(#32,#14603);
#14605=IFCCARTESIANPOINT((5.7999999999999998,17.800000000000001,3.));
#14606=IFCDIRECTION((0.,0.,1.));
#14607=IFCDIRECTION((1.,0.,0.));
#14608=IFCAXIS2PLACEMENT3D(#14605,#14606,#14607);
#14609=IFCLOCALPLACEMENT(#32,#14608);
#14610=IFCCARTESIANPOINT((5.7999999999999998,11.800000000000001,21.));
#14611=IFCDIRECTION((0.,0.,1.));
#14612=IFCDIRECTION((1.,0.,0.));
#14613=IFCAXIS2PLACEMENT3D(#14610,#14611,#14612);
#14614=IFCLOCALPLACEMENT(#32,#14613);
#14615=IFCCARTESIANPOINT((6.,12.,5.8799999999999999));
#14616=IFCDIRECTION((0.,0.,1.));
#14617=IFCDIRECTION((1.,0.,0.));
#14618=IFCAXIS2PLACEMENT3D(#14615,#14616,#14617);
#14619=IFCLOCALPLACEMENT(#32,#14618);
#14620=IFCCARTESIANPOINT((12.125,6.,23.5));
#14621=IFCDIRECTION((0.,0.,1.));
#14622=IFCDIRECTION((6.123233995736766E-17,1.,0.));
#14623=IFCAXIS2PLACEMENT3D(#14620,#14621,#14622);
#14624=IFCLOCALPLACEMENT(#32,#14623);
#14625=IFCCARTESIANPOINT((29.875,12.,20.600000000000001));
#14626=IFCDIRECTION((0.,0.,1.));
#14627=IFCDIRECTION((6.123233995736766E-17,-1.,0.));
#14628=IFCAXIS2PLACEMENT3D(#14625,#14626,#14627);
#14629=IFCLOCALPLACEMENT(#32,#14628);
#14630=IFCCARTESIANPOINT((24.125,-7.6540424946709575E-18,5.5));
#14631=IFCDIRECTION((0.,0.,1.));
#14632=IFCDIRECTION((6.123233995736766E-17,1.,0.));
#14633=IFCAXIS2PLACEMENT3D(#14630,#14631,#14632);
#14634=IFCLOCALPLACEMENT(#32,#14633);
#14635=IFCCARTESIANPOINT((21.,6.,23.879999999999999));
#14636=IFCDIRECTION((0.,0.,1.));
#14637=IFCDIRECTION((1.,0.,0.));
#14638=IFCAXIS2PLACEMENT3D(#14635,#14636,#14637);
#14639=IFCLOCALPLACEMENT(#32,#14638);
#14640=IFCCARTESIANPOINT((21.,12.,8.8800000000000008));
#14641=IFCDIRECTION((0.,0.,1.));
#14642=IFCDIRECTION((1.,0.,0.));
#14643=IFCAXIS2PLACEMENT3D(#14640,#14641,#14642);
#14644=IFCLOCALPLACEMENT(#32,#14643);
#14645=IFCCARTESIANPOINT((12.125,6.,14.5));
#14646=IFCDIRECTION((0.,0.,1.));
#14647=IFCDIRECTION((6.123233995736766E-17,1.,0.));
#14648=IFCAXIS2PLACEMENT3D(#14645,#14646,#14647);
#14649=IFCLOCALPLACEMENT(#32,#14648);
#14650=IFCCARTESIANPOINT((23.800000000000001,11.800000000000001,9.));
#14651=IFCDIRECTION((0.,0.,1.));
#14652=IFCDIRECTION((1.,0.,0.));
#14653=IFCAXIS2PLACEMENT3D(#14650,#14651,#14652);
#14654=IFCLOCALPLACEMENT(#32,#14653);
#14655=IFCCARTESIANPOINT((8.875,18.,14.6));
#14656=IFCDIRECTION((0.,0.,1.));
#14657=IFCDIRECTION((6.123233995736766E-17,-1.,0.));
#14658=IFCAXIS2PLACEMENT3D(#14655,#14656,#14657);
#14659=IFCLOCALPLACEMENT(#32,#14658);
#14660=IFCCARTESIANPOINT((17.800000000000001,17.800000000000001,3.));
#14661=IFCDIRECTION((0.,0.,1.));
#14662=IFCDIRECTION((1.,0.,0.));
#14663=IFCAXIS2PLACEMENT3D(#14660,#14661,#14662);
#14664=IFCLOCALPLACEMENT(#32,#14663);
#14665=IFCCARTESIANPOINT((9.,12.,8.8800000000000008));
#14666=IFCDIRECTION((0.,0.,1.));
#14667=IFCDIRECTION((1.,0.,0.));
#14668=IFCAXIS2PLACEMENT3D(#14665,#14666,#14667);
#14669=IFCLOCALPLACEMENT(#32,#14668);
#14670=IFCCARTESIANPOINT((24.,6.,23.879999999999999));
#14671=IFCDIRECTION((0.,0.,1.));
#14672=IFCDIRECTION((1.,0.,0.));
#14673=IFCAXIS2PLACEMENT3D(#14670,#14671,#14672);
#14674=IFCLOCALPLACEMENT(#32,#14673);
#14675=IFCCARTESIANPOINT((18.,12.,5.8799999999999999));
#14676=IFCDIRECTION((0.,0.,1.));
#14677=IFCDIRECTION((1.,0.,0.));
#14678=IFCAXIS2PLACEMENT3D(#14675,#14676,#14677);
#14679=IFCLOCALPLACEMENT(#32,#14678);
#14680=IFCCARTESIANPOINT((24.,17.875,23.5));
#14681=IFCDIRECTION((0.,0.,1.));
#14682=IFCDIRECTION((1.,0.,0.));
#14683=IFCAXIS2PLACEMENT3D(#14680,#14681,#14682);
#14684=IFCLOCALPLACEMENT(#32,#14683);
#14685=IFCCARTESIANPOINT((29.875,12.,8.5999999999999996));
#14686=IFCDIRECTION((0.,0.,1.));
#14687=IFCDIRECTION((6.123233995736766E-17,-1.,0.));
#14688=IFCAXIS2PLACEMENT3D(#14685,#14686,#14687);
#14689=IFCLOCALPLACEMENT(#32,#14688);
#14690=IFCCARTESIANPOINT((-0.20000000000000001,17.800000000000001,6.));
#14691=IFCDIRECTION((0.,0.,1.));
#14692=IFCDIRECTION((1.,0.,0.));
#14693=IFCAXIS2PLACEMENT3D(#14690,#14691,#14692);
#14694=IFCLOCALPLACEMENT(#32,#14693);
#14695=IFCCARTESIANPOINT((15.,0.,23.879999999999999));
#14696=IFCDIRECTION((0.,0.,1.));
#14697=IFCDIRECTION((1.,0.,0.));
#14698=IFCAXIS2PLACEMENT3D(#14695,#14696,#14697);
#14699=IFCLOCALPLACEMENT(#32,#14698);
#14700=IFCCARTESIANPOINT((26.875,6.,20.600000000000001));
#14701=IFCDIRECTION((0.,0.,1.));
#14702=IFCDIRECTION((6.123233995736766E-17,-1.,0.));
#14703=IFCAXIS2PLACEMENT3D(#14700,#14701,#14702);
#14704=IFCLOCALPLACEMENT(#32,#14703);
#14705=IFCCARTESIANPOINT((9.,6.,8.8800000000000008));
#14706=IFCDIRECTION((0.,0.,1.));
#14707=IFCDIRECTION((1.,0.,0.));
#14708=IFCAXIS2PLACEMENT3D(#14705,#14706,#14707);
#14709=IFCLOCALPLACEMENT(#32,#14708);
#14710=IFCCARTESIANPOINT((20.875,18.,2.6000000000000001));
#14711=IFCDIRECTION((0.,0.,1.));
#14712=IFCDIRECTION((6.123233995736766E-17,-1.,0.));
#14713=IFCAXIS2PLACEMENT3D(#14710,#14711,#14712);
#14714=IFCLOCALPLACEMENT(#32,#14713);
#14715=IFCCARTESIANPOINT((20.875,18.,8.5999999999999996));
#14716=IFCDIRECTION((0.,0.,1.));
#14717=IFCDIRECTION((6.123233995736766E-17,-1.,0.));
#14718=IFCAXIS2PLACEMENT3D(#14715,#14716,#14717);
#14719=IFCLOCALPLACEMENT(#32,#14718);
#14720=IFCCARTESIANPOINT((0.,6.,23.879999999999999));
#14721=IFCDIRECTION((0.,0.,1.));
#14722=IFCDIRECTION((1.,0.,0.));
#14723=IFCAXIS2PLACEMENT3D(#14720,#14721,#14722);
#14724=IFCLOCALPLACEMENT(#32,#14723);
#14725=IFCCARTESIANPOINT((17.800000000000001,5.7999999999999998,3.));
#14726=IFCDIRECTION((0.,0.,1.));
#14727=IFCDIRECTION((1.,0.,0.));
#14728=IFCAXIS2PLACEMENT3D(#14725,#14726,#14727);
#14729=IFCLOCALPLACEMENT(#32,#14728);
#14730=IFCCARTESIANPOINT((8.875,18.,17.600000000000001));
#14731=IFCDIRECTION((0.,0.,1.));
#14732=IFCDIRECTION((6.123233995736766E-17,-1.,0.));
#14733=IFCAXIS2PLACEMENT3D(#14730,#14731,#14732);
#14734=IFCLOCALPLACEMENT(#32,#14733);
#14735=IFCCARTESIANPOINT((29.875,6.,20.600000000000001));
#14736=IFCDIRECTION((0.,0.,1.));
#14737=IFCDIRECTION((6.123233995736766E-17,-1.,0.));
#14738=IFCAXIS2PLACEMENT3D(#14735,#14736,#14737);
#14739=IFCLOCALPLACEMENT(#32,#14738);
#14740=IFCCARTESIANPOINT((18.,-0.125,14.5));
#14741=IFCDIRECTION((0.,0.,1.));
#14742=IFCDIRECTION((1.,0.,0.));
#14743=IFCAXIS2PLACEMENT3D(#14740,#14741,#14742);
#14744=IFCLOCALPLACEMENT(#32,#14743);
#14745=IFCCARTESIANPOINT((11.800000000000001,17.800000000000001,6.));
#14746=IFCDIRECTION((0.,0.,1.));
#14747=IFCDIRECTION((1.,0.,0.));
#14748=IFCAXIS2PLACEMENT3D(#14745,#14746,#14747);
#14749=IFCLOCALPLACEMENT(#32,#14748);
#14750=IFCCARTESIANPOINT((12.,6.,11.880000000000001));
#14751=IFCDIRECTION((0.,0.,1.));
#14752=IFCDIRECTION((1.,0.,0.));
#14753=IFCAXIS2PLACEMENT3D(#14750,#14751,#14752);
#14754=IFCLOCALPLACEMENT(#32,#14753);
#14755=IFCCARTESIANPOINT((27.,0.5,5.8799999999999999));
#14756=IFCDIRECTION((0.,0.,1.));
#14757=IFCDIRECTION((1.,0.,0.));
#14758=IFCAXIS2PLACEMENT3D(#14755,#14756,#14757);
#14759=IFCLOCALPLACEMENT(#32,#14758);
#14760=IFCCARTESIANPOINT((21.,6.,8.8800000000000008));
#14761=IFCDIRECTION((0.,0.,1.));
#14762=IFCDIRECTION((1.,0.,0.));
#14763=IFCAXIS2PLACEMENT3D(#14760,#14761,#14762);
#14764=IFCLOCALPLACEMENT(#32,#14763);
#14765=IFCCARTESIANPOINT((0.,-0.125,23.5));
#14766=IFCDIRECTION((0.,0.,1.));
#14767=IFCDIRECTION((1.,0.,0.));
#14768=IFCAXIS2PLACEMENT3D(#14765,#14766,#14767);
#14769=IFCLOCALPLACEMENT(#32,#14768);
#14770=IFCCARTESIANPOINT((2.875,6.,2.6000000000000001));
#14771=IFCDIRECTION((0.,0.,1.));
#14772=IFCDIRECTION((6.123233995736766E-17,-1.,0.));
#14773=IFCAXIS2PLACEMENT3D(#14770,#14771,#14772);
#14774=IFCLOCALPLACEMENT(#32,#14773);
#14775=IFCCARTESIANPOINT((21.,6.,14.880000000000001));
#14776=IFCDIRECTION((0.,0.,1.));
#14777=IFCDIRECTION((1.,0.,0.));
#14778=IFCAXIS2PLACEMENT3D(#14775,#14776,#14777);
#14779=IFCLOCALPLACEMENT(#32,#14778);
#14780=IFCCARTESIANPOINT((8.875,6.,8.5999999999999996));
#14781=IFCDIRECTION((0.,0.,1.));
#14782=IFCDIRECTION((6.123233995736766E-17,-1.,0.));
#14783=IFCAXIS2PLACEMENT3D(#14780,#14781,#14782);
#14784=IFCLOCALPLACEMENT(#32,#14783);
#14785=IFCCARTESIANPOINT((6.,12.,23.879999999999999));
#14786=IFCDIRECTION((0.,0.,1.));
#14787=IFCDIRECTION((1.,0.,0.));
#14788=IFCAXIS2PLACEMENT3D(#14785,#14786,#14787);
#14789=IFCLOCALPLACEMENT(#32,#14788);
#14790=IFCCARTESIANPOINT((5.875,6.,20.600000000000001));
#14791=IFCDIRECTION((0.,0.,1.));
#14792=IFCDIRECTION((6.123233995736766E-17,-1.,0.));
#14793=IFCAXIS2PLACEMENT3D(#14790,#14791,#14792);
#14794=IFCLOCALPLACEMENT(#32,#14793);
#14795=IFCCARTESIANPOINT((18.,0.,11.880000000000001));
#14796=IFCDIRECTION((0.,0.,1.));
#14797=IFCDIRECTION((1.,0.,0.));
#14798=IFCAXIS2PLACEMENT3D(#14795,#14796,#14797);
#14799=IFCLOCALPLACEMENT(#32,#14798);
#14800=IFCCARTESIANPOINT((14.875,6.,17.600000000000001));
#14801=IFCDIRECTION((0.,0.,1.));
#14802=IFCDIRECTION((6.123233995736766E-17,-1.,0.));
#14803=IFCAXIS2PLACEMENT3D(#14800,#14801,#14802);
#14804=IFCLOCALPLACEMENT(#32,#14803);
#14805=IFCCARTESIANPOINT((17.800000000000001,-0.20000000000000001,12.));
#14806=IFCDIRECTION((0.,0.,1.));
#14807=IFCDIRECTION((1.,0.,0.));
#14808=IFCAXIS2PLACEMENT3D(#14805,#14806,#14807);
#14809=IFCLOCALPLACEMENT(#32,#14808);
#14810=IFCCARTESIANPOINT((24.,5.875,8.5));
#14811=IFCDIRECTION((0.,0.,1.));
#14812=IFCDIRECTION((1.,0.,0.));
#14813=IFCAXIS2PLACEMENT3D(#14810,#14811,#14812);
#14814=IFCLOCALPLACEMENT(#32,#14813);
#14815=IFCCARTESIANPOINT((-0.20000000000000001,-0.20000000000000001,0.));
#14816=IFCDIRECTION((0.,0.,1.));
#14817=IFCDIRECTION((1.,0.,0.));
#14818=IFCAXIS2PLACEMENT3D(#14815,#14816,#14817);
#14819=IFCLOCALPLACEMENT(#32,#14818);
#14820=IFCCARTESIANPOINT((29.800000000000001,17.800000000000001,6.));
#14821=IFCDIRECTION((0.,0.,1.));
#14822=IFCDIRECTION((1.,0.,0.));
#14823=IFCAXIS2PLACEMENT3D(#14820,#14821,#14822);
#14824=IFCLOCALPLACEMENT(#32,#14823);
#14825=IFCCARTESIANPOINT((18.,-0.125,17.5));
#14826=IFCDIRECTION((0.,0.,1.));
#14827=IFCDIRECTION((1.,0.,0.));
#14828=IFCAXIS2PLACEMENT3D(#14825,#14826,#14827);
#14829=IFCLOCALPLACEMENT(#32,#14828);
#14830=IFCCARTESIANPOINT((24.,11.875,23.600000000000001));
#14831=IFCDIRECTION((0.,0.,1.));
#14832=IFCDIRECTION((1.,0.,0.));
#14833=IFCAXIS2PLACEMENT3D(#14830,#14831,#14832);
#14834=IFCLOCALPLACEMENT(#32,#14833);
#14835=IFCCARTESIANPOINT((0.125,6.,14.5));
#14836=IFCDIRECTION((0.,0.,1.));
#14837=IFCDIRECTION((6.123233995736766E-17,1.,0.));
#14838=IFCAXIS2PLACEMENT3D(#14835,#14836,#14837);
#14839=IFCLOCALPLACEMENT(#32,#14838);
#14840=IFCCARTESIANPOINT((5.7999999999999998,17.800000000000001,9.));
#14841=IFCDIRECTION((0.,0.,1.));
#14842=IFCDIRECTION((1.,0.,0.));
#14843=IFCAXIS2PLACEMENT3D(#14840,#14841,#14842);
#14844=IFCLOCALPLACEMENT(#32,#14843);
#14845=IFCCARTESIANPOINT((15.,0.,14.880000000000001));
#14846=IFCDIRECTION((0.,0.,1.));
#14847=IFCDIRECTION((1.,0.,0.));
#14848=IFCAXIS2PLACEMENT3D(#14845,#14846,#14847);
#14849=IFCLOCALPLACEMENT(#32,#14848);
#14850=IFCCARTESIANPOINT((0.,6.,8.8800000000000008));
#14851=IFCDIRECTION((0.,0.,1.));
#14852=IFCDIRECTION((1.,0.,0.));
#14853=IFCAXIS2PLACEMENT3D(#14850,#14851,#14852);
#14854=IFCLOCALPLACEMENT(#32,#14853);
#14855=IFCCARTESIANPOINT((18.,11.875,2.5));
#14856=IFCDIRECTION((0.,0.,1.));
#14857=IFCDIRECTION((1.,0.,0.));
#14858=IFCAXIS2PLACEMENT3D(#14855,#14856,#14857);
#14859=IFCLOCALPLACEMENT(#32,#14858);
#14860=IFCCARTESIANPOINT((18.,11.875,8.5));
#14861=IFCDIRECTION((0.,0.,1.));
#14862=IFCDIRECTION((1.,0.,0.));
#14863=IFCAXIS2PLACEMENT3D(#14860,#14861,#14862);
#14864=IFCLOCALPLACEMENT(#32,#14863);
#14865=IFCCARTESIANPOINT((23.800000000000001,-0.20000000000000001,21.));
#14866=IFCDIRECTION((0.,0.,1.));
#14867=IFCDIRECTION((1.,0.,0.));
#14868=IFCAXIS2PLACEMENT3D(#14865,#14866,#14867);
#14869=IFCLOCALPLACEMENT(#32,#14868);
#14870=IFCCARTESIANPOINT((11.800000000000001,-0.20000000000000001,6.));
#14871=IFCDIRECTION((0.,0.,1.));
#14872=IFCDIRECTION((1.,0.,0.));
#14873=IFCAXIS2PLACEMENT3D(#14870,#14871,#14872);
#14874=IFCLOCALPLACEMENT(#32,#14873);
#14875=IFCCARTESIANPOINT((18.,5.875,17.5));
#14876=IFCDIRECTION((0.,0.,1.));
#14877=IFCDIRECTION((1.,0.,0.));
#14878=IFCAXIS2PLACEMENT3D(#14875,#14876,#14877);
#14879=IFCLOCALPLACEMENT(#32,#14878);
#14880=IFCCARTESIANPOINT((23.800000000000001,17.800000000000001,15.));
#14881=IFCDIRECTION((0.,0.,1.));
#14882=IFCDIRECTION((1.,0.,0.));
#14883=IFCAXIS2PLACEMENT3D(#14880,#14881,#14882);
#14884=IFCLOCALPLACEMENT(#32,#14883);
#14885=IFCCARTESIANPOINT((12.125,6.,8.5));
#14886=IFCDIRECTION((0.,0.,1.));
#14887=IFCDIRECTION((6.123233995736766E-17,1.,0.));
#14888=IFCAXIS2PLACEMENT3D(#14885,#14886,#14887);
#14889=IFCLOCALPLACEMENT(#32,#14888);
#14890=IFCCARTESIANPOINT((24.,11.875,11.6));
#14891=IFCDIRECTION((0.,0.,1.));
#14892=IFCDIRECTION((1.,0.,0.));
#14893=IFCAXIS2PLACEMENT3D(#14890,#14891,#14892);
#14894=IFCLOCALPLACEMENT(#32,#14893);
#14895=IFCCARTESIANPOINT((17.800000000000001,17.800000000000001,9.));
#14896=IFCDIRECTION((0.,0.,1.));
#14897=IFCDIRECTION((1.,0.,0.));
#14898=IFCAXIS2PLACEMENT3D(#14895,#14896,#14897);
#14899=IFCLOCALPLACEMENT(#32,#14898);
#14900=IFCCARTESIANPOINT((24.,0.,23.879999999999999));
#14901=IFCDIRECTION((0.,0.,1.));
#14902=IFCDIRECTION((1.,0.,0.));
#14903=IFCAXIS2PLACEMENT3D(#14900,#14901,#14902);
#14904=IFCLOCALPLACEMENT(#32,#14903);
#14905=IFCCARTESIANPOINT((0.125,6.,17.5));
#14906=IFCDIRECTION((0.,0.,1.));
#14907=IFCDIRECTION((6.123233995736766E-17,1.,0.));
#14908=IFCAXIS2PLACEMENT3D(#14905,#14906,#14907);
#14909=IFCLOCALPLACEMENT(#32,#14908);
#14910=IFCCARTESIANPOINT((0.125,12.,8.5));
#14911=IFCDIRECTION((0.,0.,1.));
#14912=IFCDIRECTION((6.123233995736766E-17,1.,0.));
#14913=IFCAXIS2PLACEMENT3D(#14910,#14911,#14912);
#14914=IFCLOCALPLACEMENT(#32,#14913);
#14915=IFCCARTESIANPOINT((0.125,12.,23.5));
#14916=IFCDIRECTION((0.,0.,1.));
#14917=IFCDIRECTION((6.123233995736766E-17,1.,0.));
#14918=IFCAXIS2PLACEMENT3D(#14915,#14916,#14917);
#14919=IFCLOCALPLACEMENT(#32,#14918);
#14920=IFCCARTESIANPOINT((18.,17.875,2.5));
#14921=IFCDIRECTION((0.,0.,1.));
#14922=IFCDIRECTION((1.,0.,0.));
#14923=IFCAXIS2PLACEMENT3D(#14920,#14921,#14922);
#14924=IFCLOCALPLACEMENT(#32,#14923);
#14925=IFCCARTESIANPOINT((12.,17.875,17.5));
#14926=IFCDIRECTION((0.,0.,1.));
#14927=IFCDIRECTION((1.,0.,0.));
#14928=IFCAXIS2PLACEMENT3D(#14925,#14926,#14927);
#14929=IFCLOCALPLACEMENT(#32,#14928);
#14930=IFCCARTESIANPOINT((6.,12.,14.880000000000001));
#14931=IFCDIRECTION((0.,0.,1.));
#14932=IFCDIRECTION((1.,0.,0.));
#14933=IFCAXIS2PLACEMENT3D(#14930,#14931,#14932);
#14934=IFCLOCALPLACEMENT(#32,#14933);
#14935=IFCCARTESIANPOINT((15.,12.,11.880000000000001));
#14936=IFCDIRECTION((0.,0.,1.));
#14937=IFCDIRECTION((1.,0.,0.));
#14938=IFCAXIS2PLACEMENT3D(#14935,#14936,#14937);
#14939=IFCLOCALPLACEMENT(#32,#14938);
#14940=IFCCARTESIANPOINT((18.125,12.,8.5));
#14941=IFCDIRECTION((0.,0.,1.));
#14942=IFCDIRECTION((6.123233995736766E-17,1.,0.));
#14943=IFCAXIS2PLACEMENT3D(#14940,#14941,#14942);
#14944=IFCLOCALPLACEMENT(#32,#14943);
#14945=IFCCARTESIANPOINT((5.7999999999999998,-0.20000000000000001,15.));
#14946=IFCDIRECTION((0.,0.,1.));
#14947=IFCDIRECTION((1.,0.,0.));
#14948=IFCAXIS2PLACEMENT3D(#14945,#14946,#14947);
#14949=IFCLOCALPLACEMENT(#32,#14948);
#14950=IFCCARTESIANPOINT((17.800000000000001,5.7999999999999998,9.));
#14951=IFCDIRECTION((0.,0.,1.));
#14952=IFCDIRECTION((1.,0.,0.));
#14953=IFCAXIS2PLACEMENT3D(#14950,#14951,#14952);
#14954=IFCLOCALPLACEMENT(#32,#14953);
#14955=IFCCARTESIANPOINT((12.125,-7.6540424946709575E-18,17.5));
#14956=IFCDIRECTION((0.,0.,1.));
#14957=IFCDIRECTION((6.123233995736766E-17,1.,0.));
#14958=IFCAXIS2PLACEMENT3D(#14955,#14956,#14957);
#14959=IFCLOCALPLACEMENT(#32,#14958);
#14960=IFCCARTESIANPOINT((17.800000000000001,11.800000000000001,18.));
#14961=IFCDIRECTION((0.,0.,1.));
#14962=IFCDIRECTION((1.,0.,0.));
#14963=IFCAXIS2PLACEMENT3D(#14960,#14961,#14962);
#14964=IFCLOCALPLACEMENT(#32,#14963);
#14965=IFCCARTESIANPOINT((2.875,12.,11.6));
#14966=IFCDIRECTION((0.,0.,1.));
#14967=IFCDIRECTION((6.123233995736766E-17,-1.,0.));
#14968=IFCAXIS2PLACEMENT3D(#14965,#14966,#14967);
#14969=IFCLOCALPLACEMENT(#32,#14968);
#14970=IFCCARTESIANPOINT((8.875,18.,2.6000000000000001));
#14971=IFCDIRECTION((0.,0.,1.));
#14972=IFCDIRECTION((6.123233995736766E-17,-1.,0.));
#14973=IFCAXIS2PLACEMENT3D(#14970,#14971,#14972);
#14974=IFCLOCALPLACEMENT(#32,#14973);
#14975=IFCCARTESIANPOINT((11.800000000000001,17.800000000000001,12.));
#14976=IFCDIRECTION((0.,0.,1.));
#14977=IFCDIRECTION((1.,0.,0.));
#14978=IFCAXIS2PLACEMENT3D(#14975,#14976,#14977);
#14979=IFCLOCALPLACEMENT(#32,#14978);
#14980=IFCCARTESIANPOINT((12.,17.875,20.5));
#14981=IFCDIRECTION((0.,0.,1.));
#14982=IFCDIRECTION((1.,0.,0.));
#14983=IFCAXIS2PLACEMENT3D(#14980,#14981,#14982);
#14984=IFCLOCALPLACEMENT(#32,#14983);
#14985=IFCCARTESIANPOINT((12.,17.875,11.5));
#14986=IFCDIRECTION((0.,0.,1.));
#14987=IFCDIRECTION((1.,0.,0.));
#14988=IFCAXIS2PLACEMENT3D(#14985,#14986,#14987);
#14989=IFCLOCALPLACEMENT(#32,#14988);
#14990=IFCCARTESIANPOINT((24.125,12.,2.5));
#14991=IFCDIRECTION((0.,0.,1.));
#14992=IFCDIRECTION((6.123233995736766E-17,1.,0.));
#14993=IFCAXIS2PLACEMENT3D(#14990,#14991,#14992);
#14994=IFCLOCALPLACEMENT(#32,#14993);
#14995=IFCCARTESIANPOINT((24.125,12.,17.5));
#14996=IFCDIRECTION((0.,0.,1.));
#14997=IFCDIRECTION((6.123233995736766E-17,1.,0.));
#14998=IFCAXIS2PLACEMENT3D(#14995,#14996,#14997);
#14999=IFCLOCALPLACEMENT(#32,#14998);
#15000=IFCCARTESIANPOINT((30.125,12.,8.5999999999999996));
#15001=IFCDIRECTION((0.,0.,1.));
#15002=IFCDIRECTION((6.123233995736766E-17,1.,0.));
#15003=IFCAXIS2PLACEMENT3D(#15000,#15001,#15002);
#15004=IFCLOCALPLACEMENT(#32,#15003);
#15005=IFCCARTESIANPOINT((18.125,-7.6540424946709575E-18,11.5));
#15006=IFCDIRECTION((0.,0.,1.));
#15007=IFCDIRECTION((6.123233995736766E-17,1.,0.));
#15008=IFCAXIS2PLACEMENT3D(#15005,#15006,#15007);
#15009=IFCLOCALPLACEMENT(#32,#15008);
#15010=IFCCARTESIANPOINT((18.125,6.,17.5));
#15011=IFCDIRECTION((0.,0.,1.));
#15012=IFCDIRECTION((6.123233995736766E-17,1.,0.));
#15013=IFCAXIS2PLACEMENT3D(#15010,#15011,#15012);
#15014=IFCLOCALPLACEMENT(#32,#15013);
#15015=IFCCARTESIANPOINT((14.875,12.,11.6));
#15016=IFCDIRECTION((0.,0.,1.));
#15017=IFCDIRECTION((6.123233995736766E-17,-1.,0.));
#15018=IFCAXIS2PLACEMENT3D(#15015,#15016,#15017);
#15019=IFCLOCALPLACEMENT(#32,#15018);
#15020=IFCCARTESIANPOINT((29.800000000000001,17.800000000000001,12.));
#15021=IFCDIRECTION((0.,0.,1.));
#15022=IFCDIRECTION((1.,0.,0.));
#15023=IFCAXIS2PLACEMENT3D(#15020,#15021,#15022);
#15024=IFCLOCALPLACEMENT(#32,#15023);
#15025=IFCCARTESIANPOINT((27.,0.5,20.879999999999999));
#15026=IFCDIRECTION((0.,0.,1.));
#15027=IFCDIRECTION((1.,0.,0.));
#15028=IFCAXIS2PLACEMENT3D(#15025,#15026,#15027);
#15029=IFCLOCALPLACEMENT(#32,#15028);
#15030=IFCCARTESIANPOINT((2.875,12.,20.600000000000001));
#15031=IFCDIRECTION((0.,0.,1.));
#15032=IFCDIRECTION((6.123233995736766E-17,-1.,0.));
#15033=IFCAXIS2PLACEMENT3D(#15030,#15031,#15032);
#15034=IFCLOCALPLACEMENT(#32,#15033);
#15035=IFCCARTESIANPOINT((18.,-0.125,2.5));
#15036=IFCDIRECTION((0.,0.,1.));
#15037=IFCDIRECTION((1.,0.,0.));
#15038=IFCAXIS2PLACEMENT3D(#15035,#15036,#15037);
#15039=IFCLOCALPLACEMENT(#32,#15038);
#15040=IFCCARTESIANPOINT((5.7999999999999998,17.800000000000001,15.));
#15041=IFCDIRECTION((0.,0.,1.));
#15042=IFCDIRECTION((1.,0.,0.));
#15043=IFCAXIS2PLACEMENT3D(#15040,#15041,#15042);
#15044=IFCLOCALPLACEMENT(#32,#15043);
#15045=IFCCARTESIANPOINT((0.,0.,17.879999999999999));
#15046=IFCDIRECTION((0.,0.,1.));
#15047=IFCDIRECTION((1.,0.,0.));
#15048=IFCAXIS2PLACEMENT3D(#15045,#15046,#15047);
#15049=IFCLOCALPLACEMENT(#32,#15048);
#15050=IFCCARTESIANPOINT((6.,0.,11.880000000000001));
#15051=IFCDIRECTION((0.,0.,1.));
#15052=IFCDIRECTION((1.,0.,0.));
#15053=IFCAXIS2PLACEMENT3D(#15050,#15051,#15052);
#15054=IFCLOCALPLACEMENT(#32,#15053);
#15055=IFCCARTESIANPOINT((20.875,6.,5.5999999999999996));
#15056=IFCDIRECTION((0.,0.,1.));
#15057=IFCDIRECTION((6.123233995736766E-17,-1.,0.));
#15058=IFCAXIS2PLACEMENT3D(#15055,#15056,#15057);
#15059=IFCLOCALPLACEMENT(#32,#15058);
#15060=IFCCARTESIANPOINT((20.875,6.,11.6));
#15061=IFCDIRECTION((0.,0.,1.));
#15062=IFCDIRECTION((6.123233995736766E-17,-1.,0.));
#15063=IFCAXIS2PLACEMENT3D(#15060,#15061,#15062);
#15064=IFCLOCALPLACEMENT(#32,#15063);
#15065=IFCCARTESIANPOINT((-0.20000000000000001,-0.20000000000000001,12.));
#15066=IFCDIRECTION((0.,0.,1.));
#15067=IFCDIRECTION((1.,0.,0.));
#15068=IFCAXIS2PLACEMENT3D(#15065,#15066,#15067);
#15069=IFCLOCALPLACEMENT(#32,#15068);
#15070=IFCCARTESIANPOINT((18.,12.,23.879999999999999));
#15071=IFCDIRECTION((0.,0.,1.));
#15072=IFCDIRECTION((1.,0.,0.));
#15073=IFCAXIS2PLACEMENT3D(#15070,#15071,#15072);
#15074=IFCLOCALPLACEMENT(#32,#15073);
#15075=IFCCARTESIANPOINT((14.875,18.,14.6));
#15076=IFCDIRECTION((0.,0.,1.));
#15077=IFCDIRECTION((6.123233995736766E-17,-1.,0.));
#15078=IFCAXIS2PLACEMENT3D(#15075,#15076,#15077);
#15079=IFCLOCALPLACEMENT(#32,#15078);
#15080=IFCCARTESIANPOINT((14.875,12.,20.600000000000001));
#15081=IFCDIRECTION((0.,0.,1.));
#15082=IFCDIRECTION((6.123233995736766E-17,-1.,0.));
#15083=IFCAXIS2PLACEMENT3D(#15080,#15081,#15082);
#15084=IFCLOCALPLACEMENT(#32,#15083);
#15085=IFCCARTESIANPOINT((6.,5.875,11.5));
#15086=IFCDIRECTION((0.,0.,1.));
#15087=IFCDIRECTION((1.,0.,0.));
#15088=IFCAXIS2PLACEMENT3D(#15085,#15086,#15087);
#15089=IFCLOCALPLACEMENT(#32,#15088);
#15090=IFCCARTESIANPOINT((11.800000000000001,5.7999999999999998,12.));
#15091=IFCDIRECTION((0.,0.,1.));
#15092=IFCDIRECTION((1.,0.,0.));
#15093=IFCAXIS2PLACEMENT3D(#15090,#15091,#15092);
#15094=IFCLOCALPLACEMENT(#32,#15093);
#15095=IFCCARTESIANPOINT((17.800000000000001,17.800000000000001,15.));
#15096=IFCDIRECTION((0.,0.,1.));
#15097=IFCDIRECTION((1.,0.,0.));
#15098=IFCAXIS2PLACEMENT3D(#15095,#15096,#15097);
#15099=IFCLOCALPLACEMENT(#32,#15098);
#15100=IFCCARTESIANPOINT((0.,0.,11.880000000000001));
#15101=IFCDIRECTION((0.,0.,1.));
#15102=IFCDIRECTION((1.,0.,0.));
#15103=IFCAXIS2PLACEMENT3D(#15100,#15101,#15102);
#15104=IFCLOCALPLACEMENT(#32,#15103);
#15105=IFCCARTESIANPOINT((12.,-0.125,20.5));
#15106=IFCDIRECTION((0.,0.,1.));
#15107=IFCDIRECTION((1.,0.,0.));
#15108=IFCAXIS2PLACEMENT3D(#15105,#15106,#15107);
#15109=IFCLOCALPLACEMENT(#32,#15108);
#15110=IFCCARTESIANPOINT((18.,6.,2.8799999999999999));
#15111=IFCDIRECTION((0.,0.,1.));
#15112=IFCDIRECTION((1.,0.,0.));
#15113=IFCAXIS2PLACEMENT3D(#15110,#15111,#15112);
#15114=IFCLOCALPLACEMENT(#32,#15113);
#15115=IFCCARTESIANPOINT((24.,6.,14.880000000000001));
#15116=IFCDIRECTION((0.,0.,1.));
#15117=IFCDIRECTION((1.,0.,0.));
#15118=IFCAXIS2PLACEMENT3D(#15115,#15116,#15117);
#15119=IFCLOCALPLACEMENT(#32,#15118);
#15120=IFCCARTESIANPOINT((0.,11.875,11.5));
#15121=IFCDIRECTION((0.,0.,1.));
#15122=IFCDIRECTION((1.,0.,0.));
#15123=IFCAXIS2PLACEMENT3D(#15120,#15121,#15122);
#15124=IFCLOCALPLACEMENT(#32,#15123);
#15125=IFCCARTESIANPOINT((5.7999999999999998,5.7999999999999998,15.));
#15126=IFCDIRECTION((0.,0.,1.));
#15127=IFCDIRECTION((1.,0.,0.));
#15128=IFCAXIS2PLACEMENT3D(#15125,#15126,#15127);
#15129=IFCLOCALPLACEMENT(#32,#15128);
#15130=IFCCARTESIANPOINT((0.,0.,5.8799999999999999));
#15131=IFCDIRECTION((0.,0.,1.));
#15132=IFCDIRECTION((1.,0.,0.));
#15133=IFCAXIS2PLACEMENT3D(#15130,#15131,#15132);
#15134=IFCLOCALPLACEMENT(#32,#15133);
#15135=IFCCARTESIANPOINT((23.800000000000001,-0.20000000000000001,9.));
#15136=IFCDIRECTION((0.,0.,1.));
#15137=IFCDIRECTION((1.,0.,0.));
#15138=IFCAXIS2PLACEMENT3D(#15135,#15136,#15137);
#15139=IFCLOCALPLACEMENT(#32,#15138);
#15140=IFCCARTESIANPOINT((12.,5.875,20.5));
#15141=IFCDIRECTION((0.,0.,1.));
#15142=IFCDIRECTION((1.,0.,0.));
#15143=IFCAXIS2PLACEMENT3D(#15140,#15141,#15142);
#15144=IFCLOCALPLACEMENT(#32,#15143);
#15145=IFCCARTESIANPOINT((23.800000000000001,5.7999999999999998,15.));
#15146=IFCDIRECTION((0.,0.,1.));
#15147=IFCDIRECTION((1.,0.,0.));
#15148=IFCAXIS2PLACEMENT3D(#15145,#15146,#15147);
#15149=IFCLOCALPLACEMENT(#32,#15148);
#15150=IFCCARTESIANPOINT((11.800000000000001,17.800000000000001,18.));
#15151=IFCDIRECTION((0.,0.,1.));
#15152=IFCDIRECTION((1.,0.,0.));
#15153=IFCAXIS2PLACEMENT3D(#15150,#15151,#15152);
#15154=IFCLOCALPLACEMENT(#32,#15153);
#15155=IFCCARTESIANPOINT((12.,0.,2.8799999999999999));
#15156=IFCDIRECTION((0.,0.,1.));
#15157=IFCDIRECTION((1.,0.,0.));
#15158=IFCAXIS2PLACEMENT3D(#15155,#15156,#15157);
#15159=IFCLOCALPLACEMENT(#32,#15158);
#15160=IFCCARTESIANPOINT((3.,12.,11.880000000000001));
#15161=IFCDIRECTION((0.,0.,1.));
#15162=IFCDIRECTION((1.,0.,0.));
#15163=IFCAXIS2PLACEMENT3D(#15160,#15161,#15162);
#15164=IFCLOCALPLACEMENT(#32,#15163);
#15165=IFCCARTESIANPOINT((24.,0.,8.8800000000000008));
#15166=IFCDIRECTION((0.,0.,1.));
#15167=IFCDIRECTION((1.,0.,0.));
#15168=IFCAXIS2PLACEMENT3D(#15165,#15166,#15167);
#15169=IFCLOCALPLACEMENT(#32,#15168);
#15170=IFCCARTESIANPOINT((5.7999999999999998,5.7999999999999998,3.));
#15171=IFCDIRECTION((0.,0.,1.));
#15172=IFCDIRECTION((1.,0.,0.));
#15173=IFCAXIS2PLACEMENT3D(#15170,#15171,#15172);
#15174=IFCLOCALPLACEMENT(#32,#15173);
#15175=IFCCARTESIANPOINT((18.,12.,14.880000000000001));
#15176=IFCDIRECTION((0.,0.,1.));
#15177=IFCDIRECTION((1.,0.,0.));
#15178=IFCAXIS2PLACEMENT3D(#15175,#15176,#15177);
#15179=IFCLOCALPLACEMENT(#32,#15178);
#15180=IFCCARTESIANPOINT((23.800000000000001,11.800000000000001,12.));
#15181=IFCDIRECTION((0.,0.,1.));
#15182=IFCDIRECTION((1.,0.,0.));
#15183=IFCAXIS2PLACEMENT3D(#15180,#15181,#15182);
#15184=IFCLOCALPLACEMENT(#32,#15183);
#15185=IFCCARTESIANPOINT((12.125,12.,11.5));
#15186=IFCDIRECTION((0.,0.,1.));
#15187=IFCDIRECTION((6.123233995736766E-17,1.,0.));
#15188=IFCAXIS2PLACEMENT3D(#15185,#15186,#15187);
#15189=IFCLOCALPLACEMENT(#32,#15188);
#15190=IFCCARTESIANPOINT((29.800000000000001,0.80000000000000004,18.));
#15191=IFCDIRECTION((0.,0.,1.));
#15192=IFCDIRECTION((1.,0.,0.));
#15193=IFCAXIS2PLACEMENT3D(#15190,#15191,#15192);
#15194=IFCLOCALPLACEMENT(#32,#15193);
#15195=IFCCARTESIANPOINT((-0.20000000000000001,17.800000000000001,12.));
#15196=IFCDIRECTION((0.,0.,1.));
#15197=IFCDIRECTION((1.,0.,0.));
#15198=IFCAXIS2PLACEMENT3D(#15195,#15196,#15197);
#15199=IFCLOCALPLACEMENT(#32,#15198);
#15200=IFCCARTESIANPOINT((3.,0.,2.8799999999999999));
#15201=IFCDIRECTION((0.,0.,1.));
#15202=IFCDIRECTION((1.,0.,0.));
#15203=IFCAXIS2PLACEMENT3D(#15200,#15201,#15202);
#15204=IFCLOCALPLACEMENT(#32,#15203);
#15205=IFCCARTESIANPOINT((5.7999999999999998,-0.20000000000000001,3.));
#15206=IFCDIRECTION((0.,0.,1.));
#15207=IFCDIRECTION((1.,0.,0.));
#15208=IFCAXIS2PLACEMENT3D(#15205,#15206,#15207);
#15209=IFCLOCALPLACEMENT(#32,#15208);
#15210=IFCCARTESIANPOINT((27.,0.5,23.879999999999999));
#15211=IFCDIRECTION((0.,0.,1.));
#15212=IFCDIRECTION((1.,0.,0.));
#15213=IFCAXIS2PLACEMENT3D(#15210,#15211,#15212);
#15214=IFCLOCALPLACEMENT(#32,#15213);
#15215=IFCCARTESIANPOINT((6.125,12.,20.5));
#15216=IFCDIRECTION((0.,0.,1.));
#15217=IFCDIRECTION((6.123233995736766E-17,1.,0.));
#15218=IFCAXIS2PLACEMENT3D(#15215,#15216,#15217);
#15219=IFCLOCALPLACEMENT(#32,#15218);
#15220=IFCCARTESIANPOINT((18.125,6.,2.5));
#15221=IFCDIRECTION((0.,0.,1.));
#15222=IFCDIRECTION((6.123233995736766E-17,1.,0.));
#15223=IFCAXIS2PLACEMENT3D(#15220,#15221,#15222);
#15224=IFCLOCALPLACEMENT(#32,#15223);
#15225=IFCCARTESIANPOINT((17.800000000000001,-0.20000000000000001,18.));
#15226=IFCDIRECTION((0.,0.,1.));
#15227=IFCDIRECTION((1.,0.,0.));
#15228=IFCAXIS2PLACEMENT3D(#15225,#15226,#15227);
#15229=IFCLOCALPLACEMENT(#32,#15228);
#15230=IFCCARTESIANPOINT((3.,6.,2.8799999999999999));
#15231=IFCDIRECTION((0.,0.,1.));
#15232=IFCDIRECTION((1.,0.,0.));
#15233=IFCAXIS2PLACEMENT3D(#15230,#15231,#15232);
#15234=IFCLOCALPLACEMENT(#32,#15233);
#15235=IFCCARTESIANPOINT((6.,6.,14.880000000000001));
#15236=IFCDIRECTION((0.,0.,1.));
#15237=IFCDIRECTION((1.,0.,0.));
#15238=IFCAXIS2PLACEMENT3D(#15235,#15236,#15237);
#15239=IFCLOCALPLACEMENT(#32,#15238);
#15240=IFCCARTESIANPOINT((27.,6.,17.879999999999999));
#15241=IFCDIRECTION((0.,0.,1.));
#15242=IFCDIRECTION((1.,0.,0.));
#15243=IFCAXIS2PLACEMENT3D(#15240,#15241,#15242);
#15244=IFCLOCALPLACEMENT(#32,#15243);
#15245=IFCCARTESIANPOINT((29.800000000000001,0.80000000000000004,6.));
#15246=IFCDIRECTION((0.,0.,1.));
#15247=IFCDIRECTION((1.,0.,0.));
#15248=IFCAXIS2PLACEMENT3D(#15245,#15246,#15247);
#15249=IFCLOCALPLACEMENT(#32,#15248);
#15250=IFCCARTESIANPOINT((21.,6.,17.879999999999999));
#15251=IFCDIRECTION((0.,0.,1.));
#15252=IFCDIRECTION((1.,0.,0.));
#15253=IFCAXIS2PLACEMENT3D(#15250,#15251,#15252);
#15254=IFCLOCALPLACEMENT(#32,#15253);
#15255=IFCCARTESIANPOINT((27.,6.,23.879999999999999));
#15256=IFCDIRECTION((0.,0.,1.));
#15257=IFCDIRECTION((1.,0.,0.));
#15258=IFCAXIS2PLACEMENT3D(#15255,#15256,#15257);
#15259=IFCLOCALPLACEMENT(#32,#15258);
#15260=IFCCARTESIANPOINT((-0.20000000000000001,-0.20000000000000001,15.));
#15261=IFCDIRECTION((0.,0.,1.));
#15262=IFCDIRECTION((1.,0.,0.));
#15263=IFCAXIS2PLACEMENT3D(#15260,#15261,#15262);
#15264=IFCLOCALPLACEMENT(#32,#15263);
#15265=IFCCARTESIANPOINT((24.125,6.,11.5));
#15266=IFCDIRECTION((0.,0.,1.));
#15267=IFCDIRECTION((6.123233995736766E-17,1.,0.));
#15268=IFCAXIS2PLACEMENT3D(#15265,#15266,#15267);
#15269=IFCLOCALPLACEMENT(#32,#15268);
#15270=IFCCARTESIANPOINT((8.875,12.,14.6));
#15271=IFCDIRECTION((0.,0.,1.));
#15272=IFCDIRECTION((6.123233995736766E-17,-1.,0.));
#15273=IFCAXIS2PLACEMENT3D(#15270,#15271,#15272);
#15274=IFCLOCALPLACEMENT(#32,#15273);
#15275=IFCCARTESIANPOINT((29.800000000000001,11.800000000000001,21.));
#15276=IFCDIRECTION((0.,0.,1.));
#15277=IFCDIRECTION((1.,0.,0.));
#15278=IFCAXIS2PLACEMENT3D(#15275,#15276,#15277);
#15279=IFCLOCALPLACEMENT(#32,#15278);
#15280=IFCCARTESIANPOINT((11.800000000000001,5.7999999999999998,18.));
#15281=IFCDIRECTION((0.,0.,1.));
#15282=IFCDIRECTION((1.,0.,0.));
#15283=IFCAXIS2PLACEMENT3D(#15280,#15281,#15282);
#15284=IFCLOCALPLACEMENT(#32,#15283);
#15285=IFCCARTESIANPOINT((9.,12.,2.8799999999999999));
#15286=IFCDIRECTION((0.,0.,1.));
#15287=IFCDIRECTION((1.,0.,0.));
#15288=IFCAXIS2PLACEMENT3D(#15285,#15286,#15287);
#15289=IFCLOCALPLACEMENT(#32,#15288);
#15290=IFCCARTESIANPOINT((-0.20000000000000001,5.7999999999999998,6.));
#15291=IFCDIRECTION((0.,0.,1.));
#15292=IFCDIRECTION((1.,0.,0.));
#15293=IFCAXIS2PLACEMENT3D(#15290,#15291,#15292);
#15294=IFCLOCALPLACEMENT(#32,#15293);
#15295=IFCCARTESIANPOINT((18.,6.,14.880000000000001));
#15296=IFCDIRECTION((0.,0.,1.));
#15297=IFCDIRECTION((1.,0.,0.));
#15298=IFCAXIS2PLACEMENT3D(#15295,#15296,#15297);
#15299=IFCLOCALPLACEMENT(#32,#15298);
#15300=IFCCARTESIANPOINT((2.875,18.,23.600000000000001));
#15301=IFCDIRECTION((0.,0.,1.));
#15302=IFCDIRECTION((6.123233995736766E-17,-1.,0.));
#15303=IFCAXIS2PLACEMENT3D(#15300,#15301,#15302);
#15304=IFCLOCALPLACEMENT(#32,#15303);
#15305=IFCCARTESIANPOINT((14.875,12.,5.5999999999999996));
#15306=IFCDIRECTION((0.,0.,1.));
#15307=IFCDIRECTION((6.123233995736766E-17,-1.,0.));
#15308=IFCAXIS2PLACEMENT3D(#15305,#15306,#15307);
#15309=IFCLOCALPLACEMENT(#32,#15308);
#15310=IFCCARTESIANPOINT((23.800000000000001,17.800000000000001,21.));
#15311=IFCDIRECTION((0.,0.,1.));
#15312=IFCDIRECTION((1.,0.,0.));
#15313=IFCAXIS2PLACEMENT3D(#15310,#15311,#15312);
#15314=IFCLOCALPLACEMENT(#32,#15313);
#15315=IFCCARTESIANPOINT((-0.20000000000000001,5.7999999999999998,18.));
#15316=IFCDIRECTION((0.,0.,1.));
#15317=IFCDIRECTION((1.,0.,0.));
#15318=IFCAXIS2PLACEMENT3D(#15315,#15316,#15317);
#15319=IFCLOCALPLACEMENT(#32,#15318);
#15320=IFCCARTESIANPOINT((18.,5.875,2.5));
#15321=IFCDIRECTION((0.,0.,1.));
#15322=IFCDIRECTION((1.,0.,0.));
#15323=IFCAXIS2PLACEMENT3D(#15320,#15321,#15322);
#15324=IFCLOCALPLACEMENT(#32,#15323);
#15325=IFCCARTESIANPOINT((15.,0.,17.879999999999999));
#15326=IFCDIRECTION((0.,0.,1.));
#15327=IFCDIRECTION((1.,0.,0.));
#15328=IFCAXIS2PLACEMENT3D(#15325,#15326,#15327);
#15329=IFCLOCALPLACEMENT(#32,#15328);
#15330=IFCCARTESIANPOINT((12.,-0.125,5.5));
#15331=IFCDIRECTION((0.,0.,1.));
#15332=IFCDIRECTION((1.,0.,0.));
#15333=IFCAXIS2PLACEMENT3D(#15330,#15331,#15332);
#15334=IFCLOCALPLACEMENT(#32,#15333);
#15335=IFCCARTESIANPOINT((6.,-0.125,11.5));
#15336=IFCDIRECTION((0.,0.,1.));
#15337=IFCDIRECTION((1.,0.,0.));
#15338=IFCAXIS2PLACEMENT3D(#15335,#15336,#15337);
#15339=IFCLOCALPLACEMENT(#32,#15338);
#15340=IFCCARTESIANPOINT((29.800000000000001,11.800000000000001,9.));
#15341=IFCDIRECTION((0.,0.,1.));
#15342=IFCDIRECTION((1.,0.,0.));
#15343=IFCAXIS2PLACEMENT3D(#15340,#15341,#15342);
#15344=IFCLOCALPLACEMENT(#32,#15343);
#15345=IFCCARTESIANPOINT((26.875,12.,5.5999999999999996));
#15346=IFCDIRECTION((0.,0.,1.));
#15347=IFCDIRECTION((6.123233995736766E-17,-1.,0.));
#15348=IFCAXIS2PLACEMENT3D(#15345,#15346,#15347);
#15349=IFCLOCALPLACEMENT(#32,#15348);
#15350=IFCCARTESIANPOINT((21.,12.,2.8799999999999999));
#15351=IFCDIRECTION((0.,0.,1.));
#15352=IFCDIRECTION((1.,0.,0.));
#15353=IFCAXIS2PLACEMENT3D(#15350,#15351,#15352);
#15354=IFCLOCALPLACEMENT(#32,#15353);
#15355=IFCCARTESIANPOINT((5.7999999999999998,5.7999999999999998,18.));
#15356=IFCDIRECTION((0.,0.,1.));
#15357=IFCDIRECTION((1.,0.,0.));
#15358=IFCAXIS2PLACEMENT3D(#15355,#15356,#15357);
#15359=IFCLOCALPLACEMENT(#32,#15358);
#15360=IFCCARTESIANPOINT((24.125,12.,20.5));
#15361=IFCDIRECTION((0.,0.,1.));
#15362=IFCDIRECTION((6.123233995736766E-17,1.,0.));
#15363=IFCAXIS2PLACEMENT3D(#15360,#15361,#15362);
#15364=IFCLOCALPLACEMENT(#32,#15363);
#15365=IFCCARTESIANPOINT((20.875,12.,14.6));
#15366=IFCDIRECTION((0.,0.,1.));
#15367=IFCDIRECTION((6.123233995736766E-17,-1.,0.));
#15368=IFCAXIS2PLACEMENT3D(#15365,#15366,#15367);
#15369=IFCLOCALPLACEMENT(#32,#15368);
#15370=IFCCARTESIANPOINT((11.800000000000001,-0.20000000000000001,3.));
#15371=IFCDIRECTION((0.,0.,1.));
#15372=IFCDIRECTION((1.,0.,0.));
#15373=IFCAXIS2PLACEMENT3D(#15370,#15371,#15372);
#15374=IFCLOCALPLACEMENT(#32,#15373);
#15375=IFCCARTESIANPOINT((20.875,6.,20.600000000000001));
#15376=IFCDIRECTION((0.,0.,1.));
#15377=IFCDIRECTION((6.123233995736766E-17,-1.,0.));
#15378=IFCAXIS2PLACEMENT3D(#15375,#15376,#15377);
#15379=IFCLOCALPLACEMENT(#32,#15378);
#15380=IFCCARTESIANPOINT((23.800000000000001,5.7999999999999998,21.));
#15381=IFCDIRECTION((0.,0.,1.));
#15382=IFCDIRECTION((1.,0.,0.));
#15383=IFCAXIS2PLACEMENT3D(#15380,#15381,#15382);
#15384=IFCLOCALPLACEMENT(#32,#15383);
#15385=IFCCARTESIANPOINT((12.,6.,5.8799999999999999));
#15386=IFCDIRECTION((0.,0.,1.));
#15387=IFCDIRECTION((1.,0.,0.));
#15388=IFCAXIS2PLACEMENT3D(#15385,#15386,#15387);
#15389=IFCLOCALPLACEMENT(#32,#15388);
#15390=IFCCARTESIANPOINT((29.800000000000001,5.7999999999999998,9.));
#15391=IFCDIRECTION((0.,0.,1.));
#15392=IFCDIRECTION((1.,0.,0.));
#15393=IFCAXIS2PLACEMENT3D(#15390,#15391,#15392);
#15394=IFCLOCALPLACEMENT(#32,#15393);
#15395=IFCCARTESIANPOINT((24.,6.,17.879999999999999));
#15396=IFCDIRECTION((0.,0.,1.));
#15397=IFCDIRECTION((1.,0.,0.));
#15398=IFCAXIS2PLACEMENT3D(#15395,#15396,#15397);
#15399=IFCLOCALPLACEMENT(#32,#15398);
#15400=IFCCARTESIANPOINT((12.,5.875,5.5));
#15401=IFCDIRECTION((0.,0.,1.));
#15402=IFCDIRECTION((1.,0.,0.));
#15403=IFCAXIS2PLACEMENT3D(#15400,#15401,#15402);
#15404=IFCLOCALPLACEMENT(#32,#15403);
#15405=IFCCARTESIANPOINT((26.875,6.,2.6000000000000001));
#15406=IFCDIRECTION((0.,0.,1.));
#15407=IFCDIRECTION((6.123233995736766E-17,-1.,0.));
#15408=IFCAXIS2PLACEMENT3D(#15405,#15406,#15407);
#15409=IFCLOCALPLACEMENT(#32,#15408);
#15410=IFCCARTESIANPOINT((29.800000000000001,5.7999999999999998,21.));
#15411=IFCDIRECTION((0.,0.,1.));
#15412=IFCDIRECTION((1.,0.,0.));
#15413=IFCAXIS2PLACEMENT3D(#15410,#15411,#15412);
#15414=IFCLOCALPLACEMENT(#32,#15413);
#15415=IFCCARTESIANPOINT((6.125,12.,2.5));
#15416=IFCDIRECTION((0.,0.,1.));
#15417=IFCDIRECTION((6.123233995736766E-17,1.,0.));
#15418=IFCAXIS2PLACEMENT3D(#15415,#15416,#15417);
#15419=IFCLOCALPLACEMENT(#32,#15418);
#15420=IFCCARTESIANPOINT((6.,12.,17.879999999999999));
#15421=IFCDIRECTION((0.,0.,1.));
#15422=IFCDIRECTION((1.,0.,0.));
#15423=IFCAXIS2PLACEMENT3D(#15420,#15421,#15422);
#15424=IFCLOCALPLACEMENT(#32,#15423);
#15425=IFCCARTESIANPOINT((26.875,12.,8.5999999999999996));
#15426=IFCDIRECTION((0.,0.,1.));
#15427=IFCDIRECTION((6.123233995736766E-17,-1.,0.));
#15428=IFCAXIS2PLACEMENT3D(#15425,#15426,#15427);
#15429=IFCLOCALPLACEMENT(#32,#15428);
#15430=IFCCARTESIANPOINT((2.875,6.,14.6));
#15431=IFCDIRECTION((0.,0.,1.));
#15432=IFCDIRECTION((6.123233995736766E-17,-1.,0.));
#15433=IFCAXIS2PLACEMENT3D(#15430,#15431,#15432);
#15434=IFCLOCALPLACEMENT(#32,#15433);
#15435=IFCCARTESIANPOINT((5.7999999999999998,11.800000000000001,0.));
#15436=IFCDIRECTION((0.,0.,1.));
#15437=IFCDIRECTION((1.,0.,0.));
#15438=IFCAXIS2PLACEMENT3D(#15435,#15436,#15437);
#15439=IFCLOCALPLACEMENT(#32,#15438);
#15440=IFCCARTESIANPOINT((6.,17.875,5.5));
#15441=IFCDIRECTION((0.,0.,1.));
#15442=IFCDIRECTION((1.,0.,0.));
#15443=IFCAXIS2PLACEMENT3D(#15440,#15441,#15442);
#15444=IFCLOCALPLACEMENT(#32,#15443);
#15445=IFCCARTESIANPOINT((-0.20000000000000001,17.800000000000001,18.));
#15446=IFCDIRECTION((0.,0.,1.));
#15447=IFCDIRECTION((1.,0.,0.));
#15448=IFCAXIS2PLACEMENT3D(#15445,#15446,#15447);
#15449=IFCLOCALPLACEMENT(#32,#15448);
#15450=IFCCARTESIANPOINT((6.,0.,5.8799999999999999));
#15451=IFCDIRECTION((0.,0.,1.));
#15452=IFCDIRECTION((1.,0.,0.));
#15453=IFCAXIS2PLACEMENT3D(#15450,#15451,#15452);
#15454=IFCLOCALPLACEMENT(#32,#15453);
#15455=IFCCARTESIANPOINT((29.800000000000001,0.80000000000000004,21.));
#15456=IFCDIRECTION((0.,0.,1.));
#15457=IFCDIRECTION((1.,0.,0.));
#15458=IFCAXIS2PLACEMENT3D(#15455,#15456,#15457);
#15459=IFCLOCALPLACEMENT(#32,#15458);
#15460=IFCCARTESIANPOINT((20.875,6.,23.600000000000001));
#15461=IFCDIRECTION((0.,0.,1.));
#15462=IFCDIRECTION((6.123233995736766E-17,-1.,0.));
#15463=IFCAXIS2PLACEMENT3D(#15460,#15461,#15462);
#15464=IFCLOCALPLACEMENT(#32,#15463);
#15465=IFCCARTESIANPOINT((0.,11.875,14.5));
#15466=IFCDIRECTION((0.,0.,1.));
#15467=IFCDIRECTION((1.,0.,0.));
#15468=IFCAXIS2PLACEMENT3D(#15465,#15466,#15467);
#15469=IFCLOCALPLACEMENT(#32,#15468);
#15470=IFCCARTESIANPOINT((6.,11.875,5.5));
#15471=IFCDIRECTION((0.,0.,1.));
#15472=IFCDIRECTION((1.,0.,0.));
#15473=IFCAXIS2PLACEMENT3D(#15470,#15471,#15472);
#15474=IFCLOCALPLACEMENT(#32,#15473);
#15475=IFCCARTESIANPOINT((6.,11.875,20.5));
#15476=IFCDIRECTION((0.,0.,1.));
#15477=IFCDIRECTION((1.,0.,0.));
#15478=IFCAXIS2PLACEMENT3D(#15475,#15476,#15477);
#15479=IFCLOCALPLACEMENT(#32,#15478);
#15480=IFCCARTESIANPOINT((24.02054987341317,-0.12329924047901797,14.6));
#15481=IFCDIRECTION((0.,0.,1.));
#15482=IFCDIRECTION((0.98639392383214375,0.16439898730535726,0.));
#15483=IFCAXIS2PLACEMENT3D(#15480,#15481,#15482);
#15484=IFCLOCALPLACEMENT(#32,#15483);
#15485=IFCCARTESIANPOINT((21.,0.,8.8800000000000008));
#15486=IFCDIRECTION((0.,0.,1.));
#15487=IFCDIRECTION((1.,0.,0.));
#15488=IFCAXIS2PLACEMENT3D(#15485,#15486,#15487);
#15489=IFCLOCALPLACEMENT(#32,#15488);
#15490=IFCCARTESIANPOINT((18.125,-7.6540424946709575E-18,2.5));
#15491=IFCDIRECTION((0.,0.,1.));
#15492=IFCDIRECTION((6.123233995736766E-17,1.,0.));
#15493=IFCAXIS2PLACEMENT3D(#15490,#15491,#15492);
#15494=IFCLOCALPLACEMENT(#32,#15493);
#15495=IFCCARTESIANPOINT((18.,12.,17.879999999999999));
#15496=IFCDIRECTION((0.,0.,1.));
#15497=IFCDIRECTION((1.,0.,0.));
#15498=IFCAXIS2PLACEMENT3D(#15495,#15496,#15497);
#15499=IFCLOCALPLACEMENT(#32,#15498);
#15500=IFCCARTESIANPOINT((6.125,12.,5.5));
#15501=IFCDIRECTION((0.,0.,1.));
#15502=IFCDIRECTION((6.123233995736766E-17,1.,0.));
#15503=IFCAXIS2PLACEMENT3D(#15500,#15501,#15502);
#15504=IFCLOCALPLACEMENT(#32,#15503);
#15505=IFCCARTESIANPOINT((6.125,6.,11.5));
#15506=IFCDIRECTION((0.,0.,1.));
#15507=IFCDIRECTION((6.123233995736766E-17,1.,0.));
#15508=IFCAXIS2PLACEMENT3D(#15505,#15506,#15507);
#15509=IFCLOCALPLACEMENT(#32,#15508);
#15510=IFCCARTESIANPOINT((17.800000000000001,11.800000000000001,0.));
#15511=IFCDIRECTION((0.,0.,1.));
#15512=IFCDIRECTION((1.,0.,0.));
#15513=IFCAXIS2PLACEMENT3D(#15510,#15511,#15512);
#15514=IFCLOCALPLACEMENT(#32,#15513);
#15515=IFCCARTESIANPOINT((2.875,18.,5.5999999999999996));
#15516=IFCDIRECTION((0.,0.,1.));
#15517=IFCDIRECTION((6.123233995736766E-17,-1.,0.));
#15518=IFCAXIS2PLACEMENT3D(#15515,#15516,#15517);
#15519=IFCLOCALPLACEMENT(#32,#15518);
#15520=IFCCARTESIANPOINT((9.,6.,20.879999999999999));
#15521=IFCDIRECTION((0.,0.,1.));
#15522=IFCDIRECTION((1.,0.,0.));
#15523=IFCAXIS2PLACEMENT3D(#15520,#15521,#15522);
#15524=IFCLOCALPLACEMENT(#32,#15523);
#15525=IFCCARTESIANPOINT((26.875,12.,23.600000000000001));
#15526=IFCDIRECTION((0.,0.,1.));
#15527=IFCDIRECTION((6.123233995736766E-17,-1.,0.));
#15528=IFCAXIS2PLACEMENT3D(#15525,#15526,#15527);
#15529=IFCLOCALPLACEMENT(#32,#15528);
#15530=IFCCARTESIANPOINT((0.,17.875,14.5));
#15531=IFCDIRECTION((0.,0.,1.));
#15532=IFCDIRECTION((1.,0.,0.));
#15533=IFCAXIS2PLACEMENT3D(#15530,#15531,#15532);
#15534=IFCLOCALPLACEMENT(#32,#15533);
#15535=IFCCARTESIANPOINT((-0.20000000000000001,11.800000000000001,3.));
#15536=IFCDIRECTION((0.,0.,1.));
#15537=IFCDIRECTION((1.,0.,0.));
#15538=IFCAXIS2PLACEMENT3D(#15535,#15536,#15537);
#15539=IFCLOCALPLACEMENT(#32,#15538);
#15540=IFCCARTESIANPOINT((6.,17.875,20.5));
#15541=IFCDIRECTION((0.,0.,1.));
#15542=IFCDIRECTION((1.,0.,0.));
#15543=IFCAXIS2PLACEMENT3D(#15540,#15541,#15542);
#15544=IFCLOCALPLACEMENT(#32,#15543);
#15545=IFCCARTESIANPOINT((24.02054987341317,-0.12329924047901797,2.6000000000000001));
#15546=IFCDIRECTION((0.,0.,1.));
#15547=IFCDIRECTION((0.98639392383214375,0.16439898730535726,0.));
#15548=IFCAXIS2PLACEMENT3D(#15545,#15546,#15547);
#15549=IFCLOCALPLACEMENT(#32,#15548);
#15550=IFCCARTESIANPOINT((3.,6.,5.8799999999999999));
#15551=IFCDIRECTION((0.,0.,1.));
#15552=IFCDIRECTION((1.,0.,0.));
#15553=IFCAXIS2PLACEMENT3D(#15550,#15551,#15552);
#15554=IFCLOCALPLACEMENT(#32,#15553);
#15555=IFCCARTESIANPOINT((6.,11.875,23.5));
#15556=IFCDIRECTION((0.,0.,1.));
#15557=IFCDIRECTION((1.,0.,0.));
#15558=IFCAXIS2PLACEMENT3D(#15555,#15556,#15557);
#15559=IFCLOCALPLACEMENT(#32,#15558);
#15560=IFCCARTESIANPOINT((18.125,-7.6540424946709575E-18,5.5));
#15561=IFCDIRECTION((0.,0.,1.));
#15562=IFCDIRECTION((6.123233995736766E-17,1.,0.));
#15563=IFCAXIS2PLACEMENT3D(#15560,#15561,#15562);
#15564=IFCLOCALPLACEMENT(#32,#15563);
#15565=IFCCARTESIANPOINT((18.125,-7.6540424946709575E-18,20.5));
#15566=IFCDIRECTION((0.,0.,1.));
#15567=IFCDIRECTION((6.123233995736766E-17,1.,0.));
#15568=IFCAXIS2PLACEMENT3D(#15565,#15566,#15567);
#15569=IFCLOCALPLACEMENT(#32,#15568);
#15570=IFCCARTESIANPOINT((-0.125,6.,14.6));
#15571=IFCDIRECTION((0.,0.,1.));
#15572=IFCDIRECTION((6.123233995736766E-17,-1.,0.));
#15573=IFCAXIS2PLACEMENT3D(#15570,#15571,#15572);
#15574=IFCLOCALPLACEMENT(#32,#15573);
#15575=IFCCARTESIANPOINT((12.,6.,23.879999999999999));
#15576=IFCDIRECTION((0.,0.,1.));
#15577=IFCDIRECTION((1.,0.,0.));
#15578=IFCAXIS2PLACEMENT3D(#15575,#15576,#15577);
#15579=IFCLOCALPLACEMENT(#32,#15578);
#15580=IFCCARTESIANPOINT((21.,6.,20.879999999999999));
#15581=IFCDIRECTION((0.,0.,1.));
#15582=IFCDIRECTION((1.,0.,0.));
#15583=IFCAXIS2PLACEMENT3D(#15580,#15581,#15582);
#15584=IFCLOCALPLACEMENT(#32,#15583);
#15585=IFCCARTESIANPOINT((2.875,18.,8.5999999999999996));
#15586=IFCDIRECTION((0.,0.,1.));
#15587=IFCDIRECTION((6.123233995736766E-17,-1.,0.));
#15588=IFCAXIS2PLACEMENT3D(#15585,#15586,#15587);
#15589=IFCLOCALPLACEMENT(#32,#15588);
#15590=IFCCARTESIANPOINT((24.,17.875,14.5));
#15591=IFCDIRECTION((0.,0.,1.));
#15592=IFCDIRECTION((1.,0.,0.));
#15593=IFCAXIS2PLACEMENT3D(#15590,#15591,#15592);
#15594=IFCLOCALPLACEMENT(#32,#15593);
#15595=IFCCARTESIANPOINT((11.800000000000001,11.800000000000001,3.));
#15596=IFCDIRECTION((0.,0.,1.));
#15597=IFCDIRECTION((1.,0.,0.));
#15598=IFCAXIS2PLACEMENT3D(#15595,#15596,#15597);
#15599=IFCLOCALPLACEMENT(#32,#15598);
#15600=IFCCARTESIANPOINT((6.,-0.125,5.5));
#15601=IFCDIRECTION((0.,0.,1.));
#15602=IFCDIRECTION((1.,0.,0.));
#15603=IFCAXIS2PLACEMENT3D(#15600,#15601,#15602);
#15604=IFCLOCALPLACEMENT(#32,#15603);
#15605=IFCCARTESIANPOINT((6.,17.875,23.5));
#15606=IFCDIRECTION((0.,0.,1.));
#15607=IFCDIRECTION((1.,0.,0.));
#15608=IFCAXIS2PLACEMENT3D(#15605,#15606,#15607);
#15609=IFCLOCALPLACEMENT(#32,#15608);
#15610=IFCCARTESIANPOINT((24.125,-7.6540424946709575E-18,14.5));
#15611=IFCDIRECTION((0.,0.,1.));
#15612=IFCDIRECTION((6.123233995736766E-17,1.,0.));
#15613=IFCAXIS2PLACEMENT3D(#15610,#15611,#15612);
#15614=IFCLOCALPLACEMENT(#32,#15613);
#15615=IFCCARTESIANPOINT((24.125,6.,20.5));
#15616=IFCDIRECTION((0.,0.,1.));
#15617=IFCDIRECTION((6.123233995736766E-17,1.,0.));
#15618=IFCAXIS2PLACEMENT3D(#15615,#15616,#15617);
#15619=IFCLOCALPLACEMENT(#32,#15618);
#15620=IFCCARTESIANPOINT((-0.125,6.,2.6000000000000001));
#15621=IFCDIRECTION((0.,0.,1.));
#15622=IFCDIRECTION((6.123233995736766E-17,-1.,0.));
#15623=IFCAXIS2PLACEMENT3D(#15620,#15621,#15622);
#15624=IFCLOCALPLACEMENT(#32,#15623);
#15625=IFCCARTESIANPOINT((24.,12.,8.8800000000000008));
#15626=IFCDIRECTION((0.,0.,1.));
#15627=IFCDIRECTION((1.,0.,0.));
#15628=IFCAXIS2PLACEMENT3D(#15625,#15626,#15627);
#15629=IFCLOCALPLACEMENT(#32,#15628);
#15630=IFCCARTESIANPOINT((18.125,-7.6540424946709575E-18,23.5));
#15631=IFCDIRECTION((0.,0.,1.));
#15632=IFCDIRECTION((6.123233995736766E-17,1.,0.));
#15633=IFCAXIS2PLACEMENT3D(#15630,#15631,#15632);
#15634=IFCLOCALPLACEMENT(#32,#15633);
#15635=IFCCARTESIANPOINT((14.875,18.,8.5999999999999996));
#15636=IFCDIRECTION((0.,0.,1.));
#15637=IFCDIRECTION((6.123233995736766E-17,-1.,0.));
#15638=IFCAXIS2PLACEMENT3D(#15635,#15636,#15637);
#15639=IFCLOCALPLACEMENT(#32,#15638);
#15640=IFCCARTESIANPOINT((14.875,18.,23.600000000000001));
#15641=IFCDIRECTION((0.,0.,1.));
#15642=IFCDIRECTION((6.123233995736766E-17,-1.,0.));
#15643=IFCAXIS2PLACEMENT3D(#15640,#15641,#15642);
#15644=IFCLOCALPLACEMENT(#32,#15643);
#15645=IFCCARTESIANPOINT((0.,6.,20.879999999999999));
#15646=IFCDIRECTION((0.,0.,1.));
#15647=IFCDIRECTION((1.,0.,0.));
#15648=IFCAXIS2PLACEMENT3D(#15645,#15646,#15647);
#15649=IFCLOCALPLACEMENT(#32,#15648);
#15650=IFCCARTESIANPOINT((0.,-0.125,14.5));
#15651=IFCDIRECTION((0.,0.,1.));
#15652=IFCDIRECTION((1.,0.,0.));
#15653=IFCAXIS2PLACEMENT3D(#15650,#15651,#15652);
#15654=IFCLOCALPLACEMENT(#32,#15653);
#15655=IFCCARTESIANPOINT((5.7999999999999998,11.800000000000001,6.));
#15656=IFCDIRECTION((0.,0.,1.));
#15657=IFCDIRECTION((1.,0.,0.));
#15658=IFCAXIS2PLACEMENT3D(#15655,#15656,#15657);
#15659=IFCLOCALPLACEMENT(#32,#15658);
#15660=IFCCARTESIANPOINT((2.875,6.,8.5999999999999996));
#15661=IFCDIRECTION((0.,0.,1.));
#15662=IFCDIRECTION((6.123233995736766E-17,-1.,0.));
#15663=IFCAXIS2PLACEMENT3D(#15660,#15661,#15662);
#15664=IFCLOCALPLACEMENT(#32,#15663);
#15665=IFCCARTESIANPOINT((15.,6.,2.8799999999999999));
#15666=IFCDIRECTION((0.,0.,1.));
#15667=IFCDIRECTION((1.,0.,0.));
#15668=IFCAXIS2PLACEMENT3D(#15665,#15666,#15667);
#15669=IFCLOCALPLACEMENT(#32,#15668);
#15670=IFCCARTESIANPOINT((24.125,6.,23.5));
#15671=IFCDIRECTION((0.,0.,1.));
#15672=IFCDIRECTION((6.123233995736766E-17,1.,0.));
#15673=IFCAXIS2PLACEMENT3D(#15670,#15671,#15672);
#15674=IFCLOCALPLACEMENT(#32,#15673);
#15675=IFCCARTESIANPOINT((20.875,18.,17.600000000000001));
#15676=IFCDIRECTION((0.,0.,1.));
#15677=IFCDIRECTION((6.123233995736766E-17,-1.,0.));
#15678=IFCAXIS2PLACEMENT3D(#15675,#15676,#15677);
#15679=IFCLOCALPLACEMENT(#32,#15678);
#15680=IFCCARTESIANPOINT((20.875,12.,23.600000000000001));
#15681=IFCDIRECTION((0.,0.,1.));
#15682=IFCDIRECTION((6.123233995736766E-17,-1.,0.));
#15683=IFCAXIS2PLACEMENT3D(#15680,#15681,#15682);
#15684=IFCLOCALPLACEMENT(#32,#15683);
#15685=IFCCARTESIANPOINT((29.875,6.,5.5999999999999996));
#15686=IFCDIRECTION((0.,0.,1.));
#15687=IFCDIRECTION((6.123233995736766E-17,-1.,0.));
#15688=IFCAXIS2PLACEMENT3D(#15685,#15686,#15687);
#15689=IFCLOCALPLACEMENT(#32,#15688);
#15690=IFCCARTESIANPOINT((0.,6.,17.879999999999999));
#15691=IFCDIRECTION((0.,0.,1.));
#15692=IFCDIRECTION((1.,0.,0.));
#15693=IFCAXIS2PLACEMENT3D(#15690,#15691,#15692);
#15694=IFCLOCALPLACEMENT(#32,#15693);
#15695=IFCCARTESIANPOINT((6.,5.875,8.5));
#15696=IFCDIRECTION((0.,0.,1.));
#15697=IFCDIRECTION((1.,0.,0.));
#15698=IFCAXIS2PLACEMENT3D(#15695,#15696,#15697);
#15699=IFCLOCALPLACEMENT(#32,#15698);
#15700=IFCCARTESIANPOINT((6.,5.875,23.5));
#15701=IFCDIRECTION((0.,0.,1.));
#15702=IFCDIRECTION((1.,0.,0.));
#15703=IFCAXIS2PLACEMENT3D(#15700,#15701,#15702);
#15704=IFCLOCALPLACEMENT(#32,#15703);
#15705=IFCCARTESIANPOINT((0.,5.875,14.5));
#15706=IFCDIRECTION((0.,0.,1.));
#15707=IFCDIRECTION((1.,0.,0.));
#15708=IFCAXIS2PLACEMENT3D(#15705,#15706,#15707);
#15709=IFCLOCALPLACEMENT(#32,#15708);
#15710=IFCCARTESIANPOINT((6.,-0.125,23.5));
#15711=IFCDIRECTION((0.,0.,1.));
#15712=IFCDIRECTION((1.,0.,0.));
#15713=IFCAXIS2PLACEMENT3D(#15710,#15711,#15712);
#15714=IFCLOCALPLACEMENT(#32,#15713);
#15715=IFCCARTESIANPOINT((8.875,6.,17.600000000000001));
#15716=IFCDIRECTION((0.,0.,1.));
#15717=IFCDIRECTION((6.123233995736766E-17,-1.,0.));
#15718=IFCAXIS2PLACEMENT3D(#15715,#15716,#15717);
#15719=IFCLOCALPLACEMENT(#32,#15718);
#15720=IFCCARTESIANPOINT((18.,0.,5.8799999999999999));
#15721=IFCDIRECTION((0.,0.,1.));
#15722=IFCDIRECTION((1.,0.,0.));
#15723=IFCAXIS2PLACEMENT3D(#15720,#15721,#15722);
#15724=IFCLOCALPLACEMENT(#32,#15723);
#15725=IFCCARTESIANPOINT((24.,11.875,8.5999999999999996));
#15726=IFCDIRECTION((0.,0.,1.));
#15727=IFCDIRECTION((1.,0.,0.));
#15728=IFCAXIS2PLACEMENT3D(#15725,#15726,#15727);
#15729=IFCLOCALPLACEMENT(#32,#15728);
#15730=IFCCARTESIANPOINT((21.,12.,20.879999999999999));
#15731=IFCDIRECTION((0.,0.,1.));
#15732=IFCDIRECTION((1.,0.,0.));
#15733=IFCAXIS2PLACEMENT3D(#15730,#15731,#15732);
#15734=IFCLOCALPLACEMENT(#32,#15733);
#15735=IFCCARTESIANPOINT((6.125,6.,8.5));
#15736=IFCDIRECTION((0.,0.,1.));
#15737=IFCDIRECTION((6.123233995736766E-17,1.,0.));
#15738=IFCAXIS2PLACEMENT3D(#15735,#15736,#15737);
#15739=IFCLOCALPLACEMENT(#32,#15738);
#15740=IFCCARTESIANPOINT((0.125,12.,14.5));
#15741=IFCDIRECTION((0.,0.,1.));
#15742=IFCDIRECTION((6.123233995736766E-17,1.,0.));
#15743=IFCAXIS2PLACEMENT3D(#15740,#15741,#15742);
#15744=IFCLOCALPLACEMENT(#32,#15743);
#15745=IFCCARTESIANPOINT((17.800000000000001,-0.20000000000000001,0.));
#15746=IFCDIRECTION((0.,0.,1.));
#15747=IFCDIRECTION((1.,0.,0.));
#15748=IFCAXIS2PLACEMENT3D(#15745,#15746,#15747);
#15749=IFCLOCALPLACEMENT(#32,#15748);
#15750=IFCCARTESIANPOINT((18.,11.875,17.5));
#15751=IFCDIRECTION((0.,0.,1.));
#15752=IFCDIRECTION((1.,0.,0.));
#15753=IFCAXIS2PLACEMENT3D(#15750,#15751,#15752);
#15754=IFCLOCALPLACEMENT(#32,#15753);
#15755=IFCCARTESIANPOINT((5.875,6.,2.6000000000000001));
#15756=IFCDIRECTION((0.,0.,1.));
#15757=IFCDIRECTION((6.123233995736766E-17,-1.,0.));
#15758=IFCAXIS2PLACEMENT3D(#15755,#15756,#15757);
#15759=IFCLOCALPLACEMENT(#32,#15758);
#15760=IFCCARTESIANPOINT((0.,12.,8.8800000000000008));
#15761=IFCDIRECTION((0.,0.,1.));
#15762=IFCDIRECTION((1.,0.,0.));
#15763=IFCAXIS2PLACEMENT3D(#15760,#15761,#15762);
#15764=IFCLOCALPLACEMENT(#32,#15763);
#15765=IFCCARTESIANPOINT((9.,12.,5.8799999999999999));
#15766=IFCDIRECTION((0.,0.,1.));
#15767=IFCDIRECTION((1.,0.,0.));
#15768=IFCAXIS2PLACEMENT3D(#15765,#15766,#15767);
#15769=IFCLOCALPLACEMENT(#32,#15768);
#15770=IFCCARTESIANPOINT((24.125,6.,5.5));
#15771=IFCDIRECTION((0.,0.,1.));
#15772=IFCDIRECTION((6.123233995736766E-17,1.,0.));
#15773=IFCAXIS2PLACEMENT3D(#15770,#15771,#15772);
#15774=IFCLOCALPLACEMENT(#32,#15773);
#15775=IFCCARTESIANPOINT((6.,0.,23.879999999999999));
#15776=IFCDIRECTION((0.,0.,1.));
#15777=IFCDIRECTION((1.,0.,0.));
#15778=IFCAXIS2PLACEMENT3D(#15775,#15776,#15777);
#15779=IFCLOCALPLACEMENT(#32,#15778);
#15780=IFCCARTESIANPOINT((12.125,12.,14.5));
#15781=IFCDIRECTION((0.,0.,1.));
#15782=IFCDIRECTION((6.123233995736766E-17,1.,0.));
#15783=IFCAXIS2PLACEMENT3D(#15780,#15781,#15782);
#15784=IFCLOCALPLACEMENT(#32,#15783);
#15785=IFCCARTESIANPOINT((18.,17.875,17.5));
#15786=IFCDIRECTION((0.,0.,1.));
#15787=IFCDIRECTION((1.,0.,0.));
#15788=IFCAXIS2PLACEMENT3D(#15785,#15786,#15787);
#15789=IFCLOCALPLACEMENT(#32,#15788);
#15790=IFCCARTESIANPOINT((23.800000000000001,11.800000000000001,6.));
#15791=IFCDIRECTION((0.,0.,1.));
#15792=IFCDIRECTION((1.,0.,0.));
#15793=IFCAXIS2PLACEMENT3D(#15790,#15791,#15792);
#15794=IFCLOCALPLACEMENT(#32,#15793);
#15795=IFCCARTESIANPOINT((12.,12.,8.8800000000000008));
#15796=IFCDIRECTION((0.,0.,1.));
#15797=IFCDIRECTION((1.,0.,0.));
#15798=IFCAXIS2PLACEMENT3D(#15795,#15796,#15797);
#15799=IFCLOCALPLACEMENT(#32,#15798);
#15800=IFCCARTESIANPOINT((23.800000000000001,17.800000000000001,3.));
#15801=IFCDIRECTION((0.,0.,1.));
#15802=IFCDIRECTION((1.,0.,0.));
#15803=IFCAXIS2PLACEMENT3D(#15800,#15801,#15802);
#15804=IFCLOCALPLACEMENT(#32,#15803);
#15805=IFCCARTESIANPOINT((21.,12.,5.8799999999999999));
#15806=IFCDIRECTION((0.,0.,1.));
#15807=IFCDIRECTION((1.,0.,0.));
#15808=IFCAXIS2PLACEMENT3D(#15805,#15806,#15807);
#15809=IFCLOCALPLACEMENT(#32,#15808);
#15810=IFCCARTESIANPOINT((29.875,12.,5.5999999999999996));
#15811=IFCDIRECTION((0.,0.,1.));
#15812=IFCDIRECTION((6.123233995736766E-17,-1.,0.));
#15813=IFCAXIS2PLACEMENT3D(#15810,#15811,#15812);
#15814=IFCLOCALPLACEMENT(#32,#15813);
#15815=IFCCARTESIANPOINT((21.,12.,11.880000000000001));
#15816=IFCDIRECTION((0.,0.,1.));
#15817=IFCDIRECTION((1.,0.,0.));
#15818=IFCAXIS2PLACEMENT3D(#15815,#15816,#15817);
#15819=IFCLOCALPLACEMENT(#32,#15818);
#15820=IFCCARTESIANPOINT((18.,0.,23.879999999999999));
#15821=IFCDIRECTION((0.,0.,1.));
#15822=IFCDIRECTION((1.,0.,0.));
#15823=IFCAXIS2PLACEMENT3D(#15820,#15821,#15822);
#15824=IFCLOCALPLACEMENT(#32,#15823);
#15825=IFCCARTESIANPOINT((12.,6.,8.8800000000000008));
#15826=IFCDIRECTION((0.,0.,1.));
#15827=IFCDIRECTION((1.,0.,0.));
#15828=IFCAXIS2PLACEMENT3D(#15825,#15826,#15827);
#15829=IFCLOCALPLACEMENT(#32,#15828);
#15830=IFCCARTESIANPOINT((11.800000000000001,-0.20000000000000001,9.));
#15831=IFCDIRECTION((0.,0.,1.));
#15832=IFCDIRECTION((1.,0.,0.));
#15833=IFCAXIS2PLACEMENT3D(#15830,#15831,#15832);
#15834=IFCLOCALPLACEMENT(#32,#15833);
#15835=IFCCARTESIANPOINT((20.875,12.,8.5999999999999996));
#15836=IFCDIRECTION((0.,0.,1.));
#15837=IFCDIRECTION((6.123233995736766E-17,-1.,0.));
#15838=IFCAXIS2PLACEMENT3D(#15835,#15836,#15837);
#15839=IFCLOCALPLACEMENT(#32,#15838);
#15840=IFCCARTESIANPOINT((3.,6.,23.879999999999999));
#15841=IFCDIRECTION((0.,0.,1.));
#15842=IFCDIRECTION((1.,0.,0.));
#15843=IFCAXIS2PLACEMENT3D(#15840,#15841,#15842);
#15844=IFCLOCALPLACEMENT(#32,#15843);
#15845=IFCCARTESIANPOINT((23.800000000000001,5.7999999999999998,3.));
#15846=IFCDIRECTION((0.,0.,1.));
#15847=IFCDIRECTION((1.,0.,0.));
#15848=IFCAXIS2PLACEMENT3D(#15845,#15846,#15847);
#15849=IFCLOCALPLACEMENT(#32,#15848);
#15850=IFCCARTESIANPOINT((8.875,12.,17.600000000000001));
#15851=IFCDIRECTION((0.,0.,1.));
#15852=IFCDIRECTION((6.123233995736766E-17,-1.,0.));
#15853=IFCAXIS2PLACEMENT3D(#15850,#15851,#15852);
#15854=IFCLOCALPLACEMENT(#32,#15853);
#15855=IFCCARTESIANPOINT((30.125,12.,17.600000000000001));
#15856=IFCDIRECTION((0.,0.,1.));
#15857=IFCDIRECTION((6.123233995736766E-17,1.,0.));
#15858=IFCAXIS2PLACEMENT3D(#15855,#15856,#15857);
#15859=IFCLOCALPLACEMENT(#32,#15858);
#15860=IFCCARTESIANPOINT((29.875,6.,17.600000000000001));
#15861=IFCDIRECTION((0.,0.,1.));
#15862=IFCDIRECTION((6.123233995736766E-17,-1.,0.));
#15863=IFCAXIS2PLACEMENT3D(#15860,#15861,#15862);
#15864=IFCLOCALPLACEMENT(#32,#15863);
#15865=IFCCARTESIANPOINT((15.,6.,11.880000000000001));
#15866=IFCDIRECTION((0.,0.,1.));
#15867=IFCDIRECTION((1.,0.,0.));
#15868=IFCAXIS2PLACEMENT3D(#15865,#15866,#15867);
#15869=IFCLOCALPLACEMENT(#32,#15868);
#15870=IFCCARTESIANPOINT((17.800000000000001,11.800000000000001,6.));
#15871=IFCDIRECTION((0.,0.,1.));
#15872=IFCDIRECTION((1.,0.,0.));
#15873=IFCAXIS2PLACEMENT3D(#15870,#15871,#15872);
#15874=IFCLOCALPLACEMENT(#32,#15873);
#15875=IFCCARTESIANPOINT((27.,0.5,2.8799999999999999));
#15876=IFCDIRECTION((0.,0.,1.));
#15877=IFCDIRECTION((1.,0.,0.));
#15878=IFCAXIS2PLACEMENT3D(#15875,#15876,#15877);
#15879=IFCLOCALPLACEMENT(#32,#15878);
#15880=IFCCARTESIANPOINT((6.,0.,8.8800000000000008));
#15881=IFCDIRECTION((0.,0.,1.));
#15882=IFCDIRECTION((1.,0.,0.));
#15883=IFCAXIS2PLACEMENT3D(#15880,#15881,#15882);
#15884=IFCLOCALPLACEMENT(#32,#15883);
#15885=IFCCARTESIANPOINT((26.875,12.,2.6000000000000001));
#15886=IFCDIRECTION((0.,0.,1.));
#15887=IFCDIRECTION((6.123233995736766E-17,-1.,0.));
#15888=IFCAXIS2PLACEMENT3D(#15885,#15886,#15887);
#15889=IFCLOCALPLACEMENT(#32,#15888);
#15890=IFCCARTESIANPOINT((6.,0.,14.880000000000001));
#15891=IFCDIRECTION((0.,0.,1.));
#15892=IFCDIRECTION((1.,0.,0.));
#15893=IFCAXIS2PLACEMENT3D(#15890,#15891,#15892);
#15894=IFCLOCALPLACEMENT(#32,#15893);
#15895=IFCCARTESIANPOINT((9.,12.,23.879999999999999));
#15896=IFCDIRECTION((0.,0.,1.));
#15897=IFCDIRECTION((1.,0.,0.));
#15898=IFCAXIS2PLACEMENT3D(#15895,#15896,#15897);
#15899=IFCLOCALPLACEMENT(#32,#15898);
#15900=IFCCARTESIANPOINT((21.,0.,11.880000000000001));
#15901=IFCDIRECTION((0.,0.,1.));
#15902=IFCDIRECTION((1.,0.,0.));
#15903=IFCAXIS2PLACEMENT3D(#15900,#15901,#15902);
#15904=IFCLOCALPLACEMENT(#32,#15903);
#15905=IFCCARTESIANPOINT((17.800000000000001,5.7999999999999998,12.));
#15906=IFCDIRECTION((0.,0.,1.));
#15907=IFCDIRECTION((1.,0.,0.));
#15908=IFCAXIS2PLACEMENT3D(#15905,#15906,#15907);
#15909=IFCLOCALPLACEMENT(#32,#15908);
#15910=IFCCARTESIANPOINT((0.,11.875,8.5));
#15911=IFCDIRECTION((0.,0.,1.));
#15912=IFCDIRECTION((1.,0.,0.));
#15913=IFCAXIS2PLACEMENT3D(#15910,#15911,#15912);
#15914=IFCLOCALPLACEMENT(#32,#15913);
#15915=IFCCARTESIANPOINT((23.800000000000001,-0.20000000000000001,0.));
#15916=IFCDIRECTION((0.,0.,1.));
#15917=IFCDIRECTION((1.,0.,0.));
#15918=IFCAXIS2PLACEMENT3D(#15915,#15916,#15917);
#15919=IFCLOCALPLACEMENT(#32,#15918);
#15920=IFCCARTESIANPOINT((9.,0.,11.880000000000001));
#15921=IFCDIRECTION((0.,0.,1.));
#15922=IFCDIRECTION((1.,0.,0.));
#15923=IFCAXIS2PLACEMENT3D(#15920,#15921,#15922);
#15924=IFCLOCALPLACEMENT(#32,#15923);
#15925=IFCCARTESIANPOINT((17.800000000000001,-0.20000000000000001,6.));
#15926=IFCDIRECTION((0.,0.,1.));
#15927=IFCDIRECTION((1.,0.,0.));
#15928=IFCAXIS2PLACEMENT3D(#15925,#15926,#15927);
#15929=IFCLOCALPLACEMENT(#32,#15928);
#15930=IFCCARTESIANPOINT((0.,5.875,17.5));
#15931=IFCDIRECTION((0.,0.,1.));
#15932=IFCDIRECTION((1.,0.,0.));
#15933=IFCAXIS2PLACEMENT3D(#15930,#15931,#15932);
#15934=IFCLOCALPLACEMENT(#32,#15933);
#15935=IFCCARTESIANPOINT((11.800000000000001,17.800000000000001,15.));
#15936=IFCDIRECTION((0.,0.,1.));
#15937=IFCDIRECTION((1.,0.,0.));
#15938=IFCAXIS2PLACEMENT3D(#15935,#15936,#15937);
#15939=IFCLOCALPLACEMENT(#32,#15938);
#15940=IFCCARTESIANPOINT((24.,11.875,20.600000000000001));
#15941=IFCDIRECTION((0.,0.,1.));
#15942=IFCDIRECTION((1.,0.,0.));
#15943=IFCAXIS2PLACEMENT3D(#15940,#15941,#15942);
#15944=IFCLOCALPLACEMENT(#32,#15943);
#15945=IFCCARTESIANPOINT((18.,0.,14.880000000000001));
#15946=IFCDIRECTION((0.,0.,1.));
#15947=IFCDIRECTION((1.,0.,0.));
#15948=IFCAXIS2PLACEMENT3D(#15945,#15946,#15947);
#15949=IFCLOCALPLACEMENT(#32,#15948);
#15950=IFCCARTESIANPOINT((11.800000000000001,11.800000000000001,9.));
#15951=IFCDIRECTION((0.,0.,1.));
#15952=IFCDIRECTION((1.,0.,0.));
#15953=IFCAXIS2PLACEMENT3D(#15950,#15951,#15952);
#15954=IFCLOCALPLACEMENT(#32,#15953);
#15955=IFCCARTESIANPOINT((21.,12.,23.879999999999999));
#15956=IFCDIRECTION((0.,0.,1.));
#15957=IFCDIRECTION((1.,0.,0.));
#15958=IFCAXIS2PLACEMENT3D(#15955,#15956,#15957);
#15959=IFCLOCALPLACEMENT(#32,#15958);
#15960=IFCCARTESIANPOINT((3.,6.,8.8800000000000008));
#15961=IFCDIRECTION((0.,0.,1.));
#15962=IFCDIRECTION((1.,0.,0.));
#15963=IFCAXIS2PLACEMENT3D(#15960,#15961,#15962);
#15964=IFCLOCALPLACEMENT(#32,#15963);
#15965=IFCCARTESIANPOINT((2.875,6.,11.6));
#15966=IFCDIRECTION((0.,0.,1.));
#15967=IFCDIRECTION((6.123233995736766E-17,-1.,0.));
#15968=IFCAXIS2PLACEMENT3D(#15965,#15966,#15967);
#15969=IFCLOCALPLACEMENT(#32,#15968);
#15970=IFCCARTESIANPOINT((0.,17.875,2.5));
#15971=IFCDIRECTION((0.,0.,1.));
#15972=IFCDIRECTION((1.,0.,0.));
#15973=IFCAXIS2PLACEMENT3D(#15970,#15971,#15972);
#15974=IFCLOCALPLACEMENT(#32,#15973);
#15975=IFCCARTESIANPOINT((-0.20000000000000001,11.800000000000001,9.));
#15976=IFCDIRECTION((0.,0.,1.));
#15977=IFCDIRECTION((1.,0.,0.));
#15978=IFCAXIS2PLACEMENT3D(#15975,#15976,#15977);
#15979=IFCLOCALPLACEMENT(#32,#15978);
#15980=IFCCARTESIANPOINT((0.,17.875,8.5));
#15981=IFCDIRECTION((0.,0.,1.));
#15982=IFCDIRECTION((1.,0.,0.));
#15983=IFCAXIS2PLACEMENT3D(#15980,#15981,#15982);
#15984=IFCLOCALPLACEMENT(#32,#15983);
#15985=IFCCARTESIANPOINT((23.800000000000001,-0.20000000000000001,18.));
#15986=IFCDIRECTION((0.,0.,1.));
#15987=IFCDIRECTION((1.,0.,0.));
#15988=IFCAXIS2PLACEMENT3D(#15985,#15986,#15987);
#15989=IFCLOCALPLACEMENT(#32,#15988);
#15990=IFCCARTESIANPOINT((24.,5.875,17.5));
#15991=IFCDIRECTION((0.,0.,1.));
#15992=IFCDIRECTION((1.,0.,0.));
#15993=IFCAXIS2PLACEMENT3D(#15990,#15991,#15992);
#15994=IFCLOCALPLACEMENT(#32,#15993);
#15995=IFCCARTESIANPOINT((29.800000000000001,17.800000000000001,15.));
#15996=IFCDIRECTION((0.,0.,1.));
#15997=IFCDIRECTION((1.,0.,0.));
#15998=IFCAXIS2PLACEMENT3D(#15995,#15996,#15997);
#15999=IFCLOCALPLACEMENT(#32,#15998);
#16000=IFCCARTESIANPOINT((12.125,12.,8.5));
#16001=IFCDIRECTION((0.,0.,1.));
#16002=IFCDIRECTION((6.123233995736766E-17,1.,0.));
#16003=IFCAXIS2PLACEMENT3D(#16000,#16001,#16002);
#16004=IFCLOCALPLACEMENT(#32,#16003);
#16005=IFCCARTESIANPOINT((23.800000000000001,17.800000000000001,9.));
#16006=IFCDIRECTION((0.,0.,1.));
#16007=IFCDIRECTION((1.,0.,0.));
#16008=IFCAXIS2PLACEMENT3D(#16005,#16006,#16007);
#16009=IFCLOCALPLACEMENT(#32,#16008);
#16010=IFCCARTESIANPOINT((24.,0.,20.879999999999999));
#16011=IFCDIRECTION((0.,0.,1.));
#16012=IFCDIRECTION((1.,0.,0.));
#16013=IFCAXIS2PLACEMENT3D(#16010,#16011,#16012);
#16014=IFCLOCALPLACEMENT(#32,#16013);
#16015=IFCCARTESIANPOINT((0.125,12.,17.5));
#16016=IFCDIRECTION((0.,0.,1.));
#16017=IFCDIRECTION((6.123233995736766E-17,1.,0.));
#16018=IFCAXIS2PLACEMENT3D(#16015,#16016,#16017);
#16019=IFCLOCALPLACEMENT(#32,#16018);
#16020=IFCCARTESIANPOINT((6.125,6.,23.5));
#16021=IFCDIRECTION((0.,0.,1.));
#16022=IFCDIRECTION((6.123233995736766E-17,1.,0.));
#16023=IFCAXIS2PLACEMENT3D(#16020,#16021,#16022);
#16024=IFCLOCALPLACEMENT(#32,#16023);
#16025=IFCCARTESIANPOINT((24.,17.875,2.5));
#16026=IFCDIRECTION((0.,0.,1.));
#16027=IFCDIRECTION((1.,0.,0.));
#16028=IFCAXIS2PLACEMENT3D(#16025,#16026,#16027);
#16029=IFCLOCALPLACEMENT(#32,#16028);
#16030=IFCCARTESIANPOINT((9.,12.,14.880000000000001));
#16031=IFCDIRECTION((0.,0.,1.));
#16032=IFCDIRECTION((1.,0.,0.));
#16033=IFCAXIS2PLACEMENT3D(#16030,#16031,#16032);
#16034=IFCLOCALPLACEMENT(#32,#16033);
#16035=IFCCARTESIANPOINT((5.7999999999999998,11.800000000000001,12.));
#16036=IFCDIRECTION((0.,0.,1.));
#16037=IFCDIRECTION((1.,0.,0.));
#16038=IFCAXIS2PLACEMENT3D(#16035,#16036,#16037);
#16039=IFCLOCALPLACEMENT(#32,#16038);
#16040=IFCCARTESIANPOINT((23.800000000000001,11.800000000000001,21.));
#16041=IFCDIRECTION((0.,0.,1.));
#16042=IFCDIRECTION((1.,0.,0.));
#16043=IFCAXIS2PLACEMENT3D(#16040,#16041,#16042);
#16044=IFCLOCALPLACEMENT(#32,#16043);
#16045=IFCCARTESIANPOINT((18.,12.,11.880000000000001));
#16046=IFCDIRECTION((0.,0.,1.));
#16047=IFCDIRECTION((1.,0.,0.));
#16048=IFCAXIS2PLACEMENT3D(#16045,#16046,#16047);
#16049=IFCLOCALPLACEMENT(#32,#16048);
#16050=IFCCARTESIANPOINT((12.,11.875,11.5));
#16051=IFCDIRECTION((0.,0.,1.));
#16052=IFCDIRECTION((1.,0.,0.));
#16053=IFCAXIS2PLACEMENT3D(#16050,#16051,#16052);
#16054=IFCLOCALPLACEMENT(#32,#16053);
#16055=IFCCARTESIANPOINT((18.125,12.,2.5));
#16056=IFCDIRECTION((0.,0.,1.));
#16057=IFCDIRECTION((6.123233995736766E-17,1.,0.));
#16058=IFCAXIS2PLACEMENT3D(#16055,#16056,#16057);
#16059=IFCLOCALPLACEMENT(#32,#16058);
#16060=IFCCARTESIANPOINT((11.800000000000001,-0.20000000000000001,15.));
#16061=IFCDIRECTION((0.,0.,1.));
#16062=IFCDIRECTION((1.,0.,0.));
#16063=IFCAXIS2PLACEMENT3D(#16060,#16061,#16062);
#16064=IFCLOCALPLACEMENT(#32,#16063);
#16065=IFCCARTESIANPOINT((24.125,-7.6540424946709575E-18,8.5));
#16066=IFCDIRECTION((0.,0.,1.));
#16067=IFCDIRECTION((6.123233995736766E-17,1.,0.));
#16068=IFCAXIS2PLACEMENT3D(#16065,#16066,#16067);
#16069=IFCLOCALPLACEMENT(#32,#16068);
#16070=IFCCARTESIANPOINT((5.7999999999999998,-0.20000000000000001,12.));
#16071=IFCDIRECTION((0.,0.,1.));
#16072=IFCDIRECTION((1.,0.,0.));
#16073=IFCAXIS2PLACEMENT3D(#16070,#16071,#16072);
#16074=IFCLOCALPLACEMENT(#32,#16073);
#16075=IFCCARTESIANPOINT((23.800000000000001,5.7999999999999998,9.));
#16076=IFCDIRECTION((0.,0.,1.));
#16077=IFCDIRECTION((1.,0.,0.));
#16078=IFCAXIS2PLACEMENT3D(#16075,#16076,#16077);
#16079=IFCLOCALPLACEMENT(#32,#16078);
#16080=IFCCARTESIANPOINT((12.125,6.,17.5));
#16081=IFCDIRECTION((0.,0.,1.));
#16082=IFCDIRECTION((6.123233995736766E-17,1.,0.));
#16083=IFCAXIS2PLACEMENT3D(#16080,#16081,#16082);
#16084=IFCLOCALPLACEMENT(#32,#16083);
#16085=IFCCARTESIANPOINT((17.800000000000001,17.800000000000001,18.));
#16086=IFCDIRECTION((0.,0.,1.));
#16087=IFCDIRECTION((1.,0.,0.));
#16088=IFCAXIS2PLACEMENT3D(#16085,#16086,#16087);
#16089=IFCLOCALPLACEMENT(#32,#16088);
#16090=IFCCARTESIANPOINT((8.875,18.,11.6));
#16091=IFCDIRECTION((0.,0.,1.));
#16092=IFCDIRECTION((6.123233995736766E-17,-1.,0.));
#16093=IFCAXIS2PLACEMENT3D(#16090,#16091,#16092);
#16094=IFCLOCALPLACEMENT(#32,#16093);
#16095=IFCCARTESIANPOINT((8.875,12.,2.6000000000000001));
#16096=IFCDIRECTION((0.,0.,1.));
#16097=IFCDIRECTION((6.123233995736766E-17,-1.,0.));
#16098=IFCAXIS2PLACEMENT3D(#16095,#16096,#16097);
#16099=IFCLOCALPLACEMENT(#32,#16098);
#16100=IFCCARTESIANPOINT((17.800000000000001,11.800000000000001,12.));
#16101=IFCDIRECTION((0.,0.,1.));
#16102=IFCDIRECTION((1.,0.,0.));
#16103=IFCAXIS2PLACEMENT3D(#16100,#16101,#16102);
#16104=IFCLOCALPLACEMENT(#32,#16103);
#16105=IFCCARTESIANPOINT((18.,17.875,20.5));
#16106=IFCDIRECTION((0.,0.,1.));
#16107=IFCDIRECTION((1.,0.,0.));
#16108=IFCAXIS2PLACEMENT3D(#16105,#16106,#16107);
#16109=IFCLOCALPLACEMENT(#32,#16108);
#16110=IFCCARTESIANPOINT((18.,17.875,11.5));
#16111=IFCDIRECTION((0.,0.,1.));
#16112=IFCDIRECTION((1.,0.,0.));
#16113=IFCAXIS2PLACEMENT3D(#16110,#16111,#16112);
#16114=IFCLOCALPLACEMENT(#32,#16113);
#16115=IFCCARTESIANPOINT((0.,-0.125,2.5));
#16116=IFCDIRECTION((0.,0.,1.));
#16117=IFCDIRECTION((1.,0.,0.));
#16118=IFCAXIS2PLACEMENT3D(#16115,#16116,#16117);
#16119=IFCLOCALPLACEMENT(#32,#16118);
#16120=IFCCARTESIANPOINT((0.,-0.125,8.5));
#16121=IFCDIRECTION((0.,0.,1.));
#16122=IFCDIRECTION((1.,0.,0.));
#16123=IFCAXIS2PLACEMENT3D(#16120,#16121,#16122);
#16124=IFCLOCALPLACEMENT(#32,#16123);
#16125=IFCCARTESIANPOINT((5.7999999999999998,-0.20000000000000001,0.));
#16126=IFCDIRECTION((0.,0.,1.));
#16127=IFCDIRECTION((1.,0.,0.));
#16128=IFCAXIS2PLACEMENT3D(#16125,#16126,#16127);
#16129=IFCLOCALPLACEMENT(#32,#16128);
#16130=IFCCARTESIANPOINT((18.125,6.,11.5));
#16131=IFCDIRECTION((0.,0.,1.));
#16132=IFCDIRECTION((6.123233995736766E-17,1.,0.));
#16133=IFCAXIS2PLACEMENT3D(#16130,#16131,#16132);
#16134=IFCLOCALPLACEMENT(#32,#16133);
#16135=IFCCARTESIANPOINT((18.125,12.,17.5));
#16136=IFCDIRECTION((0.,0.,1.));
#16137=IFCDIRECTION((6.123233995736766E-17,1.,0.));
#16138=IFCAXIS2PLACEMENT3D(#16135,#16136,#16137);
#16139=IFCLOCALPLACEMENT(#32,#16138);
#16140=IFCCARTESIANPOINT((17.800000000000001,5.7999999999999998,18.));
#16141=IFCDIRECTION((0.,0.,1.));
#16142=IFCDIRECTION((1.,0.,0.));
#16143=IFCAXIS2PLACEMENT3D(#16140,#16141,#16142);
#16144=IFCLOCALPLACEMENT(#32,#16143);
#16145=IFCCARTESIANPOINT((14.875,6.,11.6));
#16146=IFCDIRECTION((0.,0.,1.));
#16147=IFCDIRECTION((6.123233995736766E-17,-1.,0.));
#16148=IFCAXIS2PLACEMENT3D(#16145,#16146,#16147);
#16149=IFCLOCALPLACEMENT(#32,#16148);
#16150=IFCCARTESIANPOINT((-0.20000000000000001,5.7999999999999998,15.));
#16151=IFCDIRECTION((0.,0.,1.));
#16152=IFCDIRECTION((1.,0.,0.));
#16153=IFCAXIS2PLACEMENT3D(#16150,#16151,#16152);
#16154=IFCLOCALPLACEMENT(#32,#16153);
#16155=IFCCARTESIANPOINT((27.,0.5,17.879999999999999));
#16156=IFCDIRECTION((0.,0.,1.));
#16157=IFCDIRECTION((1.,0.,0.));
#16158=IFCAXIS2PLACEMENT3D(#16155,#16156,#16157);
#16159=IFCLOCALPLACEMENT(#32,#16158);
#16160=IFCCARTESIANPOINT((8.875,18.,20.600000000000001));
#16161=IFCDIRECTION((0.,0.,1.));
#16162=IFCDIRECTION((6.123233995736766E-17,-1.,0.));
#16163=IFCAXIS2PLACEMENT3D(#16160,#16161,#16162);
#16164=IFCLOCALPLACEMENT(#32,#16163);
#16165=IFCCARTESIANPOINT((11.800000000000001,17.800000000000001,21.));
#16166=IFCDIRECTION((0.,0.,1.));
#16167=IFCDIRECTION((1.,0.,0.));
#16168=IFCAXIS2PLACEMENT3D(#16165,#16166,#16167);
#16169=IFCLOCALPLACEMENT(#32,#16168);
#16170=IFCCARTESIANPOINT((0.,5.875,2.5));
#16171=IFCDIRECTION((0.,0.,1.));
#16172=IFCDIRECTION((1.,0.,0.));
#16173=IFCAXIS2PLACEMENT3D(#16170,#16171,#16172);
#16174=IFCLOCALPLACEMENT(#32,#16173);
#16175=IFCCARTESIANPOINT((11.800000000000001,11.800000000000001,15.));
#16176=IFCDIRECTION((0.,0.,1.));
#16177=IFCDIRECTION((1.,0.,0.));
#16178=IFCAXIS2PLACEMENT3D(#16175,#16176,#16177);
#16179=IFCLOCALPLACEMENT(#32,#16178);
#16180=IFCCARTESIANPOINT((24.125,12.,11.5));
#16181=IFCDIRECTION((0.,0.,1.));
#16182=IFCDIRECTION((6.123233995736766E-17,1.,0.));
#16183=IFCAXIS2PLACEMENT3D(#16180,#16181,#16182);
#16184=IFCLOCALPLACEMENT(#32,#16183);
#16185=IFCCARTESIANPOINT((26.875,18.,5.5999999999999996));
#16186=IFCDIRECTION((0.,0.,1.));
#16187=IFCDIRECTION((6.123233995736766E-17,-1.,0.));
#16188=IFCAXIS2PLACEMENT3D(#16185,#16186,#16187);
#16189=IFCLOCALPLACEMENT(#32,#16188);
#16190=IFCCARTESIANPOINT((8.875,6.,11.6));
#16191=IFCDIRECTION((0.,0.,1.));
#16192=IFCDIRECTION((6.123233995736766E-17,-1.,0.));
#16193=IFCAXIS2PLACEMENT3D(#16190,#16191,#16192);
#16194=IFCLOCALPLACEMENT(#32,#16193);
#16195=IFCCARTESIANPOINT((-0.20000000000000001,5.7999999999999998,3.));
#16196=IFCDIRECTION((0.,0.,1.));
#16197=IFCDIRECTION((1.,0.,0.));
#16198=IFCAXIS2PLACEMENT3D(#16195,#16196,#16197);
#16199=IFCLOCALPLACEMENT(#32,#16198);
#16200=IFCCARTESIANPOINT((-0.20000000000000001,-0.20000000000000001,9.));
#16201=IFCDIRECTION((0.,0.,1.));
#16202=IFCDIRECTION((1.,0.,0.));
#16203=IFCAXIS2PLACEMENT3D(#16200,#16201,#16202);
#16204=IFCLOCALPLACEMENT(#32,#16203);
#16205=IFCCARTESIANPOINT((14.875,12.,14.6));
#16206=IFCDIRECTION((0.,0.,1.));
#16207=IFCDIRECTION((6.123233995736766E-17,-1.,0.));
#16208=IFCAXIS2PLACEMENT3D(#16205,#16206,#16207);
#16209=IFCLOCALPLACEMENT(#32,#16208);
#16210=IFCCARTESIANPOINT((14.875,6.,20.600000000000001));
#16211=IFCDIRECTION((0.,0.,1.));
#16212=IFCDIRECTION((6.123233995736766E-17,-1.,0.));
#16213=IFCAXIS2PLACEMENT3D(#16210,#16211,#16212);
#16214=IFCLOCALPLACEMENT(#32,#16213);
#16215=IFCCARTESIANPOINT((29.800000000000001,17.800000000000001,21.));
#16216=IFCDIRECTION((0.,0.,1.));
#16217=IFCDIRECTION((1.,0.,0.));
#16218=IFCAXIS2PLACEMENT3D(#16215,#16216,#16217);
#16219=IFCLOCALPLACEMENT(#32,#16218);
#16220=IFCCARTESIANPOINT((12.,5.875,11.5));
#16221=IFCDIRECTION((0.,0.,1.));
#16222=IFCDIRECTION((1.,0.,0.));
#16223=IFCAXIS2PLACEMENT3D(#16220,#16221,#16222);
#16224=IFCLOCALPLACEMENT(#32,#16223);
#16225=IFCCARTESIANPOINT((27.,6.,8.8800000000000008));
#16226=IFCDIRECTION((0.,0.,1.));
#16227=IFCDIRECTION((1.,0.,0.));
#16228=IFCAXIS2PLACEMENT3D(#16225,#16226,#16227);
#16229=IFCLOCALPLACEMENT(#32,#16228);
#16230=IFCCARTESIANPOINT((18.,-0.125,20.5));
#16231=IFCDIRECTION((0.,0.,1.));
#16232=IFCDIRECTION((1.,0.,0.));
#16233=IFCAXIS2PLACEMENT3D(#16230,#16231,#16232);
#16234=IFCLOCALPLACEMENT(#32,#16233);
#16235=IFCCARTESIANPOINT((0.125,6.,2.5));
#16236=IFCDIRECTION((0.,0.,1.));
#16237=IFCDIRECTION((6.123233995736766E-17,1.,0.));
#16238=IFCAXIS2PLACEMENT3D(#16235,#16236,#16237);
#16239=IFCLOCALPLACEMENT(#32,#16238);
#16240=IFCCARTESIANPOINT((0.,6.,11.880000000000001));
#16241=IFCDIRECTION((0.,0.,1.));
#16242=IFCDIRECTION((1.,0.,0.));
#16243=IFCAXIS2PLACEMENT3D(#16240,#16241,#16242);
#16244=IFCLOCALPLACEMENT(#32,#16243);
#16245=IFCCARTESIANPOINT((20.875,6.,14.6));
#16246=IFCDIRECTION((0.,0.,1.));
#16247=IFCDIRECTION((6.123233995736766E-17,-1.,0.));
#16248=IFCAXIS2PLACEMENT3D(#16245,#16246,#16247);
#16249=IFCLOCALPLACEMENT(#32,#16248);
#16250=IFCCARTESIANPOINT((26.875,18.,20.600000000000001));
#16251=IFCDIRECTION((0.,0.,1.));
#16252=IFCDIRECTION((6.123233995736766E-17,-1.,0.));
#16253=IFCAXIS2PLACEMENT3D(#16250,#16251,#16252);
#16254=IFCLOCALPLACEMENT(#32,#16253);
#16255=IFCCARTESIANPOINT((6.,11.875,11.5));
#16256=IFCDIRECTION((0.,0.,1.));
#16257=IFCDIRECTION((1.,0.,0.));
#16258=IFCAXIS2PLACEMENT3D(#16255,#16256,#16257);
#16259=IFCLOCALPLACEMENT(#32,#16258);
#16260=IFCCARTESIANPOINT((29.800000000000001,5.7999999999999998,6.));
#16261=IFCDIRECTION((0.,0.,1.));
#16262=IFCDIRECTION((1.,0.,0.));
#16263=IFCAXIS2PLACEMENT3D(#16260,#16261,#16262);
#16264=IFCLOCALPLACEMENT(#32,#16263);
#16265=IFCCARTESIANPOINT((5.7999999999999998,5.7999999999999998,12.));
#16266=IFCDIRECTION((0.,0.,1.));
#16267=IFCDIRECTION((1.,0.,0.));
#16268=IFCAXIS2PLACEMENT3D(#16265,#16266,#16267);
#16269=IFCLOCALPLACEMENT(#32,#16268);
#16270=IFCCARTESIANPOINT((27.,6.,2.8799999999999999));
#16271=IFCDIRECTION((0.,0.,1.));
#16272=IFCDIRECTION((1.,0.,0.));
#16273=IFCAXIS2PLACEMENT3D(#16270,#16271,#16272);
#16274=IFCLOCALPLACEMENT(#32,#16273);
#16275=IFCCARTESIANPOINT((18.,5.875,20.5));
#16276=IFCDIRECTION((0.,0.,1.));
#16277=IFCDIRECTION((1.,0.,0.));
#16278=IFCAXIS2PLACEMENT3D(#16275,#16276,#16277);
#16279=IFCLOCALPLACEMENT(#32,#16278);
#16280=IFCCARTESIANPOINT((24.02054987341317,-0.12329924047901797,23.600000000000001));
#16281=IFCDIRECTION((0.,0.,1.));
#16282=IFCDIRECTION((0.98639392383214375,0.16439898730535726,0.));
#16283=IFCAXIS2PLACEMENT3D(#16280,#16281,#16282);
#16284=IFCLOCALPLACEMENT(#32,#16283);
#16285=IFCCARTESIANPOINT((15.,0.,2.8799999999999999));
#16286=IFCDIRECTION((0.,0.,1.));
#16287=IFCDIRECTION((1.,0.,0.));
#16288=IFCAXIS2PLACEMENT3D(#16285,#16286,#16287);
#16289=IFCLOCALPLACEMENT(#32,#16288);
#16290=IFCCARTESIANPOINT((6.,12.,11.880000000000001));
#16291=IFCDIRECTION((0.,0.,1.));
#16292=IFCDIRECTION((1.,0.,0.));
#16293=IFCAXIS2PLACEMENT3D(#16290,#16291,#16292);
#16294=IFCLOCALPLACEMENT(#32,#16293);
#16295=IFCCARTESIANPOINT((24.,0.,5.8799999999999999));
#16296=IFCDIRECTION((0.,0.,1.));
#16297=IFCDIRECTION((1.,0.,0.));
#16298=IFCAXIS2PLACEMENT3D(#16295,#16296,#16297);
#16299=IFCLOCALPLACEMENT(#32,#16298);
#16300=IFCCARTESIANPOINT((0.125,6.,20.5));
#16301=IFCDIRECTION((0.,0.,1.));
#16302=IFCDIRECTION((6.123233995736766E-17,1.,0.));
#16303=IFCAXIS2PLACEMENT3D(#16300,#16301,#16302);
#16304=IFCLOCALPLACEMENT(#32,#16303);
#16305=IFCCARTESIANPOINT((12.,17.875,5.5));
#16306=IFCDIRECTION((0.,0.,1.));
#16307=IFCDIRECTION((1.,0.,0.));
#16308=IFCAXIS2PLACEMENT3D(#16305,#16306,#16307);
#16309=IFCLOCALPLACEMENT(#32,#16308);
#16310=IFCCARTESIANPOINT((5.7999999999999998,5.7999999999999998,0.));
#16311=IFCDIRECTION((0.,0.,1.));
#16312=IFCDIRECTION((1.,0.,0.));
#16313=IFCAXIS2PLACEMENT3D(#16310,#16311,#16312);
#16314=IFCLOCALPLACEMENT(#32,#16313);
#16315=IFCCARTESIANPOINT((21.,12.,14.880000000000001));
#16316=IFCDIRECTION((0.,0.,1.));
#16317=IFCDIRECTION((1.,0.,0.));
#16318=IFCAXIS2PLACEMENT3D(#16315,#16316,#16317);
#16319=IFCLOCALPLACEMENT(#32,#16318);
#16320=IFCCARTESIANPOINT((6.,11.875,14.5));
#16321=IFCDIRECTION((0.,0.,1.));
#16322=IFCDIRECTION((1.,0.,0.));
#16323=IFCAXIS2PLACEMENT3D(#16320,#16321,#16322);
#16324=IFCLOCALPLACEMENT(#32,#16323);
#16325=IFCCARTESIANPOINT((29.800000000000001,0.80000000000000004,15.));
#16326=IFCDIRECTION((0.,0.,1.));
#16327=IFCDIRECTION((1.,0.,0.));
#16328=IFCAXIS2PLACEMENT3D(#16325,#16326,#16327);
#16329=IFCLOCALPLACEMENT(#32,#16328);
#16330=IFCCARTESIANPOINT((24.,6.,2.8799999999999999));
#16331=IFCDIRECTION((0.,0.,1.));
#16332=IFCDIRECTION((1.,0.,0.));
#16333=IFCAXIS2PLACEMENT3D(#16330,#16331,#16332);
#16334=IFCLOCALPLACEMENT(#32,#16333);
#16335=IFCCARTESIANPOINT((12.125,-7.6540424946709575E-18,20.5));
#16336=IFCDIRECTION((0.,0.,1.));
#16337=IFCDIRECTION((6.123233995736766E-17,1.,0.));
#16338=IFCAXIS2PLACEMENT3D(#16335,#16336,#16337);
#16339=IFCLOCALPLACEMENT(#32,#16338);
#16340=IFCCARTESIANPOINT((0.,12.,2.8799999999999999));
#16341=IFCDIRECTION((0.,0.,1.));
#16342=IFCDIRECTION((1.,0.,0.));
#16343=IFCAXIS2PLACEMENT3D(#16340,#16341,#16342);
#16344=IFCLOCALPLACEMENT(#32,#16343);
#16345=IFCCARTESIANPOINT((9.,6.,14.880000000000001));
#16346=IFCDIRECTION((0.,0.,1.));
#16347=IFCDIRECTION((1.,0.,0.));
#16348=IFCAXIS2PLACEMENT3D(#16345,#16346,#16347);
#16349=IFCLOCALPLACEMENT(#32,#16348);
#16350=IFCCARTESIANPOINT((24.125,12.,5.5));
#16351=IFCDIRECTION((0.,0.,1.));
#16352=IFCDIRECTION((6.123233995736766E-17,1.,0.));
#16353=IFCAXIS2PLACEMENT3D(#16350,#16351,#16352);
#16354=IFCLOCALPLACEMENT(#32,#16353);
#16355=IFCCARTESIANPOINT((29.800000000000001,0.80000000000000004,3.));
#16356=IFCDIRECTION((0.,0.,1.));
#16357=IFCDIRECTION((1.,0.,0.));
#16358=IFCAXIS2PLACEMENT3D(#16355,#16356,#16357);
#16359=IFCLOCALPLACEMENT(#32,#16358);
#16360=IFCCARTESIANPOINT((6.,0.,17.879999999999999));
#16361=IFCDIRECTION((0.,0.,1.));
#16362=IFCDIRECTION((1.,0.,0.));
#16363=IFCAXIS2PLACEMENT3D(#16360,#16361,#16362);
#16364=IFCLOCALPLACEMENT(#32,#16363);
#16365=IFCCARTESIANPOINT((0.,0.,23.879999999999999));
#16366=IFCDIRECTION((0.,0.,1.));
#16367=IFCDIRECTION((1.,0.,0.));
#16368=IFCAXIS2PLACEMENT3D(#16365,#16366,#16367);
#16369=IFCLOCALPLACEMENT(#32,#16368);
#16370=IFCCARTESIANPOINT((18.125,-7.6540424946709575E-18,14.5));
#16371=IFCDIRECTION((0.,0.,1.));
#16372=IFCDIRECTION((6.123233995736766E-17,1.,0.));
#16373=IFCAXIS2PLACEMENT3D(#16370,#16371,#16372);
#16374=IFCLOCALPLACEMENT(#32,#16373);
#16375=IFCCARTESIANPOINT((29.800000000000001,11.800000000000001,18.));
#16376=IFCDIRECTION((0.,0.,1.));
#16377=IFCDIRECTION((1.,0.,0.));
#16378=IFCAXIS2PLACEMENT3D(#16375,#16376,#16377);
#16379=IFCLOCALPLACEMENT(#32,#16378);
#16380=IFCCARTESIANPOINT((12.,6.,17.879999999999999));
#16381=IFCDIRECTION((0.,0.,1.));
#16382=IFCDIRECTION((1.,0.,0.));
#16383=IFCAXIS2PLACEMENT3D(#16380,#16381,#16382);
#16384=IFCLOCALPLACEMENT(#32,#16383);
#16385=IFCCARTESIANPOINT((-0.20000000000000001,11.800000000000001,15.));
#16386=IFCDIRECTION((0.,0.,1.));
#16387=IFCDIRECTION((1.,0.,0.));
#16388=IFCAXIS2PLACEMENT3D(#16385,#16386,#16387);
#16389=IFCLOCALPLACEMENT(#32,#16388);
#16390=IFCCARTESIANPOINT((12.,12.,2.8799999999999999));
#16391=IFCDIRECTION((0.,0.,1.));
#16392=IFCDIRECTION((1.,0.,0.));
#16393=IFCAXIS2PLACEMENT3D(#16390,#16391,#16392);
#16394=IFCLOCALPLACEMENT(#32,#16393);
#16395=IFCCARTESIANPOINT((2.875,12.,23.600000000000001));
#16396=IFCDIRECTION((0.,0.,1.));
#16397=IFCDIRECTION((6.123233995736766E-17,-1.,0.));
#16398=IFCAXIS2PLACEMENT3D(#16395,#16396,#16397);
#16399=IFCLOCALPLACEMENT(#32,#16398);
#16400=IFCCARTESIANPOINT((14.875,6.,5.5999999999999996));
#16401=IFCDIRECTION((0.,0.,1.));
#16402=IFCDIRECTION((6.123233995736766E-17,-1.,0.));
#16403=IFCAXIS2PLACEMENT3D(#16400,#16401,#16402);
#16404=IFCLOCALPLACEMENT(#32,#16403);
#16405=IFCCARTESIANPOINT((27.,12.,5.8799999999999999));
#16406=IFCDIRECTION((0.,0.,1.));
#16407=IFCDIRECTION((1.,0.,0.));
#16408=IFCAXIS2PLACEMENT3D(#16405,#16406,#16407);
#16409=IFCLOCALPLACEMENT(#32,#16408);
#16410=IFCCARTESIANPOINT((24.,5.875,2.5));
#16411=IFCDIRECTION((0.,0.,1.));
#16412=IFCDIRECTION((1.,0.,0.));
#16413=IFCAXIS2PLACEMENT3D(#16410,#16411,#16412);
#16414=IFCLOCALPLACEMENT(#32,#16413);
#16415=IFCCARTESIANPOINT((18.,0.,17.879999999999999));
#16416=IFCDIRECTION((0.,0.,1.));
#16417=IFCDIRECTION((1.,0.,0.));
#16418=IFCAXIS2PLACEMENT3D(#16415,#16416,#16417);
#16419=IFCLOCALPLACEMENT(#32,#16418);
#16420=IFCCARTESIANPOINT((12.,-0.125,11.5));
#16421=IFCDIRECTION((0.,0.,1.));
#16422=IFCDIRECTION((1.,0.,0.));
#16423=IFCAXIS2PLACEMENT3D(#16420,#16421,#16422);
#16424=IFCLOCALPLACEMENT(#32,#16423);
#16425=IFCCARTESIANPOINT((29.800000000000001,11.800000000000001,6.));
#16426=IFCDIRECTION((0.,0.,1.));
#16427=IFCDIRECTION((1.,0.,0.));
#16428=IFCAXIS2PLACEMENT3D(#16425,#16426,#16427);
#16429=IFCLOCALPLACEMENT(#32,#16428);
#16430=IFCCARTESIANPOINT((3.,6.,17.879999999999999));
#16431=IFCDIRECTION((0.,0.,1.));
#16432=IFCDIRECTION((1.,0.,0.));
#16433=IFCAXIS2PLACEMENT3D(#16430,#16431,#16432);
#16434=IFCLOCALPLACEMENT(#32,#16433);
#16435=IFCCARTESIANPOINT((6.,6.,2.8799999999999999));
#16436=IFCDIRECTION((0.,0.,1.));
#16437=IFCDIRECTION((1.,0.,0.));
#16438=IFCAXIS2PLACEMENT3D(#16435,#16436,#16437);
#16439=IFCLOCALPLACEMENT(#32,#16438);
#16440=IFCCARTESIANPOINT((30.125,12.,20.600000000000001));
#16441=IFCDIRECTION((0.,0.,1.));
#16442=IFCDIRECTION((6.123233995736766E-17,1.,0.));
#16443=IFCAXIS2PLACEMENT3D(#16440,#16441,#16442);
#16444=IFCLOCALPLACEMENT(#32,#16443);
#16445=IFCCARTESIANPOINT((11.800000000000001,5.7999999999999998,3.));
#16446=IFCDIRECTION((0.,0.,1.));
#16447=IFCDIRECTION((1.,0.,0.));
#16448=IFCAXIS2PLACEMENT3D(#16445,#16446,#16447);
#16449=IFCLOCALPLACEMENT(#32,#16448);
#16450=IFCCARTESIANPOINT((21.,0.,20.879999999999999));
#16451=IFCDIRECTION((0.,0.,1.));
#16452=IFCDIRECTION((1.,0.,0.));
#16453=IFCAXIS2PLACEMENT3D(#16450,#16451,#16452);
#16454=IFCLOCALPLACEMENT(#32,#16453);
#16455=IFCCARTESIANPOINT((11.800000000000001,-0.20000000000000001,21.));
#16456=IFCDIRECTION((0.,0.,1.));
#16457=IFCDIRECTION((1.,0.,0.));
#16458=IFCAXIS2PLACEMENT3D(#16455,#16456,#16457);
#16459=IFCLOCALPLACEMENT(#32,#16458);
#16460=IFCCARTESIANPOINT((15.,6.,5.8799999999999999));
#16461=IFCDIRECTION((0.,0.,1.));
#16462=IFCDIRECTION((1.,0.,0.));
#16463=IFCAXIS2PLACEMENT3D(#16460,#16461,#16462);
#16464=IFCLOCALPLACEMENT(#32,#16463);
#16465=IFCCARTESIANPOINT((0.,6.,14.880000000000001));
#16466=IFCDIRECTION((0.,0.,1.));
#16467=IFCDIRECTION((1.,0.,0.));
#16468=IFCAXIS2PLACEMENT3D(#16465,#16466,#16467);
#16469=IFCLOCALPLACEMENT(#32,#16468);
#16470=IFCCARTESIANPOINT((18.,5.875,5.5));
#16471=IFCDIRECTION((0.,0.,1.));
#16472=IFCDIRECTION((1.,0.,0.));
#16473=IFCAXIS2PLACEMENT3D(#16470,#16471,#16472);
#16474=IFCLOCALPLACEMENT(#32,#16473);
#16475=IFCCARTESIANPOINT((29.800000000000001,5.7999999999999998,18.));
#16476=IFCDIRECTION((0.,0.,1.));
#16477=IFCDIRECTION((1.,0.,0.));
#16478=IFCAXIS2PLACEMENT3D(#16475,#16476,#16477);
#16479=IFCLOCALPLACEMENT(#32,#16478);
#16480=IFCCARTESIANPOINT((12.125,-7.6540424946709575E-18,2.5));
#16481=IFCDIRECTION((0.,0.,1.));
#16482=IFCDIRECTION((6.123233995736766E-17,1.,0.));
#16483=IFCAXIS2PLACEMENT3D(#16480,#16481,#16482);
#16484=IFCLOCALPLACEMENT(#32,#16483);
#16485=IFCCARTESIANPOINT((9.,12.,17.879999999999999));
#16486=IFCDIRECTION((0.,0.,1.));
#16487=IFCDIRECTION((1.,0.,0.));
#16488=IFCAXIS2PLACEMENT3D(#16485,#16486,#16487);
#16489=IFCLOCALPLACEMENT(#32,#16488);
#16490=IFCCARTESIANPOINT((26.875,12.,14.6));
#16491=IFCDIRECTION((0.,0.,1.));
#16492=IFCDIRECTION((6.123233995736766E-17,-1.,0.));
#16493=IFCAXIS2PLACEMENT3D(#16490,#16491,#16492);
#16494=IFCLOCALPLACEMENT(#32,#16493);
#16495=IFCCARTESIANPOINT((5.7999999999999998,17.800000000000001,0.));
#16496=IFCDIRECTION((0.,0.,1.));
#16497=IFCDIRECTION((1.,0.,0.));
#16498=IFCAXIS2PLACEMENT3D(#16495,#16496,#16497);
#16499=IFCLOCALPLACEMENT(#32,#16498);
#16500=IFCCARTESIANPOINT((5.7999999999999998,11.800000000000001,18.));
#16501=IFCDIRECTION((0.,0.,1.));
#16502=IFCDIRECTION((1.,0.,0.));
#16503=IFCAXIS2PLACEMENT3D(#16500,#16501,#16502);
#16504=IFCLOCALPLACEMENT(#32,#16503);
#16505=IFCCARTESIANPOINT((9.,0.,5.8799999999999999));
#16506=IFCDIRECTION((0.,0.,1.));
#16507=IFCDIRECTION((1.,0.,0.));
#16508=IFCAXIS2PLACEMENT3D(#16505,#16506,#16507);
#16509=IFCLOCALPLACEMENT(#32,#16508);
#16510=IFCCARTESIANPOINT((26.875,18.,23.600000000000001));
#16511=IFCDIRECTION((0.,0.,1.));
#16512=IFCDIRECTION((6.123233995736766E-17,-1.,0.));
#16513=IFCAXIS2PLACEMENT3D(#16510,#16511,#16512);
#16514=IFCLOCALPLACEMENT(#32,#16513);
#16515=IFCCARTESIANPOINT((12.,11.875,5.5));
#16516=IFCDIRECTION((0.,0.,1.));
#16517=IFCDIRECTION((1.,0.,0.));
#16518=IFCAXIS2PLACEMENT3D(#16515,#16516,#16517);
#16519=IFCLOCALPLACEMENT(#32,#16518);
#16520=IFCCARTESIANPOINT((12.,11.875,20.5));
#16521=IFCDIRECTION((0.,0.,1.));
#16522=IFCDIRECTION((1.,0.,0.));
#16523=IFCAXIS2PLACEMENT3D(#16520,#16521,#16522);
#16524=IFCLOCALPLACEMENT(#32,#16523);
#16525=IFCCARTESIANPOINT((24.02054987341317,-0.12329924047901797,11.6));
#16526=IFCDIRECTION((0.,0.,1.));
#16527=IFCDIRECTION((0.98639392383214375,0.16439898730535726,0.));
#16528=IFCAXIS2PLACEMENT3D(#16525,#16526,#16527);
#16529=IFCLOCALPLACEMENT(#32,#16528);
#16530=IFCCARTESIANPOINT((12.,12.,20.879999999999999));
#16531=IFCDIRECTION((0.,0.,1.));
#16532=IFCDIRECTION((1.,0.,0.));
#16533=IFCAXIS2PLACEMENT3D(#16530,#16531,#16532);
#16534=IFCLOCALPLACEMENT(#32,#16533);
#16535=IFCCARTESIANPOINT((3.,0.,8.8800000000000008));
#16536=IFCDIRECTION((0.,0.,1.));
#16537=IFCDIRECTION((1.,0.,0.));
#16538=IFCAXIS2PLACEMENT3D(#16535,#16536,#16537);
#16539=IFCLOCALPLACEMENT(#32,#16538);
#16540=IFCCARTESIANPOINT((21.,12.,17.879999999999999));
#16541=IFCDIRECTION((0.,0.,1.));
#16542=IFCDIRECTION((1.,0.,0.));
#16543=IFCAXIS2PLACEMENT3D(#16540,#16541,#16542);
#16544=IFCLOCALPLACEMENT(#32,#16543);
#16545=IFCCARTESIANPOINT((12.125,-7.6540424946709575E-18,5.5));
#16546=IFCDIRECTION((0.,0.,1.));
#16547=IFCDIRECTION((6.123233995736766E-17,1.,0.));
#16548=IFCAXIS2PLACEMENT3D(#16545,#16546,#16547);
#16549=IFCLOCALPLACEMENT(#32,#16548);
#16550=IFCCARTESIANPOINT((27.,12.,23.879999999999999));
#16551=IFCDIRECTION((0.,0.,1.));
#16552=IFCDIRECTION((1.,0.,0.));
#16553=IFCAXIS2PLACEMENT3D(#16550,#16551,#16552);
#16554=IFCLOCALPLACEMENT(#32,#16553);
#16555=IFCCARTESIANPOINT((6.125,12.,11.5));
#16556=IFCDIRECTION((0.,0.,1.));
#16557=IFCDIRECTION((6.123233995736766E-17,1.,0.));
#16558=IFCAXIS2PLACEMENT3D(#16555,#16556,#16557);
#16559=IFCLOCALPLACEMENT(#32,#16558);
#16560=IFCCARTESIANPOINT((17.800000000000001,17.800000000000001,0.));
#16561=IFCDIRECTION((0.,0.,1.));
#16562=IFCDIRECTION((1.,0.,0.));
#16563=IFCAXIS2PLACEMENT3D(#16560,#16561,#16562);
#16564=IFCLOCALPLACEMENT(#32,#16563);
#16565=IFCCARTESIANPOINT((2.875,12.,5.5999999999999996));
#16566=IFCDIRECTION((0.,0.,1.));
#16567=IFCDIRECTION((6.123233995736766E-17,-1.,0.));
#16568=IFCAXIS2PLACEMENT3D(#16565,#16566,#16567);
#16569=IFCLOCALPLACEMENT(#32,#16568);
#16570=IFCCARTESIANPOINT((12.,6.,20.879999999999999));
#16571=IFCDIRECTION((0.,0.,1.));
#16572=IFCDIRECTION((1.,0.,0.));
#16573=IFCAXIS2PLACEMENT3D(#16570,#16571,#16572);
#16574=IFCLOCALPLACEMENT(#32,#16573);
#16575=IFCCARTESIANPOINT((5.875,6.,11.6));
#16576=IFCDIRECTION((0.,0.,1.));
#16577=IFCDIRECTION((6.123233995736766E-17,-1.,0.));
#16578=IFCAXIS2PLACEMENT3D(#16575,#16576,#16577);
#16579=IFCLOCALPLACEMENT(#32,#16578);
#16580=IFCCARTESIANPOINT((6.,17.875,14.5));
#16581=IFCDIRECTION((0.,0.,1.));
#16582=IFCDIRECTION((1.,0.,0.));
#16583=IFCAXIS2PLACEMENT3D(#16580,#16581,#16582);
#16584=IFCLOCALPLACEMENT(#32,#16583);
#16585=IFCCARTESIANPOINT((-0.20000000000000001,17.800000000000001,3.));
#16586=IFCDIRECTION((0.,0.,1.));
#16587=IFCDIRECTION((1.,0.,0.));
#16588=IFCAXIS2PLACEMENT3D(#16585,#16586,#16587);
#16589=IFCLOCALPLACEMENT(#32,#16588);
#16590=IFCCARTESIANPOINT((-0.20000000000000001,11.800000000000001,21.));
#16591=IFCDIRECTION((0.,0.,1.));
#16592=IFCDIRECTION((1.,0.,0.));
#16593=IFCAXIS2PLACEMENT3D(#16590,#16591,#16592);
#16594=IFCLOCALPLACEMENT(#32,#16593);
#16595=IFCCARTESIANPOINT((0.,12.,5.8799999999999999));
#16596=IFCDIRECTION((0.,0.,1.));
#16597=IFCDIRECTION((1.,0.,0.));
#16598=IFCAXIS2PLACEMENT3D(#16595,#16596,#16597);
#16599=IFCLOCALPLACEMENT(#32,#16598);
#16600=IFCCARTESIANPOINT((9.,6.,17.879999999999999));
#16601=IFCDIRECTION((0.,0.,1.));
#16602=IFCDIRECTION((1.,0.,0.));
#16603=IFCAXIS2PLACEMENT3D(#16600,#16601,#16602);
#16604=IFCLOCALPLACEMENT(#32,#16603);
#16605=IFCCARTESIANPOINT((12.,11.875,23.5));
#16606=IFCDIRECTION((0.,0.,1.));
#16607=IFCDIRECTION((1.,0.,0.));
#16608=IFCAXIS2PLACEMENT3D(#16605,#16606,#16607);
#16609=IFCLOCALPLACEMENT(#32,#16608);
#16610=IFCCARTESIANPOINT((18.125,6.,5.5));
#16611=IFCDIRECTION((0.,0.,1.));
#16612=IFCDIRECTION((6.123233995736766E-17,1.,0.));
#16613=IFCAXIS2PLACEMENT3D(#16610,#16611,#16612);
#16614=IFCLOCALPLACEMENT(#32,#16613);
#16615=IFCCARTESIANPOINT((18.125,6.,20.5));
#16616=IFCDIRECTION((0.,0.,1.));
#16617=IFCDIRECTION((6.123233995736766E-17,1.,0.));
#16618=IFCAXIS2PLACEMENT3D(#16615,#16616,#16617);
#16619=IFCLOCALPLACEMENT(#32,#16618);
#16620=IFCCARTESIANPOINT((-0.125,6.,11.6));
#16621=IFCDIRECTION((0.,0.,1.));
#16622=IFCDIRECTION((6.123233995736766E-17,-1.,0.));
#16623=IFCAXIS2PLACEMENT3D(#16620,#16621,#16622);
#16624=IFCLOCALPLACEMENT(#32,#16623);
#16625=IFCCARTESIANPOINT((17.800000000000001,5.7999999999999998,0.));
#16626=IFCDIRECTION((0.,0.,1.));
#16627=IFCDIRECTION((1.,0.,0.));
#16628=IFCAXIS2PLACEMENT3D(#16625,#16626,#16627);
#16629=IFCLOCALPLACEMENT(#32,#16628);
#16630=IFCCARTESIANPOINT((15.,6.,23.879999999999999));
#16631=IFCDIRECTION((0.,0.,1.));
#16632=IFCDIRECTION((1.,0.,0.));
#16633=IFCAXIS2PLACEMENT3D(#16630,#16631,#16632);
#16634=IFCLOCALPLACEMENT(#32,#16633);
#16635=IFCCARTESIANPOINT((6.,0.,20.879999999999999));
#16636=IFCDIRECTION((0.,0.,1.));
#16637=IFCDIRECTION((1.,0.,0.));
#16638=IFCAXIS2PLACEMENT3D(#16635,#16636,#16637);
#16639=IFCLOCALPLACEMENT(#32,#16638);
#16640=IFCCARTESIANPOINT((2.875,12.,8.5999999999999996));
#16641=IFCDIRECTION((0.,0.,1.));
#16642=IFCDIRECTION((6.123233995736766E-17,-1.,0.));
#16643=IFCAXIS2PLACEMENT3D(#16640,#16641,#16642);
#16644=IFCLOCALPLACEMENT(#32,#16643);
#16645=IFCCARTESIANPOINT((-0.125,6.,23.600000000000001));
#16646=IFCDIRECTION((0.,0.,1.));
#16647=IFCDIRECTION((6.123233995736766E-17,-1.,0.));
#16648=IFCAXIS2PLACEMENT3D(#16645,#16646,#16647);
#16649=IFCLOCALPLACEMENT(#32,#16648);
#16650=IFCCARTESIANPOINT((2.875,18.,14.6));
#16651=IFCDIRECTION((0.,0.,1.));
#16652=IFCDIRECTION((6.123233995736766E-17,-1.,0.));
#16653=IFCAXIS2PLACEMENT3D(#16650,#16651,#16652);
#16654=IFCLOCALPLACEMENT(#32,#16653);
#16655=IFCCARTESIANPOINT((11.800000000000001,17.800000000000001,3.));
#16656=IFCDIRECTION((0.,0.,1.));
#16657=IFCDIRECTION((1.,0.,0.));
#16658=IFCAXIS2PLACEMENT3D(#16655,#16656,#16657);
#16659=IFCLOCALPLACEMENT(#32,#16658);
#16660=IFCCARTESIANPOINT((11.800000000000001,11.800000000000001,21.));
#16661=IFCDIRECTION((0.,0.,1.));
#16662=IFCDIRECTION((1.,0.,0.));
#16663=IFCAXIS2PLACEMENT3D(#16660,#16661,#16662);
#16664=IFCLOCALPLACEMENT(#32,#16663);
#16665=IFCCARTESIANPOINT((12.,17.875,23.5));
#16666=IFCDIRECTION((0.,0.,1.));
#16667=IFCDIRECTION((1.,0.,0.));
#16668=IFCAXIS2PLACEMENT3D(#16665,#16666,#16667);
#16669=IFCLOCALPLACEMENT(#32,#16668);
#16670=IFCCARTESIANPOINT((29.875,12.,14.6));
#16671=IFCDIRECTION((0.,0.,1.));
#16672=IFCDIRECTION((6.123233995736766E-17,-1.,0.));
#16673=IFCAXIS2PLACEMENT3D(#16670,#16671,#16672);
#16674=IFCLOCALPLACEMENT(#32,#16673);
#16675=IFCCARTESIANPOINT((24.125,6.,14.5));
#16676=IFCDIRECTION((0.,0.,1.));
#16677=IFCDIRECTION((6.123233995736766E-17,1.,0.));
#16678=IFCAXIS2PLACEMENT3D(#16675,#16676,#16677);
#16679=IFCLOCALPLACEMENT(#32,#16678);
#16680=IFCCARTESIANPOINT((0.,17.875,11.5));
#16681=IFCDIRECTION((0.,0.,1.));
#16682=IFCDIRECTION((1.,0.,0.));
#16683=IFCAXIS2PLACEMENT3D(#16680,#16681,#16682);
#16684=IFCLOCALPLACEMENT(#32,#16683);
#16685=IFCCARTESIANPOINT((27.,12.,8.8800000000000008));
#16686=IFCDIRECTION((0.,0.,1.));
#16687=IFCDIRECTION((1.,0.,0.));
#16688=IFCAXIS2PLACEMENT3D(#16685,#16686,#16687);
#16689=IFCLOCALPLACEMENT(#32,#16688);
#16690=IFCCARTESIANPOINT((18.,0.,20.879999999999999));
#16691=IFCDIRECTION((0.,0.,1.));
#16692=IFCDIRECTION((1.,0.,0.));
#16693=IFCAXIS2PLACEMENT3D(#16690,#16691,#16692);
#16694=IFCLOCALPLACEMENT(#32,#16693);
#16695=IFCCARTESIANPOINT((18.125,6.,23.5));
#16696=IFCDIRECTION((0.,0.,1.));
#16697=IFCDIRECTION((6.123233995736766E-17,1.,0.));
#16698=IFCAXIS2PLACEMENT3D(#16695,#16696,#16697);
#16699=IFCLOCALPLACEMENT(#32,#16698);
#16700=IFCCARTESIANPOINT((14.875,12.,8.5999999999999996));
#16701=IFCDIRECTION((0.,0.,1.));
#16702=IFCDIRECTION((6.123233995736766E-17,-1.,0.));
#16703=IFCAXIS2PLACEMENT3D(#16700,#16701,#16702);
#16704=IFCLOCALPLACEMENT(#32,#16703);
#16705=IFCCARTESIANPOINT((14.875,12.,23.600000000000001));
#16706=IFCDIRECTION((0.,0.,1.));
#16707=IFCDIRECTION((6.123233995736766E-17,-1.,0.));
#16708=IFCAXIS2PLACEMENT3D(#16705,#16706,#16707);
#16709=IFCLOCALPLACEMENT(#32,#16708);
#16710=IFCCARTESIANPOINT((29.875,6.,14.6));
#16711=IFCDIRECTION((0.,0.,1.));
#16712=IFCDIRECTION((6.123233995736766E-17,-1.,0.));
#16713=IFCAXIS2PLACEMENT3D(#16710,#16711,#16712);
#16714=IFCLOCALPLACEMENT(#32,#16713);
#16715=IFCCARTESIANPOINT((29.800000000000001,17.800000000000001,3.));
#16716=IFCDIRECTION((0.,0.,1.));
#16717=IFCDIRECTION((1.,0.,0.));
#16718=IFCAXIS2PLACEMENT3D(#16715,#16716,#16717);
#16719=IFCLOCALPLACEMENT(#32,#16718);
#16720=IFCCARTESIANPOINT((23.800000000000001,11.800000000000001,3.));
#16721=IFCDIRECTION((0.,0.,1.));
#16722=IFCDIRECTION((1.,0.,0.));
#16723=IFCAXIS2PLACEMENT3D(#16720,#16721,#16722);
#16724=IFCLOCALPLACEMENT(#32,#16723);
#16725=IFCCARTESIANPOINT((3.,6.,20.879999999999999));
#16726=IFCDIRECTION((0.,0.,1.));
#16727=IFCDIRECTION((1.,0.,0.));
#16728=IFCAXIS2PLACEMENT3D(#16725,#16726,#16727);
#16729=IFCLOCALPLACEMENT(#32,#16728);
#16730=IFCCARTESIANPOINT((12.,-0.125,8.5));
#16731=IFCDIRECTION((0.,0.,1.));
#16732=IFCDIRECTION((1.,0.,0.));
#16733=IFCAXIS2PLACEMENT3D(#16730,#16731,#16732);
#16734=IFCLOCALPLACEMENT(#32,#16733);
#16735=IFCCARTESIANPOINT((29.875,12.,2.6000000000000001));
#16736=IFCDIRECTION((0.,0.,1.));
#16737=IFCDIRECTION((6.123233995736766E-17,-1.,0.));
#16738=IFCAXIS2PLACEMENT3D(#16735,#16736,#16737);
#16739=IFCLOCALPLACEMENT(#32,#16738);
#16740=IFCCARTESIANPOINT((6.,-0.125,14.5));
#16741=IFCDIRECTION((0.,0.,1.));
#16742=IFCDIRECTION((1.,0.,0.));
#16743=IFCAXIS2PLACEMENT3D(#16740,#16741,#16742);
#16744=IFCLOCALPLACEMENT(#32,#16743);
#16745=IFCCARTESIANPOINT((5.7999999999999998,17.800000000000001,6.));
#16746=IFCDIRECTION((0.,0.,1.));
#16747=IFCDIRECTION((1.,0.,0.));
#16748=IFCAXIS2PLACEMENT3D(#16745,#16746,#16747);
#16749=IFCLOCALPLACEMENT(#32,#16748);
#16750=IFCCARTESIANPOINT((26.875,6.,14.6));
#16751=IFCDIRECTION((0.,0.,1.));
#16752=IFCDIRECTION((6.123233995736766E-17,-1.,0.));
#16753=IFCAXIS2PLACEMENT3D(#16750,#16751,#16752);
#16754=IFCLOCALPLACEMENT(#32,#16753);
#16755=IFCCARTESIANPOINT((24.125,12.,23.5));
#16756=IFCDIRECTION((0.,0.,1.));
#16757=IFCDIRECTION((6.123233995736766E-17,1.,0.));
#16758=IFCAXIS2PLACEMENT3D(#16755,#16756,#16757);
#16759=IFCLOCALPLACEMENT(#32,#16758);
#16760=IFCCARTESIANPOINT((20.875,6.,2.6000000000000001));
#16761=IFCDIRECTION((0.,0.,1.));
#16762=IFCDIRECTION((6.123233995736766E-17,-1.,0.));
#16763=IFCAXIS2PLACEMENT3D(#16760,#16761,#16762);
#16764=IFCLOCALPLACEMENT(#32,#16763);
#16765=IFCCARTESIANPOINT((20.875,12.,17.600000000000001));
#16766=IFCDIRECTION((0.,0.,1.));
#16767=IFCDIRECTION((6.123233995736766E-17,-1.,0.));
#16768=IFCAXIS2PLACEMENT3D(#16765,#16766,#16767);
#16769=IFCLOCALPLACEMENT(#32,#16768);
#16770=IFCCARTESIANPOINT((20.875,6.,8.5999999999999996));
#16771=IFCDIRECTION((0.,0.,1.));
#16772=IFCDIRECTION((6.123233995736766E-17,-1.,0.));
#16773=IFCAXIS2PLACEMENT3D(#16770,#16771,#16772);
#16774=IFCLOCALPLACEMENT(#32,#16773);
#16775=IFCCARTESIANPOINT((29.875,6.,2.6000000000000001));
#16776=IFCDIRECTION((0.,0.,1.));
#16777=IFCDIRECTION((6.123233995736766E-17,-1.,0.));
#16778=IFCAXIS2PLACEMENT3D(#16775,#16776,#16777);
#16779=IFCLOCALPLACEMENT(#32,#16778);
#16780=IFCCARTESIANPOINT((9.,12.,20.879999999999999));
#16781=IFCDIRECTION((0.,0.,1.));
#16782=IFCDIRECTION((1.,0.,0.));
#16783=IFCAXIS2PLACEMENT3D(#16780,#16781,#16782);
#16784=IFCLOCALPLACEMENT(#32,#16783);
#16785=IFCCARTESIANPOINT((14.875,18.,17.600000000000001));
#16786=IFCDIRECTION((0.,0.,1.));
#16787=IFCDIRECTION((6.123233995736766E-17,-1.,0.));
#16788=IFCAXIS2PLACEMENT3D(#16785,#16786,#16787);
#16789=IFCLOCALPLACEMENT(#32,#16788);
#16790=IFCCARTESIANPOINT((12.,5.875,8.5));
#16791=IFCDIRECTION((0.,0.,1.));
#16792=IFCDIRECTION((1.,0.,0.));
#16793=IFCAXIS2PLACEMENT3D(#16790,#16791,#16792);
#16794=IFCLOCALPLACEMENT(#32,#16793);
#16795=IFCCARTESIANPOINT((12.,5.875,23.5));
#16796=IFCDIRECTION((0.,0.,1.));
#16797=IFCDIRECTION((1.,0.,0.));
#16798=IFCAXIS2PLACEMENT3D(#16795,#16796,#16797);
#16799=IFCLOCALPLACEMENT(#32,#16798);
#16800=IFCCARTESIANPOINT((6.,5.875,14.5));
#16801=IFCDIRECTION((0.,0.,1.));
#16802=IFCDIRECTION((1.,0.,0.));
#16803=IFCAXIS2PLACEMENT3D(#16800,#16801,#16802);
#16804=IFCLOCALPLACEMENT(#32,#16803);
#16805=IFCCARTESIANPOINT((17.800000000000001,17.800000000000001,6.));
#16806=IFCDIRECTION((0.,0.,1.));
#16807=IFCDIRECTION((1.,0.,0.));
#16808=IFCAXIS2PLACEMENT3D(#16805,#16806,#16807);
#16809=IFCLOCALPLACEMENT(#32,#16808);
#16810=IFCCARTESIANPOINT((24.,12.,23.879999999999999));
#16811=IFCDIRECTION((0.,0.,1.));
#16812=IFCDIRECTION((1.,0.,0.));
#16813=IFCAXIS2PLACEMENT3D(#16810,#16811,#16812);
#16814=IFCLOCALPLACEMENT(#32,#16813);
#16815=IFCCARTESIANPOINT((6.,-0.125,17.5));
#16816=IFCDIRECTION((0.,0.,1.));
#16817=IFCDIRECTION((1.,0.,0.));
#16818=IFCAXIS2PLACEMENT3D(#16815,#16816,#16817);
#16819=IFCLOCALPLACEMENT(#32,#16818);
#16820=IFCCARTESIANPOINT((12.,-0.125,23.5));
#16821=IFCDIRECTION((0.,0.,1.));
#16822=IFCDIRECTION((1.,0.,0.));
#16823=IFCAXIS2PLACEMENT3D(#16820,#16821,#16822);
#16824=IFCLOCALPLACEMENT(#32,#16823);
#16825=IFCCARTESIANPOINT((2.875,6.,17.600000000000001));
#16826=IFCDIRECTION((0.,0.,1.));
#16827=IFCDIRECTION((6.123233995736766E-17,-1.,0.));
#16828=IFCAXIS2PLACEMENT3D(#16825,#16826,#16827);
#16829=IFCLOCALPLACEMENT(#32,#16828);
#16830=IFCCARTESIANPOINT((-0.20000000000000001,17.800000000000001,9.));
#16831=IFCDIRECTION((0.,0.,1.));
#16832=IFCDIRECTION((1.,0.,0.));
#16833=IFCAXIS2PLACEMENT3D(#16830,#16831,#16832);
#16834=IFCLOCALPLACEMENT(#32,#16833);
#16835=IFCCARTESIANPOINT((5.875,6.,14.6));
#16836=IFCDIRECTION((0.,0.,1.));
#16837=IFCDIRECTION((6.123233995736766E-17,-1.,0.));
#16838=IFCAXIS2PLACEMENT3D(#16835,#16836,#16837);
#16839=IFCLOCALPLACEMENT(#32,#16838);
#16840=IFCCARTESIANPOINT((12.,0.,8.8800000000000008));
#16841=IFCDIRECTION((0.,0.,1.));
#16842=IFCDIRECTION((1.,0.,0.));
#16843=IFCAXIS2PLACEMENT3D(#16840,#16841,#16842);
#16844=IFCLOCALPLACEMENT(#32,#16843);
#16845=IFCCARTESIANPOINT((21.,0.,5.8799999999999999));
#16846=IFCDIRECTION((0.,0.,1.));
#16847=IFCDIRECTION((1.,0.,0.));
#16848=IFCAXIS2PLACEMENT3D(#16845,#16846,#16847);
#16849=IFCLOCALPLACEMENT(#32,#16848);
#16850=IFCCARTESIANPOINT((6.,11.875,2.5));
#16851=IFCDIRECTION((0.,0.,1.));
#16852=IFCDIRECTION((1.,0.,0.));
#16853=IFCAXIS2PLACEMENT3D(#16850,#16851,#16852);
#16854=IFCLOCALPLACEMENT(#32,#16853);
#16855=IFCCARTESIANPOINT((6.,11.875,8.5));
#16856=IFCDIRECTION((0.,0.,1.));
#16857=IFCDIRECTION((1.,0.,0.));
#16858=IFCAXIS2PLACEMENT3D(#16855,#16856,#16857);
#16859=IFCLOCALPLACEMENT(#32,#16858);
#16860=IFCCARTESIANPOINT((24.,11.875,5.5999999999999996));
#16861=IFCDIRECTION((0.,0.,1.));
#16862=IFCDIRECTION((1.,0.,0.));
#16863=IFCAXIS2PLACEMENT3D(#16860,#16861,#16862);
#16864=IFCLOCALPLACEMENT(#32,#16863);
#16865=IFCCARTESIANPOINT((24.,12.,20.879999999999999));
#16866=IFCDIRECTION((0.,0.,1.));
#16867=IFCDIRECTION((1.,0.,0.));
#16868=IFCAXIS2PLACEMENT3D(#16865,#16866,#16867);
#16869=IFCLOCALPLACEMENT(#32,#16868);
#16870=IFCCARTESIANPOINT((6.,5.875,17.5));
#16871=IFCDIRECTION((0.,0.,1.));
#16872=IFCDIRECTION((1.,0.,0.));
#16873=IFCAXIS2PLACEMENT3D(#16870,#16871,#16872);
#16874=IFCLOCALPLACEMENT(#32,#16873);
#16875=IFCCARTESIANPOINT((6.125,12.,8.5));
#16876=IFCDIRECTION((0.,0.,1.));
#16877=IFCDIRECTION((6.123233995736766E-17,1.,0.));
#16878=IFCAXIS2PLACEMENT3D(#16875,#16876,#16877);
#16879=IFCLOCALPLACEMENT(#32,#16878);
#16880=IFCCARTESIANPOINT((6.125,6.,14.5));
#16881=IFCDIRECTION((0.,0.,1.));
#16882=IFCDIRECTION((6.123233995736766E-17,1.,0.));
#16883=IFCAXIS2PLACEMENT3D(#16880,#16881,#16882);
#16884=IFCLOCALPLACEMENT(#32,#16883);
#16885=IFCCARTESIANPOINT((23.800000000000001,5.7999999999999998,6.));
#16886=IFCDIRECTION((0.,0.,1.));
#16887=IFCDIRECTION((1.,0.,0.));
#16888=IFCAXIS2PLACEMENT3D(#16885,#16886,#16887);
#16889=IFCLOCALPLACEMENT(#32,#16888);
#16890=IFCCARTESIANPOINT((2.875,6.,20.600000000000001));
#16891=IFCDIRECTION((0.,0.,1.));
#16892=IFCDIRECTION((6.123233995736766E-17,-1.,0.));
#16893=IFCAXIS2PLACEMENT3D(#16890,#16891,#16892);
#16894=IFCLOCALPLACEMENT(#32,#16893);
#16895=IFCCARTESIANPOINT((0.,17.875,17.5));
#16896=IFCDIRECTION((0.,0.,1.));
#16897=IFCDIRECTION((1.,0.,0.));
#16898=IFCAXIS2PLACEMENT3D(#16895,#16896,#16897);
#16899=IFCLOCALPLACEMENT(#32,#16898);
#16900=IFCCARTESIANPOINT((29.875,12.,17.600000000000001));
#16901=IFCDIRECTION((0.,0.,1.));
#16902=IFCDIRECTION((6.123233995736766E-17,-1.,0.));
#16903=IFCAXIS2PLACEMENT3D(#16900,#16901,#16902);
#16904=IFCLOCALPLACEMENT(#32,#16903);
#16905=IFCCARTESIANPOINT((3.,12.,8.8800000000000008));
#16906=IFCDIRECTION((0.,0.,1.));
#16907=IFCDIRECTION((1.,0.,0.));
#16908=IFCAXIS2PLACEMENT3D(#16905,#16906,#16907);
#16909=IFCLOCALPLACEMENT(#32,#16908);
#16910=IFCCARTESIANPOINT((12.,12.,5.8799999999999999));
#16911=IFCDIRECTION((0.,0.,1.));
#16912=IFCDIRECTION((1.,0.,0.));
#16913=IFCAXIS2PLACEMENT3D(#16910,#16911,#16912);
#16914=IFCLOCALPLACEMENT(#32,#16913);
#16915=IFCCARTESIANPOINT((18.125,-7.6540424946709575E-18,8.5));
#16916=IFCDIRECTION((0.,0.,1.));
#16917=IFCDIRECTION((6.123233995736766E-17,1.,0.));
#16918=IFCAXIS2PLACEMENT3D(#16915,#16916,#16917);
#16919=IFCLOCALPLACEMENT(#32,#16918);
#16920=IFCCARTESIANPOINT((9.,0.,23.879999999999999));
#16921=IFCDIRECTION((0.,0.,1.));
#16922=IFCDIRECTION((1.,0.,0.));
#16923=IFCAXIS2PLACEMENT3D(#16920,#16921,#16922);
#16924=IFCLOCALPLACEMENT(#32,#16923);
#16925=IFCCARTESIANPOINT((6.125,6.,17.5));
#16926=IFCDIRECTION((0.,0.,1.));
#16927=IFCDIRECTION((6.123233995736766E-17,1.,0.));
#16928=IFCAXIS2PLACEMENT3D(#16925,#16926,#16927);
#16929=IFCLOCALPLACEMENT(#32,#16928);
#16930=IFCCARTESIANPOINT((24.,17.875,17.5));
#16931=IFCDIRECTION((0.,0.,1.));
#16932=IFCDIRECTION((1.,0.,0.));
#16933=IFCAXIS2PLACEMENT3D(#16930,#16931,#16932);
#16934=IFCLOCALPLACEMENT(#32,#16933);
#16935=IFCCARTESIANPOINT((17.800000000000001,-0.20000000000000001,9.));
#16936=IFCDIRECTION((0.,0.,1.));
#16937=IFCDIRECTION((1.,0.,0.));
#16938=IFCAXIS2PLACEMENT3D(#16935,#16936,#16937);
#16939=IFCLOCALPLACEMENT(#32,#16938);
#16940=IFCCARTESIANPOINT((15.,12.,8.8800000000000008));
#16941=IFCDIRECTION((0.,0.,1.));
#16942=IFCDIRECTION((1.,0.,0.));
#16943=IFCAXIS2PLACEMENT3D(#16940,#16941,#16942);
#16944=IFCLOCALPLACEMENT(#32,#16943);
#16945=IFCCARTESIANPOINT((24.,12.,5.8799999999999999));
#16946=IFCDIRECTION((0.,0.,1.));
#16947=IFCDIRECTION((1.,0.,0.));
#16948=IFCAXIS2PLACEMENT3D(#16945,#16946,#16947);
#16949=IFCLOCALPLACEMENT(#32,#16948);
#16950=IFCCARTESIANPOINT((20.875,12.,2.6000000000000001));
#16951=IFCDIRECTION((0.,0.,1.));
#16952=IFCDIRECTION((6.123233995736766E-17,-1.,0.));
#16953=IFCAXIS2PLACEMENT3D(#16950,#16951,#16952);
#16954=IFCLOCALPLACEMENT(#32,#16953);
#16955=IFCCARTESIANPOINT((6.,6.,11.880000000000001));
#16956=IFCDIRECTION((0.,0.,1.));
#16957=IFCDIRECTION((1.,0.,0.));
#16958=IFCAXIS2PLACEMENT3D(#16955,#16956,#16957);
#16959=IFCLOCALPLACEMENT(#32,#16958);
#16960=IFCCARTESIANPOINT((21.,0.,23.879999999999999));
#16961=IFCDIRECTION((0.,0.,1.));
#16962=IFCDIRECTION((1.,0.,0.));
#16963=IFCAXIS2PLACEMENT3D(#16960,#16961,#16962);
#16964=IFCLOCALPLACEMENT(#32,#16963);
#16965=IFCCARTESIANPOINT((15.,6.,8.8800000000000008));
#16966=IFCDIRECTION((0.,0.,1.));
#16967=IFCDIRECTION((1.,0.,0.));
#16968=IFCAXIS2PLACEMENT3D(#16965,#16966,#16967);
#16969=IFCLOCALPLACEMENT(#32,#16968);
#16970=IFCCARTESIANPOINT((8.875,12.,11.6));
#16971=IFCDIRECTION((0.,0.,1.));
#16972=IFCDIRECTION((6.123233995736766E-17,-1.,0.));
#16973=IFCAXIS2PLACEMENT3D(#16970,#16971,#16972);
#16974=IFCLOCALPLACEMENT(#32,#16973);
#16975=IFCCARTESIANPOINT((11.800000000000001,5.7999999999999998,9.));
#16976=IFCDIRECTION((0.,0.,1.));
#16977=IFCDIRECTION((1.,0.,0.));
#16978=IFCAXIS2PLACEMENT3D(#16975,#16976,#16977);
#16979=IFCLOCALPLACEMENT(#32,#16978);
#16980=IFCCARTESIANPOINT((0.,12.,23.879999999999999));
#16981=IFCDIRECTION((0.,0.,1.));
#16982=IFCDIRECTION((1.,0.,0.));
#16983=IFCAXIS2PLACEMENT3D(#16980,#16981,#16982);
#16984=IFCLOCALPLACEMENT(#32,#16983);
#16985=IFCCARTESIANPOINT((24.,17.875,20.5));
#16986=IFCDIRECTION((0.,0.,1.));
#16987=IFCDIRECTION((1.,0.,0.));
#16988=IFCAXIS2PLACEMENT3D(#16985,#16986,#16987);
#16989=IFCLOCALPLACEMENT(#32,#16988);
#16990=IFCCARTESIANPOINT((0.,-0.125,17.5));
#16991=IFCDIRECTION((0.,0.,1.));
#16992=IFCDIRECTION((1.,0.,0.));
#16993=IFCAXIS2PLACEMENT3D(#16990,#16991,#16992);
#16994=IFCLOCALPLACEMENT(#32,#16993);
#16995=IFCCARTESIANPOINT((23.800000000000001,17.800000000000001,12.));
#16996=IFCDIRECTION((0.,0.,1.));
#16997=IFCDIRECTION((1.,0.,0.));
#16998=IFCAXIS2PLACEMENT3D(#16995,#16996,#16997);
#16999=IFCLOCALPLACEMENT(#32,#16998);
#17000=IFCCARTESIANPOINT((18.,6.,11.880000000000001));
#17001=IFCDIRECTION((0.,0.,1.));
#17002=IFCDIRECTION((1.,0.,0.));
#17003=IFCAXIS2PLACEMENT3D(#17000,#17001,#17002);
#17004=IFCLOCALPLACEMENT(#32,#17003);
#17005=IFCCARTESIANPOINT((9.,0.,8.8800000000000008));
#17006=IFCDIRECTION((0.,0.,1.));
#17007=IFCDIRECTION((1.,0.,0.));
#17008=IFCAXIS2PLACEMENT3D(#17005,#17006,#17007);
#17009=IFCLOCALPLACEMENT(#32,#17008);
#17010=IFCCARTESIANPOINT((24.,14.875,2.5));
#17011=IFCDIRECTION((0.,0.,1.));
#17012=IFCDIRECTION((1.,0.,0.));
#17013=IFCAXIS2PLACEMENT3D(#17010,#17011,#17012);
#17014=IFCLOCALPLACEMENT(#32,#17013);
#17015=IFCCARTESIANPOINT((9.,0.,14.880000000000001));
#17016=IFCDIRECTION((0.,0.,1.));
#17017=IFCDIRECTION((1.,0.,0.));
#17018=IFCAXIS2PLACEMENT3D(#17015,#17016,#17017);
#17019=IFCLOCALPLACEMENT(#32,#17018);
#17020=IFCCARTESIANPOINT((27.,0.5,14.880000000000001));
#17021=IFCDIRECTION((0.,0.,1.));
#17022=IFCDIRECTION((1.,0.,0.));
#17023=IFCAXIS2PLACEMENT3D(#17020,#17021,#17022);
#17024=IFCLOCALPLACEMENT(#32,#17023);
#17025=IFCCARTESIANPOINT((12.,12.,23.879999999999999));
#17026=IFCDIRECTION((0.,0.,1.));
#17027=IFCDIRECTION((1.,0.,0.));
#17028=IFCAXIS2PLACEMENT3D(#17025,#17026,#17027);
#17029=IFCLOCALPLACEMENT(#32,#17028);
#17030=IFCCARTESIANPOINT((3.,0.,11.880000000000001));
#17031=IFCDIRECTION((0.,0.,1.));
#17032=IFCDIRECTION((1.,0.,0.));
#17033=IFCAXIS2PLACEMENT3D(#17030,#17031,#17032);
#17034=IFCLOCALPLACEMENT(#32,#17033);
#17035=IFCCARTESIANPOINT((20.875,12.,11.6));
#17036=IFCDIRECTION((0.,0.,1.));
#17037=IFCDIRECTION((6.123233995736766E-17,-1.,0.));
#17038=IFCAXIS2PLACEMENT3D(#17035,#17036,#17037);
#17039=IFCLOCALPLACEMENT(#32,#17038);
#17040=IFCCARTESIANPOINT((23.800000000000001,5.7999999999999998,12.));
#17041=IFCDIRECTION((0.,0.,1.));
#17042=IFCDIRECTION((1.,0.,0.));
#17043=IFCAXIS2PLACEMENT3D(#17040,#17041,#17042);
#17044=IFCLOCALPLACEMENT(#32,#17043);
#17045=IFCCARTESIANPOINT((23.800000000000001,-0.20000000000000001,3.));
#17046=IFCDIRECTION((0.,0.,1.));
#17047=IFCDIRECTION((1.,0.,0.));
#17048=IFCAXIS2PLACEMENT3D(#17045,#17046,#17047);
#17049=IFCLOCALPLACEMENT(#32,#17048);
#17050=IFCCARTESIANPOINT((12.,0.,11.880000000000001));
#17051=IFCDIRECTION((0.,0.,1.));
#17052=IFCDIRECTION((1.,0.,0.));
#17053=IFCAXIS2PLACEMENT3D(#17050,#17051,#17052);
#17054=IFCLOCALPLACEMENT(#32,#17053);
#17055=IFCCARTESIANPOINT((17.800000000000001,5.7999999999999998,6.));
#17056=IFCDIRECTION((0.,0.,1.));
#17057=IFCDIRECTION((1.,0.,0.));
#17058=IFCAXIS2PLACEMENT3D(#17055,#17056,#17057);
#17059=IFCLOCALPLACEMENT(#32,#17058);
#17060=IFCCARTESIANPOINT((8.875,6.,20.600000000000001));
#17061=IFCDIRECTION((0.,0.,1.));
#17062=IFCDIRECTION((6.123233995736766E-17,-1.,0.));
#17063=IFCAXIS2PLACEMENT3D(#17060,#17061,#17062);
#17064=IFCLOCALPLACEMENT(#32,#17063);
#17065=IFCCARTESIANPOINT((17.800000000000001,11.800000000000001,15.));
#17066=IFCDIRECTION((0.,0.,1.));
#17067=IFCDIRECTION((1.,0.,0.));
#17068=IFCAXIS2PLACEMENT3D(#17065,#17066,#17067);
#17069=IFCLOCALPLACEMENT(#32,#17068);
#17070=IFCCARTESIANPOINT((24.,11.875,17.600000000000001));
#17071=IFCDIRECTION((0.,0.,1.));
#17072=IFCDIRECTION((1.,0.,0.));
#17073=IFCAXIS2PLACEMENT3D(#17070,#17071,#17072);
#17074=IFCLOCALPLACEMENT(#32,#17073);
#17075=IFCCARTESIANPOINT((21.,0.,14.880000000000001));
#17076=IFCDIRECTION((0.,0.,1.));
#17077=IFCDIRECTION((1.,0.,0.));
#17078=IFCAXIS2PLACEMENT3D(#17075,#17076,#17077);
#17079=IFCLOCALPLACEMENT(#32,#17078);
#17080=IFCCARTESIANPOINT((11.800000000000001,17.800000000000001,9.));
#17081=IFCDIRECTION((0.,0.,1.));
#17082=IFCDIRECTION((1.,0.,0.));
#17083=IFCAXIS2PLACEMENT3D(#17080,#17081,#17082);
#17084=IFCLOCALPLACEMENT(#32,#17083);
#17085=IFCCARTESIANPOINT((26.875,12.,11.6));
#17086=IFCDIRECTION((0.,0.,1.));
#17087=IFCDIRECTION((6.123233995736766E-17,-1.,0.));
#17088=IFCAXIS2PLACEMENT3D(#17085,#17086,#17087);
#17089=IFCLOCALPLACEMENT(#32,#17088);
#17090=IFCCARTESIANPOINT((6.,17.875,2.5));
#17091=IFCDIRECTION((0.,0.,1.));
#17092=IFCDIRECTION((1.,0.,0.));
#17093=IFCAXIS2PLACEMENT3D(#17090,#17091,#17092);
#17094=IFCLOCALPLACEMENT(#32,#17093);
#17095=IFCCARTESIANPOINT((6.,17.875,8.5));
#17096=IFCDIRECTION((0.,0.,1.));
#17097=IFCDIRECTION((1.,0.,0.));
#17098=IFCAXIS2PLACEMENT3D(#17095,#17096,#17097);
#17099=IFCLOCALPLACEMENT(#32,#17098);
#17100=IFCCARTESIANPOINT((23.800000000000001,-0.20000000000000001,15.));
#17101=IFCDIRECTION((0.,0.,1.));
#17102=IFCDIRECTION((1.,0.,0.));
#17103=IFCAXIS2PLACEMENT3D(#17100,#17101,#17102);
#17104=IFCLOCALPLACEMENT(#32,#17103);
#17105=IFCCARTESIANPOINT((0.,0.,8.8800000000000008));
#17106=IFCDIRECTION((0.,0.,1.));
#17107=IFCDIRECTION((1.,0.,0.));
#17108=IFCAXIS2PLACEMENT3D(#17105,#17106,#17107);
#17109=IFCLOCALPLACEMENT(#32,#17108);
#17110=IFCCARTESIANPOINT((9.,12.,11.880000000000001));
#17111=IFCDIRECTION((0.,0.,1.));
#17112=IFCDIRECTION((1.,0.,0.));
#17113=IFCAXIS2PLACEMENT3D(#17110,#17111,#17112);
#17114=IFCLOCALPLACEMENT(#32,#17113);
#17115=IFCCARTESIANPOINT((24.,5.875,11.5));
#17116=IFCDIRECTION((0.,0.,1.));
#17117=IFCDIRECTION((1.,0.,0.));
#17118=IFCAXIS2PLACEMENT3D(#17115,#17116,#17117);
#17119=IFCLOCALPLACEMENT(#32,#17118);
#17120=IFCCARTESIANPOINT((0.,11.875,17.5));
#17121=IFCDIRECTION((0.,0.,1.));
#17122=IFCDIRECTION((1.,0.,0.));
#17123=IFCAXIS2PLACEMENT3D(#17120,#17121,#17122);
#17124=IFCLOCALPLACEMENT(#32,#17123);
#17125=IFCCARTESIANPOINT((17.800000000000001,-0.20000000000000001,15.));
#17126=IFCDIRECTION((0.,0.,1.));
#17127=IFCDIRECTION((1.,0.,0.));
#17128=IFCAXIS2PLACEMENT3D(#17125,#17126,#17127);
#17129=IFCLOCALPLACEMENT(#32,#17128);
#17130=IFCCARTESIANPOINT((5.7999999999999998,-0.20000000000000001,21.));
#17131=IFCDIRECTION((0.,0.,1.));
#17132=IFCDIRECTION((1.,0.,0.));
#17133=IFCAXIS2PLACEMENT3D(#17130,#17131,#17132);
#17134=IFCLOCALPLACEMENT(#32,#17133);
#17135=IFCCARTESIANPOINT((3.,6.,11.880000000000001));
#17136=IFCDIRECTION((0.,0.,1.));
#17137=IFCDIRECTION((1.,0.,0.));
#17138=IFCAXIS2PLACEMENT3D(#17135,#17136,#17137);
#17139=IFCLOCALPLACEMENT(#32,#17138);
#17140=IFCCARTESIANPOINT((29.800000000000001,17.800000000000001,9.));
#17141=IFCDIRECTION((0.,0.,1.));
#17142=IFCDIRECTION((1.,0.,0.));
#17143=IFCAXIS2PLACEMENT3D(#17140,#17141,#17142);
#17144=IFCLOCALPLACEMENT(#32,#17143);
#17145=IFCCARTESIANPOINT((24.,0.,17.879999999999999));
#17146=IFCDIRECTION((0.,0.,1.));
#17147=IFCDIRECTION((1.,0.,0.));
#17148=IFCAXIS2PLACEMENT3D(#17145,#17146,#17147);
#17149=IFCLOCALPLACEMENT(#32,#17148);
#17150=IFCCARTESIANPOINT((11.800000000000001,11.800000000000001,18.));
#17151=IFCDIRECTION((0.,0.,1.));
#17152=IFCDIRECTION((1.,0.,0.));
#17153=IFCAXIS2PLACEMENT3D(#17150,#17151,#17152);
#17154=IFCLOCALPLACEMENT(#32,#17153);
#17155=IFCCARTESIANPOINT((6.125,12.,23.5));
#17156=IFCDIRECTION((0.,0.,1.));
#17157=IFCDIRECTION((6.123233995736766E-17,1.,0.));
#17158=IFCAXIS2PLACEMENT3D(#17155,#17156,#17157);
#17159=IFCLOCALPLACEMENT(#32,#17158);
#17160=IFCCARTESIANPOINT((2.875,18.,2.6000000000000001));
#17161=IFCDIRECTION((0.,0.,1.));
#17162=IFCDIRECTION((6.123233995736766E-17,-1.,0.));
#17163=IFCAXIS2PLACEMENT3D(#17160,#17161,#17162);
#17164=IFCLOCALPLACEMENT(#32,#17163);
#17165=IFCCARTESIANPOINT((12.,12.,14.880000000000001));
#17166=IFCDIRECTION((0.,0.,1.));
#17167=IFCDIRECTION((1.,0.,0.));
#17168=IFCAXIS2PLACEMENT3D(#17165,#17166,#17167);
#17169=IFCLOCALPLACEMENT(#32,#17168);
#17170=IFCCARTESIANPOINT((5.7999999999999998,17.800000000000001,12.));
#17171=IFCDIRECTION((0.,0.,1.));
#17172=IFCDIRECTION((1.,0.,0.));
#17173=IFCAXIS2PLACEMENT3D(#17170,#17171,#17172);
#17174=IFCLOCALPLACEMENT(#32,#17173);
#17175=IFCCARTESIANPOINT((23.800000000000001,11.800000000000001,18.));
#17176=IFCDIRECTION((0.,0.,1.));
#17177=IFCDIRECTION((1.,0.,0.));
#17178=IFCAXIS2PLACEMENT3D(#17175,#17176,#17177);
#17179=IFCLOCALPLACEMENT(#32,#17178);
#17180=IFCCARTESIANPOINT((18.,11.875,11.5));
#17181=IFCDIRECTION((0.,0.,1.));
#17182=IFCDIRECTION((1.,0.,0.));
#17183=IFCAXIS2PLACEMENT3D(#17180,#17181,#17182);
#17184=IFCLOCALPLACEMENT(#32,#17183);
#17185=IFCCARTESIANPOINT((24.125,-7.6540424946709575E-18,2.5));
#17186=IFCDIRECTION((0.,0.,1.));
#17187=IFCDIRECTION((6.123233995736766E-17,1.,0.));
#17188=IFCAXIS2PLACEMENT3D(#17185,#17186,#17187);
#17189=IFCLOCALPLACEMENT(#32,#17188);
#17190=IFCCARTESIANPOINT((11.800000000000001,5.7999999999999998,15.));
#17191=IFCDIRECTION((0.,0.,1.));
#17192=IFCDIRECTION((1.,0.,0.));
#17193=IFCAXIS2PLACEMENT3D(#17190,#17191,#17192);
#17194=IFCLOCALPLACEMENT(#32,#17193);
#17195=IFCCARTESIANPOINT((24.125,6.,8.5));
#17196=IFCDIRECTION((0.,0.,1.));
#17197=IFCDIRECTION((6.123233995736766E-17,1.,0.));
#17198=IFCAXIS2PLACEMENT3D(#17195,#17196,#17197);
#17199=IFCLOCALPLACEMENT(#32,#17198);
#17200=IFCCARTESIANPOINT((5.7999999999999998,-0.20000000000000001,9.));
#17201=IFCDIRECTION((0.,0.,1.));
#17202=IFCDIRECTION((1.,0.,0.));
#17203=IFCAXIS2PLACEMENT3D(#17200,#17201,#17202);
#17204=IFCLOCALPLACEMENT(#32,#17203);
#17205=IFCCARTESIANPOINT((18.,0.,2.8799999999999999));
#17206=IFCDIRECTION((0.,0.,1.));
#17207=IFCDIRECTION((1.,0.,0.));
#17208=IFCAXIS2PLACEMENT3D(#17205,#17206,#17207);
#17209=IFCLOCALPLACEMENT(#32,#17208);
#17210=IFCCARTESIANPOINT((24.,0.,2.8799999999999999));
#17211=IFCDIRECTION((0.,0.,1.));
#17212=IFCDIRECTION((1.,0.,0.));
#17213=IFCAXIS2PLACEMENT3D(#17210,#17211,#17212);
#17214=IFCLOCALPLACEMENT(#32,#17213);
#17215=IFCCARTESIANPOINT((12.125,6.,11.5));
#17216=IFCDIRECTION((0.,0.,1.));
#17217=IFCDIRECTION((6.123233995736766E-17,1.,0.));
#17218=IFCAXIS2PLACEMENT3D(#17215,#17216,#17217);
#17219=IFCLOCALPLACEMENT(#32,#17218);
#17220=IFCCARTESIANPOINT((12.125,12.,17.5));
#17221=IFCDIRECTION((0.,0.,1.));
#17222=IFCDIRECTION((6.123233995736766E-17,1.,0.));
#17223=IFCAXIS2PLACEMENT3D(#17220,#17221,#17222);
#17224=IFCLOCALPLACEMENT(#32,#17223);
#17225=IFCCARTESIANPOINT((23.800000000000001,17.800000000000001,18.));
#17226=IFCDIRECTION((0.,0.,1.));
#17227=IFCDIRECTION((1.,0.,0.));
#17228=IFCAXIS2PLACEMENT3D(#17225,#17226,#17227);
#17229=IFCLOCALPLACEMENT(#32,#17228);
#17230=IFCCARTESIANPOINT((14.875,18.,2.6000000000000001));
#17231=IFCDIRECTION((0.,0.,1.));
#17232=IFCDIRECTION((6.123233995736766E-17,-1.,0.));
#17233=IFCAXIS2PLACEMENT3D(#17230,#17231,#17232);
#17234=IFCLOCALPLACEMENT(#32,#17233);
#17235=IFCCARTESIANPOINT((24.,12.,14.880000000000001));
#17236=IFCDIRECTION((0.,0.,1.));
#17237=IFCDIRECTION((1.,0.,0.));
#17238=IFCAXIS2PLACEMENT3D(#17235,#17236,#17237);
#17239=IFCLOCALPLACEMENT(#32,#17238);
#17240=IFCCARTESIANPOINT((17.800000000000001,17.800000000000001,12.));
#17241=IFCDIRECTION((0.,0.,1.));
#17242=IFCDIRECTION((1.,0.,0.));
#17243=IFCAXIS2PLACEMENT3D(#17240,#17241,#17242);
#17244=IFCLOCALPLACEMENT(#32,#17243);
#17245=IFCCARTESIANPOINT((27.,6.,20.879999999999999));
#17246=IFCDIRECTION((0.,0.,1.));
#17247=IFCDIRECTION((1.,0.,0.));
#17248=IFCAXIS2PLACEMENT3D(#17245,#17246,#17247);
#17249=IFCLOCALPLACEMENT(#32,#17248);
#17250=IFCCARTESIANPOINT((24.,17.875,11.5));
#17251=IFCDIRECTION((0.,0.,1.));
#17252=IFCDIRECTION((1.,0.,0.));
#17253=IFCAXIS2PLACEMENT3D(#17250,#17251,#17252);
#17254=IFCLOCALPLACEMENT(#32,#17253);
#17255=IFCCARTESIANPOINT((29.800000000000001,0.80000000000000004,12.));
#17256=IFCDIRECTION((0.,0.,1.));
#17257=IFCDIRECTION((1.,0.,0.));
#17258=IFCAXIS2PLACEMENT3D(#17255,#17256,#17257);
#17259=IFCLOCALPLACEMENT(#32,#17258);
#17260=IFCCARTESIANPOINT((6.,-0.125,2.5));
#17261=IFCDIRECTION((0.,0.,1.));
#17262=IFCDIRECTION((1.,0.,0.));
#17263=IFCAXIS2PLACEMENT3D(#17260,#17261,#17262);
#17264=IFCLOCALPLACEMENT(#32,#17263);
#17265=IFCCARTESIANPOINT((15.,6.,17.879999999999999));
#17266=IFCDIRECTION((0.,0.,1.));
#17267=IFCDIRECTION((1.,0.,0.));
#17268=IFCAXIS2PLACEMENT3D(#17265,#17266,#17267);
#17269=IFCLOCALPLACEMENT(#32,#17268);
#17270=IFCCARTESIANPOINT((6.,-0.125,8.5));
#17271=IFCDIRECTION((0.,0.,1.));
#17272=IFCDIRECTION((1.,0.,0.));
#17273=IFCAXIS2PLACEMENT3D(#17270,#17271,#17272);
#17274=IFCLOCALPLACEMENT(#32,#17273);
#17275=IFCCARTESIANPOINT((-0.20000000000000001,-0.20000000000000001,21.));
#17276=IFCDIRECTION((0.,0.,1.));
#17277=IFCDIRECTION((1.,0.,0.));
#17278=IFCAXIS2PLACEMENT3D(#17275,#17276,#17277);
#17279=IFCLOCALPLACEMENT(#32,#17278);
#17280=IFCCARTESIANPOINT((18.125,12.,11.5));
#17281=IFCDIRECTION((0.,0.,1.));
#17282=IFCDIRECTION((6.123233995736766E-17,1.,0.));
#17283=IFCAXIS2PLACEMENT3D(#17280,#17281,#17282);
#17284=IFCLOCALPLACEMENT(#32,#17283);
#17285=IFCCARTESIANPOINT((24.125,-7.6540424946709575E-18,17.5));
#17286=IFCDIRECTION((0.,0.,1.));
#17287=IFCDIRECTION((6.123233995736766E-17,1.,0.));
#17288=IFCAXIS2PLACEMENT3D(#17285,#17286,#17287);
#17289=IFCLOCALPLACEMENT(#32,#17288);
#17290=IFCCARTESIANPOINT((23.800000000000001,5.7999999999999998,18.));
#17291=IFCDIRECTION((0.,0.,1.));
#17292=IFCDIRECTION((1.,0.,0.));
#17293=IFCAXIS2PLACEMENT3D(#17290,#17291,#17292);
#17294=IFCLOCALPLACEMENT(#32,#17293);
#17295=IFCCARTESIANPOINT((20.875,18.,11.6));
#17296=IFCDIRECTION((0.,0.,1.));
#17297=IFCDIRECTION((6.123233995736766E-17,-1.,0.));
#17298=IFCAXIS2PLACEMENT3D(#17295,#17296,#17297);
#17299=IFCLOCALPLACEMENT(#32,#17298);
#17300=IFCCARTESIANPOINT((-0.20000000000000001,5.7999999999999998,12.));
#17301=IFCDIRECTION((0.,0.,1.));
#17302=IFCDIRECTION((1.,0.,0.));
#17303=IFCAXIS2PLACEMENT3D(#17300,#17301,#17302);
#17304=IFCLOCALPLACEMENT(#32,#17303);
#17305=IFCCARTESIANPOINT((3.,12.,2.8799999999999999));
#17306=IFCDIRECTION((0.,0.,1.));
#17307=IFCDIRECTION((1.,0.,0.));
#17308=IFCAXIS2PLACEMENT3D(#17305,#17306,#17307);
#17309=IFCLOCALPLACEMENT(#32,#17308);
#17310=IFCCARTESIANPOINT((27.,6.,14.880000000000001));
#17311=IFCDIRECTION((0.,0.,1.));
#17312=IFCDIRECTION((1.,0.,0.));
#17313=IFCAXIS2PLACEMENT3D(#17310,#17311,#17312);
#17314=IFCLOCALPLACEMENT(#32,#17313);
#17315=IFCCARTESIANPOINT((8.875,12.,20.600000000000001));
#17316=IFCDIRECTION((0.,0.,1.));
#17317=IFCDIRECTION((6.123233995736766E-17,-1.,0.));
#17318=IFCAXIS2PLACEMENT3D(#17315,#17316,#17317);
#17319=IFCLOCALPLACEMENT(#32,#17318);
#17320=IFCCARTESIANPOINT((17.800000000000001,11.800000000000001,21.));
#17321=IFCDIRECTION((0.,0.,1.));
#17322=IFCDIRECTION((1.,0.,0.));
#17323=IFCAXIS2PLACEMENT3D(#17320,#17321,#17322);
#17324=IFCLOCALPLACEMENT(#32,#17323);
#17325=IFCCARTESIANPOINT((6.,5.875,2.5));
#17326=IFCDIRECTION((0.,0.,1.));
#17327=IFCDIRECTION((1.,0.,0.));
#17328=IFCAXIS2PLACEMENT3D(#17325,#17326,#17327);
#17329=IFCLOCALPLACEMENT(#32,#17328);
#17330=IFCCARTESIANPOINT((9.,0.,17.879999999999999));
#17331=IFCDIRECTION((0.,0.,1.));
#17332=IFCDIRECTION((1.,0.,0.));
#17333=IFCAXIS2PLACEMENT3D(#17330,#17331,#17332);
#17334=IFCLOCALPLACEMENT(#32,#17333);
#17335=IFCCARTESIANPOINT((30.125,12.,11.6));
#17336=IFCDIRECTION((0.,0.,1.));
#17337=IFCDIRECTION((6.123233995736766E-17,1.,0.));
#17338=IFCAXIS2PLACEMENT3D(#17335,#17336,#17337);
#17339=IFCLOCALPLACEMENT(#32,#17338);
#17340=IFCCARTESIANPOINT((29.800000000000001,11.800000000000001,15.));
#17341=IFCDIRECTION((0.,0.,1.));
#17342=IFCDIRECTION((1.,0.,0.));
#17343=IFCAXIS2PLACEMENT3D(#17340,#17341,#17342);
#17344=IFCLOCALPLACEMENT(#32,#17343);
#17345=IFCCARTESIANPOINT((8.875,6.,5.5999999999999996));
#17346=IFCDIRECTION((0.,0.,1.));
#17347=IFCDIRECTION((6.123233995736766E-17,-1.,0.));
#17348=IFCAXIS2PLACEMENT3D(#17345,#17346,#17347);
#17349=IFCLOCALPLACEMENT(#32,#17348);
#17350=IFCCARTESIANPOINT((-0.20000000000000001,5.7999999999999998,0.));
#17351=IFCDIRECTION((0.,0.,1.));
#17352=IFCDIRECTION((1.,0.,0.));
#17353=IFCAXIS2PLACEMENT3D(#17350,#17351,#17352);
#17354=IFCLOCALPLACEMENT(#32,#17353);
#17355=IFCCARTESIANPOINT((14.875,6.,14.6));
#17356=IFCDIRECTION((0.,0.,1.));
#17357=IFCDIRECTION((6.123233995736766E-17,-1.,0.));
#17358=IFCAXIS2PLACEMENT3D(#17355,#17356,#17357);
#17359=IFCLOCALPLACEMENT(#32,#17358);
#17360=IFCCARTESIANPOINT((20.875,18.,20.600000000000001));
#17361=IFCDIRECTION((0.,0.,1.));
#17362=IFCDIRECTION((6.123233995736766E-17,-1.,0.));
#17363=IFCAXIS2PLACEMENT3D(#17360,#17361,#17362);
#17364=IFCLOCALPLACEMENT(#32,#17363);
#17365=IFCCARTESIANPOINT((17.800000000000001,-0.20000000000000001,21.));
#17366=IFCDIRECTION((0.,0.,1.));
#17367=IFCDIRECTION((1.,0.,0.));
#17368=IFCAXIS2PLACEMENT3D(#17365,#17366,#17367);
#17369=IFCLOCALPLACEMENT(#32,#17368);
#17370=IFCCARTESIANPOINT((18.,5.875,11.5));
#17371=IFCDIRECTION((0.,0.,1.));
#17372=IFCDIRECTION((1.,0.,0.));
#17373=IFCAXIS2PLACEMENT3D(#17370,#17371,#17372);
#17374=IFCLOCALPLACEMENT(#32,#17373);
#17375=IFCCARTESIANPOINT((0.,11.875,2.5));
#17376=IFCDIRECTION((0.,0.,1.));
#17377=IFCDIRECTION((1.,0.,0.));
#17378=IFCAXIS2PLACEMENT3D(#17375,#17376,#17377);
#17379=IFCLOCALPLACEMENT(#32,#17378);
#17380=IFCCARTESIANPOINT((21.,6.,2.8799999999999999));
#17381=IFCDIRECTION((0.,0.,1.));
#17382=IFCDIRECTION((1.,0.,0.));
#17383=IFCAXIS2PLACEMENT3D(#17380,#17381,#17382);
#17384=IFCLOCALPLACEMENT(#32,#17383);
#17385=IFCCARTESIANPOINT((0.,5.875,20.5));
#17386=IFCDIRECTION((0.,0.,1.));
#17387=IFCDIRECTION((1.,0.,0.));
#17388=IFCAXIS2PLACEMENT3D(#17385,#17386,#17387);
#17389=IFCLOCALPLACEMENT(#32,#17388);
#17390=IFCCARTESIANPOINT((18.,-0.125,11.5));
#17391=IFCDIRECTION((0.,0.,1.));
#17392=IFCDIRECTION((1.,0.,0.));
#17393=IFCAXIS2PLACEMENT3D(#17390,#17391,#17392);
#17394=IFCLOCALPLACEMENT(#32,#17393);
#17395=IFCCARTESIANPOINT((0.125,12.,2.5));
#17396=IFCDIRECTION((0.,0.,1.));
#17397=IFCDIRECTION((6.123233995736766E-17,1.,0.));
#17398=IFCAXIS2PLACEMENT3D(#17395,#17396,#17397);
#17399=IFCLOCALPLACEMENT(#32,#17398);
#17400=IFCCARTESIANPOINT((0.,12.,17.879999999999999));
#17401=IFCDIRECTION((0.,0.,1.));
#17402=IFCDIRECTION((1.,0.,0.));
#17403=IFCAXIS2PLACEMENT3D(#17400,#17401,#17402);
#17404=IFCLOCALPLACEMENT(#32,#17403);
#17405=IFCCARTESIANPOINT((26.875,18.,14.6));
#17406=IFCDIRECTION((0.,0.,1.));
#17407=IFCDIRECTION((6.123233995736766E-17,-1.,0.));
#17408=IFCAXIS2PLACEMENT3D(#17405,#17406,#17407);
#17409=IFCLOCALPLACEMENT(#32,#17408);
#17410=IFCCARTESIANPOINT((-0.20000000000000001,11.800000000000001,0.));
#17411=IFCDIRECTION((0.,0.,1.));
#17412=IFCDIRECTION((1.,0.,0.));
#17413=IFCAXIS2PLACEMENT3D(#17410,#17411,#17412);
#17414=IFCLOCALPLACEMENT(#32,#17413);
#17415=IFCCARTESIANPOINT((29.800000000000001,5.7999999999999998,3.));
#17416=IFCDIRECTION((0.,0.,1.));
#17417=IFCDIRECTION((1.,0.,0.));
#17418=IFCAXIS2PLACEMENT3D(#17415,#17416,#17417);
#17419=IFCLOCALPLACEMENT(#32,#17418);
#17420=IFCCARTESIANPOINT((0.,0.,2.8799999999999999));
#17421=IFCDIRECTION((0.,0.,1.));
#17422=IFCDIRECTION((1.,0.,0.));
#17423=IFCAXIS2PLACEMENT3D(#17420,#17421,#17422);
#17424=IFCLOCALPLACEMENT(#32,#17423);
#17425=IFCCARTESIANPOINT((18.,5.875,14.5));
#17426=IFCDIRECTION((0.,0.,1.));
#17427=IFCDIRECTION((1.,0.,0.));
#17428=IFCAXIS2PLACEMENT3D(#17425,#17426,#17427);
#17429=IFCLOCALPLACEMENT(#32,#17428);
#17430=IFCCARTESIANPOINT((24.,5.875,20.5));
#17431=IFCDIRECTION((0.,0.,1.));
#17432=IFCDIRECTION((1.,0.,0.));
#17433=IFCAXIS2PLACEMENT3D(#17430,#17431,#17432);
#17434=IFCLOCALPLACEMENT(#32,#17433);
#17435=IFCCARTESIANPOINT((24.02054987341317,-0.12329924047901797,20.600000000000001));
#17436=IFCDIRECTION((0.,0.,1.));
#17437=IFCDIRECTION((0.98639392383214375,0.16439898730535726,0.));
#17438=IFCAXIS2PLACEMENT3D(#17435,#17436,#17437);
#17439=IFCLOCALPLACEMENT(#32,#17438);
#17440=IFCCARTESIANPOINT((12.125,-7.6540424946709575E-18,11.5));
#17441=IFCDIRECTION((0.,0.,1.));
#17442=IFCDIRECTION((6.123233995736766E-17,1.,0.));
#17443=IFCAXIS2PLACEMENT3D(#17440,#17441,#17442);
#17444=IFCLOCALPLACEMENT(#32,#17443);
#17445=IFCCARTESIANPOINT((12.125,6.,2.5));
#17446=IFCDIRECTION((0.,0.,1.));
#17447=IFCDIRECTION((6.123233995736766E-17,1.,0.));
#17448=IFCAXIS2PLACEMENT3D(#17445,#17446,#17447);
#17449=IFCLOCALPLACEMENT(#32,#17448);
#17450=IFCCARTESIANPOINT((0.125,12.,20.5));
#17451=IFCDIRECTION((0.,0.,1.));
#17452=IFCDIRECTION((6.123233995736766E-17,1.,0.));
#17453=IFCAXIS2PLACEMENT3D(#17450,#17451,#17452);
#17454=IFCLOCALPLACEMENT(#32,#17453);
#17455=IFCCARTESIANPOINT((0.125,6.,11.5));
#17456=IFCDIRECTION((0.,0.,1.));
#17457=IFCDIRECTION((6.123233995736766E-17,1.,0.));
#17458=IFCAXIS2PLACEMENT3D(#17455,#17456,#17457);
#17459=IFCLOCALPLACEMENT(#32,#17458);
#17460=IFCCARTESIANPOINT((18.,17.875,5.5));
#17461=IFCDIRECTION((0.,0.,1.));
#17462=IFCDIRECTION((1.,0.,0.));
#17463=IFCAXIS2PLACEMENT3D(#17460,#17461,#17462);
#17464=IFCLOCALPLACEMENT(#32,#17463);
#17465=IFCCARTESIANPOINT((12.,11.875,14.5));
#17466=IFCDIRECTION((0.,0.,1.));
#17467=IFCDIRECTION((1.,0.,0.));
#17468=IFCAXIS2PLACEMENT3D(#17465,#17466,#17467);
#17469=IFCLOCALPLACEMENT(#32,#17468);
#17470=IFCCARTESIANPOINT((18.,11.875,20.5));
#17471=IFCDIRECTION((0.,0.,1.));
#17472=IFCDIRECTION((1.,0.,0.));
#17473=IFCAXIS2PLACEMENT3D(#17470,#17471,#17472);
#17474=IFCLOCALPLACEMENT(#32,#17473);
#17475=IFCCARTESIANPOINT((24.,15.,2.8799999999999999));
#17476=IFCDIRECTION((0.,0.,1.));
#17477=IFCDIRECTION((1.,0.,0.));
#17478=IFCAXIS2PLACEMENT3D(#17475,#17476,#17477);
#17479=IFCLOCALPLACEMENT(#32,#17478);
#17480=IFCCARTESIANPOINT((12.125,6.,20.5));
#17481=IFCDIRECTION((0.,0.,1.));
#17482=IFCDIRECTION((6.123233995736766E-17,1.,0.));
#17483=IFCAXIS2PLACEMENT3D(#17480,#17481,#17482);
#17484=IFCLOCALPLACEMENT(#32,#17483);
#17485=IFCCARTESIANPOINT((-0.125,6.,20.600000000000001));
#17486=IFCDIRECTION((0.,0.,1.));
#17487=IFCDIRECTION((6.123233995736766E-17,-1.,0.));
#17488=IFCAXIS2PLACEMENT3D(#17485,#17486,#17487);
#17489=IFCLOCALPLACEMENT(#32,#17488);
#17490=IFCCARTESIANPOINT((8.875,18.,5.5999999999999996));
#17491=IFCDIRECTION((0.,0.,1.));
#17492=IFCDIRECTION((6.123233995736766E-17,-1.,0.));
#17493=IFCAXIS2PLACEMENT3D(#17490,#17491,#17492);
#17494=IFCLOCALPLACEMENT(#32,#17493);
#17495=IFCCARTESIANPOINT((12.,6.,14.880000000000001));
#17496=IFCDIRECTION((0.,0.,1.));
#17497=IFCDIRECTION((1.,0.,0.));
#17498=IFCAXIS2PLACEMENT3D(#17495,#17496,#17497);
#17499=IFCLOCALPLACEMENT(#32,#17498);
#17500=IFCCARTESIANPOINT((18.,17.875,8.5));
#17501=IFCDIRECTION((0.,0.,1.));
#17502=IFCDIRECTION((1.,0.,0.));
#17503=IFCAXIS2PLACEMENT3D(#17500,#17501,#17502);
#17504=IFCLOCALPLACEMENT(#32,#17503);
#17505=IFCCARTESIANPOINT((12.,17.875,14.5));
#17506=IFCDIRECTION((0.,0.,1.));
#17507=IFCDIRECTION((1.,0.,0.));
#17508=IFCAXIS2PLACEMENT3D(#17505,#17506,#17507);
#17509=IFCLOCALPLACEMENT(#32,#17508);
#17510=IFCCARTESIANPOINT((30.125,12.,5.5999999999999996));
#17511=IFCDIRECTION((0.,0.,1.));
#17512=IFCDIRECTION((6.123233995736766E-17,1.,0.));
#17513=IFCAXIS2PLACEMENT3D(#17510,#17511,#17512);
#17514=IFCLOCALPLACEMENT(#32,#17513);
#17515=IFCCARTESIANPOINT((29.800000000000001,0.80000000000000004,0.));
#17516=IFCDIRECTION((0.,0.,1.));
#17517=IFCDIRECTION((1.,0.,0.));
#17518=IFCAXIS2PLACEMENT3D(#17515,#17516,#17517);
#17519=IFCLOCALPLACEMENT(#32,#17518);
#17520=IFCCARTESIANPOINT((18.,11.875,23.5));
#17521=IFCDIRECTION((0.,0.,1.));
#17522=IFCDIRECTION((1.,0.,0.));
#17523=IFCAXIS2PLACEMENT3D(#17520,#17521,#17522);
#17524=IFCLOCALPLACEMENT(#32,#17523);
#17525=IFCCARTESIANPOINT((18.125,6.,14.5));
#17526=IFCDIRECTION((0.,0.,1.));
#17527=IFCDIRECTION((6.123233995736766E-17,1.,0.));
#17528=IFCAXIS2PLACEMENT3D(#17525,#17526,#17527);
#17529=IFCLOCALPLACEMENT(#32,#17528);
#17530=IFCCARTESIANPOINT((18.125,12.,20.5));
#17531=IFCDIRECTION((0.,0.,1.));
#17532=IFCDIRECTION((6.123233995736766E-17,1.,0.));
#17533=IFCAXIS2PLACEMENT3D(#17530,#17531,#17532);
#17534=IFCLOCALPLACEMENT(#32,#17533);
#17535=IFCCARTESIANPOINT((-0.20000000000000001,17.800000000000001,15.));
#17536=IFCDIRECTION((0.,0.,1.));
#17537=IFCDIRECTION((1.,0.,0.));
#17538=IFCAXIS2PLACEMENT3D(#17535,#17536,#17537);
#17539=IFCLOCALPLACEMENT(#32,#17538);
#17540=IFCCARTESIANPOINT((15.,12.,2.8799999999999999));
#17541=IFCDIRECTION((0.,0.,1.));
#17542=IFCDIRECTION((1.,0.,0.));
#17543=IFCAXIS2PLACEMENT3D(#17540,#17541,#17542);
#17544=IFCLOCALPLACEMENT(#32,#17543);
#17545=IFCCARTESIANPOINT((8.875,18.,23.600000000000001));
#17546=IFCDIRECTION((0.,0.,1.));
#17547=IFCDIRECTION((6.123233995736766E-17,-1.,0.));
#17548=IFCAXIS2PLACEMENT3D(#17545,#17546,#17547);
#17549=IFCLOCALPLACEMENT(#32,#17548);
#17550=IFCCARTESIANPOINT((20.875,18.,5.5999999999999996));
#17551=IFCDIRECTION((0.,0.,1.));
#17552=IFCDIRECTION((6.123233995736766E-17,-1.,0.));
#17553=IFCAXIS2PLACEMENT3D(#17550,#17551,#17552);
#17554=IFCLOCALPLACEMENT(#32,#17553);
#17555=IFCCARTESIANPOINT((18.,-0.125,5.5));
#17556=IFCDIRECTION((0.,0.,1.));
#17557=IFCDIRECTION((1.,0.,0.));
#17558=IFCAXIS2PLACEMENT3D(#17555,#17556,#17557);
#17559=IFCLOCALPLACEMENT(#32,#17558);
#17560=IFCCARTESIANPOINT((12.,0.,20.879999999999999));
#17561=IFCDIRECTION((0.,0.,1.));
#17562=IFCDIRECTION((1.,0.,0.));
#17563=IFCAXIS2PLACEMENT3D(#17560,#17561,#17562);
#17564=IFCLOCALPLACEMENT(#32,#17563);
#17565=IFCCARTESIANPOINT((6.,6.,5.8799999999999999));
#17566=IFCDIRECTION((0.,0.,1.));
#17567=IFCDIRECTION((1.,0.,0.));
#17568=IFCAXIS2PLACEMENT3D(#17565,#17566,#17567);
#17569=IFCLOCALPLACEMENT(#32,#17568);
#17570=IFCCARTESIANPOINT((21.,0.,17.879999999999999));
#17571=IFCDIRECTION((0.,0.,1.));
#17572=IFCDIRECTION((1.,0.,0.));
#17573=IFCAXIS2PLACEMENT3D(#17570,#17571,#17572);
#17574=IFCLOCALPLACEMENT(#32,#17573);
#17575=IFCCARTESIANPOINT((24.125,12.,14.5));
#17576=IFCDIRECTION((0.,0.,1.));
#17577=IFCDIRECTION((6.123233995736766E-17,1.,0.));
#17578=IFCAXIS2PLACEMENT3D(#17575,#17576,#17577);
#17579=IFCLOCALPLACEMENT(#32,#17578);
#17580=IFCCARTESIANPOINT((29.800000000000001,11.800000000000001,3.));
#17581=IFCDIRECTION((0.,0.,1.));
#17582=IFCDIRECTION((1.,0.,0.));
#17583=IFCAXIS2PLACEMENT3D(#17580,#17581,#17582);
#17584=IFCLOCALPLACEMENT(#32,#17583);
#17585=IFCCARTESIANPOINT((9.,6.,2.8799999999999999));
#17586=IFCDIRECTION((0.,0.,1.));
#17587=IFCDIRECTION((1.,0.,0.));
#17588=IFCAXIS2PLACEMENT3D(#17585,#17586,#17587);
#17589=IFCLOCALPLACEMENT(#32,#17588);
#17590=IFCCARTESIANPOINT((14.875,6.,23.600000000000001));
#17591=IFCDIRECTION((0.,0.,1.));
#17592=IFCDIRECTION((6.123233995736766E-17,-1.,0.));
#17593=IFCAXIS2PLACEMENT3D(#17590,#17591,#17592);
#17594=IFCLOCALPLACEMENT(#32,#17593);
#17595=IFCCARTESIANPOINT((3.,0.,20.879999999999999));
#17596=IFCDIRECTION((0.,0.,1.));
#17597=IFCDIRECTION((1.,0.,0.));
#17598=IFCAXIS2PLACEMENT3D(#17595,#17596,#17597);
#17599=IFCLOCALPLACEMENT(#32,#17598);
#17600=IFCCARTESIANPOINT((11.800000000000001,5.7999999999999998,21.));
#17601=IFCDIRECTION((0.,0.,1.));
#17602=IFCDIRECTION((1.,0.,0.));
#17603=IFCAXIS2PLACEMENT3D(#17600,#17601,#17602);
#17604=IFCLOCALPLACEMENT(#32,#17603);
#17605=IFCCARTESIANPOINT((18.,6.,5.8799999999999999));
#17606=IFCDIRECTION((0.,0.,1.));
#17607=IFCDIRECTION((1.,0.,0.));
#17608=IFCAXIS2PLACEMENT3D(#17605,#17606,#17607);
#17609=IFCLOCALPLACEMENT(#32,#17608);
#17610=IFCCARTESIANPOINT((3.,6.,14.880000000000001));
#17611=IFCDIRECTION((0.,0.,1.));
#17612=IFCDIRECTION((1.,0.,0.));
#17613=IFCAXIS2PLACEMENT3D(#17610,#17611,#17612);
#17614=IFCLOCALPLACEMENT(#32,#17613);
#17615=IFCCARTESIANPOINT((24.,5.875,5.5));
#17616=IFCDIRECTION((0.,0.,1.));
#17617=IFCDIRECTION((1.,0.,0.));
#17618=IFCAXIS2PLACEMENT3D(#17615,#17616,#17617);
#17619=IFCLOCALPLACEMENT(#32,#17618);
#17620=IFCCARTESIANPOINT((0.125,6.,5.5));
#17621=IFCDIRECTION((0.,0.,1.));
#17622=IFCDIRECTION((6.123233995736766E-17,1.,0.));
#17623=IFCAXIS2PLACEMENT3D(#17620,#17621,#17622);
#17624=IFCLOCALPLACEMENT(#32,#17623);
#17625=IFCCARTESIANPOINT((3.,12.,20.879999999999999));
#17626=IFCDIRECTION((0.,0.,1.));
#17627=IFCDIRECTION((1.,0.,0.));
#17628=IFCAXIS2PLACEMENT3D(#17625,#17626,#17627);
#17629=IFCLOCALPLACEMENT(#32,#17628);
#17630=IFCCARTESIANPOINT((29.800000000000001,5.7999999999999998,15.));
#17631=IFCDIRECTION((0.,0.,1.));
#17632=IFCDIRECTION((1.,0.,0.));
#17633=IFCAXIS2PLACEMENT3D(#17630,#17631,#17632);
#17634=IFCLOCALPLACEMENT(#32,#17633);
#17635=IFCCARTESIANPOINT((12.,12.,17.879999999999999));
#17636=IFCDIRECTION((0.,0.,1.));
#17637=IFCDIRECTION((1.,0.,0.));
#17638=IFCAXIS2PLACEMENT3D(#17635,#17636,#17637);
#17639=IFCLOCALPLACEMENT(#32,#17638);
#17640=IFCCARTESIANPOINT((26.875,6.,8.5999999999999996));
#17641=IFCDIRECTION((0.,0.,1.));
#17642=IFCDIRECTION((6.123233995736766E-17,-1.,0.));
#17643=IFCAXIS2PLACEMENT3D(#17640,#17641,#17642);
#17644=IFCLOCALPLACEMENT(#32,#17643);
#17645=IFCCARTESIANPOINT((11.800000000000001,11.800000000000001,0.));
#17646=IFCDIRECTION((0.,0.,1.));
#17647=IFCDIRECTION((1.,0.,0.));
#17648=IFCAXIS2PLACEMENT3D(#17645,#17646,#17647);
#17649=IFCLOCALPLACEMENT(#32,#17648);
#17650=IFCCARTESIANPOINT((5.7999999999999998,17.800000000000001,18.));
#17651=IFCDIRECTION((0.,0.,1.));
#17652=IFCDIRECTION((1.,0.,0.));
#17653=IFCAXIS2PLACEMENT3D(#17650,#17651,#17652);
#17654=IFCLOCALPLACEMENT(#32,#17653);
#17655=IFCCARTESIANPOINT((12.,0.,5.8799999999999999));
#17656=IFCDIRECTION((0.,0.,1.));
#17657=IFCDIRECTION((1.,0.,0.));
#17658=IFCAXIS2PLACEMENT3D(#17655,#17656,#17657);
#17659=IFCLOCALPLACEMENT(#32,#17658);
#17660=IFCCARTESIANPOINT((18.,5.875,23.5));
#17661=IFCDIRECTION((0.,0.,1.));
#17662=IFCDIRECTION((1.,0.,0.));
#17663=IFCAXIS2PLACEMENT3D(#17660,#17661,#17662);
#17664=IFCLOCALPLACEMENT(#32,#17663);
#17665=IFCCARTESIANPOINT((18.,11.875,5.5));
#17666=IFCDIRECTION((0.,0.,1.));
#17667=IFCDIRECTION((1.,0.,0.));
#17668=IFCAXIS2PLACEMENT3D(#17665,#17666,#17667);
#17669=IFCLOCALPLACEMENT(#32,#17668);
#17670=IFCCARTESIANPOINT((15.,12.,20.879999999999999));
#17671=IFCDIRECTION((0.,0.,1.));
#17672=IFCDIRECTION((1.,0.,0.));
#17673=IFCAXIS2PLACEMENT3D(#17670,#17671,#17672);
#17674=IFCLOCALPLACEMENT(#32,#17673);
#17675=IFCCARTESIANPOINT((24.02054987341317,-0.12329924047901797,8.5999999999999996));
#17676=IFCDIRECTION((0.,0.,1.));
#17677=IFCDIRECTION((0.98639392383214375,0.16439898730535726,0.));
#17678=IFCAXIS2PLACEMENT3D(#17675,#17676,#17677);
#17679=IFCLOCALPLACEMENT(#32,#17678);
#17680=IFCCARTESIANPOINT((24.,6.,8.8800000000000008));
#17681=IFCDIRECTION((0.,0.,1.));
#17682=IFCDIRECTION((1.,0.,0.));
#17683=IFCAXIS2PLACEMENT3D(#17680,#17681,#17682);
#17684=IFCLOCALPLACEMENT(#32,#17683);
#17685=IFCCARTESIANPOINT((24.,12.,17.879999999999999));
#17686=IFCDIRECTION((0.,0.,1.));
#17687=IFCDIRECTION((1.,0.,0.));
#17688=IFCAXIS2PLACEMENT3D(#17685,#17686,#17687);
#17689=IFCLOCALPLACEMENT(#32,#17688);
#17690=IFCCARTESIANPOINT((12.125,6.,5.5));
#17691=IFCDIRECTION((0.,0.,1.));
#17692=IFCDIRECTION((6.123233995736766E-17,1.,0.));
#17693=IFCAXIS2PLACEMENT3D(#17690,#17691,#17692);
#17694=IFCLOCALPLACEMENT(#32,#17693);
#17695=IFCCARTESIANPOINT((6.,6.,23.879999999999999));
#17696=IFCDIRECTION((0.,0.,1.));
#17697=IFCDIRECTION((1.,0.,0.));
#17698=IFCAXIS2PLACEMENT3D(#17695,#17696,#17697);
#17699=IFCLOCALPLACEMENT(#32,#17698);
#17700=IFCCARTESIANPOINT((23.800000000000001,17.800000000000001,0.));
#17701=IFCDIRECTION((0.,0.,1.));
#17702=IFCDIRECTION((1.,0.,0.));
#17703=IFCAXIS2PLACEMENT3D(#17700,#17701,#17702);
#17704=IFCLOCALPLACEMENT(#32,#17703);
#17705=IFCCARTESIANPOINT((15.,6.,20.879999999999999));
#17706=IFCDIRECTION((0.,0.,1.));
#17707=IFCDIRECTION((1.,0.,0.));
#17708=IFCAXIS2PLACEMENT3D(#17705,#17706,#17707);
#17709=IFCLOCALPLACEMENT(#32,#17708);
#17710=IFCCARTESIANPOINT((3.,0.,5.8799999999999999));
#17711=IFCDIRECTION((0.,0.,1.));
#17712=IFCDIRECTION((1.,0.,0.));
#17713=IFCAXIS2PLACEMENT3D(#17710,#17711,#17712);
#17714=IFCLOCALPLACEMENT(#32,#17713);
#17715=IFCCARTESIANPOINT((5.875,6.,8.5999999999999996));
#17716=IFCDIRECTION((0.,0.,1.));
#17717=IFCDIRECTION((6.123233995736766E-17,-1.,0.));
#17718=IFCAXIS2PLACEMENT3D(#17715,#17716,#17717);
#17719=IFCLOCALPLACEMENT(#32,#17718);
#17720=IFCCARTESIANPOINT((5.7999999999999998,11.800000000000001,3.));
#17721=IFCDIRECTION((0.,0.,1.));
#17722=IFCDIRECTION((1.,0.,0.));
#17723=IFCAXIS2PLACEMENT3D(#17720,#17721,#17722);
#17724=IFCLOCALPLACEMENT(#32,#17723);
#17725=IFCCARTESIANPOINT((27.,12.,20.879999999999999));
#17726=IFCDIRECTION((0.,0.,1.));
#17727=IFCDIRECTION((1.,0.,0.));
#17728=IFCAXIS2PLACEMENT3D(#17725,#17726,#17727);
#17729=IFCLOCALPLACEMENT(#32,#17728);
#17730=IFCCARTESIANPOINT((-0.20000000000000001,17.800000000000001,21.));
#17731=IFCDIRECTION((0.,0.,1.));
#17732=IFCDIRECTION((1.,0.,0.));
#17733=IFCAXIS2PLACEMENT3D(#17730,#17731,#17732);
#17734=IFCLOCALPLACEMENT(#32,#17733);
#17735=IFCCARTESIANPOINT((3.,12.,5.8799999999999999));
#17736=IFCDIRECTION((0.,0.,1.));
#17737=IFCDIRECTION((1.,0.,0.));
#17738=IFCAXIS2PLACEMENT3D(#17735,#17736,#17737);
#17739=IFCLOCALPLACEMENT(#32,#17738);
#17740=IFCCARTESIANPOINT((12.125,-7.6540424946709575E-18,23.5));
#17741=IFCDIRECTION((0.,0.,1.));
#17742=IFCDIRECTION((6.123233995736766E-17,1.,0.));
#17743=IFCAXIS2PLACEMENT3D(#17740,#17741,#17742);
#17744=IFCLOCALPLACEMENT(#32,#17743);
#17745=IFCCARTESIANPOINT((29.875,12.,23.600000000000001));
#17746=IFCDIRECTION((0.,0.,1.));
#17747=IFCDIRECTION((6.123233995736766E-17,-1.,0.));
#17748=IFCAXIS2PLACEMENT3D(#17745,#17746,#17747);
#17749=IFCLOCALPLACEMENT(#32,#17748);
#17750=IFCCARTESIANPOINT((18.125,12.,5.5));
#17751=IFCDIRECTION((0.,0.,1.));
#17752=IFCDIRECTION((6.123233995736766E-17,1.,0.));
#17753=IFCAXIS2PLACEMENT3D(#17750,#17751,#17752);
#17754=IFCLOCALPLACEMENT(#32,#17753);
#17755=IFCCARTESIANPOINT((18.,6.,23.879999999999999));
#17756=IFCDIRECTION((0.,0.,1.));
#17757=IFCDIRECTION((1.,0.,0.));
#17758=IFCAXIS2PLACEMENT3D(#17755,#17756,#17757);
#17759=IFCLOCALPLACEMENT(#32,#17758);
#17760=IFCCARTESIANPOINT((-0.125,6.,8.5999999999999996));
#17761=IFCDIRECTION((0.,0.,1.));
#17762=IFCDIRECTION((6.123233995736766E-17,-1.,0.));
#17763=IFCAXIS2PLACEMENT3D(#17760,#17761,#17762);
#17764=IFCLOCALPLACEMENT(#32,#17763);
#17765=IFCCARTESIANPOINT((23.800000000000001,5.7999999999999998,0.));
#17766=IFCDIRECTION((0.,0.,1.));
#17767=IFCDIRECTION((1.,0.,0.));
#17768=IFCAXIS2PLACEMENT3D(#17765,#17766,#17767);
#17769=IFCLOCALPLACEMENT(#32,#17768);
#17770=IFCCARTESIANPOINT((9.,0.,20.879999999999999));
#17771=IFCDIRECTION((0.,0.,1.));
#17772=IFCDIRECTION((1.,0.,0.));
#17773=IFCAXIS2PLACEMENT3D(#17770,#17771,#17772);
#17774=IFCLOCALPLACEMENT(#32,#17773);
#17775=IFCCARTESIANPOINT((12.125,-7.6540424946709575E-18,14.5));
#17776=IFCDIRECTION((0.,0.,1.));
#17777=IFCDIRECTION((6.123233995736766E-17,1.,0.));
#17778=IFCAXIS2PLACEMENT3D(#17775,#17776,#17777);
#17779=IFCLOCALPLACEMENT(#32,#17778);
#17780=IFCCARTESIANPOINT((8.875,18.,8.5999999999999996));
#17781=IFCDIRECTION((0.,0.,1.));
#17782=IFCDIRECTION((6.123233995736766E-17,-1.,0.));
#17783=IFCAXIS2PLACEMENT3D(#17780,#17781,#17782);
#17784=IFCLOCALPLACEMENT(#32,#17783);
#17785=IFCCARTESIANPOINT((2.875,12.,14.6));
#17786=IFCDIRECTION((0.,0.,1.));
#17787=IFCDIRECTION((6.123233995736766E-17,-1.,0.));
#17788=IFCAXIS2PLACEMENT3D(#17785,#17786,#17787);
#17789=IFCLOCALPLACEMENT(#32,#17788);
#17790=IFCCARTESIANPOINT((17.800000000000001,11.800000000000001,3.));
#17791=IFCDIRECTION((0.,0.,1.));
#17792=IFCDIRECTION((1.,0.,0.));
#17793=IFCAXIS2PLACEMENT3D(#17790,#17791,#17792);
#17794=IFCLOCALPLACEMENT(#32,#17793);
#17795=IFCCARTESIANPOINT((3.,0.,23.879999999999999));
#17796=IFCDIRECTION((0.,0.,1.));
#17797=IFCDIRECTION((1.,0.,0.));
#17798=IFCAXIS2PLACEMENT3D(#17795,#17796,#17797);
#17799=IFCLOCALPLACEMENT(#32,#17798);
#17800=IFCCARTESIANPOINT((15.,12.,5.8799999999999999));
#17801=IFCDIRECTION((0.,0.,1.));
#17802=IFCDIRECTION((1.,0.,0.));
#17803=IFCAXIS2PLACEMENT3D(#17800,#17801,#17802);
#17804=IFCLOCALPLACEMENT(#32,#17803);
#17805=IFCCARTESIANPOINT((18.,17.875,23.5));
#17806=IFCDIRECTION((0.,0.,1.));
#17807=IFCDIRECTION((1.,0.,0.));
#17808=IFCAXIS2PLACEMENT3D(#17805,#17806,#17807);
#17809=IFCLOCALPLACEMENT(#32,#17808);
#17810=IFCCARTESIANPOINT((29.875,12.,11.6));
#17811=IFCDIRECTION((0.,0.,1.));
#17812=IFCDIRECTION((6.123233995736766E-17,-1.,0.));
#17813=IFCAXIS2PLACEMENT3D(#17810,#17811,#17812);
#17814=IFCLOCALPLACEMENT(#32,#17813);
#17815=IFCCARTESIANPOINT((-0.20000000000000001,11.800000000000001,6.));
#17816=IFCDIRECTION((0.,0.,1.));
#17817=IFCDIRECTION((1.,0.,0.));
#17818=IFCAXIS2PLACEMENT3D(#17815,#17816,#17817);
#17819=IFCLOCALPLACEMENT(#32,#17818);
#17820=IFCCARTESIANPOINT((12.,0.,23.879999999999999));
#17821=IFCDIRECTION((0.,0.,1.));
#17822=IFCDIRECTION((1.,0.,0.));
#17823=IFCAXIS2PLACEMENT3D(#17820,#17821,#17822);
#17824=IFCLOCALPLACEMENT(#32,#17823);
#17825=IFCCARTESIANPOINT((26.875,6.,23.600000000000001));
#17826=IFCDIRECTION((0.,0.,1.));
#17827=IFCDIRECTION((6.123233995736766E-17,-1.,0.));
#17828=IFCAXIS2PLACEMENT3D(#17825,#17826,#17827);
#17829=IFCLOCALPLACEMENT(#32,#17828);
#17830=IFCCARTESIANPOINT((6.,6.,8.8800000000000008));
#17831=IFCDIRECTION((0.,0.,1.));
#17832=IFCDIRECTION((1.,0.,0.));
#17833=IFCAXIS2PLACEMENT3D(#17830,#17831,#17832);
#17834=IFCLOCALPLACEMENT(#32,#17833);
#17835=IFCCARTESIANPOINT((18.125,12.,23.5));
#17836=IFCDIRECTION((0.,0.,1.));
#17837=IFCDIRECTION((6.123233995736766E-17,1.,0.));
#17838=IFCAXIS2PLACEMENT3D(#17835,#17836,#17837);
#17839=IFCLOCALPLACEMENT(#32,#17838);
#17840=IFCCARTESIANPOINT((14.875,6.,2.6000000000000001));
#17841=IFCDIRECTION((0.,0.,1.));
#17842=IFCDIRECTION((6.123233995736766E-17,-1.,0.));
#17843=IFCAXIS2PLACEMENT3D(#17840,#17841,#17842);
#17844=IFCLOCALPLACEMENT(#32,#17843);
#17845=IFCCARTESIANPOINT((14.875,6.,8.5999999999999996));
#17846=IFCDIRECTION((0.,0.,1.));
#17847=IFCDIRECTION((6.123233995736766E-17,-1.,0.));
#17848=IFCAXIS2PLACEMENT3D(#17845,#17846,#17847);
#17849=IFCLOCALPLACEMENT(#32,#17848);
#17850=IFCCARTESIANPOINT((23.800000000000001,11.800000000000001,0.));
#17851=IFCDIRECTION((0.,0.,1.));
#17852=IFCDIRECTION((1.,0.,0.));
#17853=IFCAXIS2PLACEMENT3D(#17850,#17851,#17852);
#17854=IFCLOCALPLACEMENT(#32,#17853);
#17855=IFCCARTESIANPOINT((29.875,6.,11.6));
#17856=IFCDIRECTION((0.,0.,1.));
#17857=IFCDIRECTION((6.123233995736766E-17,-1.,0.));
#17858=IFCAXIS2PLACEMENT3D(#17855,#17856,#17857);
#17859=IFCLOCALPLACEMENT(#32,#17858);
#17860=IFCCARTESIANPOINT((17.800000000000001,-0.20000000000000001,3.));
#17861=IFCDIRECTION((0.,0.,1.));
#17862=IFCDIRECTION((1.,0.,0.));
#17863=IFCAXIS2PLACEMENT3D(#17860,#17861,#17862);
#17864=IFCLOCALPLACEMENT(#32,#17863);
#17865=IFCCARTESIANPOINT((0.,12.,20.879999999999999));
#17866=IFCDIRECTION((0.,0.,1.));
#17867=IFCDIRECTION((1.,0.,0.));
#17868=IFCAXIS2PLACEMENT3D(#17865,#17866,#17867);
#17869=IFCLOCALPLACEMENT(#32,#17868);
#17870=IFCCARTESIANPOINT((2.875,12.,17.600000000000001));
#17871=IFCDIRECTION((0.,0.,1.));
#17872=IFCDIRECTION((6.123233995736766E-17,-1.,0.));
#17873=IFCAXIS2PLACEMENT3D(#17870,#17871,#17872);
#17874=IFCLOCALPLACEMENT(#32,#17873);
#17875=IFCCARTESIANPOINT((18.,-0.125,8.5));
#17876=IFCDIRECTION((0.,0.,1.));
#17877=IFCDIRECTION((1.,0.,0.));
#17878=IFCAXIS2PLACEMENT3D(#17875,#17876,#17877);
#17879=IFCLOCALPLACEMENT(#32,#17878);
#17880=IFCCARTESIANPOINT((29.875,6.,23.600000000000001));
#17881=IFCDIRECTION((0.,0.,1.));
#17882=IFCDIRECTION((6.123233995736766E-17,-1.,0.));
#17883=IFCAXIS2PLACEMENT3D(#17880,#17881,#17882);
#17884=IFCLOCALPLACEMENT(#32,#17883);
#17885=IFCCARTESIANPOINT((12.,-0.125,14.5));
#17886=IFCDIRECTION((0.,0.,1.));
#17887=IFCDIRECTION((1.,0.,0.));
#17888=IFCAXIS2PLACEMENT3D(#17885,#17886,#17887);
#17889=IFCLOCALPLACEMENT(#32,#17888);
#17890=IFCCARTESIANPOINT((11.800000000000001,11.800000000000001,6.));
#17891=IFCDIRECTION((0.,0.,1.));
#17892=IFCDIRECTION((1.,0.,0.));
#17893=IFCAXIS2PLACEMENT3D(#17890,#17891,#17892);
#17894=IFCLOCALPLACEMENT(#32,#17893);
#17895=IFCCARTESIANPOINT((26.875,6.,11.6));
#17896=IFCDIRECTION((0.,0.,1.));
#17897=IFCDIRECTION((6.123233995736766E-17,-1.,0.));
#17898=IFCAXIS2PLACEMENT3D(#17895,#17896,#17897);
#17899=IFCLOCALPLACEMENT(#32,#17898);
#17900=IFCCARTESIANPOINT((18.,6.,8.8800000000000008));
#17901=IFCDIRECTION((0.,0.,1.));
#17902=IFCDIRECTION((1.,0.,0.));
#17903=IFCAXIS2PLACEMENT3D(#17900,#17901,#17902);
#17904=IFCLOCALPLACEMENT(#32,#17903);
#17905=IFCCARTESIANPOINT((30.125,12.,23.600000000000001));
#17906=IFCDIRECTION((0.,0.,1.));
#17907=IFCDIRECTION((6.123233995736766E-17,1.,0.));
#17908=IFCAXIS2PLACEMENT3D(#17905,#17906,#17907);
#17909=IFCLOCALPLACEMENT(#32,#17908);
#17910=IFCCARTESIANPOINT((8.875,6.,2.6000000000000001));
#17911=IFCDIRECTION((0.,0.,1.));
#17912=IFCDIRECTION((6.123233995736766E-17,-1.,0.));
#17913=IFCAXIS2PLACEMENT3D(#17910,#17911,#17912);
#17914=IFCLOCALPLACEMENT(#32,#17913);
#17915=IFCCARTESIANPOINT((20.875,6.,17.600000000000001));
#17916=IFCDIRECTION((0.,0.,1.));
#17917=IFCDIRECTION((6.123233995736766E-17,-1.,0.));
#17918=IFCAXIS2PLACEMENT3D(#17915,#17916,#17917);
#17919=IFCLOCALPLACEMENT(#32,#17918);
#17920=IFCCARTESIANPOINT((26.875,18.,8.5999999999999996));
#17921=IFCDIRECTION((0.,0.,1.));
#17922=IFCDIRECTION((6.123233995736766E-17,-1.,0.));
#17923=IFCAXIS2PLACEMENT3D(#17920,#17921,#17922);
#17924=IFCLOCALPLACEMENT(#32,#17923);
#17925=IFCCARTESIANPOINT((3.,12.,23.879999999999999));
#17926=IFCDIRECTION((0.,0.,1.));
#17927=IFCDIRECTION((1.,0.,0.));
#17928=IFCAXIS2PLACEMENT3D(#17925,#17926,#17927);
#17929=IFCLOCALPLACEMENT(#32,#17928);
#17930=IFCCARTESIANPOINT((5.875,6.,23.600000000000001));
#17931=IFCDIRECTION((0.,0.,1.));
#17932=IFCDIRECTION((6.123233995736766E-17,-1.,0.));
#17933=IFCAXIS2PLACEMENT3D(#17930,#17931,#17932);
#17934=IFCLOCALPLACEMENT(#32,#17933);
#17935=IFCCARTESIANPOINT((15.,0.,11.880000000000001));
#17936=IFCDIRECTION((0.,0.,1.));
#17937=IFCDIRECTION((1.,0.,0.));
#17938=IFCAXIS2PLACEMENT3D(#17935,#17936,#17937);
#17939=IFCLOCALPLACEMENT(#32,#17938);
#17940=IFCCARTESIANPOINT((14.875,12.,17.600000000000001));
#17941=IFCDIRECTION((0.,0.,1.));
#17942=IFCDIRECTION((6.123233995736766E-17,-1.,0.));
#17943=IFCAXIS2PLACEMENT3D(#17940,#17941,#17942);
#17944=IFCLOCALPLACEMENT(#32,#17943);
#17945=IFCCARTESIANPOINT((18.,5.875,8.5));
#17946=IFCDIRECTION((0.,0.,1.));
#17947=IFCDIRECTION((1.,0.,0.));
#17948=IFCAXIS2PLACEMENT3D(#17945,#17946,#17947);
#17949=IFCLOCALPLACEMENT(#32,#17948);
#17950=IFCCARTESIANPOINT((-0.20000000000000001,-0.20000000000000001,3.));
#17951=IFCDIRECTION((0.,0.,1.));
#17952=IFCDIRECTION((1.,0.,0.));
#17953=IFCAXIS2PLACEMENT3D(#17950,#17951,#17952);
#17954=IFCLOCALPLACEMENT(#32,#17953);
#17955=IFCCARTESIANPOINT((12.,5.875,14.5));
#17956=IFCDIRECTION((0.,0.,1.));
#17957=IFCDIRECTION((1.,0.,0.));
#17958=IFCAXIS2PLACEMENT3D(#17955,#17956,#17957);
#17959=IFCLOCALPLACEMENT(#32,#17958);
#17960=IFCCARTESIANPOINT((23.800000000000001,17.800000000000001,6.));
#17961=IFCDIRECTION((0.,0.,1.));
#17962=IFCDIRECTION((1.,0.,0.));
#17963=IFCAXIS2PLACEMENT3D(#17960,#17961,#17962);
#17964=IFCLOCALPLACEMENT(#32,#17963);
#17965=IFCCARTESIANPOINT((12.,-0.125,17.5));
#17966=IFCDIRECTION((0.,0.,1.));
#17967=IFCDIRECTION((1.,0.,0.));
#17968=IFCAXIS2PLACEMENT3D(#17965,#17966,#17967);
#17969=IFCLOCALPLACEMENT(#32,#17968);
#17970=IFCCARTESIANPOINT((18.,-0.125,23.5));
#17971=IFCDIRECTION((0.,0.,1.));
#17972=IFCDIRECTION((1.,0.,0.));
#17973=IFCAXIS2PLACEMENT3D(#17970,#17971,#17972);
#17974=IFCLOCALPLACEMENT(#32,#17973);
#17975=IFCCARTESIANPOINT((29.875,18.,2.6000000000000001));
#17976=IFCDIRECTION((0.,0.,1.));
#17977=IFCDIRECTION((6.123233995736766E-17,-1.,0.));
#17978=IFCAXIS2PLACEMENT3D(#17975,#17976,#17977);
#17979=IFCLOCALPLACEMENT(#32,#17978);
#17980=IFCCARTESIANPOINT((26.875,12.,17.600000000000001));
#17981=IFCDIRECTION((0.,0.,1.));
#17982=IFCDIRECTION((6.123233995736766E-17,-1.,0.));
#17983=IFCAXIS2PLACEMENT3D(#17980,#17981,#17982);
#17984=IFCLOCALPLACEMENT(#32,#17983);
#17985=IFCCARTESIANPOINT((5.7999999999999998,11.800000000000001,9.));
#17986=IFCDIRECTION((0.,0.,1.));
#17987=IFCDIRECTION((1.,0.,0.));
#17988=IFCAXIS2PLACEMENT3D(#17985,#17986,#17987);
#17989=IFCLOCALPLACEMENT(#32,#17988);
#17990=IFCCARTESIANPOINT((15.,0.,8.8800000000000008));
#17991=IFCDIRECTION((0.,0.,1.));
#17992=IFCDIRECTION((1.,0.,0.));
#17993=IFCAXIS2PLACEMENT3D(#17990,#17991,#17992);
#17994=IFCLOCALPLACEMENT(#32,#17993);
#17995=IFCCARTESIANPOINT((24.,6.,11.880000000000001));
#17996=IFCDIRECTION((0.,0.,1.));
#17997=IFCDIRECTION((1.,0.,0.));
#17998=IFCAXIS2PLACEMENT3D(#17995,#17996,#17997);
#17999=IFCLOCALPLACEMENT(#32,#17998);
#18000=IFCCARTESIANPOINT((12.,11.875,2.5));
#18001=IFCDIRECTION((0.,0.,1.));
#18002=IFCDIRECTION((1.,0.,0.));
#18003=IFCAXIS2PLACEMENT3D(#18000,#18001,#18002);
#18004=IFCLOCALPLACEMENT(#32,#18003);
#18005=IFCCARTESIANPOINT((12.,11.875,8.5));
#18006=IFCDIRECTION((0.,0.,1.));
#18007=IFCDIRECTION((1.,0.,0.));
#18008=IFCAXIS2PLACEMENT3D(#18005,#18006,#18007);
#18009=IFCLOCALPLACEMENT(#32,#18008);
#18010=IFCCARTESIANPOINT((23.800000000000001,-0.20000000000000001,6.));
#18011=IFCDIRECTION((0.,0.,1.));
#18012=IFCDIRECTION((1.,0.,0.));
#18013=IFCAXIS2PLACEMENT3D(#18010,#18011,#18012);
#18014=IFCLOCALPLACEMENT(#32,#18013);
#18015=IFCCARTESIANPOINT((24.,11.875,2.6000000000000001));
#18016=IFCDIRECTION((0.,0.,1.));
#18017=IFCDIRECTION((1.,0.,0.));
#18018=IFCAXIS2PLACEMENT3D(#18015,#18016,#18017);
#18019=IFCLOCALPLACEMENT(#32,#18018);
#18020=IFCCARTESIANPOINT((12.,5.875,17.5));
#18021=IFCDIRECTION((0.,0.,1.));
#18022=IFCDIRECTION((1.,0.,0.));
#18023=IFCAXIS2PLACEMENT3D(#18020,#18021,#18022);
#18024=IFCLOCALPLACEMENT(#32,#18023);
#18025=IFCCARTESIANPOINT((12.125,-7.6540424946709575E-18,8.5));
#18026=IFCDIRECTION((0.,0.,1.));
#18027=IFCDIRECTION((6.123233995736766E-17,1.,0.));
#18028=IFCAXIS2PLACEMENT3D(#18025,#18026,#18027);
#18029=IFCLOCALPLACEMENT(#32,#18028);
#18030=IFCCARTESIANPOINT((6.125,12.,14.5));
#18031=IFCDIRECTION((0.,0.,1.));
#18032=IFCDIRECTION((6.123233995736766E-17,1.,0.));
#18033=IFCAXIS2PLACEMENT3D(#18030,#18031,#18032);
#18034=IFCLOCALPLACEMENT(#32,#18033);
#18035=IFCCARTESIANPOINT((17.800000000000001,11.800000000000001,9.));
#18036=IFCDIRECTION((0.,0.,1.));
#18037=IFCDIRECTION((1.,0.,0.));
#18038=IFCAXIS2PLACEMENT3D(#18035,#18036,#18037);
#18039=IFCLOCALPLACEMENT(#32,#18038);
#18040=IFCCARTESIANPOINT((26.875,12.,20.600000000000001));
#18041=IFCDIRECTION((0.,0.,1.));
#18042=IFCDIRECTION((6.123233995736766E-17,-1.,0.));
#18043=IFCAXIS2PLACEMENT3D(#18040,#18041,#18042);
#18044=IFCLOCALPLACEMENT(#32,#18043);
#18045=IFCCARTESIANPOINT((0.125,6.,23.5));
#18046=IFCDIRECTION((0.,0.,1.));
#18047=IFCDIRECTION((6.123233995736766E-17,1.,0.));
#18048=IFCAXIS2PLACEMENT3D(#18045,#18046,#18047);
#18049=IFCLOCALPLACEMENT(#32,#18048);
#18050=IFCCARTESIANPOINT((12.,17.875,2.5));
#18051=IFCDIRECTION((0.,0.,1.));
#18052=IFCDIRECTION((1.,0.,0.));
#18053=IFCAXIS2PLACEMENT3D(#18050,#18051,#18052);
#18054=IFCLOCALPLACEMENT(#32,#18053);
#18055=IFCCARTESIANPOINT((6.,17.875,17.5));
#18056=IFCDIRECTION((0.,0.,1.));
#18057=IFCDIRECTION((1.,0.,0.));
#18058=IFCAXIS2PLACEMENT3D(#18055,#18056,#18057);
#18059=IFCLOCALPLACEMENT(#32,#18058);
#18060=IFCCARTESIANPOINT((6.,12.,8.8800000000000008));
#18061=IFCDIRECTION((0.,0.,1.));
#18062=IFCDIRECTION((1.,0.,0.));
#18063=IFCAXIS2PLACEMENT3D(#18060,#18061,#18062);
#18064=IFCLOCALPLACEMENT(#32,#18063);
#18065=IFCCARTESIANPOINT((12.,12.,11.880000000000001));
#18066=IFCDIRECTION((0.,0.,1.));
#18067=IFCDIRECTION((1.,0.,0.));
#18068=IFCAXIS2PLACEMENT3D(#18065,#18066,#18067);
#18069=IFCLOCALPLACEMENT(#32,#18068);
#18070=IFCCARTESIANPOINT((18.125,6.,8.5));
#18071=IFCDIRECTION((0.,0.,1.));
#18072=IFCDIRECTION((6.123233995736766E-17,1.,0.));
#18073=IFCAXIS2PLACEMENT3D(#18070,#18071,#18072);
#18074=IFCLOCALPLACEMENT(#32,#18073);
#18075=IFCCARTESIANPOINT((5.7999999999999998,-0.20000000000000001,18.));
#18076=IFCDIRECTION((0.,0.,1.));
#18077=IFCDIRECTION((1.,0.,0.));
#18078=IFCAXIS2PLACEMENT3D(#18075,#18076,#18077);
#18079=IFCLOCALPLACEMENT(#32,#18078);
#18080=IFCCARTESIANPOINT((6.125,12.,17.5));
#18081=IFCDIRECTION((0.,0.,1.));
#18082=IFCDIRECTION((6.123233995736766E-17,1.,0.));
#18083=IFCAXIS2PLACEMENT3D(#18080,#18081,#18082);
#18084=IFCLOCALPLACEMENT(#32,#18083);
#18085=IFCCARTESIANPOINT((2.875,18.,17.600000000000001));
#18086=IFCDIRECTION((0.,0.,1.));
#18087=IFCDIRECTION((6.123233995736766E-17,-1.,0.));
#18088=IFCAXIS2PLACEMENT3D(#18085,#18086,#18087);
#18089=IFCLOCALPLACEMENT(#32,#18088);
#18090=IFCCARTESIANPOINT((11.800000000000001,11.800000000000001,12.));
#18091=IFCDIRECTION((0.,0.,1.));
#18092=IFCDIRECTION((1.,0.,0.));
#18093=IFCAXIS2PLACEMENT3D(#18090,#18091,#18092);
#18094=IFCLOCALPLACEMENT(#32,#18093);
#18095=IFCCARTESIANPOINT((18.,12.,8.8800000000000008));
#18096=IFCDIRECTION((0.,0.,1.));
#18097=IFCDIRECTION((1.,0.,0.));
#18098=IFCAXIS2PLACEMENT3D(#18095,#18096,#18097);
#18099=IFCLOCALPLACEMENT(#32,#18098);
#18100=IFCCARTESIANPOINT((24.125,6.,2.5));
#18101=IFCDIRECTION((0.,0.,1.));
#18102=IFCDIRECTION((6.123233995736766E-17,1.,0.));
#18103=IFCAXIS2PLACEMENT3D(#18100,#18101,#18102);
#18104=IFCLOCALPLACEMENT(#32,#18103);
#18105=IFCCARTESIANPOINT((24.125,6.,17.5));
#18106=IFCDIRECTION((0.,0.,1.));
#18107=IFCDIRECTION((6.123233995736766E-17,1.,0.));
#18108=IFCAXIS2PLACEMENT3D(#18105,#18106,#18107);
#18109=IFCLOCALPLACEMENT(#32,#18108);
#18110=IFCCARTESIANPOINT((9.,6.,11.880000000000001));
#18111=IFCDIRECTION((0.,0.,1.));
#18112=IFCDIRECTION((1.,0.,0.));
#18113=IFCAXIS2PLACEMENT3D(#18110,#18111,#18112);
#18114=IFCLOCALPLACEMENT(#32,#18113);
#18115=IFCCARTESIANPOINT((14.875,18.,11.6));
#18116=IFCDIRECTION((0.,0.,1.));
#18117=IFCDIRECTION((6.123233995736766E-17,-1.,0.));
#18118=IFCAXIS2PLACEMENT3D(#18115,#18116,#18117);
#18119=IFCLOCALPLACEMENT(#32,#18118);
#18120=IFCCARTESIANPOINT((2.875,18.,20.600000000000001));
#18121=IFCDIRECTION((0.,0.,1.));
#18122=IFCDIRECTION((6.123233995736766E-17,-1.,0.));
#18123=IFCAXIS2PLACEMENT3D(#18120,#18121,#18122);
#18124=IFCLOCALPLACEMENT(#32,#18123);
#18125=IFCCARTESIANPOINT((21.,6.,11.880000000000001));
#18126=IFCDIRECTION((0.,0.,1.));
#18127=IFCDIRECTION((1.,0.,0.));
#18128=IFCAXIS2PLACEMENT3D(#18125,#18126,#18127);
#18129=IFCLOCALPLACEMENT(#32,#18128);
#18130=IFCCARTESIANPOINT((12.,0.,14.880000000000001));
#18131=IFCDIRECTION((0.,0.,1.));
#18132=IFCDIRECTION((1.,0.,0.));
#18133=IFCAXIS2PLACEMENT3D(#18130,#18131,#18132);
#18134=IFCLOCALPLACEMENT(#32,#18133);
#18135=IFCCARTESIANPOINT((27.,0.5,8.8800000000000008));
#18136=IFCDIRECTION((0.,0.,1.));
#18137=IFCDIRECTION((1.,0.,0.));
#18138=IFCAXIS2PLACEMENT3D(#18135,#18136,#18137);
#18139=IFCLOCALPLACEMENT(#32,#18138);
#18140=IFCCARTESIANPOINT((15.,12.,23.879999999999999));
#18141=IFCDIRECTION((0.,0.,1.));
#18142=IFCDIRECTION((1.,0.,0.));
#18143=IFCAXIS2PLACEMENT3D(#18140,#18141,#18142);
#18144=IFCLOCALPLACEMENT(#32,#18143);
#18145=IFCCARTESIANPOINT((0.,5.875,11.5));
#18146=IFCDIRECTION((0.,0.,1.));
#18147=IFCDIRECTION((1.,0.,0.));
#18148=IFCAXIS2PLACEMENT3D(#18145,#18146,#18147);
#18149=IFCLOCALPLACEMENT(#32,#18148);
#18150=IFCCARTESIANPOINT((11.800000000000001,-0.20000000000000001,12.));
#18151=IFCDIRECTION((0.,0.,1.));
#18152=IFCDIRECTION((1.,0.,0.));
#18153=IFCAXIS2PLACEMENT3D(#18150,#18151,#18152);
#18154=IFCLOCALPLACEMENT(#32,#18153);
#18155=IFCCARTESIANPOINT((27.,6.,11.880000000000001));
#18156=IFCDIRECTION((0.,0.,1.));
#18157=IFCDIRECTION((1.,0.,0.));
#18158=IFCAXIS2PLACEMENT3D(#18155,#18156,#18157);
#18159=IFCLOCALPLACEMENT(#32,#18158);
#18160=IFCCARTESIANPOINT((6.,-0.125,20.5));
#18161=IFCDIRECTION((0.,0.,1.));
#18162=IFCDIRECTION((1.,0.,0.));
#18163=IFCAXIS2PLACEMENT3D(#18160,#18161,#18162);
#18164=IFCLOCALPLACEMENT(#32,#18163);
#18165=IFCCARTESIANPOINT((24.,11.875,14.6));
#18166=IFCDIRECTION((0.,0.,1.));
#18167=IFCDIRECTION((1.,0.,0.));
#18168=IFCAXIS2PLACEMENT3D(#18165,#18166,#18167);
#18169=IFCLOCALPLACEMENT(#32,#18168);
#18170=IFCCARTESIANPOINT((3.,0.,14.880000000000001));
#18171=IFCDIRECTION((0.,0.,1.));
#18172=IFCDIRECTION((1.,0.,0.));
#18173=IFCAXIS2PLACEMENT3D(#18170,#18171,#18172);
#18174=IFCLOCALPLACEMENT(#32,#18173);
#18175=IFCCARTESIANPOINT((24.,0.,11.880000000000001));
#18176=IFCDIRECTION((0.,0.,1.));
#18177=IFCDIRECTION((1.,0.,0.));
#18178=IFCAXIS2PLACEMENT3D(#18175,#18176,#18177);
#18179=IFCLOCALPLACEMENT(#32,#18178);
#18180=IFCCARTESIANPOINT((0.125,6.,8.5));
#18181=IFCDIRECTION((0.,0.,1.));
#18182=IFCDIRECTION((6.123233995736766E-17,1.,0.));
#18183=IFCAXIS2PLACEMENT3D(#18180,#18181,#18182);
#18184=IFCLOCALPLACEMENT(#32,#18183);
#18185=IFCCARTESIANPOINT((3.,12.,14.880000000000001));
#18186=IFCDIRECTION((0.,0.,1.));
#18187=IFCDIRECTION((1.,0.,0.));
#18188=IFCAXIS2PLACEMENT3D(#18185,#18186,#18187);
#18189=IFCLOCALPLACEMENT(#32,#18188);
#18190=IFCCARTESIANPOINT((12.,17.875,8.5));
#18191=IFCDIRECTION((0.,0.,1.));
#18192=IFCDIRECTION((1.,0.,0.));
#18193=IFCAXIS2PLACEMENT3D(#18190,#18191,#18192);
#18194=IFCLOCALPLACEMENT(#32,#18193);
#18195=IFCCARTESIANPOINT((23.800000000000001,-0.20000000000000001,12.));
#18196=IFCDIRECTION((0.,0.,1.));
#18197=IFCDIRECTION((1.,0.,0.));
#18198=IFCAXIS2PLACEMENT3D(#18195,#18196,#18197);
#18199=IFCLOCALPLACEMENT(#32,#18198);
#18200=IFCCARTESIANPOINT((27.,6.,5.8799999999999999));
#18201=IFCDIRECTION((0.,0.,1.));
#18202=IFCDIRECTION((1.,0.,0.));
#18203=IFCAXIS2PLACEMENT3D(#18200,#18201,#18202);
#18204=IFCLOCALPLACEMENT(#32,#18203);
#18205=IFCCARTESIANPOINT((6.,11.875,17.5));
#18206=IFCDIRECTION((0.,0.,1.));
#18207=IFCDIRECTION((1.,0.,0.));
#18208=IFCAXIS2PLACEMENT3D(#18205,#18206,#18207);
#18209=IFCLOCALPLACEMENT(#32,#18208);
#18210=IFCCARTESIANPOINT((17.800000000000001,5.7999999999999998,15.));
#18211=IFCDIRECTION((0.,0.,1.));
#18212=IFCDIRECTION((1.,0.,0.));
#18213=IFCAXIS2PLACEMENT3D(#18210,#18211,#18212);
#18214=IFCLOCALPLACEMENT(#32,#18213);
#18215=IFCCARTESIANPOINT((9.,0.,2.8799999999999999));
#18216=IFCDIRECTION((0.,0.,1.));
#18217=IFCDIRECTION((1.,0.,0.));
#18218=IFCAXIS2PLACEMENT3D(#18215,#18216,#18217);
#18219=IFCLOCALPLACEMENT(#32,#18218);
#18220=IFCCARTESIANPOINT((0.,12.,11.880000000000001));
#18221=IFCDIRECTION((0.,0.,1.));
#18222=IFCDIRECTION((1.,0.,0.));
#18223=IFCAXIS2PLACEMENT3D(#18220,#18221,#18222);
#18224=IFCLOCALPLACEMENT(#32,#18223);
#18225=IFCCARTESIANPOINT((24.,0.,14.880000000000001));
#18226=IFCDIRECTION((0.,0.,1.));
#18227=IFCDIRECTION((1.,0.,0.));
#18228=IFCAXIS2PLACEMENT3D(#18225,#18226,#18227);
#18229=IFCLOCALPLACEMENT(#32,#18228);
#18230=IFCCARTESIANPOINT((5.7999999999999998,5.7999999999999998,6.));
#18231=IFCDIRECTION((0.,0.,1.));
#18232=IFCDIRECTION((1.,0.,0.));
#18233=IFCAXIS2PLACEMENT3D(#18230,#18231,#18232);
#18234=IFCLOCALPLACEMENT(#32,#18233);
#18235=IFCCARTESIANPOINT((2.875,12.,2.6000000000000001));
#18236=IFCDIRECTION((0.,0.,1.));
#18237=IFCDIRECTION((6.123233995736766E-17,-1.,0.));
#18238=IFCAXIS2PLACEMENT3D(#18235,#18236,#18237);
#18239=IFCLOCALPLACEMENT(#32,#18238);
#18240=IFCCARTESIANPOINT((15.,12.,14.880000000000001));
#18241=IFCDIRECTION((0.,0.,1.));
#18242=IFCDIRECTION((1.,0.,0.));
#18243=IFCAXIS2PLACEMENT3D(#18240,#18241,#18242);
#18244=IFCLOCALPLACEMENT(#32,#18243);
#18245=IFCCARTESIANPOINT((23.800000000000001,11.800000000000001,15.));
#18246=IFCDIRECTION((0.,0.,1.));
#18247=IFCDIRECTION((1.,0.,0.));
#18248=IFCAXIS2PLACEMENT3D(#18245,#18246,#18247);
#18249=IFCLOCALPLACEMENT(#32,#18248);
#18250=IFCCARTESIANPOINT((6.,17.875,11.5));
#18251=IFCDIRECTION((0.,0.,1.));
#18252=IFCDIRECTION((1.,0.,0.));
#18253=IFCAXIS2PLACEMENT3D(#18250,#18251,#18252);
#18254=IFCLOCALPLACEMENT(#32,#18253);
#18255=IFCCARTESIANPOINT((-0.20000000000000001,11.800000000000001,12.));
#18256=IFCDIRECTION((0.,0.,1.));
#18257=IFCDIRECTION((1.,0.,0.));
#18258=IFCAXIS2PLACEMENT3D(#18255,#18256,#18257);
#18259=IFCLOCALPLACEMENT(#32,#18258);
#18260=IFCCARTESIANPOINT((24.125,12.,8.5));
#18261=IFCDIRECTION((0.,0.,1.));
#18262=IFCDIRECTION((6.123233995736766E-17,1.,0.));
#18263=IFCAXIS2PLACEMENT3D(#18260,#18261,#18262);
#18264=IFCLOCALPLACEMENT(#32,#18263);
#18265=IFCCARTESIANPOINT((5.7999999999999998,-0.20000000000000001,6.));
#18266=IFCDIRECTION((0.,0.,1.));
#18267=IFCDIRECTION((1.,0.,0.));
#18268=IFCAXIS2PLACEMENT3D(#18265,#18266,#18267);
#18269=IFCLOCALPLACEMENT(#32,#18268);
#18270=IFCCARTESIANPOINT((21.,0.,2.8799999999999999));
#18271=IFCDIRECTION((0.,0.,1.));
#18272=IFCDIRECTION((1.,0.,0.));
#18273=IFCAXIS2PLACEMENT3D(#18270,#18271,#18272);
#18274=IFCLOCALPLACEMENT(#32,#18273);
#18275=IFCCARTESIANPOINT((27.,0.5,11.880000000000001));
#18276=IFCDIRECTION((0.,0.,1.));
#18277=IFCDIRECTION((1.,0.,0.));
#18278=IFCAXIS2PLACEMENT3D(#18275,#18276,#18277);
#18279=IFCLOCALPLACEMENT(#32,#18278);
#18280=IFCCARTESIANPOINT((18.125,-7.6540424946709575E-18,17.5));
#18281=IFCDIRECTION((0.,0.,1.));
#18282=IFCDIRECTION((6.123233995736766E-17,1.,0.));
#18283=IFCAXIS2PLACEMENT3D(#18280,#18281,#18282);
#18284=IFCLOCALPLACEMENT(#32,#18283);
#18285=IFCCARTESIANPOINT((29.800000000000001,17.800000000000001,18.));
#18286=IFCDIRECTION((0.,0.,1.));
#18287=IFCDIRECTION((1.,0.,0.));
#18288=IFCAXIS2PLACEMENT3D(#18285,#18286,#18287);
#18289=IFCLOCALPLACEMENT(#32,#18288);
#18290=IFCCARTESIANPOINT((0.,6.,2.8799999999999999));
#18291=IFCDIRECTION((0.,0.,1.));
#18292=IFCDIRECTION((1.,0.,0.));
#18293=IFCAXIS2PLACEMENT3D(#18290,#18291,#18292);
#18294=IFCLOCALPLACEMENT(#32,#18293);
#18295=IFCCARTESIANPOINT((14.875,12.,2.6000000000000001));
#18296=IFCDIRECTION((0.,0.,1.));
#18297=IFCDIRECTION((6.123233995736766E-17,-1.,0.));
#18298=IFCAXIS2PLACEMENT3D(#18295,#18296,#18297);
#18299=IFCLOCALPLACEMENT(#32,#18298);
#18300=IFCCARTESIANPOINT((27.,12.,14.880000000000001));
#18301=IFCDIRECTION((0.,0.,1.));
#18302=IFCDIRECTION((1.,0.,0.));
#18303=IFCAXIS2PLACEMENT3D(#18300,#18301,#18302);
#18304=IFCLOCALPLACEMENT(#32,#18303);
#18305=IFCCARTESIANPOINT((0.,0.,20.879999999999999));
#18306=IFCDIRECTION((0.,0.,1.));
#18307=IFCDIRECTION((1.,0.,0.));
#18308=IFCAXIS2PLACEMENT3D(#18305,#18306,#18307);
#18309=IFCLOCALPLACEMENT(#32,#18308);
#18310=IFCCARTESIANPOINT((2.875,18.,11.6));
#18311=IFCDIRECTION((0.,0.,1.));
#18312=IFCDIRECTION((6.123233995736766E-17,-1.,0.));
#18313=IFCAXIS2PLACEMENT3D(#18310,#18311,#18312);
#18314=IFCLOCALPLACEMENT(#32,#18313);
#18315=IFCCARTESIANPOINT((29.800000000000001,0.80000000000000004,9.));
#18316=IFCDIRECTION((0.,0.,1.));
#18317=IFCDIRECTION((1.,0.,0.));
#18318=IFCAXIS2PLACEMENT3D(#18315,#18316,#18317);
#18319=IFCLOCALPLACEMENT(#32,#18318);
#18320=IFCCARTESIANPOINT((12.,-0.125,2.5));
#18321=IFCDIRECTION((0.,0.,1.));
#18322=IFCDIRECTION((1.,0.,0.));
#18323=IFCAXIS2PLACEMENT3D(#18320,#18321,#18322);
#18324=IFCLOCALPLACEMENT(#32,#18323);
#18325=IFCCARTESIANPOINT((18.,6.,17.879999999999999));
#18326=IFCDIRECTION((0.,0.,1.));
#18327=IFCDIRECTION((1.,0.,0.));
#18328=IFCAXIS2PLACEMENT3D(#18325,#18326,#18327);
#18329=IFCLOCALPLACEMENT(#32,#18328);
#18330=IFCCARTESIANPOINT((-0.20000000000000001,-0.20000000000000001,18.));
#18331=IFCDIRECTION((0.,0.,1.));
#18332=IFCDIRECTION((1.,0.,0.));
#18333=IFCAXIS2PLACEMENT3D(#18330,#18331,#18332);
#18334=IFCLOCALPLACEMENT(#32,#18333);
#18335=IFCCARTESIANPOINT((24.125,-7.6540424946709575E-18,11.5));
#18336=IFCDIRECTION((0.,0.,1.));
#18337=IFCDIRECTION((6.123233995736766E-17,1.,0.));
#18338=IFCAXIS2PLACEMENT3D(#18335,#18336,#18337);
#18339=IFCLOCALPLACEMENT(#32,#18338);
#18340=IFCCARTESIANPOINT((11.800000000000001,5.7999999999999998,0.));
#18341=IFCDIRECTION((0.,0.,1.));
#18342=IFCDIRECTION((1.,0.,0.));
#18343=IFCAXIS2PLACEMENT3D(#18340,#18341,#18342);
#18344=IFCLOCALPLACEMENT(#32,#18343);
#18345=IFCCARTESIANPOINT((11.800000000000001,-0.20000000000000001,18.));
#18346=IFCDIRECTION((0.,0.,1.));
#18347=IFCDIRECTION((1.,0.,0.));
#18348=IFCAXIS2PLACEMENT3D(#18345,#18346,#18347);
#18349=IFCLOCALPLACEMENT(#32,#18348);
#18350=IFCCARTESIANPOINT((6.,12.,2.8799999999999999));
#18351=IFCDIRECTION((0.,0.,1.));
#18352=IFCDIRECTION((1.,0.,0.));
#18353=IFCAXIS2PLACEMENT3D(#18350,#18351,#18352);
#18354=IFCLOCALPLACEMENT(#32,#18353);
#18355=IFCCARTESIANPOINT((-0.20000000000000001,5.7999999999999998,9.));
#18356=IFCDIRECTION((0.,0.,1.));
#18357=IFCDIRECTION((1.,0.,0.));
#18358=IFCAXIS2PLACEMENT3D(#18355,#18356,#18357);
#18359=IFCLOCALPLACEMENT(#32,#18358);
#18360=IFCCARTESIANPOINT((15.,6.,14.880000000000001));
#18361=IFCDIRECTION((0.,0.,1.));
#18362=IFCDIRECTION((1.,0.,0.));
#18363=IFCAXIS2PLACEMENT3D(#18360,#18361,#18362);
#18364=IFCLOCALPLACEMENT(#32,#18363);
#18365=IFCCARTESIANPOINT((0.,0.,14.880000000000001));
#18366=IFCDIRECTION((0.,0.,1.));
#18367=IFCDIRECTION((1.,0.,0.));
#18368=IFCAXIS2PLACEMENT3D(#18365,#18366,#18367);
#18369=IFCLOCALPLACEMENT(#32,#18368);
#18370=IFCCARTESIANPOINT((14.875,18.,5.5999999999999996));
#18371=IFCDIRECTION((0.,0.,1.));
#18372=IFCDIRECTION((6.123233995736766E-17,-1.,0.));
#18373=IFCAXIS2PLACEMENT3D(#18370,#18371,#18372);
#18374=IFCLOCALPLACEMENT(#32,#18373);
#18375=IFCCARTESIANPOINT((14.875,18.,20.600000000000001));
#18376=IFCDIRECTION((0.,0.,1.));
#18377=IFCDIRECTION((6.123233995736766E-17,-1.,0.));
#18378=IFCAXIS2PLACEMENT3D(#18375,#18376,#18377);
#18379=IFCLOCALPLACEMENT(#32,#18378);
#18380=IFCCARTESIANPOINT((17.800000000000001,17.800000000000001,21.));
#18381=IFCDIRECTION((0.,0.,1.));
#18382=IFCDIRECTION((1.,0.,0.));
#18383=IFCAXIS2PLACEMENT3D(#18380,#18381,#18382);
#18384=IFCLOCALPLACEMENT(#32,#18383);
#18385=IFCCARTESIANPOINT((-0.20000000000000001,5.7999999999999998,21.));
#18386=IFCDIRECTION((0.,0.,1.));
#18387=IFCDIRECTION((1.,0.,0.));
#18388=IFCAXIS2PLACEMENT3D(#18385,#18386,#18387);
#18389=IFCLOCALPLACEMENT(#32,#18388);
#18390=IFCCARTESIANPOINT((12.,5.875,2.5));
#18391=IFCDIRECTION((0.,0.,1.));
#18392=IFCDIRECTION((1.,0.,0.));
#18393=IFCAXIS2PLACEMENT3D(#18390,#18391,#18392);
#18394=IFCLOCALPLACEMENT(#32,#18393);
#18395=IFCCARTESIANPOINT((12.,0.,17.879999999999999));
#18396=IFCDIRECTION((0.,0.,1.));
#18397=IFCDIRECTION((1.,0.,0.));
#18398=IFCAXIS2PLACEMENT3D(#18395,#18396,#18397);
#18399=IFCLOCALPLACEMENT(#32,#18398);
#18400=IFCCARTESIANPOINT((-0.20000000000000001,-0.20000000000000001,6.));
#18401=IFCDIRECTION((0.,0.,1.));
#18402=IFCDIRECTION((1.,0.,0.));
#18403=IFCAXIS2PLACEMENT3D(#18400,#18401,#18402);
#18404=IFCLOCALPLACEMENT(#32,#18403);
#18405=IFCCARTESIANPOINT((0.,-0.125,11.5));
#18406=IFCDIRECTION((0.,0.,1.));
#18407=IFCDIRECTION((1.,0.,0.));
#18408=IFCAXIS2PLACEMENT3D(#18405,#18406,#18407);
#18409=IFCLOCALPLACEMENT(#32,#18408);
#18410=IFCCARTESIANPOINT((29.800000000000001,11.800000000000001,12.));
#18411=IFCDIRECTION((0.,0.,1.));
#18412=IFCDIRECTION((1.,0.,0.));
#18413=IFCAXIS2PLACEMENT3D(#18410,#18411,#18412);
#18414=IFCLOCALPLACEMENT(#32,#18413);
#18415=IFCCARTESIANPOINT((2.875,6.,5.5999999999999996));
#18416=IFCDIRECTION((0.,0.,1.));
#18417=IFCDIRECTION((6.123233995736766E-17,-1.,0.));
#18418=IFCAXIS2PLACEMENT3D(#18415,#18416,#18417);
#18419=IFCLOCALPLACEMENT(#32,#18418);
#18420=IFCCARTESIANPOINT((5.7999999999999998,11.800000000000001,15.));
#18421=IFCDIRECTION((0.,0.,1.));
#18422=IFCDIRECTION((1.,0.,0.));
#18423=IFCAXIS2PLACEMENT3D(#18420,#18421,#18422);
#18424=IFCLOCALPLACEMENT(#32,#18423);
#18425=IFCCARTESIANPOINT((5.7999999999999998,5.7999999999999998,21.));
#18426=IFCDIRECTION((0.,0.,1.));
#18427=IFCDIRECTION((1.,0.,0.));
#18428=IFCAXIS2PLACEMENT3D(#18425,#18426,#18427);
#18429=IFCLOCALPLACEMENT(#32,#18428);
#18430=IFCCARTESIANPOINT((20.875,18.,14.6));
#18431=IFCDIRECTION((0.,0.,1.));
#18432=IFCDIRECTION((6.123233995736766E-17,-1.,0.));
#18433=IFCAXIS2PLACEMENT3D(#18430,#18431,#18432);
#18434=IFCLOCALPLACEMENT(#32,#18433);
#18435=IFCCARTESIANPOINT((20.875,12.,5.5999999999999996));
#18436=IFCDIRECTION((0.,0.,1.));
#18437=IFCDIRECTION((6.123233995736766E-17,-1.,0.));
#18438=IFCAXIS2PLACEMENT3D(#18435,#18436,#18437);
#18439=IFCLOCALPLACEMENT(#32,#18438);
#18440=IFCCARTESIANPOINT((20.875,12.,20.600000000000001));
#18441=IFCDIRECTION((0.,0.,1.));
#18442=IFCDIRECTION((6.123233995736766E-17,-1.,0.));
#18443=IFCAXIS2PLACEMENT3D(#18440,#18441,#18442);
#18444=IFCLOCALPLACEMENT(#32,#18443);
#18445=IFCCARTESIANPOINT((17.800000000000001,5.7999999999999998,21.));
#18446=IFCDIRECTION((0.,0.,1.));
#18447=IFCDIRECTION((1.,0.,0.));
#18448=IFCAXIS2PLACEMENT3D(#18445,#18446,#18447);
#18449=IFCLOCALPLACEMENT(#32,#18448);
#18450=IFCCARTESIANPOINT((9.,6.,5.8799999999999999));
#18451=IFCDIRECTION((0.,0.,1.));
#18452=IFCDIRECTION((1.,0.,0.));
#18453=IFCAXIS2PLACEMENT3D(#18450,#18451,#18452);
#18454=IFCLOCALPLACEMENT(#32,#18453);
#18455=IFCCARTESIANPOINT((3.,0.,17.879999999999999));
#18456=IFCDIRECTION((0.,0.,1.));
#18457=IFCDIRECTION((1.,0.,0.));
#18458=IFCAXIS2PLACEMENT3D(#18455,#18456,#18457);
#18459=IFCLOCALPLACEMENT(#32,#18458);
#18460=IFCCARTESIANPOINT((6.,0.,2.8799999999999999));
#18461=IFCDIRECTION((0.,0.,1.));
#18462=IFCDIRECTION((1.,0.,0.));
#18463=IFCAXIS2PLACEMENT3D(#18460,#18461,#18462);
#18464=IFCLOCALPLACEMENT(#32,#18463);
#18465=IFCCARTESIANPOINT((6.,5.875,5.5));
#18466=IFCDIRECTION((0.,0.,1.));
#18467=IFCDIRECTION((1.,0.,0.));
#18468=IFCAXIS2PLACEMENT3D(#18465,#18466,#18467);
#18469=IFCLOCALPLACEMENT(#32,#18468);
#18470=IFCCARTESIANPOINT((6.,5.875,20.5));
#18471=IFCDIRECTION((0.,0.,1.));
#18472=IFCDIRECTION((1.,0.,0.));
#18473=IFCAXIS2PLACEMENT3D(#18470,#18471,#18472);
#18474=IFCLOCALPLACEMENT(#32,#18473);
#18475=IFCCARTESIANPOINT((26.875,6.,5.5999999999999996));
#18476=IFCDIRECTION((0.,0.,1.));
#18477=IFCDIRECTION((6.123233995736766E-17,-1.,0.));
#18478=IFCAXIS2PLACEMENT3D(#18475,#18476,#18477);
#18479=IFCLOCALPLACEMENT(#32,#18478);
#18480=IFCCARTESIANPOINT((6.125,6.,2.5));
#18481=IFCDIRECTION((0.,0.,1.));
#18482=IFCDIRECTION((6.123233995736766E-17,1.,0.));
#18483=IFCAXIS2PLACEMENT3D(#18480,#18481,#18482);
#18484=IFCLOCALPLACEMENT(#32,#18483);
#18485=IFCCARTESIANPOINT((3.,12.,17.879999999999999));
#18486=IFCDIRECTION((0.,0.,1.));
#18487=IFCDIRECTION((1.,0.,0.));
#18488=IFCAXIS2PLACEMENT3D(#18485,#18486,#18487);
#18489=IFCLOCALPLACEMENT(#32,#18488);
#18490=IFCCARTESIANPOINT((5.7999999999999998,5.7999999999999998,9.));
#18491=IFCDIRECTION((0.,0.,1.));
#18492=IFCDIRECTION((1.,0.,0.));
#18493=IFCAXIS2PLACEMENT3D(#18490,#18491,#18492);
#18494=IFCLOCALPLACEMENT(#32,#18493);
#18495=IFCCARTESIANPOINT((8.875,6.,14.6));
#18496=IFCDIRECTION((0.,0.,1.));
#18497=IFCDIRECTION((6.123233995736766E-17,-1.,0.));
#18498=IFCAXIS2PLACEMENT3D(#18495,#18496,#18497);
#18499=IFCLOCALPLACEMENT(#32,#18498);
#18500=IFCCARTESIANPOINT((-0.20000000000000001,17.800000000000001,0.));
#18501=IFCDIRECTION((0.,0.,1.));
#18502=IFCDIRECTION((1.,0.,0.));
#18503=IFCAXIS2PLACEMENT3D(#18500,#18501,#18502);
#18504=IFCLOCALPLACEMENT(#32,#18503);
#18505=IFCCARTESIANPOINT((0.,17.875,5.5));
#18506=IFCDIRECTION((0.,0.,1.));
#18507=IFCDIRECTION((1.,0.,0.));
#18508=IFCAXIS2PLACEMENT3D(#18505,#18506,#18507);
#18509=IFCLOCALPLACEMENT(#32,#18508);
#18510=IFCCARTESIANPOINT((-0.20000000000000001,11.800000000000001,18.));
#18511=IFCDIRECTION((0.,0.,1.));
#18512=IFCDIRECTION((1.,0.,0.));
#18513=IFCAXIS2PLACEMENT3D(#18510,#18511,#18512);
#18514=IFCLOCALPLACEMENT(#32,#18513);
#18515=IFCCARTESIANPOINT((29.800000000000001,5.7999999999999998,0.));
#18516=IFCDIRECTION((0.,0.,1.));
#18517=IFCDIRECTION((1.,0.,0.));
#18518=IFCAXIS2PLACEMENT3D(#18515,#18516,#18517);
#18519=IFCLOCALPLACEMENT(#32,#18518);
#18520=IFCCARTESIANPOINT((24.,5.875,14.5));
#18521=IFCDIRECTION((0.,0.,1.));
#18522=IFCDIRECTION((1.,0.,0.));
#18523=IFCAXIS2PLACEMENT3D(#18520,#18521,#18522);
#18524=IFCLOCALPLACEMENT(#32,#18523);
#18525=IFCCARTESIANPOINT((0.,11.875,5.5));
#18526=IFCDIRECTION((0.,0.,1.));
#18527=IFCDIRECTION((1.,0.,0.));
#18528=IFCAXIS2PLACEMENT3D(#18525,#18526,#18527);
#18529=IFCLOCALPLACEMENT(#32,#18528);
#18530=IFCCARTESIANPOINT((0.,11.875,20.5));
#18531=IFCDIRECTION((0.,0.,1.));
#18532=IFCDIRECTION((1.,0.,0.));
#18533=IFCAXIS2PLACEMENT3D(#18530,#18531,#18532);
#18534=IFCLOCALPLACEMENT(#32,#18533);
#18535=IFCCARTESIANPOINT((24.02054987341317,-0.12329924047901797,17.600000000000001));
#18536=IFCDIRECTION((0.,0.,1.));
#18537=IFCDIRECTION((0.98639392383214375,0.16439898730535726,0.));
#18538=IFCAXIS2PLACEMENT3D(#18535,#18536,#18537);
#18539=IFCLOCALPLACEMENT(#32,#18538);
#18540=IFCCARTESIANPOINT((12.125,12.,2.5));
#18541=IFCDIRECTION((0.,0.,1.));
#18542=IFCDIRECTION((6.123233995736766E-17,1.,0.));
#18543=IFCAXIS2PLACEMENT3D(#18540,#18541,#18542);
#18544=IFCLOCALPLACEMENT(#32,#18543);
#18545=IFCCARTESIANPOINT((6.125,6.,5.5));
#18546=IFCDIRECTION((0.,0.,1.));
#18547=IFCDIRECTION((6.123233995736766E-17,1.,0.));
#18548=IFCAXIS2PLACEMENT3D(#18545,#18546,#18547);
#18549=IFCLOCALPLACEMENT(#32,#18548);
#18550=IFCCARTESIANPOINT((6.125,6.,20.5));
#18551=IFCDIRECTION((0.,0.,1.));
#18552=IFCDIRECTION((6.123233995736766E-17,1.,0.));
#18553=IFCAXIS2PLACEMENT3D(#18550,#18551,#18552);
#18554=IFCLOCALPLACEMENT(#32,#18553);
#18555=IFCCARTESIANPOINT((0.125,12.,11.5));
#18556=IFCDIRECTION((0.,0.,1.));
#18557=IFCDIRECTION((6.123233995736766E-17,1.,0.));
#18558=IFCAXIS2PLACEMENT3D(#18555,#18556,#18557);
#18559=IFCLOCALPLACEMENT(#32,#18558);
#18560=IFCCARTESIANPOINT((24.,17.875,5.5));
#18561=IFCDIRECTION((0.,0.,1.));
#18562=IFCDIRECTION((1.,0.,0.));
#18563=IFCAXIS2PLACEMENT3D(#18560,#18561,#18562);
#18564=IFCLOCALPLACEMENT(#32,#18563);
#18565=IFCCARTESIANPOINT((6.,6.,20.879999999999999));
#18566=IFCDIRECTION((0.,0.,1.));
#18567=IFCDIRECTION((1.,0.,0.));
#18568=IFCAXIS2PLACEMENT3D(#18565,#18566,#18567);
#18569=IFCLOCALPLACEMENT(#32,#18568);
#18570=IFCCARTESIANPOINT((2.875,6.,23.600000000000001));
#18571=IFCDIRECTION((0.,0.,1.));
#18572=IFCDIRECTION((6.123233995736766E-17,-1.,0.));
#18573=IFCAXIS2PLACEMENT3D(#18570,#18571,#18572);
#18574=IFCLOCALPLACEMENT(#32,#18573);
#18575=IFCCARTESIANPOINT((18.,11.875,14.5));
#18576=IFCDIRECTION((0.,0.,1.));
#18577=IFCDIRECTION((1.,0.,0.));
#18578=IFCAXIS2PLACEMENT3D(#18575,#18576,#18577);
#18579=IFCLOCALPLACEMENT(#32,#18578);
#18580=IFCCARTESIANPOINT((11.800000000000001,5.7999999999999998,6.));
#18581=IFCDIRECTION((0.,0.,1.));
#18582=IFCDIRECTION((1.,0.,0.));
#18583=IFCAXIS2PLACEMENT3D(#18580,#18581,#18582);
#18584=IFCLOCALPLACEMENT(#32,#18583);
#18585=IFCCARTESIANPOINT((0.,17.875,20.5));
#18586=IFCDIRECTION((0.,0.,1.));
#18587=IFCDIRECTION((1.,0.,0.));
#18588=IFCAXIS2PLACEMENT3D(#18585,#18586,#18587);
#18589=IFCLOCALPLACEMENT(#32,#18588);
#18590=IFCCARTESIANPOINT((24.02054987341317,-0.12329924047901797,5.5999999999999996));
#18591=IFCDIRECTION((0.,0.,1.));
#18592=IFCDIRECTION((0.98639392383214375,0.16439898730535726,0.));
#18593=IFCAXIS2PLACEMENT3D(#18590,#18591,#18592);
#18594=IFCLOCALPLACEMENT(#32,#18593);
#18595=IFCCARTESIANPOINT((11.800000000000001,-0.20000000000000001,0.));
#18596=IFCDIRECTION((0.,0.,1.));
#18597=IFCDIRECTION((1.,0.,0.));
#18598=IFCAXIS2PLACEMENT3D(#18595,#18596,#18597);
#18599=IFCLOCALPLACEMENT(#32,#18598);
#18600=IFCCARTESIANPOINT((24.,12.,2.8799999999999999));
#18601=IFCDIRECTION((0.,0.,1.));
#18602=IFCDIRECTION((1.,0.,0.));
#18603=IFCAXIS2PLACEMENT3D(#18600,#18601,#18602);
#18604=IFCLOCALPLACEMENT(#32,#18603);
#18605=IFCCARTESIANPOINT((0.,11.875,23.5));
#18606=IFCDIRECTION((0.,0.,1.));
#18607=IFCDIRECTION((1.,0.,0.));
#18608=IFCAXIS2PLACEMENT3D(#18605,#18606,#18607);
#18609=IFCLOCALPLACEMENT(#32,#18608);
#18610=IFCCARTESIANPOINT((12.125,12.,5.5));
#18611=IFCDIRECTION((0.,0.,1.));
#18612=IFCDIRECTION((6.123233995736766E-17,1.,0.));
#18613=IFCAXIS2PLACEMENT3D(#18610,#18611,#18612);
#18614=IFCLOCALPLACEMENT(#32,#18613);
#18615=IFCCARTESIANPOINT((12.125,12.,20.5));
#18616=IFCDIRECTION((0.,0.,1.));
#18617=IFCDIRECTION((6.123233995736766E-17,1.,0.));
#18618=IFCAXIS2PLACEMENT3D(#18615,#18616,#18617);
#18619=IFCLOCALPLACEMENT(#32,#18618);
#18620=IFCCARTESIANPOINT((-0.125,6.,17.600000000000001));
#18621=IFCDIRECTION((0.,0.,1.));
#18622=IFCDIRECTION((6.123233995736766E-17,-1.,0.));
#18623=IFCAXIS2PLACEMENT3D(#18620,#18621,#18622);
#18624=IFCLOCALPLACEMENT(#32,#18623);
#18625=IFCCARTESIANPOINT((8.875,12.,5.5999999999999996));
#18626=IFCDIRECTION((0.,0.,1.));
#18627=IFCDIRECTION((6.123233995736766E-17,-1.,0.));
#18628=IFCAXIS2PLACEMENT3D(#18625,#18626,#18627);
#18629=IFCLOCALPLACEMENT(#32,#18628);
#18630=IFCCARTESIANPOINT((6.,6.,17.879999999999999));
#18631=IFCDIRECTION((0.,0.,1.));
#18632=IFCDIRECTION((1.,0.,0.));
#18633=IFCAXIS2PLACEMENT3D(#18630,#18631,#18632);
#18634=IFCLOCALPLACEMENT(#32,#18633);
#18635=IFCCARTESIANPOINT((24.,17.875,8.5));
#18636=IFCDIRECTION((0.,0.,1.));
#18637=IFCDIRECTION((1.,0.,0.));
#18638=IFCAXIS2PLACEMENT3D(#18635,#18636,#18637);
#18639=IFCLOCALPLACEMENT(#32,#18638);
#18640=IFCCARTESIANPOINT((18.,17.875,14.5));
#18641=IFCDIRECTION((0.,0.,1.));
#18642=IFCDIRECTION((1.,0.,0.));
#18643=IFCAXIS2PLACEMENT3D(#18640,#18641,#18642);
#18644=IFCLOCALPLACEMENT(#32,#18643);
#18645=IFCCARTESIANPOINT((0.,-0.125,5.5));
#18646=IFCDIRECTION((0.,0.,1.));
#18647=IFCDIRECTION((1.,0.,0.));
#18648=IFCAXIS2PLACEMENT3D(#18645,#18646,#18647);
#18649=IFCLOCALPLACEMENT(#32,#18648);
#18650=IFCCARTESIANPOINT((0.,17.875,23.5));
#18651=IFCDIRECTION((0.,0.,1.));
#18652=IFCDIRECTION((1.,0.,0.));
#18653=IFCAXIS2PLACEMENT3D(#18650,#18651,#18652);
#18654=IFCLOCALPLACEMENT(#32,#18653);
#18655=IFCCARTESIANPOINT((18.125,12.,14.5));
#18656=IFCDIRECTION((0.,0.,1.));
#18657=IFCDIRECTION((6.123233995736766E-17,1.,0.));
#18658=IFCAXIS2PLACEMENT3D(#18655,#18656,#18657);
#18659=IFCLOCALPLACEMENT(#32,#18658);
#18660=IFCCARTESIANPOINT((24.125,-7.6540424946709575E-18,20.5));
#18661=IFCDIRECTION((0.,0.,1.));
#18662=IFCDIRECTION((6.123233995736766E-17,1.,0.));
#18663=IFCAXIS2PLACEMENT3D(#18660,#18661,#18662);
#18664=IFCLOCALPLACEMENT(#32,#18663);
#18665=IFCCARTESIANPOINT((-0.125,6.,5.5999999999999996));
#18666=IFCDIRECTION((0.,0.,1.));
#18667=IFCDIRECTION((6.123233995736766E-17,-1.,0.));
#18668=IFCAXIS2PLACEMENT3D(#18665,#18666,#18667);
#18669=IFCLOCALPLACEMENT(#32,#18668);
#18670=IFCCARTESIANPOINT((5.7999999999999998,17.800000000000001,21.));
#18671=IFCDIRECTION((0.,0.,1.));
#18672=IFCDIRECTION((1.,0.,0.));
#18673=IFCAXIS2PLACEMENT3D(#18670,#18671,#18672);
#18674=IFCLOCALPLACEMENT(#32,#18673);
#18675=IFCCARTESIANPOINT((18.,12.,2.8799999999999999));
#18676=IFCDIRECTION((0.,0.,1.));
#18677=IFCDIRECTION((1.,0.,0.));
#18678=IFCAXIS2PLACEMENT3D(#18675,#18676,#18677);
#18679=IFCLOCALPLACEMENT(#32,#18678);
#18680=IFCCARTESIANPOINT((12.125,12.,23.5));
#18681=IFCDIRECTION((0.,0.,1.));
#18682=IFCDIRECTION((6.123233995736766E-17,1.,0.));
#18683=IFCAXIS2PLACEMENT3D(#18680,#18681,#18682);
#18684=IFCLOCALPLACEMENT(#32,#18683);
#18685=IFCCARTESIANPOINT((8.875,12.,8.5999999999999996));
#18686=IFCDIRECTION((0.,0.,1.));
#18687=IFCDIRECTION((6.123233995736766E-17,-1.,0.));
#18688=IFCAXIS2PLACEMENT3D(#18685,#18686,#18687);
#18689=IFCLOCALPLACEMENT(#32,#18688);
#18690=IFCCARTESIANPOINT((8.875,12.,23.600000000000001));
#18691=IFCDIRECTION((0.,0.,1.));
#18692=IFCDIRECTION((6.123233995736766E-17,-1.,0.));
#18693=IFCAXIS2PLACEMENT3D(#18690,#18691,#18692);
#18694=IFCLOCALPLACEMENT(#32,#18693);
#18695=IFCCARTESIANPOINT((0.,5.875,5.5));
#18696=IFCDIRECTION((0.,0.,1.));
#18697=IFCDIRECTION((1.,0.,0.));
#18698=IFCAXIS2PLACEMENT3D(#18695,#18696,#18697);
#18699=IFCLOCALPLACEMENT(#32,#18698);
#18700=IFCCARTESIANPOINT((15.,0.,20.879999999999999));
#18701=IFCDIRECTION((0.,0.,1.));
#18702=IFCDIRECTION((1.,0.,0.));
#18703=IFCAXIS2PLACEMENT3D(#18700,#18701,#18702);
#18704=IFCLOCALPLACEMENT(#32,#18703);
#18705=IFCCARTESIANPOINT((30.125,12.,14.6));
#18706=IFCDIRECTION((0.,0.,1.));
#18707=IFCDIRECTION((6.123233995736766E-17,1.,0.));
#18708=IFCAXIS2PLACEMENT3D(#18705,#18706,#18707);
#18709=IFCLOCALPLACEMENT(#32,#18708);
#18710=IFCCARTESIANPOINT((0.,-0.125,20.5));
#18711=IFCDIRECTION((0.,0.,1.));
#18712=IFCDIRECTION((1.,0.,0.));
#18713=IFCAXIS2PLACEMENT3D(#18710,#18711,#18712);
#18714=IFCLOCALPLACEMENT(#32,#18713);
#18715=IFCCARTESIANPOINT((29.800000000000001,11.800000000000001,0.));
#18716=IFCDIRECTION((0.,0.,1.));
#18717=IFCDIRECTION((1.,0.,0.));
#18718=IFCAXIS2PLACEMENT3D(#18715,#18716,#18717);
#18719=IFCLOCALPLACEMENT(#32,#18718);
#18720=IFCCARTESIANPOINT((12.,6.,2.8799999999999999));
#18721=IFCDIRECTION((0.,0.,1.));
#18722=IFCDIRECTION((1.,0.,0.));
#18723=IFCAXIS2PLACEMENT3D(#18720,#18721,#18722);
#18724=IFCLOCALPLACEMENT(#32,#18723);
#18725=IFCCARTESIANPOINT((24.125,-7.6540424946709575E-18,23.5));
#18726=IFCDIRECTION((0.,0.,1.));
#18727=IFCDIRECTION((6.123233995736766E-17,1.,0.));
#18728=IFCAXIS2PLACEMENT3D(#18725,#18726,#18727);
#18729=IFCLOCALPLACEMENT(#32,#18728);
#18730=IFCCARTESIANPOINT((20.875,18.,23.600000000000001));
#18731=IFCDIRECTION((0.,0.,1.));
#18732=IFCDIRECTION((6.123233995736766E-17,-1.,0.));
#18733=IFCAXIS2PLACEMENT3D(#18730,#18731,#18732);
#18734=IFCLOCALPLACEMENT(#32,#18733);
#18735=IFCCARTESIANPOINT((29.875,6.,8.5999999999999996));
#18736=IFCDIRECTION((0.,0.,1.));
#18737=IFCDIRECTION((6.123233995736766E-17,-1.,0.));
#18738=IFCAXIS2PLACEMENT3D(#18735,#18736,#18737);
#18739=IFCLOCALPLACEMENT(#32,#18738);
#18740=IFCCARTESIANPOINT((26.875,6.,17.600000000000001));
#18741=IFCDIRECTION((0.,0.,1.));
#18742=IFCDIRECTION((6.123233995736766E-17,-1.,0.));
#18743=IFCAXIS2PLACEMENT3D(#18740,#18741,#18742);
#18744=IFCLOCALPLACEMENT(#32,#18743);
#18745=IFCCARTESIANPOINT((24.,6.,20.879999999999999));
#18746=IFCDIRECTION((0.,0.,1.));
#18747=IFCDIRECTION((1.,0.,0.));
#18748=IFCAXIS2PLACEMENT3D(#18745,#18746,#18747);
#18749=IFCLOCALPLACEMENT(#32,#18748);
#18750=IFCCARTESIANPOINT((21.,6.,5.8799999999999999));
#18751=IFCDIRECTION((0.,0.,1.));
#18752=IFCDIRECTION((1.,0.,0.));
#18753=IFCAXIS2PLACEMENT3D(#18750,#18751,#18752);
#18754=IFCLOCALPLACEMENT(#32,#18753);
#18755=IFCCARTESIANPOINT((0.,12.,14.880000000000001));
#18756=IFCDIRECTION((0.,0.,1.));
#18757=IFCDIRECTION((1.,0.,0.));
#18758=IFCAXIS2PLACEMENT3D(#18755,#18756,#18757);
#18759=IFCLOCALPLACEMENT(#32,#18758);
#18760=IFCCARTESIANPOINT((0.,5.875,8.5));
#18761=IFCDIRECTION((0.,0.,1.));
#18762=IFCDIRECTION((1.,0.,0.));
#18763=IFCAXIS2PLACEMENT3D(#18760,#18761,#18762);
#18764=IFCLOCALPLACEMENT(#32,#18763);
#18765=IFCCARTESIANPOINT((0.,5.875,23.5));
#18766=IFCDIRECTION((0.,0.,1.));
#18767=IFCDIRECTION((1.,0.,0.));
#18768=IFCAXIS2PLACEMENT3D(#18765,#18766,#18767);
#18769=IFCLOCALPLACEMENT(#32,#18768);
#18770=IFCCARTESIANPOINT((0.125,12.,5.5));
#18771=IFCDIRECTION((0.,0.,1.));
#18772=IFCDIRECTION((6.123233995736766E-17,1.,0.));
#18773=IFCAXIS2PLACEMENT3D(#18770,#18771,#18772);
#18774=IFCLOCALPLACEMENT(#32,#18773);
#18775=IFCCARTESIANPOINT((6.,12.,20.879999999999999));
#18776=IFCDIRECTION((0.,0.,1.));
#18777=IFCDIRECTION((1.,0.,0.));
#18778=IFCAXIS2PLACEMENT3D(#18775,#18776,#18777);
#18779=IFCLOCALPLACEMENT(#32,#18778);
#18780=IFCCARTESIANPOINT((29.800000000000001,5.7999999999999998,12.));
#18781=IFCDIRECTION((0.,0.,1.));
#18782=IFCDIRECTION((1.,0.,0.));
#18783=IFCAXIS2PLACEMENT3D(#18780,#18781,#18782);
#18784=IFCLOCALPLACEMENT(#32,#18783);
#18785=IFCCARTESIANPOINT((15.,12.,17.879999999999999));
#18786=IFCDIRECTION((0.,0.,1.));
#18787=IFCDIRECTION((1.,0.,0.));
#18788=IFCAXIS2PLACEMENT3D(#18785,#18786,#18787);
#18789=IFCLOCALPLACEMENT(#32,#18788);
#18790=IFCCARTESIANPOINT((26.875,18.,17.600000000000001));
#18791=IFCDIRECTION((0.,0.,1.));
#18792=IFCDIRECTION((6.123233995736766E-17,-1.,0.));
#18793=IFCAXIS2PLACEMENT3D(#18790,#18791,#18792);
#18794=IFCLOCALPLACEMENT(#32,#18793);
#18795=IFCCARTESIANPOINT((8.875,6.,23.600000000000001));
#18796=IFCDIRECTION((0.,0.,1.));
#18797=IFCDIRECTION((6.123233995736766E-17,-1.,0.));
#18798=IFCAXIS2PLACEMENT3D(#18795,#18796,#18797);
#18799=IFCLOCALPLACEMENT(#32,#18798);
ENDSEC;
END-ISO-10303-21;
